solid OpenSCAD_Model
  facet normal 0.707111 0.707102 0
    outer loop
      vertex 6.18971 0.224999 4.5
      vertex 6.025 0.389711 2
      vertex 6.025 0.389711 4.5
    endloop
  endfacet
  facet normal 0.707111 0.707102 0
    outer loop
      vertex 6.025 0.389711 2
      vertex 6.18971 0.224999 4.5
      vertex 6.18971 0.224999 2
    endloop
  endfacet
  facet normal 0.965924 0.258826 0
    outer loop
      vertex 6.25 0 4.5
      vertex 6.18971 0.224999 2
      vertex 6.18971 0.224999 4.5
    endloop
  endfacet
  facet normal 0.965924 0.258826 0
    outer loop
      vertex 6.18971 0.224999 2
      vertex 6.25 0 4.5
      vertex 6.25 0 2
    endloop
  endfacet
  facet normal 0.707111 -0.707102 0
    outer loop
      vertex 6.025 -0.389711 4.5
      vertex 6.18971 -0.224999 2
      vertex 6.18971 -0.224999 4.5
    endloop
  endfacet
  facet normal 0.707111 -0.707102 0
    outer loop
      vertex 6.18971 -0.224999 2
      vertex 6.025 -0.389711 4.5
      vertex 6.025 -0.389711 2
    endloop
  endfacet
  facet normal 0.965924 -0.258826 0
    outer loop
      vertex 6.18971 -0.224999 4.5
      vertex 6.25 0 2
      vertex 6.25 0 4.5
    endloop
  endfacet
  facet normal 0.965924 -0.258826 0
    outer loop
      vertex 6.25 0 2
      vertex 6.18971 -0.224999 4.5
      vertex 6.18971 -0.224999 2
    endloop
  endfacet
  facet normal 0.258823 -0.965925 0
    outer loop
      vertex 5.84632 -0.437589 2
      vertex 6.025 -0.389711 4.5
      vertex 5.84632 -0.437589 4.5
    endloop
  endfacet
  facet normal 0.258823 -0.965925 0
    outer loop
      vertex 6.025 -0.389711 4.5
      vertex 5.84632 -0.437589 2
      vertex 6.025 -0.389711 2
    endloop
  endfacet
  facet normal 0 0 1
    outer loop
      vertex 5.875 0 4.5
      vertex 6.25 0 4.5
      vertex 6.18971 0.224999 4.5
    endloop
  endfacet
  facet normal 0 0 1
    outer loop
      vertex 5.875 0 4.5
      vertex 6.18971 0.224999 4.5
      vertex 6.025 0.389711 4.5
    endloop
  endfacet
  facet normal 0 0 1
    outer loop
      vertex 6.25 0 4.5
      vertex 5.875 0 4.5
      vertex 6.18971 -0.224999 4.5
    endloop
  endfacet
  facet normal 0 0 1
    outer loop
      vertex 6.18971 -0.224999 4.5
      vertex 5.875 0 4.5
      vertex 6.025 -0.389711 4.5
    endloop
  endfacet
  facet normal 0 -0 1
    outer loop
      vertex 5.875 0 4.5
      vertex 6.025 0.389711 4.5
      vertex 5.84632 0.437589 4.5
    endloop
  endfacet
  facet normal 0 0 1
    outer loop
      vertex 6.025 -0.389711 4.5
      vertex 5.875 0 4.5
      vertex 5.84632 -0.437589 4.5
    endloop
  endfacet
  facet normal 0.258823 0.965925 -0
    outer loop
      vertex 6.025 0.389711 2
      vertex 5.84632 0.437589 4.5
      vertex 6.025 0.389711 4.5
    endloop
  endfacet
  facet normal 0.258823 0.965925 0
    outer loop
      vertex 5.84632 0.437589 4.5
      vertex 6.025 0.389711 2
      vertex 5.84632 0.437589 2
    endloop
  endfacet
  facet normal -0.965924 0.258825 0
    outer loop
      vertex -3.35 5.02295 1.5
      vertex -3.28971 5.24795 4.5
      vertex -3.28971 5.24795 1.5
    endloop
  endfacet
  facet normal -0.965924 0.258825 0
    outer loop
      vertex -3.28971 5.24795 4.5
      vertex -3.35 5.02295 1.5
      vertex -3.35 5.02295 4.5
    endloop
  endfacet
  facet normal -0.707107 0.707107 0
    outer loop
      vertex -3.28971 5.24795 1.5
      vertex -3.125 5.41266 4.5
      vertex -3.125 5.41266 1.5
    endloop
  endfacet
  facet normal -0.707107 0.707107 0
    outer loop
      vertex -3.125 5.41266 4.5
      vertex -3.28971 5.24795 1.5
      vertex -3.28971 5.24795 4.5
    endloop
  endfacet
  facet normal -0.965922 -0.258833 0
    outer loop
      vertex -3.30212 4.84427 1.5
      vertex -3.35 5.02295 4.5
      vertex -3.35 5.02295 1.5
    endloop
  endfacet
  facet normal -0.965922 -0.258833 0
    outer loop
      vertex -3.35 5.02295 4.5
      vertex -3.30212 4.84427 1.5
      vertex -3.30212 4.84427 4.5
    endloop
  endfacet
  facet normal 0.707134 0.70708 0
    outer loop
      vertex -2.5442 5.28185 4.5
      vertex -2.675 5.41266 1.5
      vertex -2.675 5.41266 4.5
    endloop
  endfacet
  facet normal 0.707134 0.70708 0
    outer loop
      vertex -2.675 5.41266 1.5
      vertex -2.5442 5.28185 4.5
      vertex -2.5442 5.28185 1.5
    endloop
  endfacet
  facet normal 0.258825 0.965924 -0
    outer loop
      vertex -2.675 5.41266 1.5
      vertex -2.9 5.47295 4.5
      vertex -2.675 5.41266 4.5
    endloop
  endfacet
  facet normal 0.258825 0.965924 0
    outer loop
      vertex -2.9 5.47295 4.5
      vertex -2.675 5.41266 1.5
      vertex -2.9 5.47295 1.5
    endloop
  endfacet
  facet normal 0 0 1
    outer loop
      vertex -2.9375 5.0879 4.5
      vertex -2.675 5.41266 4.5
      vertex -2.9 5.47295 4.5
    endloop
  endfacet
  facet normal 0 0 1
    outer loop
      vertex -2.675 5.41266 4.5
      vertex -2.9375 5.0879 4.5
      vertex -2.5442 5.28185 4.5
    endloop
  endfacet
  facet normal -0 0 1
    outer loop
      vertex -3.125 5.41266 4.5
      vertex -2.9375 5.0879 4.5
      vertex -2.9 5.47295 4.5
    endloop
  endfacet
  facet normal -0 0 1
    outer loop
      vertex -3.28971 5.24795 4.5
      vertex -2.9375 5.0879 4.5
      vertex -3.125 5.41266 4.5
    endloop
  endfacet
  facet normal 0 0 1
    outer loop
      vertex -3.35 5.02295 4.5
      vertex -2.9375 5.0879 4.5
      vertex -3.28971 5.24795 4.5
    endloop
  endfacet
  facet normal 0 0 1
    outer loop
      vertex -2.9375 5.0879 4.5
      vertex -3.35 5.02295 4.5
      vertex -3.30212 4.84427 4.5
    endloop
  endfacet
  facet normal -0.258825 0.965924 0
    outer loop
      vertex -2.9 5.47295 1.5
      vertex -3.125 5.41266 4.5
      vertex -2.9 5.47295 4.5
    endloop
  endfacet
  facet normal -0.258825 0.965924 0
    outer loop
      vertex -3.125 5.41266 4.5
      vertex -2.9 5.47295 1.5
      vertex -3.125 5.41266 1.5
    endloop
  endfacet
  facet normal 0 0 -1
    outer loop
      vertex -2.9375 5.0879 1.5
      vertex -2.675 5.41266 1.5
      vertex -2.5442 5.28185 1.5
    endloop
  endfacet
  facet normal -0 0 -1
    outer loop
      vertex -2.675 5.41266 1.5
      vertex -2.9375 5.0879 1.5
      vertex -2.9 5.47295 1.5
    endloop
  endfacet
  facet normal 0 0 -1
    outer loop
      vertex -2.9375 5.0879 1.5
      vertex -3.125 5.41266 1.5
      vertex -2.9 5.47295 1.5
    endloop
  endfacet
  facet normal 0 0 -1
    outer loop
      vertex -2.9375 5.0879 1.5
      vertex -3.28971 5.24795 1.5
      vertex -3.125 5.41266 1.5
    endloop
  endfacet
  facet normal 0 0 -1
    outer loop
      vertex -3.35 5.02295 1.5
      vertex -2.9375 5.0879 1.5
      vertex -3.30212 4.84427 1.5
    endloop
  endfacet
  facet normal -0 0 -1
    outer loop
      vertex -2.9375 5.0879 1.5
      vertex -3.35 5.02295 1.5
      vertex -3.28971 5.24795 1.5
    endloop
  endfacet
  facet normal 0.707134 -0.70708 0
    outer loop
      vertex -2.675 -5.41266 4.5
      vertex -2.5442 -5.28185 1.5
      vertex -2.5442 -5.28185 4.5
    endloop
  endfacet
  facet normal 0.707134 -0.70708 0
    outer loop
      vertex -2.5442 -5.28185 1.5
      vertex -2.675 -5.41266 4.5
      vertex -2.675 -5.41266 1.5
    endloop
  endfacet
  facet normal -0.965922 0.258833 0
    outer loop
      vertex -3.35 -5.02295 1.5
      vertex -3.30212 -4.84427 4.5
      vertex -3.30212 -4.84427 1.5
    endloop
  endfacet
  facet normal -0.965922 0.258833 0
    outer loop
      vertex -3.30212 -4.84427 4.5
      vertex -3.35 -5.02295 1.5
      vertex -3.35 -5.02295 4.5
    endloop
  endfacet
  facet normal -0.965924 -0.258825 0
    outer loop
      vertex -3.28971 -5.24795 1.5
      vertex -3.35 -5.02295 4.5
      vertex -3.35 -5.02295 1.5
    endloop
  endfacet
  facet normal -0.965924 -0.258825 0
    outer loop
      vertex -3.35 -5.02295 4.5
      vertex -3.28971 -5.24795 1.5
      vertex -3.28971 -5.24795 4.5
    endloop
  endfacet
  facet normal 0 0 1
    outer loop
      vertex -2.9375 -5.0879 4.5
      vertex -2.675 -5.41266 4.5
      vertex -2.5442 -5.28185 4.5
    endloop
  endfacet
  facet normal 0 0 1
    outer loop
      vertex -2.675 -5.41266 4.5
      vertex -2.9375 -5.0879 4.5
      vertex -2.9 -5.47295 4.5
    endloop
  endfacet
  facet normal 0 0 1
    outer loop
      vertex -2.9375 -5.0879 4.5
      vertex -3.125 -5.41266 4.5
      vertex -2.9 -5.47295 4.5
    endloop
  endfacet
  facet normal 0 0 1
    outer loop
      vertex -2.9375 -5.0879 4.5
      vertex -3.28971 -5.24795 4.5
      vertex -3.125 -5.41266 4.5
    endloop
  endfacet
  facet normal -0 0 1
    outer loop
      vertex -3.35 -5.02295 4.5
      vertex -2.9375 -5.0879 4.5
      vertex -3.30212 -4.84427 4.5
    endloop
  endfacet
  facet normal 0 0 1
    outer loop
      vertex -2.9375 -5.0879 4.5
      vertex -3.35 -5.02295 4.5
      vertex -3.28971 -5.24795 4.5
    endloop
  endfacet
  facet normal -0.258825 -0.965924 0
    outer loop
      vertex -3.125 -5.41266 1.5
      vertex -2.9 -5.47295 4.5
      vertex -3.125 -5.41266 4.5
    endloop
  endfacet
  facet normal -0.258825 -0.965924 -0
    outer loop
      vertex -2.9 -5.47295 4.5
      vertex -3.125 -5.41266 1.5
      vertex -2.9 -5.47295 1.5
    endloop
  endfacet
  facet normal 0 0 -1
    outer loop
      vertex -2.9375 -5.0879 1.5
      vertex -2.675 -5.41266 1.5
      vertex -2.9 -5.47295 1.5
    endloop
  endfacet
  facet normal 0 0 -1
    outer loop
      vertex -2.675 -5.41266 1.5
      vertex -2.9375 -5.0879 1.5
      vertex -2.5442 -5.28185 1.5
    endloop
  endfacet
  facet normal 0 0 -1
    outer loop
      vertex -3.125 -5.41266 1.5
      vertex -2.9375 -5.0879 1.5
      vertex -2.9 -5.47295 1.5
    endloop
  endfacet
  facet normal 0 0 -1
    outer loop
      vertex -3.28971 -5.24795 1.5
      vertex -2.9375 -5.0879 1.5
      vertex -3.125 -5.41266 1.5
    endloop
  endfacet
  facet normal 0 0 -1
    outer loop
      vertex -3.35 -5.02295 1.5
      vertex -2.9375 -5.0879 1.5
      vertex -3.28971 -5.24795 1.5
    endloop
  endfacet
  facet normal 0 0 -1
    outer loop
      vertex -2.9375 -5.0879 1.5
      vertex -3.35 -5.02295 1.5
      vertex -3.30212 -4.84427 1.5
    endloop
  endfacet
  facet normal 0.258825 -0.965924 0
    outer loop
      vertex -2.9 -5.47295 1.5
      vertex -2.675 -5.41266 4.5
      vertex -2.9 -5.47295 4.5
    endloop
  endfacet
  facet normal 0.258825 -0.965924 0
    outer loop
      vertex -2.675 -5.41266 4.5
      vertex -2.9 -5.47295 1.5
      vertex -2.675 -5.41266 1.5
    endloop
  endfacet
  facet normal -0.707107 -0.707107 0
    outer loop
      vertex -3.125 -5.41266 1.5
      vertex -3.28971 -5.24795 4.5
      vertex -3.28971 -5.24795 1.5
    endloop
  endfacet
  facet normal -0.707107 -0.707107 0
    outer loop
      vertex -3.28971 -5.24795 4.5
      vertex -3.125 -5.41266 1.5
      vertex -3.125 -5.41266 4.5
    endloop
  endfacet
  facet normal 0.980785 0.19509 0
    outer loop
      vertex 6.31362 0.994339 0.799999
      vertex 6.18192 1.65644 0
      vertex 6.18192 1.65644 0.799999
    endloop
  endfacet
  facet normal 0.980785 0.19509 0
    outer loop
      vertex 6.18192 1.65644 0
      vertex 6.31362 0.994339 0.799999
      vertex 6.31362 0.994339 0
    endloop
  endfacet
  facet normal 0.321433 -0.946932 0
    outer loop
      vertex 1.65644 -6.18192 0
      vertex 2.44917 -5.91283 0.799999
      vertex 1.65644 -6.18192 0.799999
    endloop
  endfacet
  facet normal 0.321433 -0.946932 0
    outer loop
      vertex 2.44917 -5.91283 0.799999
      vertex 1.65644 -6.18192 0
      vertex 2.44917 -5.91283 0
    endloop
  endfacet
  facet normal 0.831469 0.555571 0
    outer loop
      vertex 5.54256 3.2 0.799999
      vertex 5.07746 3.89607 0
      vertex 5.07746 3.89607 0.799999
    endloop
  endfacet
  facet normal 0.831469 0.555571 0
    outer loop
      vertex 5.07746 3.89607 0
      vertex 5.54256 3.2 0.799999
      vertex 5.54256 3.2 0
    endloop
  endfacet
  facet normal -0.896872 0.44229 0
    outer loop
      vertex -5.91283 2.44917 0
      vertex -5.54256 3.2 0.799999
      vertex -5.54256 3.2 0
    endloop
  endfacet
  facet normal -0.896872 0.44229 0
    outer loop
      vertex -5.54256 3.2 0.799999
      vertex -5.91283 2.44917 0
      vertex -5.91283 2.44917 0.799999
    endloop
  endfacet
  facet normal -0.555571 0.831469 0
    outer loop
      vertex -3.2 5.54256 0
      vertex -3.89607 5.07746 0.799999
      vertex -3.2 5.54256 0.799999
    endloop
  endfacet
  facet normal -0.555571 0.831469 0
    outer loop
      vertex -3.89607 5.07746 0.799999
      vertex -3.2 5.54256 0
      vertex -3.89607 5.07746 0
    endloop
  endfacet
  facet normal -0.659347 0.751838 0
    outer loop
      vertex -3.89607 5.07746 0
      vertex -4.52548 4.52548 0.799999
      vertex -3.89607 5.07746 0.799999
    endloop
  endfacet
  facet normal -0.659347 0.751838 0
    outer loop
      vertex -4.52548 4.52548 0.799999
      vertex -3.89607 5.07746 0
      vertex -4.52548 4.52548 0
    endloop
  endfacet
  facet normal -0.751838 0.659347 0
    outer loop
      vertex -5.07746 3.89607 0
      vertex -4.52548 4.52548 0.799999
      vertex -4.52548 4.52548 0
    endloop
  endfacet
  facet normal -0.751838 0.659347 0
    outer loop
      vertex -4.52548 4.52548 0.799999
      vertex -5.07746 3.89607 0
      vertex -5.07746 3.89607 0.799999
    endloop
  endfacet
  facet normal 0.946932 -0.321433 0
    outer loop
      vertex 5.91283 -2.44917 0.799999
      vertex 6.18192 -1.65644 0
      vertex 6.18192 -1.65644 0.799999
    endloop
  endfacet
  facet normal 0.946932 -0.321433 0
    outer loop
      vertex 6.18192 -1.65644 0
      vertex 5.91283 -2.44917 0.799999
      vertex 5.91283 -2.44917 0
    endloop
  endfacet
  facet normal -0.997859 0.0653997 0
    outer loop
      vertex -6.4 0 0
      vertex -6.34525 0.835367 0.799999
      vertex -6.34525 0.835367 0
    endloop
  endfacet
  facet normal -0.997859 0.0653997 0
    outer loop
      vertex -6.34525 0.835367 0.799999
      vertex -6.4 0 0
      vertex -6.4 0 0.799999
    endloop
  endfacet
  facet normal 0.555571 0.831469 -0
    outer loop
      vertex 3.89607 5.07746 0
      vertex 3.2 5.54256 0.799999
      vertex 3.89607 5.07746 0.799999
    endloop
  endfacet
  facet normal 0.555571 0.831469 0
    outer loop
      vertex 3.2 5.54256 0.799999
      vertex 3.89607 5.07746 0
      vertex 3.2 5.54256 0
    endloop
  endfacet
  facet normal -0.321433 -0.946932 0
    outer loop
      vertex -2.44917 -5.91283 0
      vertex -1.65644 -6.18192 0.799999
      vertex -2.44917 -5.91283 0.799999
    endloop
  endfacet
  facet normal -0.321433 -0.946932 -0
    outer loop
      vertex -1.65644 -6.18192 0.799999
      vertex -2.44917 -5.91283 0
      vertex -1.65644 -6.18192 0
    endloop
  endfacet
  facet normal 0.1951 -0.980783 0
    outer loop
      vertex 0.835367 -6.34525 0
      vertex 1.65644 -6.18192 0.799999
      vertex 0.835367 -6.34525 0.799999
    endloop
  endfacet
  facet normal 0.1951 -0.980783 0
    outer loop
      vertex 1.65644 -6.18192 0.799999
      vertex 0.835367 -6.34525 0
      vertex 1.65644 -6.18192 0
    endloop
  endfacet
  facet normal -0.321433 0.946932 0
    outer loop
      vertex -1.65644 6.18192 0
      vertex -2.44917 5.91283 0.799999
      vertex -1.65644 6.18192 0.799999
    endloop
  endfacet
  facet normal -0.321433 0.946932 0
    outer loop
      vertex -2.44917 5.91283 0.799999
      vertex -1.65644 6.18192 0
      vertex -2.44917 5.91283 0
    endloop
  endfacet
  facet normal -0.831469 -0.555571 0
    outer loop
      vertex -5.07746 -3.89607 0
      vertex -5.54256 -3.2 0.799999
      vertex -5.54256 -3.2 0
    endloop
  endfacet
  facet normal -0.831469 -0.555571 0
    outer loop
      vertex -5.54256 -3.2 0.799999
      vertex -5.07746 -3.89607 0
      vertex -5.07746 -3.89607 0.799999
    endloop
  endfacet
  facet normal 0.555571 -0.831469 0
    outer loop
      vertex 3.2 -5.54256 0
      vertex 3.89607 -5.07746 0.799999
      vertex 3.2 -5.54256 0.799999
    endloop
  endfacet
  facet normal 0.555571 -0.831469 0
    outer loop
      vertex 3.89607 -5.07746 0.799999
      vertex 3.2 -5.54256 0
      vertex 3.89607 -5.07746 0
    endloop
  endfacet
  facet normal -0.946932 0.321433 0
    outer loop
      vertex -6.18192 1.65644 0
      vertex -5.91283 2.44917 0.799999
      vertex -5.91283 2.44917 0
    endloop
  endfacet
  facet normal -0.946932 0.321433 0
    outer loop
      vertex -5.91283 2.44917 0.799999
      vertex -6.18192 1.65644 0
      vertex -6.18192 1.65644 0.799999
    endloop
  endfacet
  facet normal 0.321433 0.946932 -0
    outer loop
      vertex 2.44917 5.91283 0
      vertex 1.65644 6.18192 0.799999
      vertex 2.44917 5.91283 0.799999
    endloop
  endfacet
  facet normal 0.321433 0.946932 0
    outer loop
      vertex 1.65644 6.18192 0.799999
      vertex 2.44917 5.91283 0
      vertex 1.65644 6.18192 0
    endloop
  endfacet
  facet normal 0.0653997 0.997859 -0
    outer loop
      vertex 0.835367 6.34525 0
      vertex 0 6.4 0.799999
      vertex 0.835367 6.34525 0.799999
    endloop
  endfacet
  facet normal 0.0653997 0.997859 0
    outer loop
      vertex 0 6.4 0.799999
      vertex 0.835367 6.34525 0
      vertex 0 6.4 0
    endloop
  endfacet
  facet normal -0.44229 0.896872 0
    outer loop
      vertex -2.44917 5.91283 0
      vertex -3.2 5.54256 0.799999
      vertex -2.44917 5.91283 0.799999
    endloop
  endfacet
  facet normal -0.44229 0.896872 0
    outer loop
      vertex -3.2 5.54256 0.799999
      vertex -2.44917 5.91283 0
      vertex -3.2 5.54256 0
    endloop
  endfacet
  facet normal 0.831469 -0.555571 0
    outer loop
      vertex 5.07746 -3.89607 0.799999
      vertex 5.54256 -3.2 0
      vertex 5.54256 -3.2 0.799999
    endloop
  endfacet
  facet normal 0.831469 -0.555571 0
    outer loop
      vertex 5.54256 -3.2 0
      vertex 5.07746 -3.89607 0.799999
      vertex 5.07746 -3.89607 0
    endloop
  endfacet
  facet normal -0.997859 -0.0653997 0
    outer loop
      vertex -6.34525 -0.835367 0
      vertex -6.4 0 0.799999
      vertex -6.4 0 0
    endloop
  endfacet
  facet normal -0.997859 -0.0653997 0
    outer loop
      vertex -6.4 0 0.799999
      vertex -6.34525 -0.835367 0
      vertex -6.34525 -0.835367 0.799999
    endloop
  endfacet
  facet normal -0.946932 -0.321433 0
    outer loop
      vertex -5.91283 -2.44917 0
      vertex -6.18192 -1.65644 0.799999
      vertex -6.18192 -1.65644 0
    endloop
  endfacet
  facet normal -0.946932 -0.321433 0
    outer loop
      vertex -6.18192 -1.65644 0.799999
      vertex -5.91283 -2.44917 0
      vertex -5.91283 -2.44917 0.799999
    endloop
  endfacet
  facet normal -0.659347 -0.751838 0
    outer loop
      vertex -4.52548 -4.52548 0
      vertex -3.89607 -5.07746 0.799999
      vertex -4.52548 -4.52548 0.799999
    endloop
  endfacet
  facet normal -0.659347 -0.751838 -0
    outer loop
      vertex -3.89607 -5.07746 0.799999
      vertex -4.52548 -4.52548 0
      vertex -3.89607 -5.07746 0
    endloop
  endfacet
  facet normal 0.44229 0.896872 -0
    outer loop
      vertex 3.2 5.54256 0
      vertex 2.44917 5.91283 0.799999
      vertex 3.2 5.54256 0.799999
    endloop
  endfacet
  facet normal 0.44229 0.896872 0
    outer loop
      vertex 2.44917 5.91283 0.799999
      vertex 3.2 5.54256 0
      vertex 2.44917 5.91283 0
    endloop
  endfacet
  facet normal -0.1951 0.980783 0
    outer loop
      vertex -0.835367 6.34525 0
      vertex -1.65644 6.18192 0.799999
      vertex -0.835367 6.34525 0.799999
    endloop
  endfacet
  facet normal -0.1951 0.980783 0
    outer loop
      vertex -1.65644 6.18192 0.799999
      vertex -0.835367 6.34525 0
      vertex -1.65644 6.18192 0
    endloop
  endfacet
  facet normal 0.751838 0.659347 0
    outer loop
      vertex 5.07746 3.89607 0.799999
      vertex 4.52548 4.52548 0
      vertex 4.52548 4.52548 0.799999
    endloop
  endfacet
  facet normal 0.751838 0.659347 0
    outer loop
      vertex 4.52548 4.52548 0
      vertex 5.07746 3.89607 0.799999
      vertex 5.07746 3.89607 0
    endloop
  endfacet
  facet normal 0.1951 0.980783 -0
    outer loop
      vertex 1.65644 6.18192 0
      vertex 0.835367 6.34525 0.799999
      vertex 1.65644 6.18192 0.799999
    endloop
  endfacet
  facet normal 0.1951 0.980783 0
    outer loop
      vertex 0.835367 6.34525 0.799999
      vertex 1.65644 6.18192 0
      vertex 0.835367 6.34525 0
    endloop
  endfacet
  facet normal 0.751838 -0.659347 0
    outer loop
      vertex 4.52548 -4.52548 0.799999
      vertex 5.07746 -3.89607 0
      vertex 5.07746 -3.89607 0.799999
    endloop
  endfacet
  facet normal 0.751838 -0.659347 0
    outer loop
      vertex 5.07746 -3.89607 0
      vertex 4.52548 -4.52548 0.799999
      vertex 4.52548 -4.52548 0
    endloop
  endfacet
  facet normal -0.44229 -0.896872 0
    outer loop
      vertex -3.2 -5.54256 0
      vertex -2.44917 -5.91283 0.799999
      vertex -3.2 -5.54256 0.799999
    endloop
  endfacet
  facet normal -0.44229 -0.896872 -0
    outer loop
      vertex -2.44917 -5.91283 0.799999
      vertex -3.2 -5.54256 0
      vertex -2.44917 -5.91283 0
    endloop
  endfacet
  facet normal -0.0653997 0.997859 0
    outer loop
      vertex 0 6.4 0
      vertex -0.835367 6.34525 0.799999
      vertex 0 6.4 0.799999
    endloop
  endfacet
  facet normal -0.0653997 0.997859 0
    outer loop
      vertex -0.835367 6.34525 0.799999
      vertex 0 6.4 0
      vertex -0.835367 6.34525 0
    endloop
  endfacet
  facet normal -0.980783 0.1951 0
    outer loop
      vertex -6.34525 0.835367 0
      vertex -6.18192 1.65644 0.799999
      vertex -6.18192 1.65644 0
    endloop
  endfacet
  facet normal -0.980783 0.1951 0
    outer loop
      vertex -6.18192 1.65644 0.799999
      vertex -6.34525 0.835367 0
      vertex -6.34525 0.835367 0.799999
    endloop
  endfacet
  facet normal 0.0653997 -0.997859 0
    outer loop
      vertex 0 -6.4 0
      vertex 0.835367 -6.34525 0.799999
      vertex 0 -6.4 0.799999
    endloop
  endfacet
  facet normal 0.0653997 -0.997859 0
    outer loop
      vertex 0.835367 -6.34525 0.799999
      vertex 0 -6.4 0
      vertex 0.835367 -6.34525 0
    endloop
  endfacet
  facet normal 0.44229 -0.896872 0
    outer loop
      vertex 2.44917 -5.91283 0
      vertex 3.2 -5.54256 0.799999
      vertex 2.44917 -5.91283 0.799999
    endloop
  endfacet
  facet normal 0.44229 -0.896872 0
    outer loop
      vertex 3.2 -5.54256 0.799999
      vertex 2.44917 -5.91283 0
      vertex 3.2 -5.54256 0
    endloop
  endfacet
  facet normal 0.659347 -0.751838 0
    outer loop
      vertex 3.89607 -5.07746 0
      vertex 4.52548 -4.52548 0.799999
      vertex 3.89607 -5.07746 0.799999
    endloop
  endfacet
  facet normal 0.659347 -0.751838 0
    outer loop
      vertex 4.52548 -4.52548 0.799999
      vertex 3.89607 -5.07746 0
      vertex 4.52548 -4.52548 0
    endloop
  endfacet
  facet normal -0.896872 -0.44229 0
    outer loop
      vertex -5.54256 -3.2 0
      vertex -5.91283 -2.44917 0.799999
      vertex -5.91283 -2.44917 0
    endloop
  endfacet
  facet normal -0.896872 -0.44229 0
    outer loop
      vertex -5.91283 -2.44917 0.799999
      vertex -5.54256 -3.2 0
      vertex -5.54256 -3.2 0.799999
    endloop
  endfacet
  facet normal 0.896872 -0.44229 0
    outer loop
      vertex 5.54256 -3.2 0.799999
      vertex 5.91283 -2.44917 0
      vertex 5.91283 -2.44917 0.799999
    endloop
  endfacet
  facet normal 0.896872 -0.44229 0
    outer loop
      vertex 5.91283 -2.44917 0
      vertex 5.54256 -3.2 0.799999
      vertex 5.54256 -3.2 0
    endloop
  endfacet
  facet normal 0.659347 0.751838 -0
    outer loop
      vertex 4.52548 4.52548 0
      vertex 3.89607 5.07746 0.799999
      vertex 4.52548 4.52548 0.799999
    endloop
  endfacet
  facet normal 0.659347 0.751838 0
    outer loop
      vertex 3.89607 5.07746 0.799999
      vertex 4.52548 4.52548 0
      vertex 3.89607 5.07746 0
    endloop
  endfacet
  facet normal -0.555571 -0.831469 0
    outer loop
      vertex -3.89607 -5.07746 0
      vertex -3.2 -5.54256 0.799999
      vertex -3.89607 -5.07746 0.799999
    endloop
  endfacet
  facet normal -0.555571 -0.831469 -0
    outer loop
      vertex -3.2 -5.54256 0.799999
      vertex -3.89607 -5.07746 0
      vertex -3.2 -5.54256 0
    endloop
  endfacet
  facet normal 0.896872 0.44229 0
    outer loop
      vertex 5.91283 2.44917 0.799999
      vertex 5.54256 3.2 0
      vertex 5.54256 3.2 0.799999
    endloop
  endfacet
  facet normal 0.896872 0.44229 0
    outer loop
      vertex 5.54256 3.2 0
      vertex 5.91283 2.44917 0.799999
      vertex 5.91283 2.44917 0
    endloop
  endfacet
  facet normal 0.980785 -0.19509 0
    outer loop
      vertex 6.18192 -1.65644 0.799999
      vertex 6.31362 -0.994339 0
      vertex 6.31362 -0.994339 0.799999
    endloop
  endfacet
  facet normal 0.980785 -0.19509 0
    outer loop
      vertex 6.31362 -0.994339 0
      vertex 6.18192 -1.65644 0.799999
      vertex 6.18192 -1.65644 0
    endloop
  endfacet
  facet normal 0.946932 0.321433 0
    outer loop
      vertex 6.18192 1.65644 0.799999
      vertex 5.91283 2.44917 0
      vertex 5.91283 2.44917 0.799999
    endloop
  endfacet
  facet normal 0.946932 0.321433 0
    outer loop
      vertex 5.91283 2.44917 0
      vertex 6.18192 1.65644 0.799999
      vertex 6.18192 1.65644 0
    endloop
  endfacet
  facet normal 0 0 -1
    outer loop
      vertex 6.18192 -1.65644 0
      vertex 6.26947 -0.991445 0
      vertex 6.31362 -0.994339 0
    endloop
  endfacet
  facet normal 0 0 -1
    outer loop
      vertex 6.18192 -1.65644 0
      vertex 6.14118 -0.965925 0
      vertex 6.26947 -0.991445 0
    endloop
  endfacet
  facet normal 0 0 -1
    outer loop
      vertex 6.18192 -1.65644 0
      vertex 6.01732 -0.923879 0
      vertex 6.14118 -0.965925 0
    endloop
  endfacet
  facet normal 0 0 -1
    outer loop
      vertex 5.79124 -0.793353 0
      vertex 6.18192 -1.65644 0
      vertex 5.91283 -2.44917 0
    endloop
  endfacet
  facet normal 0 0 -1
    outer loop
      vertex 6.18192 -1.65644 0
      vertex 5.9 -0.866025 0
      vertex 6.01732 -0.923879 0
    endloop
  endfacet
  facet normal 0 0 -1
    outer loop
      vertex 6.18192 -1.65644 0
      vertex 5.79124 -0.793353 0
      vertex 5.9 -0.866025 0
    endloop
  endfacet
  facet normal 0 0 -1
    outer loop
      vertex 5.91283 -2.44917 0
      vertex 5.69289 -0.707107 0
      vertex 5.79124 -0.793353 0
    endloop
  endfacet
  facet normal 0 0 -1
    outer loop
      vertex 5.91283 -2.44917 0
      vertex 5.60665 -0.608761 0
      vertex 5.69289 -0.707107 0
    endloop
  endfacet
  facet normal 0 0 -1
    outer loop
      vertex 5.54256 -3.2 0
      vertex 5.60665 -0.608761 0
      vertex 5.91283 -2.44917 0
    endloop
  endfacet
  facet normal 0 0 -1
    outer loop
      vertex 5.54256 -3.2 0
      vertex 5.53397 -0.5 0
      vertex 5.60665 -0.608761 0
    endloop
  endfacet
  facet normal 0 0 -1
    outer loop
      vertex 5.07746 -3.89607 0
      vertex 5.53397 -0.5 0
      vertex 5.54256 -3.2 0
    endloop
  endfacet
  facet normal -0 0 -1
    outer loop
      vertex 5.53397 -0.5 0
      vertex 5.07746 -3.89607 0
      vertex 5.47612 -0.382683 0
    endloop
  endfacet
  facet normal 0 0 -1
    outer loop
      vertex 4.52548 -4.52548 0
      vertex 5.47612 -0.382683 0
      vertex 5.07746 -3.89607 0
    endloop
  endfacet
  facet normal -0 0 -1
    outer loop
      vertex 5.47612 -0.382683 0
      vertex 4.52548 -4.52548 0
      vertex 5.43407 -0.258819 0
    endloop
  endfacet
  facet normal 0 0 -1
    outer loop
      vertex 3.89607 -5.07746 0
      vertex 5.43407 -0.258819 0
      vertex 4.52548 -4.52548 0
    endloop
  endfacet
  facet normal 0 0 -1
    outer loop
      vertex 6.26947 0.991445 0
      vertex 6.18192 1.65644 0
      vertex 6.31362 0.994339 0
    endloop
  endfacet
  facet normal 0 0 -1
    outer loop
      vertex 6.14118 0.965925 0
      vertex 6.18192 1.65644 0
      vertex 6.26947 0.991445 0
    endloop
  endfacet
  facet normal 0 0 -1
    outer loop
      vertex 6.01732 0.923879 0
      vertex 6.18192 1.65644 0
      vertex 6.14118 0.965925 0
    endloop
  endfacet
  facet normal 0 0 -1
    outer loop
      vertex 5.9 0.866025 0
      vertex 6.18192 1.65644 0
      vertex 6.01732 0.923879 0
    endloop
  endfacet
  facet normal 0 0 -1
    outer loop
      vertex 5.79124 0.793353 0
      vertex 6.18192 1.65644 0
      vertex 5.9 0.866025 0
    endloop
  endfacet
  facet normal -0 0 -1
    outer loop
      vertex 6.18192 1.65644 0
      vertex 5.79124 0.793353 0
      vertex 5.91283 2.44917 0
    endloop
  endfacet
  facet normal 0 0 -1
    outer loop
      vertex 5.69289 0.707107 0
      vertex 5.91283 2.44917 0
      vertex 5.79124 0.793353 0
    endloop
  endfacet
  facet normal 0 0 -1
    outer loop
      vertex 5.60665 0.608761 0
      vertex 5.91283 2.44917 0
      vertex 5.69289 0.707107 0
    endloop
  endfacet
  facet normal 0 0 -1
    outer loop
      vertex 5.60665 0.608761 0
      vertex 5.54256 3.2 0
      vertex 5.91283 2.44917 0
    endloop
  endfacet
  facet normal 0 0 -1
    outer loop
      vertex 5.53397 0.5 0
      vertex 5.54256 3.2 0
      vertex 5.60665 0.608761 0
    endloop
  endfacet
  facet normal 0 0 -1
    outer loop
      vertex 5.07746 3.89607 0
      vertex 5.53397 0.5 0
      vertex 5.47612 0.382683 0
    endloop
  endfacet
  facet normal 0 0 -1
    outer loop
      vertex 4.52548 4.52548 0
      vertex 5.47612 0.382683 0
      vertex 5.43407 0.258819 0
    endloop
  endfacet
  facet normal 0 0 -1
    outer loop
      vertex 2.44917 5.91283 0
      vertex 5.43407 0.258819 0
      vertex 5.40856 0.130526 0
    endloop
  endfacet
  facet normal 0 0 -1
    outer loop
      vertex -3.89607 5.07746 0
      vertex 5.40856 0.130526 0
      vertex 5.4 0 0
    endloop
  endfacet
  facet normal 0 0 -1
    outer loop
      vertex 3.2 -5.54256 0
      vertex 5.43407 -0.258819 0
      vertex 3.89607 -5.07746 0
    endloop
  endfacet
  facet normal 0 0 -1
    outer loop
      vertex 5.53397 0.5 0
      vertex 5.07746 3.89607 0
      vertex 5.54256 3.2 0
    endloop
  endfacet
  facet normal 0 0 -1
    outer loop
      vertex 2.44917 -5.91283 0
      vertex 5.43407 -0.258819 0
      vertex 3.2 -5.54256 0
    endloop
  endfacet
  facet normal 0 0 -1
    outer loop
      vertex 5.47612 0.382683 0
      vertex 4.52548 4.52548 0
      vertex 5.07746 3.89607 0
    endloop
  endfacet
  facet normal -0 0 -1
    outer loop
      vertex 5.43407 -0.258819 0
      vertex 2.44917 -5.91283 0
      vertex 5.40856 -0.130526 0
    endloop
  endfacet
  facet normal 0 0 -1
    outer loop
      vertex 5.43407 0.258819 0
      vertex 3.89607 5.07746 0
      vertex 4.52548 4.52548 0
    endloop
  endfacet
  facet normal 0 0 -1
    outer loop
      vertex 1.65644 -6.18192 0
      vertex 5.40856 -0.130526 0
      vertex 2.44917 -5.91283 0
    endloop
  endfacet
  facet normal 0 0 -1
    outer loop
      vertex 5.43407 0.258819 0
      vertex 3.2 5.54256 0
      vertex 3.89607 5.07746 0
    endloop
  endfacet
  facet normal 0 0 -1
    outer loop
      vertex 0.835367 -6.34525 0
      vertex 5.40856 -0.130526 0
      vertex 1.65644 -6.18192 0
    endloop
  endfacet
  facet normal 0 0 -1
    outer loop
      vertex 5.43407 0.258819 0
      vertex 2.44917 5.91283 0
      vertex 3.2 5.54256 0
    endloop
  endfacet
  facet normal 0 0 -1
    outer loop
      vertex 0 -6.4 0
      vertex 5.40856 -0.130526 0
      vertex 0.835367 -6.34525 0
    endloop
  endfacet
  facet normal 0 0 -1
    outer loop
      vertex 5.40856 0.130526 0
      vertex 1.65644 6.18192 0
      vertex 2.44917 5.91283 0
    endloop
  endfacet
  facet normal 0 0 -1
    outer loop
      vertex -0.835367 -6.34525 0
      vertex 5.40856 -0.130526 0
      vertex 0 -6.4 0
    endloop
  endfacet
  facet normal 0 0 -1
    outer loop
      vertex 5.40856 0.130526 0
      vertex 0.835367 6.34525 0
      vertex 1.65644 6.18192 0
    endloop
  endfacet
  facet normal 0 0 -1
    outer loop
      vertex -1.65644 -6.18192 0
      vertex 5.40856 -0.130526 0
      vertex -0.835367 -6.34525 0
    endloop
  endfacet
  facet normal 0 0 -1
    outer loop
      vertex 5.40856 0.130526 0
      vertex 0 6.4 0
      vertex 0.835367 6.34525 0
    endloop
  endfacet
  facet normal 0 0 -1
    outer loop
      vertex -2.44917 -5.91283 0
      vertex 5.40856 -0.130526 0
      vertex -1.65644 -6.18192 0
    endloop
  endfacet
  facet normal 0 0 -1
    outer loop
      vertex 5.40856 0.130526 0
      vertex -0.835367 6.34525 0
      vertex 0 6.4 0
    endloop
  endfacet
  facet normal 0 0 -1
    outer loop
      vertex -3.2 -5.54256 0
      vertex 5.40856 -0.130526 0
      vertex -2.44917 -5.91283 0
    endloop
  endfacet
  facet normal 0 0 -1
    outer loop
      vertex 5.40856 0.130526 0
      vertex -1.65644 6.18192 0
      vertex -0.835367 6.34525 0
    endloop
  endfacet
  facet normal 0 0 -1
    outer loop
      vertex -3.89607 -5.07746 0
      vertex 5.40856 -0.130526 0
      vertex -3.2 -5.54256 0
    endloop
  endfacet
  facet normal 0 0 -1
    outer loop
      vertex 5.40856 0.130526 0
      vertex -2.44917 5.91283 0
      vertex -1.65644 6.18192 0
    endloop
  endfacet
  facet normal -0 0 -1
    outer loop
      vertex 5.40856 -0.130526 0
      vertex -3.89607 -5.07746 0
      vertex 5.4 0 0
    endloop
  endfacet
  facet normal 0 0 -1
    outer loop
      vertex 5.40856 0.130526 0
      vertex -3.2 5.54256 0
      vertex -2.44917 5.91283 0
    endloop
  endfacet
  facet normal 0 0 -1
    outer loop
      vertex -4.52548 -4.52548 0
      vertex 5.4 0 0
      vertex -3.89607 -5.07746 0
    endloop
  endfacet
  facet normal 0 0 -1
    outer loop
      vertex 5.40856 0.130526 0
      vertex -3.89607 5.07746 0
      vertex -3.2 5.54256 0
    endloop
  endfacet
  facet normal 0 0 -1
    outer loop
      vertex -5.07746 -3.89607 0
      vertex 5.4 0 0
      vertex -4.52548 -4.52548 0
    endloop
  endfacet
  facet normal 0 0 -1
    outer loop
      vertex 5.4 0 0
      vertex -4.52548 4.52548 0
      vertex -3.89607 5.07746 0
    endloop
  endfacet
  facet normal 0 0 -1
    outer loop
      vertex -5.54256 -3.2 0
      vertex 5.4 0 0
      vertex -5.07746 -3.89607 0
    endloop
  endfacet
  facet normal 0 0 -1
    outer loop
      vertex 5.4 0 0
      vertex -5.07746 3.89607 0
      vertex -4.52548 4.52548 0
    endloop
  endfacet
  facet normal 0 0 -1
    outer loop
      vertex -5.91283 -2.44917 0
      vertex 5.4 0 0
      vertex -5.54256 -3.2 0
    endloop
  endfacet
  facet normal 0 0 -1
    outer loop
      vertex 5.4 0 0
      vertex -5.54256 3.2 0
      vertex -5.07746 3.89607 0
    endloop
  endfacet
  facet normal 0 0 -1
    outer loop
      vertex -6.18192 -1.65644 0
      vertex 5.4 0 0
      vertex -5.91283 -2.44917 0
    endloop
  endfacet
  facet normal 0 0 -1
    outer loop
      vertex 5.4 0 0
      vertex -5.91283 2.44917 0
      vertex -5.54256 3.2 0
    endloop
  endfacet
  facet normal 0 0 -1
    outer loop
      vertex -6.34525 -0.835367 0
      vertex 5.4 0 0
      vertex -6.18192 -1.65644 0
    endloop
  endfacet
  facet normal 0 0 -1
    outer loop
      vertex 5.4 0 0
      vertex -6.18192 1.65644 0
      vertex -5.91283 2.44917 0
    endloop
  endfacet
  facet normal 0 0 -1
    outer loop
      vertex -6.4 0 0
      vertex 5.4 0 0
      vertex -6.34525 -0.835367 0
    endloop
  endfacet
  facet normal 0 0 -1
    outer loop
      vertex 5.4 0 0
      vertex -6.34525 0.835367 0
      vertex -6.18192 1.65644 0
    endloop
  endfacet
  facet normal 0 0 -1
    outer loop
      vertex 5.4 0 0
      vertex -6.4 0 0
      vertex -6.34525 0.835367 0
    endloop
  endfacet
  facet normal -0.980783 -0.1951 0
    outer loop
      vertex -6.18192 -1.65644 0
      vertex -6.34525 -0.835367 0.799999
      vertex -6.34525 -0.835367 0
    endloop
  endfacet
  facet normal -0.980783 -0.1951 0
    outer loop
      vertex -6.34525 -0.835367 0.799999
      vertex -6.18192 -1.65644 0
      vertex -6.18192 -1.65644 0.799999
    endloop
  endfacet
  facet normal -0.751838 -0.659347 0
    outer loop
      vertex -4.52548 -4.52548 0
      vertex -5.07746 -3.89607 0.799999
      vertex -5.07746 -3.89607 0
    endloop
  endfacet
  facet normal -0.751838 -0.659347 0
    outer loop
      vertex -5.07746 -3.89607 0.799999
      vertex -4.52548 -4.52548 0
      vertex -4.52548 -4.52548 0.799999
    endloop
  endfacet
  facet normal 0 0 1
    outer loop
      vertex 6.18192 1.65644 0.799999
      vertex 6.26947 0.991445 0.799999
      vertex 6.31362 0.994339 0.799999
    endloop
  endfacet
  facet normal 0 0 1
    outer loop
      vertex 6.18192 1.65644 0.799999
      vertex 6.14118 0.965925 0.799999
      vertex 6.26947 0.991445 0.799999
    endloop
  endfacet
  facet normal -0 0 1
    outer loop
      vertex 5.67481 1.52056 0.799999
      vertex 6.14118 0.965925 0.799999
      vertex 6.18192 1.65644 0.799999
    endloop
  endfacet
  facet normal 0 0 1
    outer loop
      vertex 5.67481 1.52056 0.799999
      vertex 6.18192 1.65644 0.799999
      vertex 5.91283 2.44917 0.799999
    endloop
  endfacet
  facet normal 0 0 1
    outer loop
      vertex 6.14118 0.965925 0.799999
      vertex 5.67481 1.52056 0.799999
      vertex 6.01732 0.923879 0.799999
    endloop
  endfacet
  facet normal 0 0 1
    outer loop
      vertex 6.01732 0.923879 0.799999
      vertex 5.67481 1.52056 0.799999
      vertex 5.9 0.866025 0.799999
    endloop
  endfacet
  facet normal 0 0 1
    outer loop
      vertex 5.9 0.866025 0.799999
      vertex 5.67481 1.52056 0.799999
      vertex 5.81615 0.810001 0.799999
    endloop
  endfacet
  facet normal 0 0 1
    outer loop
      vertex 5.42779 2.24826 0.799999
      vertex 5.91283 2.44917 0.799999
      vertex 5.54256 3.2 0.799999
    endloop
  endfacet
  facet normal 0 0 1
    outer loop
      vertex 5.91283 2.44917 0.799999
      vertex 5.42779 2.24826 0.799999
      vertex 5.67481 1.52056 0.799999
    endloop
  endfacet
  facet normal 0 0 1
    outer loop
      vertex 5.54256 3.2 0.799999
      vertex 5.0879 2.9375 0.799999
      vertex 5.42779 2.24826 0.799999
    endloop
  endfacet
  facet normal 0 0 1
    outer loop
      vertex 5.07746 3.89607 0.799999
      vertex 5.0879 2.9375 0.799999
      vertex 5.54256 3.2 0.799999
    endloop
  endfacet
  facet normal 0 0 1
    outer loop
      vertex 5.07746 3.89607 0.799999
      vertex 4.66095 3.57647 0.799999
      vertex 5.0879 2.9375 0.799999
    endloop
  endfacet
  facet normal 0 0 1
    outer loop
      vertex 4.52548 4.52548 0.799999
      vertex 4.66095 3.57647 0.799999
      vertex 5.07746 3.89607 0.799999
    endloop
  endfacet
  facet normal 0 0 1
    outer loop
      vertex 4.52548 4.52548 0.799999
      vertex 4.15425 4.15425 0.799999
      vertex 4.66095 3.57647 0.799999
    endloop
  endfacet
  facet normal 0 0 1
    outer loop
      vertex 3.89607 5.07746 0.799999
      vertex 4.15425 4.15425 0.799999
      vertex 4.52548 4.52548 0.799999
    endloop
  endfacet
  facet normal 0 0 1
    outer loop
      vertex 3.89607 5.07746 0.799999
      vertex 3.57647 4.66095 0.799999
      vertex 4.15425 4.15425 0.799999
    endloop
  endfacet
  facet normal 0 0 1
    outer loop
      vertex 3.2 5.54256 0.799999
      vertex 3.57647 4.66095 0.799999
      vertex 3.89607 5.07746 0.799999
    endloop
  endfacet
  facet normal 0 0 1
    outer loop
      vertex 3.2 5.54256 0.799999
      vertex 2.9375 5.0879 0.799999
      vertex 3.57647 4.66095 0.799999
    endloop
  endfacet
  facet normal 0 0 1
    outer loop
      vertex 2.44917 5.91283 0.799999
      vertex 2.9375 5.0879 0.799999
      vertex 3.2 5.54256 0.799999
    endloop
  endfacet
  facet normal 0 0 1
    outer loop
      vertex 2.44917 5.91283 0.799999
      vertex 2.24826 5.42779 0.799999
      vertex 2.9375 5.0879 0.799999
    endloop
  endfacet
  facet normal 0 0 1
    outer loop
      vertex 1.65644 6.18192 0.799999
      vertex 2.24826 5.42779 0.799999
      vertex 2.44917 5.91283 0.799999
    endloop
  endfacet
  facet normal 0 0 1
    outer loop
      vertex 1.65644 6.18192 0.799999
      vertex 1.52056 5.67481 0.799999
      vertex 2.24826 5.42779 0.799999
    endloop
  endfacet
  facet normal 0 0 1
    outer loop
      vertex 0.835367 6.34525 0.799999
      vertex 1.52056 5.67481 0.799999
      vertex 1.65644 6.18192 0.799999
    endloop
  endfacet
  facet normal 0 0 1
    outer loop
      vertex 0.835367 6.34525 0.799999
      vertex 0.766841 5.82474 0.799999
      vertex 1.52056 5.67481 0.799999
    endloop
  endfacet
  facet normal 0 0 1
    outer loop
      vertex 0 6.4 0.799999
      vertex 0.766841 5.82474 0.799999
      vertex 0.835367 6.34525 0.799999
    endloop
  endfacet
  facet normal 0 0 1
    outer loop
      vertex 0 6.4 0.799999
      vertex 0 5.875 0.799999
      vertex 0.766841 5.82474 0.799999
    endloop
  endfacet
  facet normal 0 0 1
    outer loop
      vertex 0 6.4 0.799999
      vertex -0.766841 5.82474 0.799999
      vertex 0 5.875 0.799999
    endloop
  endfacet
  facet normal -0 0 1
    outer loop
      vertex -0.835367 6.34525 0.799999
      vertex -0.766841 5.82474 0.799999
      vertex 0 6.4 0.799999
    endloop
  endfacet
  facet normal 0 0 1
    outer loop
      vertex -0.835367 6.34525 0.799999
      vertex -1.52056 5.67481 0.799999
      vertex -0.766841 5.82474 0.799999
    endloop
  endfacet
  facet normal -0 0 1
    outer loop
      vertex -1.65644 6.18192 0.799999
      vertex -1.52056 5.67481 0.799999
      vertex -0.835367 6.34525 0.799999
    endloop
  endfacet
  facet normal 0 0 1
    outer loop
      vertex -1.65644 6.18192 0.799999
      vertex -2.24826 5.42779 0.799999
      vertex -1.52056 5.67481 0.799999
    endloop
  endfacet
  facet normal -0 0 1
    outer loop
      vertex -2.44917 5.91283 0.799999
      vertex -2.24826 5.42779 0.799999
      vertex -1.65644 6.18192 0.799999
    endloop
  endfacet
  facet normal 0 0 1
    outer loop
      vertex -2.44917 5.91283 0.799999
      vertex -2.9375 5.0879 0.799999
      vertex -2.24826 5.42779 0.799999
    endloop
  endfacet
  facet normal -0 0 1
    outer loop
      vertex -3.2 5.54256 0.799999
      vertex -2.9375 5.0879 0.799999
      vertex -2.44917 5.91283 0.799999
    endloop
  endfacet
  facet normal 0 0 1
    outer loop
      vertex -3.2 5.54256 0.799999
      vertex -3.57647 4.66095 0.799999
      vertex -2.9375 5.0879 0.799999
    endloop
  endfacet
  facet normal -0 0 1
    outer loop
      vertex -3.89607 5.07746 0.799999
      vertex -3.57647 4.66095 0.799999
      vertex -3.2 5.54256 0.799999
    endloop
  endfacet
  facet normal 0 0 1
    outer loop
      vertex -3.89607 5.07746 0.799999
      vertex -4.15425 4.15425 0.799999
      vertex -3.57647 4.66095 0.799999
    endloop
  endfacet
  facet normal -0 0 1
    outer loop
      vertex -4.52548 4.52548 0.799999
      vertex -4.15425 4.15425 0.799999
      vertex -3.89607 5.07746 0.799999
    endloop
  endfacet
  facet normal 0 0 1
    outer loop
      vertex -4.52548 4.52548 0.799999
      vertex -4.66095 3.57647 0.799999
      vertex -4.15425 4.15425 0.799999
    endloop
  endfacet
  facet normal -0 0 1
    outer loop
      vertex -5.07746 3.89607 0.799999
      vertex -4.66095 3.57647 0.799999
      vertex -4.52548 4.52548 0.799999
    endloop
  endfacet
  facet normal 0 0 1
    outer loop
      vertex -5.07746 3.89607 0.799999
      vertex -5.0879 2.9375 0.799999
      vertex -4.66095 3.57647 0.799999
    endloop
  endfacet
  facet normal -0 0 1
    outer loop
      vertex -5.54256 3.2 0.799999
      vertex -5.0879 2.9375 0.799999
      vertex -5.07746 3.89607 0.799999
    endloop
  endfacet
  facet normal 0 0 1
    outer loop
      vertex -5.0879 2.9375 0.799999
      vertex -5.54256 3.2 0.799999
      vertex -5.42779 2.24826 0.799999
    endloop
  endfacet
  facet normal -0 0 1
    outer loop
      vertex -5.91283 2.44917 0.799999
      vertex -5.42779 2.24826 0.799999
      vertex -5.54256 3.2 0.799999
    endloop
  endfacet
  facet normal 0 0 1
    outer loop
      vertex -5.42779 2.24826 0.799999
      vertex -5.91283 2.44917 0.799999
      vertex -5.67481 1.52056 0.799999
    endloop
  endfacet
  facet normal 0 0 1
    outer loop
      vertex -5.67481 1.52056 0.799999
      vertex -6.18192 1.65644 0.799999
      vertex -5.82474 0.766841 0.799999
    endloop
  endfacet
  facet normal -0 0 1
    outer loop
      vertex -6.18192 1.65644 0.799999
      vertex -5.67481 1.52056 0.799999
      vertex -5.91283 2.44917 0.799999
    endloop
  endfacet
  facet normal 0 0 1
    outer loop
      vertex 6.26947 -0.991445 0.799999
      vertex 6.18192 -1.65644 0.799999
      vertex 6.31362 -0.994339 0.799999
    endloop
  endfacet
  facet normal 0 0 1
    outer loop
      vertex 6.14118 -0.965925 0.799999
      vertex 6.18192 -1.65644 0.799999
      vertex 6.26947 -0.991445 0.799999
    endloop
  endfacet
  facet normal 0 0 1
    outer loop
      vertex 5.67481 -1.52056 0.799999
      vertex 6.14118 -0.965925 0.799999
      vertex 6.01732 -0.923879 0.799999
    endloop
  endfacet
  facet normal 0 0 1
    outer loop
      vertex 6.14118 -0.965925 0.799999
      vertex 5.67481 -1.52056 0.799999
      vertex 6.18192 -1.65644 0.799999
    endloop
  endfacet
  facet normal 0 0 1
    outer loop
      vertex 5.67481 -1.52056 0.799999
      vertex 6.01732 -0.923879 0.799999
      vertex 5.9 -0.866025 0.799999
    endloop
  endfacet
  facet normal 0 0 1
    outer loop
      vertex 5.67481 -1.52056 0.799999
      vertex 5.9 -0.866025 0.799999
      vertex 5.81615 -0.810001 0.799999
    endloop
  endfacet
  facet normal 0 0 1
    outer loop
      vertex 6.18192 -1.65644 0.799999
      vertex 5.67481 -1.52056 0.799999
      vertex 5.91283 -2.44917 0.799999
    endloop
  endfacet
  facet normal -0 0 1
    outer loop
      vertex 5.42779 -2.24826 0.799999
      vertex 5.91283 -2.44917 0.799999
      vertex 5.67481 -1.52056 0.799999
    endloop
  endfacet
  facet normal 0 0 1
    outer loop
      vertex 5.91283 -2.44917 0.799999
      vertex 5.42779 -2.24826 0.799999
      vertex 5.54256 -3.2 0.799999
    endloop
  endfacet
  facet normal -0 0 1
    outer loop
      vertex 5.0879 -2.9375 0.799999
      vertex 5.54256 -3.2 0.799999
      vertex 5.42779 -2.24826 0.799999
    endloop
  endfacet
  facet normal 0 0 1
    outer loop
      vertex 5.0879 -2.9375 0.799999
      vertex 5.07746 -3.89607 0.799999
      vertex 5.54256 -3.2 0.799999
    endloop
  endfacet
  facet normal -0 0 1
    outer loop
      vertex 4.66095 -3.57647 0.799999
      vertex 5.07746 -3.89607 0.799999
      vertex 5.0879 -2.9375 0.799999
    endloop
  endfacet
  facet normal 0 0 1
    outer loop
      vertex 4.66095 -3.57647 0.799999
      vertex 4.52548 -4.52548 0.799999
      vertex 5.07746 -3.89607 0.799999
    endloop
  endfacet
  facet normal -0 0 1
    outer loop
      vertex 4.15425 -4.15425 0.799999
      vertex 4.52548 -4.52548 0.799999
      vertex 4.66095 -3.57647 0.799999
    endloop
  endfacet
  facet normal 0 0 1
    outer loop
      vertex 4.15425 -4.15425 0.799999
      vertex 3.89607 -5.07746 0.799999
      vertex 4.52548 -4.52548 0.799999
    endloop
  endfacet
  facet normal -0 0 1
    outer loop
      vertex 3.57647 -4.66095 0.799999
      vertex 3.89607 -5.07746 0.799999
      vertex 4.15425 -4.15425 0.799999
    endloop
  endfacet
  facet normal 0 0 1
    outer loop
      vertex 3.57647 -4.66095 0.799999
      vertex 3.2 -5.54256 0.799999
      vertex 3.89607 -5.07746 0.799999
    endloop
  endfacet
  facet normal -0 0 1
    outer loop
      vertex 2.9375 -5.0879 0.799999
      vertex 3.2 -5.54256 0.799999
      vertex 3.57647 -4.66095 0.799999
    endloop
  endfacet
  facet normal 0 0 1
    outer loop
      vertex 2.9375 -5.0879 0.799999
      vertex 2.44917 -5.91283 0.799999
      vertex 3.2 -5.54256 0.799999
    endloop
  endfacet
  facet normal -0 0 1
    outer loop
      vertex 2.24826 -5.42779 0.799999
      vertex 2.44917 -5.91283 0.799999
      vertex 2.9375 -5.0879 0.799999
    endloop
  endfacet
  facet normal 0 0 1
    outer loop
      vertex 2.24826 -5.42779 0.799999
      vertex 1.65644 -6.18192 0.799999
      vertex 2.44917 -5.91283 0.799999
    endloop
  endfacet
  facet normal -0 0 1
    outer loop
      vertex 1.52056 -5.67481 0.799999
      vertex 1.65644 -6.18192 0.799999
      vertex 2.24826 -5.42779 0.799999
    endloop
  endfacet
  facet normal 0 0 1
    outer loop
      vertex 1.52056 -5.67481 0.799999
      vertex 0.835367 -6.34525 0.799999
      vertex 1.65644 -6.18192 0.799999
    endloop
  endfacet
  facet normal -0 0 1
    outer loop
      vertex 0.766841 -5.82474 0.799999
      vertex 0.835367 -6.34525 0.799999
      vertex 1.52056 -5.67481 0.799999
    endloop
  endfacet
  facet normal -0 0 1
    outer loop
      vertex 0 -5.875 0.799999
      vertex 0.835367 -6.34525 0.799999
      vertex 0.766841 -5.82474 0.799999
    endloop
  endfacet
  facet normal 0 0 1
    outer loop
      vertex 0 -5.875 0.799999
      vertex 0 -6.4 0.799999
      vertex 0.835367 -6.34525 0.799999
    endloop
  endfacet
  facet normal 0 0 1
    outer loop
      vertex -0.766841 -5.82474 0.799999
      vertex 0 -6.4 0.799999
      vertex 0 -5.875 0.799999
    endloop
  endfacet
  facet normal 0 0 1
    outer loop
      vertex -0.766841 -5.82474 0.799999
      vertex -0.835367 -6.34525 0.799999
      vertex 0 -6.4 0.799999
    endloop
  endfacet
  facet normal 0 0 1
    outer loop
      vertex -1.52056 -5.67481 0.799999
      vertex -0.835367 -6.34525 0.799999
      vertex -0.766841 -5.82474 0.799999
    endloop
  endfacet
  facet normal 0 0 1
    outer loop
      vertex -1.52056 -5.67481 0.799999
      vertex -1.65644 -6.18192 0.799999
      vertex -0.835367 -6.34525 0.799999
    endloop
  endfacet
  facet normal 0 0 1
    outer loop
      vertex -2.24826 -5.42779 0.799999
      vertex -1.65644 -6.18192 0.799999
      vertex -1.52056 -5.67481 0.799999
    endloop
  endfacet
  facet normal 0 0 1
    outer loop
      vertex -2.24826 -5.42779 0.799999
      vertex -2.44917 -5.91283 0.799999
      vertex -1.65644 -6.18192 0.799999
    endloop
  endfacet
  facet normal 0 0 1
    outer loop
      vertex -2.9375 -5.0879 0.799999
      vertex -2.44917 -5.91283 0.799999
      vertex -2.24826 -5.42779 0.799999
    endloop
  endfacet
  facet normal 0 0 1
    outer loop
      vertex -2.9375 -5.0879 0.799999
      vertex -3.2 -5.54256 0.799999
      vertex -2.44917 -5.91283 0.799999
    endloop
  endfacet
  facet normal 0 0 1
    outer loop
      vertex -3.57647 -4.66095 0.799999
      vertex -3.2 -5.54256 0.799999
      vertex -2.9375 -5.0879 0.799999
    endloop
  endfacet
  facet normal 0 0 1
    outer loop
      vertex -3.57647 -4.66095 0.799999
      vertex -3.89607 -5.07746 0.799999
      vertex -3.2 -5.54256 0.799999
    endloop
  endfacet
  facet normal 0 0 1
    outer loop
      vertex -4.15425 -4.15425 0.799999
      vertex -3.89607 -5.07746 0.799999
      vertex -3.57647 -4.66095 0.799999
    endloop
  endfacet
  facet normal 0 0 1
    outer loop
      vertex -4.15425 -4.15425 0.799999
      vertex -4.52548 -4.52548 0.799999
      vertex -3.89607 -5.07746 0.799999
    endloop
  endfacet
  facet normal 0 0 1
    outer loop
      vertex -4.66095 -3.57647 0.799999
      vertex -4.52548 -4.52548 0.799999
      vertex -4.15425 -4.15425 0.799999
    endloop
  endfacet
  facet normal 0 0 1
    outer loop
      vertex -4.66095 -3.57647 0.799999
      vertex -5.07746 -3.89607 0.799999
      vertex -4.52548 -4.52548 0.799999
    endloop
  endfacet
  facet normal 0 0 1
    outer loop
      vertex -5.0879 -2.9375 0.799999
      vertex -5.07746 -3.89607 0.799999
      vertex -4.66095 -3.57647 0.799999
    endloop
  endfacet
  facet normal 0 0 1
    outer loop
      vertex -5.54256 -3.2 0.799999
      vertex -5.0879 -2.9375 0.799999
      vertex -5.42779 -2.24826 0.799999
    endloop
  endfacet
  facet normal 0 0 1
    outer loop
      vertex -5.0879 -2.9375 0.799999
      vertex -5.54256 -3.2 0.799999
      vertex -5.07746 -3.89607 0.799999
    endloop
  endfacet
  facet normal 0 0 1
    outer loop
      vertex -5.91283 -2.44917 0.799999
      vertex -5.42779 -2.24826 0.799999
      vertex -5.67481 -1.52056 0.799999
    endloop
  endfacet
  facet normal 0 0 1
    outer loop
      vertex -6.18192 -1.65644 0.799999
      vertex -5.67481 -1.52056 0.799999
      vertex -5.82474 -0.766841 0.799999
    endloop
  endfacet
  facet normal 0 0 1
    outer loop
      vertex -5.42779 -2.24826 0.799999
      vertex -5.91283 -2.44917 0.799999
      vertex -5.54256 -3.2 0.799999
    endloop
  endfacet
  facet normal 0 0 1
    outer loop
      vertex -6.34525 -0.835367 0.799999
      vertex -5.82474 -0.766841 0.799999
      vertex -5.875 0 0.799999
    endloop
  endfacet
  facet normal -0 0 1
    outer loop
      vertex -6.34525 0.835367 0.799999
      vertex -5.82474 0.766841 0.799999
      vertex -6.18192 1.65644 0.799999
    endloop
  endfacet
  facet normal 0 0 1
    outer loop
      vertex -5.82474 0.766841 0.799999
      vertex -6.34525 0.835367 0.799999
      vertex -5.875 0 0.799999
    endloop
  endfacet
  facet normal 0 0 1
    outer loop
      vertex -5.67481 -1.52056 0.799999
      vertex -6.18192 -1.65644 0.799999
      vertex -5.91283 -2.44917 0.799999
    endloop
  endfacet
  facet normal 0 0 1
    outer loop
      vertex -6.4 0 0.799999
      vertex -5.875 0 0.799999
      vertex -6.34525 0.835367 0.799999
    endloop
  endfacet
  facet normal 0 0 1
    outer loop
      vertex -5.82474 -0.766841 0.799999
      vertex -6.34525 -0.835367 0.799999
      vertex -6.18192 -1.65644 0.799999
    endloop
  endfacet
  facet normal 0 0 1
    outer loop
      vertex -5.875 0 0.799999
      vertex -6.4 0 0.799999
      vertex -6.34525 -0.835367 0.799999
    endloop
  endfacet
  facet normal -0.1951 -0.980783 0
    outer loop
      vertex -1.65644 -6.18192 0
      vertex -0.835367 -6.34525 0.799999
      vertex -1.65644 -6.18192 0.799999
    endloop
  endfacet
  facet normal -0.1951 -0.980783 -0
    outer loop
      vertex -0.835367 -6.34525 0.799999
      vertex -1.65644 -6.18192 0
      vertex -0.835367 -6.34525 0
    endloop
  endfacet
  facet normal -0.831469 0.555571 0
    outer loop
      vertex -5.54256 3.2 0
      vertex -5.07746 3.89607 0.799999
      vertex -5.07746 3.89607 0
    endloop
  endfacet
  facet normal -0.831469 0.555571 0
    outer loop
      vertex -5.07746 3.89607 0.799999
      vertex -5.54256 3.2 0
      vertex -5.54256 3.2 0.799999
    endloop
  endfacet
  facet normal -0.0653997 -0.997859 0
    outer loop
      vertex -0.835367 -6.34525 0
      vertex 0 -6.4 0.799999
      vertex -0.835367 -6.34525 0.799999
    endloop
  endfacet
  facet normal -0.0653997 -0.997859 -0
    outer loop
      vertex 0 -6.4 0.799999
      vertex -0.835367 -6.34525 0
      vertex 0 -6.4 0
    endloop
  endfacet
  facet normal 0.980764 -0.195198 0
    outer loop
      vertex 5.82474 -0.766841 5
      vertex 5.81615 -0.810001 2
      vertex 5.82474 -0.766841 2
    endloop
  endfacet
  facet normal 0.980784 -0.195098 -1.504e-06
    outer loop
      vertex 5.67481 -1.52056 5
      vertex 5.81615 -0.810001 2
      vertex 5.82474 -0.766841 5
    endloop
  endfacet
  facet normal 0.980785 -0.195092 0
    outer loop
      vertex 5.67481 -1.52056 0.799999
      vertex 5.81615 -0.810001 2
      vertex 5.67481 -1.52056 5
    endloop
  endfacet
  facet normal 0.980785 -0.195092 0
    outer loop
      vertex 5.81615 -0.810001 2
      vertex 5.67481 -1.52056 0.799999
      vertex 5.81615 -0.810001 0.799999
    endloop
  endfacet
  facet normal 0.980785 0.195092 0
    outer loop
      vertex 5.67481 1.52056 5
      vertex 5.81615 0.810001 2
      vertex 5.67481 1.52056 0.799999
    endloop
  endfacet
  facet normal 0.980784 0.195098 -1.504e-06
    outer loop
      vertex 5.82474 0.766841 5
      vertex 5.81615 0.810001 2
      vertex 5.67481 1.52056 5
    endloop
  endfacet
  facet normal 0.980764 0.195198 0
    outer loop
      vertex 5.81615 0.810001 2
      vertex 5.82474 0.766841 5
      vertex 5.82474 0.766841 2
    endloop
  endfacet
  facet normal 0.980785 0.195092 0
    outer loop
      vertex 5.67481 1.52056 0.799999
      vertex 5.81615 0.810001 2
      vertex 5.81615 0.810001 0.799999
    endloop
  endfacet
  facet normal 0.997859 0.0654022 0
    outer loop
      vertex 5.82474 0.766841 5
      vertex 5.84632 0.437589 4.5
      vertex 5.82474 0.766841 2
    endloop
  endfacet
  facet normal 0.997859 0.0654013 5.81038e-07
    outer loop
      vertex 5.875 0 5
      vertex 5.84632 0.437589 4.5
      vertex 5.82474 0.766841 5
    endloop
  endfacet
  facet normal 0.997859 0.0654006 0
    outer loop
      vertex 5.84632 0.437589 4.5
      vertex 5.875 0 5
      vertex 5.875 0 4.5
    endloop
  endfacet
  facet normal 0.997859 0.0654022 0
    outer loop
      vertex 5.82474 0.766841 2
      vertex 5.84632 0.437589 4.5
      vertex 5.84632 0.437589 2
    endloop
  endfacet
  facet normal 0 0 1
    outer loop
      vertex 4.75 0 5
      vertex 5.875 0 5
      vertex 5.82474 0.766841 5
    endloop
  endfacet
  facet normal 0 0 1
    outer loop
      vertex 4.70936 0.619999 5
      vertex 5.82474 0.766841 5
      vertex 5.67481 1.52056 5
    endloop
  endfacet
  facet normal 0 0 1
    outer loop
      vertex 5.875 0 5
      vertex 4.75 0 5
      vertex 5.82474 -0.766841 5
    endloop
  endfacet
  facet normal 0 0 1
    outer loop
      vertex 4.58815 1.22939 5
      vertex 5.67481 1.52056 5
      vertex 5.42779 2.24826 5
    endloop
  endfacet
  facet normal -0 0 1
    outer loop
      vertex 4.70936 -0.619999 5
      vertex 5.82474 -0.766841 5
      vertex 4.75 0 5
    endloop
  endfacet
  facet normal 0 0 1
    outer loop
      vertex 4.38843 1.81775 5
      vertex 5.42779 2.24826 5
      vertex 5.0879 2.9375 5
    endloop
  endfacet
  facet normal 0 0 1
    outer loop
      vertex 5.82474 -0.766841 5
      vertex 4.70936 -0.619999 5
      vertex 5.67481 -1.52056 5
    endloop
  endfacet
  facet normal -0 0 1
    outer loop
      vertex 4.58815 -1.22939 5
      vertex 5.67481 -1.52056 5
      vertex 4.70936 -0.619999 5
    endloop
  endfacet
  facet normal 0 0 1
    outer loop
      vertex 5.82474 0.766841 5
      vertex 4.70936 0.619999 5
      vertex 4.75 0 5
    endloop
  endfacet
  facet normal 0 0 1
    outer loop
      vertex 4.11362 2.375 5
      vertex 5.0879 2.9375 5
      vertex 4.66095 3.57647 5
    endloop
  endfacet
  facet normal 0 0 1
    outer loop
      vertex 5.67481 1.52056 5
      vertex 4.58815 1.22939 5
      vertex 4.70936 0.619999 5
    endloop
  endfacet
  facet normal 0 0 1
    outer loop
      vertex 5.42779 2.24826 5
      vertex 4.38843 1.81775 5
      vertex 4.58815 1.22939 5
    endloop
  endfacet
  facet normal 0 0 1
    outer loop
      vertex 3.76843 2.89162 5
      vertex 4.66095 3.57647 5
      vertex 4.15425 4.15425 5
    endloop
  endfacet
  facet normal 0 0 1
    outer loop
      vertex 5.0879 2.9375 5
      vertex 4.11362 2.375 5
      vertex 4.38843 1.81775 5
    endloop
  endfacet
  facet normal 0 0 1
    outer loop
      vertex 4.66095 3.57647 5
      vertex 3.76843 2.89162 5
      vertex 4.11362 2.375 5
    endloop
  endfacet
  facet normal 0 0 1
    outer loop
      vertex 3.35876 3.35876 5
      vertex 4.15425 4.15425 5
      vertex 3.57647 4.66095 5
    endloop
  endfacet
  facet normal 0 0 1
    outer loop
      vertex 4.15425 4.15425 5
      vertex 3.35876 3.35876 5
      vertex 3.76843 2.89162 5
    endloop
  endfacet
  facet normal 0 0 1
    outer loop
      vertex 2.89162 3.76843 5
      vertex 3.57647 4.66095 5
      vertex 2.9375 5.0879 5
    endloop
  endfacet
  facet normal 0 0 1
    outer loop
      vertex 3.57647 4.66095 5
      vertex 2.89162 3.76843 5
      vertex 3.35876 3.35876 5
    endloop
  endfacet
  facet normal 0 0 1
    outer loop
      vertex 2.9375 5.0879 5
      vertex 2.375 4.11362 5
      vertex 2.89162 3.76843 5
    endloop
  endfacet
  facet normal 0 0 1
    outer loop
      vertex 2.24826 5.42779 5
      vertex 2.375 4.11362 5
      vertex 2.9375 5.0879 5
    endloop
  endfacet
  facet normal 0 0 1
    outer loop
      vertex 2.24826 5.42779 5
      vertex 1.81775 4.38843 5
      vertex 2.375 4.11362 5
    endloop
  endfacet
  facet normal 0 0 1
    outer loop
      vertex 1.52056 5.67481 5
      vertex 1.81775 4.38843 5
      vertex 2.24826 5.42779 5
    endloop
  endfacet
  facet normal 0 0 1
    outer loop
      vertex 1.52056 5.67481 5
      vertex 1.22939 4.58815 5
      vertex 1.81775 4.38843 5
    endloop
  endfacet
  facet normal 0 0 1
    outer loop
      vertex 0.766841 5.82474 5
      vertex 1.22939 4.58815 5
      vertex 1.52056 5.67481 5
    endloop
  endfacet
  facet normal 0 0 1
    outer loop
      vertex 0.766841 5.82474 5
      vertex 0.619999 4.70936 5
      vertex 1.22939 4.58815 5
    endloop
  endfacet
  facet normal 0 0 1
    outer loop
      vertex 0 5.875 5
      vertex 0.619999 4.70936 5
      vertex 0.766841 5.82474 5
    endloop
  endfacet
  facet normal 0 0 1
    outer loop
      vertex 0 5.875 5
      vertex 0 4.75 5
      vertex 0.619999 4.70936 5
    endloop
  endfacet
  facet normal 0 0 1
    outer loop
      vertex 0 5.875 5
      vertex -0.619999 4.70936 5
      vertex 0 4.75 5
    endloop
  endfacet
  facet normal -0 0 1
    outer loop
      vertex -0.766841 5.82474 5
      vertex -0.619999 4.70936 5
      vertex 0 5.875 5
    endloop
  endfacet
  facet normal 0 0 1
    outer loop
      vertex -0.766841 5.82474 5
      vertex -1.22939 4.58815 5
      vertex -0.619999 4.70936 5
    endloop
  endfacet
  facet normal -0 0 1
    outer loop
      vertex -1.52056 5.67481 5
      vertex -1.22939 4.58815 5
      vertex -0.766841 5.82474 5
    endloop
  endfacet
  facet normal 0 0 1
    outer loop
      vertex -1.52056 5.67481 5
      vertex -1.81775 4.38843 5
      vertex -1.22939 4.58815 5
    endloop
  endfacet
  facet normal -0 0 1
    outer loop
      vertex -2.24826 5.42779 5
      vertex -1.81775 4.38843 5
      vertex -1.52056 5.67481 5
    endloop
  endfacet
  facet normal 0 0 1
    outer loop
      vertex -2.24826 5.42779 5
      vertex -2.375 4.11362 5
      vertex -1.81775 4.38843 5
    endloop
  endfacet
  facet normal -0 0 1
    outer loop
      vertex -2.9375 5.0879 5
      vertex -2.375 4.11362 5
      vertex -2.24826 5.42779 5
    endloop
  endfacet
  facet normal 0 0 1
    outer loop
      vertex -2.375 4.11362 5
      vertex -2.9375 5.0879 5
      vertex -2.89162 3.76843 5
    endloop
  endfacet
  facet normal -0 0 1
    outer loop
      vertex -3.57647 4.66095 5
      vertex -2.89162 3.76843 5
      vertex -2.9375 5.0879 5
    endloop
  endfacet
  facet normal 0 0 1
    outer loop
      vertex -2.89162 3.76843 5
      vertex -3.57647 4.66095 5
      vertex -3.35876 3.35876 5
    endloop
  endfacet
  facet normal -0 0 1
    outer loop
      vertex -4.15425 4.15425 5
      vertex -3.35876 3.35876 5
      vertex -3.57647 4.66095 5
    endloop
  endfacet
  facet normal 0 0 1
    outer loop
      vertex -3.35876 3.35876 5
      vertex -4.15425 4.15425 5
      vertex -3.76843 2.89162 5
    endloop
  endfacet
  facet normal -0 0 1
    outer loop
      vertex -4.66095 3.57647 5
      vertex -3.76843 2.89162 5
      vertex -4.15425 4.15425 5
    endloop
  endfacet
  facet normal 0 0 1
    outer loop
      vertex -3.76843 2.89162 5
      vertex -4.66095 3.57647 5
      vertex -4.11362 2.375 5
    endloop
  endfacet
  facet normal -0 0 1
    outer loop
      vertex -5.0879 2.9375 5
      vertex -4.11362 2.375 5
      vertex -4.66095 3.57647 5
    endloop
  endfacet
  facet normal 0 0 1
    outer loop
      vertex -4.11362 2.375 5
      vertex -5.0879 2.9375 5
      vertex -4.38843 1.81775 5
    endloop
  endfacet
  facet normal -0 0 1
    outer loop
      vertex -5.42779 2.24826 5
      vertex -4.38843 1.81775 5
      vertex -5.0879 2.9375 5
    endloop
  endfacet
  facet normal 0 0 1
    outer loop
      vertex -4.38843 1.81775 5
      vertex -5.42779 2.24826 5
      vertex -4.58815 1.22939 5
    endloop
  endfacet
  facet normal -0 0 1
    outer loop
      vertex -5.67481 1.52056 5
      vertex -4.58815 1.22939 5
      vertex -5.42779 2.24826 5
    endloop
  endfacet
  facet normal 0 0 1
    outer loop
      vertex 5.67481 -1.52056 5
      vertex 4.58815 -1.22939 5
      vertex 5.42779 -2.24826 5
    endloop
  endfacet
  facet normal -0 0 1
    outer loop
      vertex 4.38843 -1.81775 5
      vertex 5.42779 -2.24826 5
      vertex 4.58815 -1.22939 5
    endloop
  endfacet
  facet normal 0 0 1
    outer loop
      vertex 5.42779 -2.24826 5
      vertex 4.38843 -1.81775 5
      vertex 5.0879 -2.9375 5
    endloop
  endfacet
  facet normal -0 0 1
    outer loop
      vertex 4.11362 -2.375 5
      vertex 5.0879 -2.9375 5
      vertex 4.38843 -1.81775 5
    endloop
  endfacet
  facet normal 0 0 1
    outer loop
      vertex 5.0879 -2.9375 5
      vertex 4.11362 -2.375 5
      vertex 4.66095 -3.57647 5
    endloop
  endfacet
  facet normal -0 0 1
    outer loop
      vertex 3.76843 -2.89162 5
      vertex 4.66095 -3.57647 5
      vertex 4.11362 -2.375 5
    endloop
  endfacet
  facet normal 0 0 1
    outer loop
      vertex 4.66095 -3.57647 5
      vertex 3.76843 -2.89162 5
      vertex 4.15425 -4.15425 5
    endloop
  endfacet
  facet normal -0 0 1
    outer loop
      vertex 3.35876 -3.35876 5
      vertex 4.15425 -4.15425 5
      vertex 3.76843 -2.89162 5
    endloop
  endfacet
  facet normal 0 0 1
    outer loop
      vertex 4.15425 -4.15425 5
      vertex 3.35876 -3.35876 5
      vertex 3.57647 -4.66095 5
    endloop
  endfacet
  facet normal -0 0 1
    outer loop
      vertex 2.89162 -3.76843 5
      vertex 3.57647 -4.66095 5
      vertex 3.35876 -3.35876 5
    endloop
  endfacet
  facet normal 0 0 1
    outer loop
      vertex 3.57647 -4.66095 5
      vertex 2.89162 -3.76843 5
      vertex 2.9375 -5.0879 5
    endloop
  endfacet
  facet normal -0 0 1
    outer loop
      vertex 2.375 -4.11362 5
      vertex 2.9375 -5.0879 5
      vertex 2.89162 -3.76843 5
    endloop
  endfacet
  facet normal 0 0 1
    outer loop
      vertex 2.375 -4.11362 5
      vertex 2.24826 -5.42779 5
      vertex 2.9375 -5.0879 5
    endloop
  endfacet
  facet normal -0 0 1
    outer loop
      vertex 1.81775 -4.38843 5
      vertex 2.24826 -5.42779 5
      vertex 2.375 -4.11362 5
    endloop
  endfacet
  facet normal 0 0 1
    outer loop
      vertex 1.81775 -4.38843 5
      vertex 1.52056 -5.67481 5
      vertex 2.24826 -5.42779 5
    endloop
  endfacet
  facet normal -0 0 1
    outer loop
      vertex 1.22939 -4.58815 5
      vertex 1.52056 -5.67481 5
      vertex 1.81775 -4.38843 5
    endloop
  endfacet
  facet normal 0 0 1
    outer loop
      vertex 1.22939 -4.58815 5
      vertex 0.766841 -5.82474 5
      vertex 1.52056 -5.67481 5
    endloop
  endfacet
  facet normal -0 0 1
    outer loop
      vertex 0.619999 -4.70936 5
      vertex 0.766841 -5.82474 5
      vertex 1.22939 -4.58815 5
    endloop
  endfacet
  facet normal -0 0 1
    outer loop
      vertex 0 -4.75 5
      vertex 0.766841 -5.82474 5
      vertex 0.619999 -4.70936 5
    endloop
  endfacet
  facet normal 0 0 1
    outer loop
      vertex 0 -4.75 5
      vertex 0 -5.875 5
      vertex 0.766841 -5.82474 5
    endloop
  endfacet
  facet normal 0 0 1
    outer loop
      vertex -0.619999 -4.70936 5
      vertex 0 -5.875 5
      vertex 0 -4.75 5
    endloop
  endfacet
  facet normal 0 0 1
    outer loop
      vertex -0.619999 -4.70936 5
      vertex -0.766841 -5.82474 5
      vertex 0 -5.875 5
    endloop
  endfacet
  facet normal 0 0 1
    outer loop
      vertex -1.22939 -4.58815 5
      vertex -0.766841 -5.82474 5
      vertex -0.619999 -4.70936 5
    endloop
  endfacet
  facet normal 0 0 1
    outer loop
      vertex -1.22939 -4.58815 5
      vertex -1.52056 -5.67481 5
      vertex -0.766841 -5.82474 5
    endloop
  endfacet
  facet normal 0 0 1
    outer loop
      vertex -1.81775 -4.38843 5
      vertex -1.52056 -5.67481 5
      vertex -1.22939 -4.58815 5
    endloop
  endfacet
  facet normal 0 0 1
    outer loop
      vertex -1.81775 -4.38843 5
      vertex -2.24826 -5.42779 5
      vertex -1.52056 -5.67481 5
    endloop
  endfacet
  facet normal 0 0 1
    outer loop
      vertex -2.375 -4.11362 5
      vertex -2.24826 -5.42779 5
      vertex -1.81775 -4.38843 5
    endloop
  endfacet
  facet normal 0 0 1
    outer loop
      vertex -2.9375 -5.0879 5
      vertex -2.375 -4.11362 5
      vertex -2.89162 -3.76843 5
    endloop
  endfacet
  facet normal 0 0 1
    outer loop
      vertex -2.375 -4.11362 5
      vertex -2.9375 -5.0879 5
      vertex -2.24826 -5.42779 5
    endloop
  endfacet
  facet normal 0 0 1
    outer loop
      vertex -3.57647 -4.66095 5
      vertex -2.89162 -3.76843 5
      vertex -3.35876 -3.35876 5
    endloop
  endfacet
  facet normal 0 0 1
    outer loop
      vertex -2.89162 -3.76843 5
      vertex -3.57647 -4.66095 5
      vertex -2.9375 -5.0879 5
    endloop
  endfacet
  facet normal 0 0 1
    outer loop
      vertex -4.15425 -4.15425 5
      vertex -3.35876 -3.35876 5
      vertex -3.76843 -2.89162 5
    endloop
  endfacet
  facet normal 0 0 1
    outer loop
      vertex -4.66095 -3.57647 5
      vertex -3.76843 -2.89162 5
      vertex -4.11362 -2.375 5
    endloop
  endfacet
  facet normal 0 0 1
    outer loop
      vertex -3.35876 -3.35876 5
      vertex -4.15425 -4.15425 5
      vertex -3.57647 -4.66095 5
    endloop
  endfacet
  facet normal 0 0 1
    outer loop
      vertex -5.0879 -2.9375 5
      vertex -4.11362 -2.375 5
      vertex -4.38843 -1.81775 5
    endloop
  endfacet
  facet normal 0 0 1
    outer loop
      vertex -5.42779 -2.24826 5
      vertex -4.38843 -1.81775 5
      vertex -4.58815 -1.22939 5
    endloop
  endfacet
  facet normal 0 0 1
    outer loop
      vertex -3.76843 -2.89162 5
      vertex -4.66095 -3.57647 5
      vertex -4.15425 -4.15425 5
    endloop
  endfacet
  facet normal 0 0 1
    outer loop
      vertex -5.67481 -1.52056 5
      vertex -4.58815 -1.22939 5
      vertex -4.70936 -0.619999 5
    endloop
  endfacet
  facet normal 0 0 1
    outer loop
      vertex -5.82474 -0.766841 5
      vertex -4.70936 -0.619999 5
      vertex -4.75 0 5
    endloop
  endfacet
  facet normal 0 0 1
    outer loop
      vertex -4.58815 1.22939 5
      vertex -5.67481 1.52056 5
      vertex -4.70936 0.619999 5
    endloop
  endfacet
  facet normal 0 0 1
    outer loop
      vertex -4.11362 -2.375 5
      vertex -5.0879 -2.9375 5
      vertex -4.66095 -3.57647 5
    endloop
  endfacet
  facet normal -0 0 1
    outer loop
      vertex -5.82474 0.766841 5
      vertex -4.70936 0.619999 5
      vertex -5.67481 1.52056 5
    endloop
  endfacet
  facet normal 0 0 1
    outer loop
      vertex -4.38843 -1.81775 5
      vertex -5.42779 -2.24826 5
      vertex -5.0879 -2.9375 5
    endloop
  endfacet
  facet normal 0 0 1
    outer loop
      vertex -4.70936 0.619999 5
      vertex -5.82474 0.766841 5
      vertex -4.75 0 5
    endloop
  endfacet
  facet normal 0 0 1
    outer loop
      vertex -4.58815 -1.22939 5
      vertex -5.67481 -1.52056 5
      vertex -5.42779 -2.24826 5
    endloop
  endfacet
  facet normal 0 0 1
    outer loop
      vertex -5.875 0 5
      vertex -4.75 0 5
      vertex -5.82474 0.766841 5
    endloop
  endfacet
  facet normal 0 0 1
    outer loop
      vertex -4.70936 -0.619999 5
      vertex -5.82474 -0.766841 5
      vertex -5.67481 -1.52056 5
    endloop
  endfacet
  facet normal 0 0 1
    outer loop
      vertex -4.75 0 5
      vertex -5.875 0 5
      vertex -5.82474 -0.766841 5
    endloop
  endfacet
  facet normal -0.831467 -0.555574 0
    outer loop
      vertex -4.66095 -3.57647 0.799999
      vertex -5.0879 -2.9375 5
      vertex -5.0879 -2.9375 0.799999
    endloop
  endfacet
  facet normal -0.831467 -0.555574 0
    outer loop
      vertex -5.0879 -2.9375 5
      vertex -4.66095 -3.57647 0.799999
      vertex -4.66095 -3.57647 5
    endloop
  endfacet
  facet normal -0.94693 -0.321438 0
    outer loop
      vertex -5.42779 -2.24826 0.799999
      vertex -5.67481 -1.52056 5
      vertex -5.67481 -1.52056 0.799999
    endloop
  endfacet
  facet normal -0.94693 -0.321438 0
    outer loop
      vertex -5.67481 -1.52056 5
      vertex -5.42779 -2.24826 0.799999
      vertex -5.42779 -2.24826 5
    endloop
  endfacet
  facet normal 0.659346 -0.751839 0
    outer loop
      vertex 3.57647 -4.66095 0.799999
      vertex 4.15425 -4.15425 5
      vertex 3.57647 -4.66095 5
    endloop
  endfacet
  facet normal 0.659346 -0.751839 0
    outer loop
      vertex 4.15425 -4.15425 5
      vertex 3.57647 -4.66095 0.799999
      vertex 4.15425 -4.15425 0.799999
    endloop
  endfacet
  facet normal -0.442283 0.896876 -1.663e-06
    outer loop
      vertex -2.24826 5.42779 5
      vertex -2.5442 5.28185 4.5
      vertex -2.9375 5.0879 5
    endloop
  endfacet
  facet normal -0.442285 0.896874 0
    outer loop
      vertex -2.24826 5.42779 5
      vertex -2.5442 5.28185 1.5
      vertex -2.5442 5.28185 4.5
    endloop
  endfacet
  facet normal -0.442285 0.896874 0
    outer loop
      vertex -2.24826 5.42779 0.799999
      vertex -2.5442 5.28185 1.5
      vertex -2.24826 5.42779 5
    endloop
  endfacet
  facet normal -0.442283 0.896876 1.18786e-06
    outer loop
      vertex -2.9375 5.0879 0.799999
      vertex -2.5442 5.28185 1.5
      vertex -2.24826 5.42779 0.799999
    endloop
  endfacet
  facet normal -0.442281 0.896876 0
    outer loop
      vertex -2.5442 5.28185 1.5
      vertex -2.9375 5.0879 0.799999
      vertex -2.9375 5.0879 1.5
    endloop
  endfacet
  facet normal -0.442281 0.896876 0
    outer loop
      vertex -2.9375 5.0879 5
      vertex -2.5442 5.28185 4.5
      vertex -2.9375 5.0879 4.5
    endloop
  endfacet
  facet normal 0.0654013 -0.997859 0
    outer loop
      vertex 0 -5.875 0.799999
      vertex 0.766841 -5.82474 5
      vertex 0 -5.875 5
    endloop
  endfacet
  facet normal 0.0654013 -0.997859 0
    outer loop
      vertex 0.766841 -5.82474 5
      vertex 0 -5.875 0.799999
      vertex 0.766841 -5.82474 0.799999
    endloop
  endfacet
  facet normal -0.896876 0.442283 0
    outer loop
      vertex -5.42779 2.24826 0.799999
      vertex -5.0879 2.9375 5
      vertex -5.0879 2.9375 0.799999
    endloop
  endfacet
  facet normal -0.896876 0.442283 0
    outer loop
      vertex -5.0879 2.9375 5
      vertex -5.42779 2.24826 0.799999
      vertex -5.42779 2.24826 5
    endloop
  endfacet
  facet normal 0.751839 0.659346 0
    outer loop
      vertex 4.66095 3.57647 5
      vertex 4.15425 4.15425 0.799999
      vertex 4.15425 4.15425 5
    endloop
  endfacet
  facet normal 0.751839 0.659346 0
    outer loop
      vertex 4.15425 4.15425 0.799999
      vertex 4.66095 3.57647 5
      vertex 4.66095 3.57647 0.799999
    endloop
  endfacet
  facet normal -0.980784 0.195098 0
    outer loop
      vertex -5.82474 0.766841 0.799999
      vertex -5.67481 1.52056 5
      vertex -5.67481 1.52056 0.799999
    endloop
  endfacet
  facet normal -0.980784 0.195098 0
    outer loop
      vertex -5.67481 1.52056 5
      vertex -5.82474 0.766841 0.799999
      vertex -5.82474 0.766841 5
    endloop
  endfacet
  facet normal -0.195098 -0.980784 0
    outer loop
      vertex -1.52056 -5.67481 0.799999
      vertex -0.766841 -5.82474 5
      vertex -1.52056 -5.67481 5
    endloop
  endfacet
  facet normal -0.195098 -0.980784 -0
    outer loop
      vertex -0.766841 -5.82474 5
      vertex -1.52056 -5.67481 0.799999
      vertex -0.766841 -5.82474 0.799999
    endloop
  endfacet
  facet normal 0.831467 -0.555574 0
    outer loop
      vertex 4.66095 -3.57647 5
      vertex 5.0879 -2.9375 0.799999
      vertex 5.0879 -2.9375 5
    endloop
  endfacet
  facet normal 0.831467 -0.555574 0
    outer loop
      vertex 5.0879 -2.9375 0.799999
      vertex 4.66095 -3.57647 5
      vertex 4.66095 -3.57647 0.799999
    endloop
  endfacet
  facet normal -0.442281 -0.896876 -0
    outer loop
      vertex -2.9375 -5.0879 1.5
      vertex -2.9375 -5.0879 0.799999
      vertex -2.5442 -5.28185 1.5
    endloop
  endfacet
  facet normal -0.442281 -0.896876 0
    outer loop
      vertex -2.5442 -5.28185 4.5
      vertex -2.9375 -5.0879 5
      vertex -2.9375 -5.0879 4.5
    endloop
  endfacet
  facet normal -0.442283 -0.896876 -1.663e-06
    outer loop
      vertex -2.9375 -5.0879 5
      vertex -2.5442 -5.28185 4.5
      vertex -2.24826 -5.42779 5
    endloop
  endfacet
  facet normal -0.442285 -0.896874 0
    outer loop
      vertex -2.5442 -5.28185 1.5
      vertex -2.24826 -5.42779 5
      vertex -2.5442 -5.28185 4.5
    endloop
  endfacet
  facet normal -0.442285 -0.896874 0
    outer loop
      vertex -2.5442 -5.28185 1.5
      vertex -2.24826 -5.42779 0.799999
      vertex -2.24826 -5.42779 5
    endloop
  endfacet
  facet normal -0.442283 -0.896876 1.18786e-06
    outer loop
      vertex -2.24826 -5.42779 0.799999
      vertex -2.5442 -5.28185 1.5
      vertex -2.9375 -5.0879 0.799999
    endloop
  endfacet
  facet normal -0.659346 0.751839 0
    outer loop
      vertex -3.57647 4.66095 0.799999
      vertex -4.15425 4.15425 5
      vertex -3.57647 4.66095 5
    endloop
  endfacet
  facet normal -0.659346 0.751839 0
    outer loop
      vertex -4.15425 4.15425 5
      vertex -3.57647 4.66095 0.799999
      vertex -4.15425 4.15425 0.799999
    endloop
  endfacet
  facet normal 0.896876 -0.442283 0
    outer loop
      vertex 5.0879 -2.9375 5
      vertex 5.42779 -2.24826 0.799999
      vertex 5.42779 -2.24826 5
    endloop
  endfacet
  facet normal 0.896876 -0.442283 0
    outer loop
      vertex 5.42779 -2.24826 0.799999
      vertex 5.0879 -2.9375 5
      vertex 5.0879 -2.9375 0.799999
    endloop
  endfacet
  facet normal 0.94693 0.321438 0
    outer loop
      vertex 5.67481 1.52056 5
      vertex 5.42779 2.24826 0.799999
      vertex 5.42779 2.24826 5
    endloop
  endfacet
  facet normal 0.94693 0.321438 0
    outer loop
      vertex 5.42779 2.24826 0.799999
      vertex 5.67481 1.52056 5
      vertex 5.67481 1.52056 0.799999
    endloop
  endfacet
  facet normal -0.980784 -0.195098 0
    outer loop
      vertex -5.67481 -1.52056 0.799999
      vertex -5.82474 -0.766841 5
      vertex -5.82474 -0.766841 0.799999
    endloop
  endfacet
  facet normal -0.980784 -0.195098 0
    outer loop
      vertex -5.82474 -0.766841 5
      vertex -5.67481 -1.52056 0.799999
      vertex -5.67481 -1.52056 5
    endloop
  endfacet
  facet normal -0.555568 0.831471 0
    outer loop
      vertex -2.9375 5.0879 1.5
      vertex -2.9375 5.0879 0.799999
      vertex -3.30212 4.84427 1.5
    endloop
  endfacet
  facet normal -0.555568 0.831471 0
    outer loop
      vertex -3.30212 4.84427 4.5
      vertex -2.9375 5.0879 5
      vertex -2.9375 5.0879 4.5
    endloop
  endfacet
  facet normal -0.555574 0.831467 5.85021e-06
    outer loop
      vertex -2.9375 5.0879 5
      vertex -3.30212 4.84427 4.5
      vertex -3.57647 4.66095 5
    endloop
  endfacet
  facet normal -0.555581 0.831462 0
    outer loop
      vertex -3.30212 4.84427 1.5
      vertex -3.57647 4.66095 5
      vertex -3.30212 4.84427 4.5
    endloop
  endfacet
  facet normal -0.555581 0.831462 0
    outer loop
      vertex -3.30212 4.84427 1.5
      vertex -3.57647 4.66095 0.799999
      vertex -3.57647 4.66095 5
    endloop
  endfacet
  facet normal -0.555574 0.831467 -4.17872e-06
    outer loop
      vertex -3.57647 4.66095 0.799999
      vertex -3.30212 4.84427 1.5
      vertex -2.9375 5.0879 0.799999
    endloop
  endfacet
  facet normal 0.321438 -0.94693 0
    outer loop
      vertex 1.52056 -5.67481 0.799999
      vertex 2.24826 -5.42779 5
      vertex 1.52056 -5.67481 5
    endloop
  endfacet
  facet normal 0.321438 -0.94693 0
    outer loop
      vertex 2.24826 -5.42779 5
      vertex 1.52056 -5.67481 0.799999
      vertex 2.24826 -5.42779 0.799999
    endloop
  endfacet
  facet normal 0.0654013 0.997859 -0
    outer loop
      vertex 0.766841 5.82474 0.799999
      vertex 0 5.875 5
      vertex 0.766841 5.82474 5
    endloop
  endfacet
  facet normal 0.0654013 0.997859 0
    outer loop
      vertex 0 5.875 5
      vertex 0.766841 5.82474 0.799999
      vertex 0 5.875 0.799999
    endloop
  endfacet
  facet normal 0.831467 0.555574 0
    outer loop
      vertex 5.0879 2.9375 5
      vertex 4.66095 3.57647 0.799999
      vertex 4.66095 3.57647 5
    endloop
  endfacet
  facet normal 0.831467 0.555574 0
    outer loop
      vertex 4.66095 3.57647 0.799999
      vertex 5.0879 2.9375 5
      vertex 5.0879 2.9375 0.799999
    endloop
  endfacet
  facet normal 0.555574 -0.831467 0
    outer loop
      vertex 2.9375 -5.0879 0.799999
      vertex 3.57647 -4.66095 5
      vertex 2.9375 -5.0879 5
    endloop
  endfacet
  facet normal 0.555574 -0.831467 0
    outer loop
      vertex 3.57647 -4.66095 5
      vertex 2.9375 -5.0879 0.799999
      vertex 3.57647 -4.66095 0.799999
    endloop
  endfacet
  facet normal 0.442283 0.896876 -0
    outer loop
      vertex 2.9375 5.0879 0.799999
      vertex 2.24826 5.42779 5
      vertex 2.9375 5.0879 5
    endloop
  endfacet
  facet normal 0.442283 0.896876 0
    outer loop
      vertex 2.24826 5.42779 5
      vertex 2.9375 5.0879 0.799999
      vertex 2.24826 5.42779 0.799999
    endloop
  endfacet
  facet normal 0.555574 0.831467 -0
    outer loop
      vertex 3.57647 4.66095 0.799999
      vertex 2.9375 5.0879 5
      vertex 3.57647 4.66095 5
    endloop
  endfacet
  facet normal 0.555574 0.831467 0
    outer loop
      vertex 2.9375 5.0879 5
      vertex 3.57647 4.66095 0.799999
      vertex 2.9375 5.0879 0.799999
    endloop
  endfacet
  facet normal -0.659346 -0.751839 0
    outer loop
      vertex -4.15425 -4.15425 0.799999
      vertex -3.57647 -4.66095 5
      vertex -4.15425 -4.15425 5
    endloop
  endfacet
  facet normal -0.659346 -0.751839 -0
    outer loop
      vertex -3.57647 -4.66095 5
      vertex -4.15425 -4.15425 0.799999
      vertex -3.57647 -4.66095 0.799999
    endloop
  endfacet
  facet normal 0.659346 0.751839 -0
    outer loop
      vertex 4.15425 4.15425 0.799999
      vertex 3.57647 4.66095 5
      vertex 4.15425 4.15425 5
    endloop
  endfacet
  facet normal 0.659346 0.751839 0
    outer loop
      vertex 3.57647 4.66095 5
      vertex 4.15425 4.15425 0.799999
      vertex 3.57647 4.66095 0.799999
    endloop
  endfacet
  facet normal -0.751839 0.659346 0
    outer loop
      vertex -4.66095 3.57647 0.799999
      vertex -4.15425 4.15425 5
      vertex -4.15425 4.15425 0.799999
    endloop
  endfacet
  facet normal -0.751839 0.659346 0
    outer loop
      vertex -4.15425 4.15425 5
      vertex -4.66095 3.57647 0.799999
      vertex -4.66095 3.57647 5
    endloop
  endfacet
  facet normal 0.997859 -0.0654006 0
    outer loop
      vertex 5.875 0 5
      vertex 5.84632 -0.437589 4.5
      vertex 5.875 0 4.5
    endloop
  endfacet
  facet normal 0.997859 -0.0654013 5.81038e-07
    outer loop
      vertex 5.82474 -0.766841 5
      vertex 5.84632 -0.437589 4.5
      vertex 5.875 0 5
    endloop
  endfacet
  facet normal 0.997859 -0.0654022 0
    outer loop
      vertex 5.82474 -0.766841 2
      vertex 5.84632 -0.437589 4.5
      vertex 5.82474 -0.766841 5
    endloop
  endfacet
  facet normal 0.997859 -0.0654022 0
    outer loop
      vertex 5.84632 -0.437589 4.5
      vertex 5.82474 -0.766841 2
      vertex 5.84632 -0.437589 2
    endloop
  endfacet
  facet normal -0.321438 0.94693 0
    outer loop
      vertex -1.52056 5.67481 0.799999
      vertex -2.24826 5.42779 5
      vertex -1.52056 5.67481 5
    endloop
  endfacet
  facet normal -0.321438 0.94693 0
    outer loop
      vertex -2.24826 5.42779 5
      vertex -1.52056 5.67481 0.799999
      vertex -2.24826 5.42779 0.799999
    endloop
  endfacet
  facet normal 0.195098 -0.980784 0
    outer loop
      vertex 0.766841 -5.82474 0.799999
      vertex 1.52056 -5.67481 5
      vertex 0.766841 -5.82474 5
    endloop
  endfacet
  facet normal 0.195098 -0.980784 0
    outer loop
      vertex 1.52056 -5.67481 5
      vertex 0.766841 -5.82474 0.799999
      vertex 1.52056 -5.67481 0.799999
    endloop
  endfacet
  facet normal -0.751839 -0.659346 0
    outer loop
      vertex -4.15425 -4.15425 0.799999
      vertex -4.66095 -3.57647 5
      vertex -4.66095 -3.57647 0.799999
    endloop
  endfacet
  facet normal -0.751839 -0.659346 0
    outer loop
      vertex -4.66095 -3.57647 5
      vertex -4.15425 -4.15425 0.799999
      vertex -4.15425 -4.15425 5
    endloop
  endfacet
  facet normal -0.896876 -0.442283 0
    outer loop
      vertex -5.0879 -2.9375 0.799999
      vertex -5.42779 -2.24826 5
      vertex -5.42779 -2.24826 0.799999
    endloop
  endfacet
  facet normal -0.896876 -0.442283 0
    outer loop
      vertex -5.42779 -2.24826 5
      vertex -5.0879 -2.9375 0.799999
      vertex -5.0879 -2.9375 5
    endloop
  endfacet
  facet normal -0.195098 0.980784 0
    outer loop
      vertex -0.766841 5.82474 0.799999
      vertex -1.52056 5.67481 5
      vertex -0.766841 5.82474 5
    endloop
  endfacet
  facet normal -0.195098 0.980784 0
    outer loop
      vertex -1.52056 5.67481 5
      vertex -0.766841 5.82474 0.799999
      vertex -1.52056 5.67481 0.799999
    endloop
  endfacet
  facet normal 0.321438 0.94693 -0
    outer loop
      vertex 2.24826 5.42779 0.799999
      vertex 1.52056 5.67481 5
      vertex 2.24826 5.42779 5
    endloop
  endfacet
  facet normal 0.321438 0.94693 0
    outer loop
      vertex 1.52056 5.67481 5
      vertex 2.24826 5.42779 0.799999
      vertex 1.52056 5.67481 0.799999
    endloop
  endfacet
  facet normal -0.997859 -0.0654013 0
    outer loop
      vertex -5.82474 -0.766841 0.799999
      vertex -5.875 0 5
      vertex -5.875 0 0.799999
    endloop
  endfacet
  facet normal -0.997859 -0.0654013 0
    outer loop
      vertex -5.875 0 5
      vertex -5.82474 -0.766841 0.799999
      vertex -5.82474 -0.766841 5
    endloop
  endfacet
  facet normal 0.195098 0.980784 -0
    outer loop
      vertex 1.52056 5.67481 0.799999
      vertex 0.766841 5.82474 5
      vertex 1.52056 5.67481 5
    endloop
  endfacet
  facet normal 0.195098 0.980784 0
    outer loop
      vertex 0.766841 5.82474 5
      vertex 1.52056 5.67481 0.799999
      vertex 0.766841 5.82474 0.799999
    endloop
  endfacet
  facet normal -0.94693 0.321438 0
    outer loop
      vertex -5.67481 1.52056 0.799999
      vertex -5.42779 2.24826 5
      vertex -5.42779 2.24826 0.799999
    endloop
  endfacet
  facet normal -0.94693 0.321438 0
    outer loop
      vertex -5.42779 2.24826 5
      vertex -5.67481 1.52056 0.799999
      vertex -5.67481 1.52056 5
    endloop
  endfacet
  facet normal 0.896876 0.442283 0
    outer loop
      vertex 5.42779 2.24826 5
      vertex 5.0879 2.9375 0.799999
      vertex 5.0879 2.9375 5
    endloop
  endfacet
  facet normal 0.896876 0.442283 0
    outer loop
      vertex 5.0879 2.9375 0.799999
      vertex 5.42779 2.24826 5
      vertex 5.42779 2.24826 0.799999
    endloop
  endfacet
  facet normal -0.997859 0.0654013 0
    outer loop
      vertex -5.875 0 0.799999
      vertex -5.82474 0.766841 5
      vertex -5.82474 0.766841 0.799999
    endloop
  endfacet
  facet normal -0.997859 0.0654013 0
    outer loop
      vertex -5.82474 0.766841 5
      vertex -5.875 0 0.799999
      vertex -5.875 0 5
    endloop
  endfacet
  facet normal 0.442283 -0.896876 0
    outer loop
      vertex 2.24826 -5.42779 0.799999
      vertex 2.9375 -5.0879 5
      vertex 2.24826 -5.42779 5
    endloop
  endfacet
  facet normal 0.442283 -0.896876 0
    outer loop
      vertex 2.9375 -5.0879 5
      vertex 2.24826 -5.42779 0.799999
      vertex 2.9375 -5.0879 0.799999
    endloop
  endfacet
  facet normal 0.94693 -0.321438 0
    outer loop
      vertex 5.42779 -2.24826 5
      vertex 5.67481 -1.52056 0.799999
      vertex 5.67481 -1.52056 5
    endloop
  endfacet
  facet normal 0.94693 -0.321438 0
    outer loop
      vertex 5.67481 -1.52056 0.799999
      vertex 5.42779 -2.24826 5
      vertex 5.42779 -2.24826 0.799999
    endloop
  endfacet
  facet normal -0.0654013 0.997859 0
    outer loop
      vertex 0 5.875 0.799999
      vertex -0.766841 5.82474 5
      vertex 0 5.875 5
    endloop
  endfacet
  facet normal -0.0654013 0.997859 0
    outer loop
      vertex -0.766841 5.82474 5
      vertex 0 5.875 0.799999
      vertex -0.766841 5.82474 0.799999
    endloop
  endfacet
  facet normal -0.321438 -0.94693 0
    outer loop
      vertex -2.24826 -5.42779 0.799999
      vertex -1.52056 -5.67481 5
      vertex -2.24826 -5.42779 5
    endloop
  endfacet
  facet normal -0.321438 -0.94693 -0
    outer loop
      vertex -1.52056 -5.67481 5
      vertex -2.24826 -5.42779 0.799999
      vertex -1.52056 -5.67481 0.799999
    endloop
  endfacet
  facet normal -0.555574 -0.831467 5.85021e-06
    outer loop
      vertex -3.57647 -4.66095 5
      vertex -3.30212 -4.84427 4.5
      vertex -2.9375 -5.0879 5
    endloop
  endfacet
  facet normal -0.555581 -0.831462 0
    outer loop
      vertex -3.57647 -4.66095 5
      vertex -3.30212 -4.84427 1.5
      vertex -3.30212 -4.84427 4.5
    endloop
  endfacet
  facet normal -0.555581 -0.831462 0
    outer loop
      vertex -3.57647 -4.66095 0.799999
      vertex -3.30212 -4.84427 1.5
      vertex -3.57647 -4.66095 5
    endloop
  endfacet
  facet normal -0.555574 -0.831467 -4.17872e-06
    outer loop
      vertex -2.9375 -5.0879 0.799999
      vertex -3.30212 -4.84427 1.5
      vertex -3.57647 -4.66095 0.799999
    endloop
  endfacet
  facet normal -0.555568 -0.831471 0
    outer loop
      vertex -3.30212 -4.84427 1.5
      vertex -2.9375 -5.0879 0.799999
      vertex -2.9375 -5.0879 1.5
    endloop
  endfacet
  facet normal -0.555568 -0.831471 -0
    outer loop
      vertex -2.9375 -5.0879 5
      vertex -3.30212 -4.84427 4.5
      vertex -2.9375 -5.0879 4.5
    endloop
  endfacet
  facet normal -0.0654013 -0.997859 0
    outer loop
      vertex -0.766841 -5.82474 0.799999
      vertex 0 -5.875 5
      vertex -0.766841 -5.82474 5
    endloop
  endfacet
  facet normal -0.0654013 -0.997859 -0
    outer loop
      vertex 0 -5.875 5
      vertex -0.766841 -5.82474 0.799999
      vertex 0 -5.875 0.799999
    endloop
  endfacet
  facet normal -0.831467 0.555574 0
    outer loop
      vertex -5.0879 2.9375 0.799999
      vertex -4.66095 3.57647 5
      vertex -4.66095 3.57647 0.799999
    endloop
  endfacet
  facet normal -0.831467 0.555574 0
    outer loop
      vertex -4.66095 3.57647 5
      vertex -5.0879 2.9375 0.799999
      vertex -5.0879 2.9375 5
    endloop
  endfacet
  facet normal 0.751839 -0.659346 0
    outer loop
      vertex 4.15425 -4.15425 5
      vertex 4.66095 -3.57647 0.799999
      vertex 4.66095 -3.57647 5
    endloop
  endfacet
  facet normal 0.751839 -0.659346 0
    outer loop
      vertex 4.66095 -3.57647 0.799999
      vertex 4.15425 -4.15425 5
      vertex 4.15425 -4.15425 0.799999
    endloop
  endfacet
  facet normal -0.0654081 0.997859 0
    outer loop
      vertex 0.619999 -4.70936 1.2
      vertex 0 -4.75 5
      vertex 0.619999 -4.70936 5
    endloop
  endfacet
  facet normal -0.0654081 0.997859 0
    outer loop
      vertex 0 -4.75 5
      vertex 0.619999 -4.70936 1.2
      vertex 0 -4.75 1.2
    endloop
  endfacet
  facet normal -0.980787 -0.195082 0
    outer loop
      vertex 4.70936 0.619999 1.2
      vertex 4.58815 1.22939 5
      vertex 4.58815 1.22939 1.2
    endloop
  endfacet
  facet normal -0.980787 -0.195082 0
    outer loop
      vertex 4.58815 1.22939 5
      vertex 4.70936 0.619999 1.2
      vertex 4.70936 0.619999 5
    endloop
  endfacet
  facet normal -0.997859 -0.0654081 0
    outer loop
      vertex 4.75 0 1.2
      vertex 4.70936 0.619999 5
      vertex 4.70936 0.619999 1.2
    endloop
  endfacet
  facet normal -0.997859 -0.0654081 0
    outer loop
      vertex 4.70936 0.619999 5
      vertex 4.75 0 1.2
      vertex 4.75 0 5
    endloop
  endfacet
  facet normal -0.946931 -0.321438 0
    outer loop
      vertex 4.58815 1.22939 1.2
      vertex 4.38843 1.81775 5
      vertex 4.38843 1.81775 1.2
    endloop
  endfacet
  facet normal -0.946931 -0.321438 0
    outer loop
      vertex 4.38843 1.81775 5
      vertex 4.58815 1.22939 1.2
      vertex 4.58815 1.22939 5
    endloop
  endfacet
  facet normal -0.831473 0.555565 0
    outer loop
      vertex 3.76843 -2.89162 1.2
      vertex 4.11362 -2.375 5
      vertex 4.11362 -2.375 1.2
    endloop
  endfacet
  facet normal -0.831473 0.555565 0
    outer loop
      vertex 4.11362 -2.375 5
      vertex 3.76843 -2.89162 1.2
      vertex 3.76843 -2.89162 5
    endloop
  endfacet
  facet normal 0.442295 0.89687 -0
    outer loop
      vertex -1.81775 -4.38843 1.2
      vertex -2.375 -4.11362 5
      vertex -1.81775 -4.38843 5
    endloop
  endfacet
  facet normal 0.442295 0.89687 0
    outer loop
      vertex -2.375 -4.11362 5
      vertex -1.81775 -4.38843 1.2
      vertex -2.375 -4.11362 1.2
    endloop
  endfacet
  facet normal -0.89687 -0.442295 0
    outer loop
      vertex 4.38843 1.81775 1.2
      vertex 4.11362 2.375 5
      vertex 4.11362 2.375 1.2
    endloop
  endfacet
  facet normal -0.89687 -0.442295 0
    outer loop
      vertex 4.11362 2.375 5
      vertex 4.38843 1.81775 1.2
      vertex 4.38843 1.81775 5
    endloop
  endfacet
  facet normal -0.659345 -0.75184 0
    outer loop
      vertex 2.89162 3.76843 1.2
      vertex 3.35876 3.35876 5
      vertex 2.89162 3.76843 5
    endloop
  endfacet
  facet normal -0.659345 -0.75184 -0
    outer loop
      vertex 3.35876 3.35876 5
      vertex 2.89162 3.76843 1.2
      vertex 3.35876 3.35876 1.2
    endloop
  endfacet
  facet normal -0.89687 0.442295 0
    outer loop
      vertex 4.11362 -2.375 1.2
      vertex 4.38843 -1.81775 5
      vertex 4.38843 -1.81775 1.2
    endloop
  endfacet
  facet normal -0.89687 0.442295 0
    outer loop
      vertex 4.38843 -1.81775 5
      vertex 4.11362 -2.375 1.2
      vertex 4.11362 -2.375 5
    endloop
  endfacet
  facet normal -0.442295 0.89687 0
    outer loop
      vertex 2.375 -4.11362 1.2
      vertex 1.81775 -4.38843 5
      vertex 2.375 -4.11362 5
    endloop
  endfacet
  facet normal -0.442295 0.89687 0
    outer loop
      vertex 1.81775 -4.38843 5
      vertex 2.375 -4.11362 1.2
      vertex 1.81775 -4.38843 1.2
    endloop
  endfacet
  facet normal 0.659345 -0.75184 0
    outer loop
      vertex -3.35876 3.35876 1.2
      vertex -2.89162 3.76843 5
      vertex -3.35876 3.35876 5
    endloop
  endfacet
  facet normal 0.659345 -0.75184 0
    outer loop
      vertex -2.89162 3.76843 5
      vertex -3.35876 3.35876 1.2
      vertex -2.89162 3.76843 1.2
    endloop
  endfacet
  facet normal 0.980787 -0.195082 0
    outer loop
      vertex -4.70936 0.619999 5
      vertex -4.58815 1.22939 1.2
      vertex -4.58815 1.22939 5
    endloop
  endfacet
  facet normal 0.980787 -0.195082 0
    outer loop
      vertex -4.58815 1.22939 1.2
      vertex -4.70936 0.619999 5
      vertex -4.70936 0.619999 1.2
    endloop
  endfacet
  facet normal 0 0 1
    outer loop
      vertex 4.70936 0.619999 1.2
      vertex 4.70936 -0.619999 1.2
      vertex 4.75 0 1.2
    endloop
  endfacet
  facet normal 0 0 1
    outer loop
      vertex 4.58815 1.22939 1.2
      vertex 4.70936 -0.619999 1.2
      vertex 4.70936 0.619999 1.2
    endloop
  endfacet
  facet normal 0 0 1
    outer loop
      vertex 4.58815 1.22939 1.2
      vertex 4.58815 -1.22939 1.2
      vertex 4.70936 -0.619999 1.2
    endloop
  endfacet
  facet normal 0 0 1
    outer loop
      vertex 4.38843 1.81775 1.2
      vertex 4.58815 -1.22939 1.2
      vertex 4.58815 1.22939 1.2
    endloop
  endfacet
  facet normal 0 0 1
    outer loop
      vertex 4.38843 1.81775 1.2
      vertex 4.38843 -1.81775 1.2
      vertex 4.58815 -1.22939 1.2
    endloop
  endfacet
  facet normal 0 0 1
    outer loop
      vertex 4.11362 2.375 1.2
      vertex 4.38843 -1.81775 1.2
      vertex 4.38843 1.81775 1.2
    endloop
  endfacet
  facet normal 0 0 1
    outer loop
      vertex 4.11362 2.375 1.2
      vertex 4.11362 -2.375 1.2
      vertex 4.38843 -1.81775 1.2
    endloop
  endfacet
  facet normal 0 0 1
    outer loop
      vertex 3.76843 2.89162 1.2
      vertex 4.11362 -2.375 1.2
      vertex 4.11362 2.375 1.2
    endloop
  endfacet
  facet normal 0 0 1
    outer loop
      vertex 3.76843 2.89162 1.2
      vertex 3.76843 -2.89162 1.2
      vertex 4.11362 -2.375 1.2
    endloop
  endfacet
  facet normal 0 0 1
    outer loop
      vertex 3.35876 3.35876 1.2
      vertex 3.76843 -2.89162 1.2
      vertex 3.76843 2.89162 1.2
    endloop
  endfacet
  facet normal 0 0 1
    outer loop
      vertex 3.35876 3.35876 1.2
      vertex 3.35876 -3.35876 1.2
      vertex 3.76843 -2.89162 1.2
    endloop
  endfacet
  facet normal 0 0 1
    outer loop
      vertex 2.89162 3.76843 1.2
      vertex 3.35876 -3.35876 1.2
      vertex 3.35876 3.35876 1.2
    endloop
  endfacet
  facet normal 0 0 1
    outer loop
      vertex 2.89162 3.76843 1.2
      vertex 2.89162 -3.76843 1.2
      vertex 3.35876 -3.35876 1.2
    endloop
  endfacet
  facet normal 0 0 1
    outer loop
      vertex 2.375 4.11362 1.2
      vertex 2.89162 -3.76843 1.2
      vertex 2.89162 3.76843 1.2
    endloop
  endfacet
  facet normal 0 0 1
    outer loop
      vertex 2.375 4.11362 1.2
      vertex 2.375 -4.11362 1.2
      vertex 2.89162 -3.76843 1.2
    endloop
  endfacet
  facet normal 0 0 1
    outer loop
      vertex 1.81775 4.38843 1.2
      vertex 2.375 -4.11362 1.2
      vertex 2.375 4.11362 1.2
    endloop
  endfacet
  facet normal 0 0 1
    outer loop
      vertex 1.81775 4.38843 1.2
      vertex 1.81775 -4.38843 1.2
      vertex 2.375 -4.11362 1.2
    endloop
  endfacet
  facet normal 0 0 1
    outer loop
      vertex 1.22939 4.58815 1.2
      vertex 1.81775 -4.38843 1.2
      vertex 1.81775 4.38843 1.2
    endloop
  endfacet
  facet normal 0 0 1
    outer loop
      vertex 1.22939 4.58815 1.2
      vertex 1.22939 -4.58815 1.2
      vertex 1.81775 -4.38843 1.2
    endloop
  endfacet
  facet normal 0 0 1
    outer loop
      vertex 0.619999 4.70936 1.2
      vertex 1.22939 -4.58815 1.2
      vertex 1.22939 4.58815 1.2
    endloop
  endfacet
  facet normal 0 0 1
    outer loop
      vertex 0.619999 4.70936 1.2
      vertex 0.619999 -4.70936 1.2
      vertex 1.22939 -4.58815 1.2
    endloop
  endfacet
  facet normal 0 0 1
    outer loop
      vertex 0 4.75 1.2
      vertex 0.619999 -4.70936 1.2
      vertex 0.619999 4.70936 1.2
    endloop
  endfacet
  facet normal 0 0 1
    outer loop
      vertex 0 4.75 1.2
      vertex 0 -4.75 1.2
      vertex 0.619999 -4.70936 1.2
    endloop
  endfacet
  facet normal -0 0 1
    outer loop
      vertex -0.619999 4.70936 1.2
      vertex 0 -4.75 1.2
      vertex 0 4.75 1.2
    endloop
  endfacet
  facet normal 0 0 1
    outer loop
      vertex -0.619999 4.70936 1.2
      vertex -0.619999 -4.70936 1.2
      vertex 0 -4.75 1.2
    endloop
  endfacet
  facet normal -0 0 1
    outer loop
      vertex -1.22939 4.58815 1.2
      vertex -0.619999 -4.70936 1.2
      vertex -0.619999 4.70936 1.2
    endloop
  endfacet
  facet normal 0 0 1
    outer loop
      vertex -1.22939 4.58815 1.2
      vertex -1.22939 -4.58815 1.2
      vertex -0.619999 -4.70936 1.2
    endloop
  endfacet
  facet normal -0 0 1
    outer loop
      vertex -1.81775 4.38843 1.2
      vertex -1.22939 -4.58815 1.2
      vertex -1.22939 4.58815 1.2
    endloop
  endfacet
  facet normal 0 0 1
    outer loop
      vertex -1.81775 4.38843 1.2
      vertex -1.81775 -4.38843 1.2
      vertex -1.22939 -4.58815 1.2
    endloop
  endfacet
  facet normal -0 0 1
    outer loop
      vertex -2.375 4.11362 1.2
      vertex -1.81775 -4.38843 1.2
      vertex -1.81775 4.38843 1.2
    endloop
  endfacet
  facet normal 0 0 1
    outer loop
      vertex -2.375 4.11362 1.2
      vertex -2.375 -4.11362 1.2
      vertex -1.81775 -4.38843 1.2
    endloop
  endfacet
  facet normal -0 0 1
    outer loop
      vertex -2.89162 3.76843 1.2
      vertex -2.375 -4.11362 1.2
      vertex -2.375 4.11362 1.2
    endloop
  endfacet
  facet normal 0 0 1
    outer loop
      vertex -2.89162 3.76843 1.2
      vertex -2.89162 -3.76843 1.2
      vertex -2.375 -4.11362 1.2
    endloop
  endfacet
  facet normal -0 0 1
    outer loop
      vertex -3.35876 3.35876 1.2
      vertex -2.89162 -3.76843 1.2
      vertex -2.89162 3.76843 1.2
    endloop
  endfacet
  facet normal 0 0 1
    outer loop
      vertex -3.35876 3.35876 1.2
      vertex -3.35876 -3.35876 1.2
      vertex -2.89162 -3.76843 1.2
    endloop
  endfacet
  facet normal -0 0 1
    outer loop
      vertex -3.76843 2.89162 1.2
      vertex -3.35876 -3.35876 1.2
      vertex -3.35876 3.35876 1.2
    endloop
  endfacet
  facet normal 0 0 1
    outer loop
      vertex -3.76843 2.89162 1.2
      vertex -3.76843 -2.89162 1.2
      vertex -3.35876 -3.35876 1.2
    endloop
  endfacet
  facet normal -0 0 1
    outer loop
      vertex -4.11362 2.375 1.2
      vertex -3.76843 -2.89162 1.2
      vertex -3.76843 2.89162 1.2
    endloop
  endfacet
  facet normal 0 0 1
    outer loop
      vertex -4.11362 2.375 1.2
      vertex -4.11362 -2.375 1.2
      vertex -3.76843 -2.89162 1.2
    endloop
  endfacet
  facet normal -0 0 1
    outer loop
      vertex -4.38843 1.81775 1.2
      vertex -4.11362 -2.375 1.2
      vertex -4.11362 2.375 1.2
    endloop
  endfacet
  facet normal 0 0 1
    outer loop
      vertex -4.38843 1.81775 1.2
      vertex -4.38843 -1.81775 1.2
      vertex -4.11362 -2.375 1.2
    endloop
  endfacet
  facet normal -0 0 1
    outer loop
      vertex -4.58815 1.22939 1.2
      vertex -4.38843 -1.81775 1.2
      vertex -4.38843 1.81775 1.2
    endloop
  endfacet
  facet normal 0 0 1
    outer loop
      vertex -4.58815 1.22939 1.2
      vertex -4.58815 -1.22939 1.2
      vertex -4.38843 -1.81775 1.2
    endloop
  endfacet
  facet normal -0 0 1
    outer loop
      vertex -4.70936 0.619999 1.2
      vertex -4.58815 -1.22939 1.2
      vertex -4.58815 1.22939 1.2
    endloop
  endfacet
  facet normal 0 0 1
    outer loop
      vertex -4.70936 0.619999 1.2
      vertex -4.70936 -0.619999 1.2
      vertex -4.58815 -1.22939 1.2
    endloop
  endfacet
  facet normal 0 -0 1
    outer loop
      vertex -4.70936 -0.619999 1.2
      vertex -4.70936 0.619999 1.2
      vertex -4.75 0 1.2
    endloop
  endfacet
  facet normal 0.0654081 0.997859 -0
    outer loop
      vertex 0 -4.75 1.2
      vertex -0.619999 -4.70936 5
      vertex 0 -4.75 5
    endloop
  endfacet
  facet normal 0.0654081 0.997859 0
    outer loop
      vertex -0.619999 -4.70936 5
      vertex 0 -4.75 1.2
      vertex -0.619999 -4.70936 1.2
    endloop
  endfacet
  facet normal -0.442295 -0.89687 0
    outer loop
      vertex 1.81775 4.38843 1.2
      vertex 2.375 4.11362 5
      vertex 1.81775 4.38843 5
    endloop
  endfacet
  facet normal -0.442295 -0.89687 -0
    outer loop
      vertex 2.375 4.11362 5
      vertex 1.81775 4.38843 1.2
      vertex 2.375 4.11362 1.2
    endloop
  endfacet
  facet normal -0.321438 0.946931 0
    outer loop
      vertex 1.81775 -4.38843 1.2
      vertex 1.22939 -4.58815 5
      vertex 1.81775 -4.38843 5
    endloop
  endfacet
  facet normal -0.321438 0.946931 0
    outer loop
      vertex 1.22939 -4.58815 5
      vertex 1.81775 -4.38843 1.2
      vertex 1.22939 -4.58815 1.2
    endloop
  endfacet
  facet normal 0.997859 -0.0654081 0
    outer loop
      vertex -4.75 0 5
      vertex -4.70936 0.619999 1.2
      vertex -4.70936 0.619999 5
    endloop
  endfacet
  facet normal 0.997859 -0.0654081 0
    outer loop
      vertex -4.70936 0.619999 1.2
      vertex -4.75 0 5
      vertex -4.75 0 1.2
    endloop
  endfacet
  facet normal 0.75184 -0.659345 0
    outer loop
      vertex -3.76843 2.89162 5
      vertex -3.35876 3.35876 1.2
      vertex -3.35876 3.35876 5
    endloop
  endfacet
  facet normal 0.75184 -0.659345 0
    outer loop
      vertex -3.35876 3.35876 1.2
      vertex -3.76843 2.89162 5
      vertex -3.76843 2.89162 1.2
    endloop
  endfacet
  facet normal 0.442295 -0.89687 0
    outer loop
      vertex -2.375 4.11362 1.2
      vertex -1.81775 4.38843 5
      vertex -2.375 4.11362 5
    endloop
  endfacet
  facet normal 0.442295 -0.89687 0
    outer loop
      vertex -1.81775 4.38843 5
      vertex -2.375 4.11362 1.2
      vertex -1.81775 4.38843 1.2
    endloop
  endfacet
  facet normal -0.946931 0.321438 0
    outer loop
      vertex 4.38843 -1.81775 1.2
      vertex 4.58815 -1.22939 5
      vertex 4.58815 -1.22939 1.2
    endloop
  endfacet
  facet normal -0.946931 0.321438 0
    outer loop
      vertex 4.58815 -1.22939 5
      vertex 4.38843 -1.81775 1.2
      vertex 4.38843 -1.81775 5
    endloop
  endfacet
  facet normal -0.75184 -0.659345 0
    outer loop
      vertex 3.76843 2.89162 1.2
      vertex 3.35876 3.35876 5
      vertex 3.35876 3.35876 1.2
    endloop
  endfacet
  facet normal -0.75184 -0.659345 0
    outer loop
      vertex 3.35876 3.35876 5
      vertex 3.76843 2.89162 1.2
      vertex 3.76843 2.89162 5
    endloop
  endfacet
  facet normal -0.980787 0.195082 0
    outer loop
      vertex 4.58815 -1.22939 1.2
      vertex 4.70936 -0.619999 5
      vertex 4.70936 -0.619999 1.2
    endloop
  endfacet
  facet normal -0.980787 0.195082 0
    outer loop
      vertex 4.70936 -0.619999 5
      vertex 4.58815 -1.22939 1.2
      vertex 4.58815 -1.22939 5
    endloop
  endfacet
  facet normal 0.831473 0.555565 0
    outer loop
      vertex -3.76843 -2.89162 5
      vertex -4.11362 -2.375 1.2
      vertex -4.11362 -2.375 5
    endloop
  endfacet
  facet normal 0.831473 0.555565 0
    outer loop
      vertex -4.11362 -2.375 1.2
      vertex -3.76843 -2.89162 5
      vertex -3.76843 -2.89162 1.2
    endloop
  endfacet
  facet normal 0.659345 0.75184 -0
    outer loop
      vertex -2.89162 -3.76843 1.2
      vertex -3.35876 -3.35876 5
      vertex -2.89162 -3.76843 5
    endloop
  endfacet
  facet normal 0.659345 0.75184 0
    outer loop
      vertex -3.35876 -3.35876 5
      vertex -2.89162 -3.76843 1.2
      vertex -3.35876 -3.35876 1.2
    endloop
  endfacet
  facet normal -0.195082 0.980787 0
    outer loop
      vertex 1.22939 -4.58815 1.2
      vertex 0.619999 -4.70936 5
      vertex 1.22939 -4.58815 5
    endloop
  endfacet
  facet normal -0.195082 0.980787 0
    outer loop
      vertex 0.619999 -4.70936 5
      vertex 1.22939 -4.58815 1.2
      vertex 0.619999 -4.70936 1.2
    endloop
  endfacet
  facet normal -0.659345 0.75184 0
    outer loop
      vertex 3.35876 -3.35876 1.2
      vertex 2.89162 -3.76843 5
      vertex 3.35876 -3.35876 5
    endloop
  endfacet
  facet normal -0.659345 0.75184 0
    outer loop
      vertex 2.89162 -3.76843 5
      vertex 3.35876 -3.35876 1.2
      vertex 2.89162 -3.76843 1.2
    endloop
  endfacet
  facet normal -0.997859 0.0654081 0
    outer loop
      vertex 4.70936 -0.619999 1.2
      vertex 4.75 0 5
      vertex 4.75 0 1.2
    endloop
  endfacet
  facet normal -0.997859 0.0654081 0
    outer loop
      vertex 4.75 0 5
      vertex 4.70936 -0.619999 1.2
      vertex 4.70936 -0.619999 5
    endloop
  endfacet
  facet normal 0.980787 0.195082 0
    outer loop
      vertex -4.58815 -1.22939 5
      vertex -4.70936 -0.619999 1.2
      vertex -4.70936 -0.619999 5
    endloop
  endfacet
  facet normal 0.980787 0.195082 0
    outer loop
      vertex -4.70936 -0.619999 1.2
      vertex -4.58815 -1.22939 5
      vertex -4.58815 -1.22939 1.2
    endloop
  endfacet
  facet normal -0.75184 0.659345 0
    outer loop
      vertex 3.35876 -3.35876 1.2
      vertex 3.76843 -2.89162 5
      vertex 3.76843 -2.89162 1.2
    endloop
  endfacet
  facet normal -0.75184 0.659345 0
    outer loop
      vertex 3.76843 -2.89162 5
      vertex 3.35876 -3.35876 1.2
      vertex 3.35876 -3.35876 5
    endloop
  endfacet
  facet normal 0.0654081 -0.997859 0
    outer loop
      vertex -0.619999 4.70936 1.2
      vertex 0 4.75 5
      vertex -0.619999 4.70936 5
    endloop
  endfacet
  facet normal 0.0654081 -0.997859 0
    outer loop
      vertex 0 4.75 5
      vertex -0.619999 4.70936 1.2
      vertex 0 4.75 1.2
    endloop
  endfacet
  facet normal 0.89687 0.442295 0
    outer loop
      vertex -4.11362 -2.375 5
      vertex -4.38843 -1.81775 1.2
      vertex -4.38843 -1.81775 5
    endloop
  endfacet
  facet normal 0.89687 0.442295 0
    outer loop
      vertex -4.38843 -1.81775 1.2
      vertex -4.11362 -2.375 5
      vertex -4.11362 -2.375 1.2
    endloop
  endfacet
  facet normal 0.89687 -0.442295 0
    outer loop
      vertex -4.38843 1.81775 5
      vertex -4.11362 2.375 1.2
      vertex -4.11362 2.375 5
    endloop
  endfacet
  facet normal 0.89687 -0.442295 0
    outer loop
      vertex -4.11362 2.375 1.2
      vertex -4.38843 1.81775 5
      vertex -4.38843 1.81775 1.2
    endloop
  endfacet
  facet normal -0.555565 -0.831473 0
    outer loop
      vertex 2.375 4.11362 1.2
      vertex 2.89162 3.76843 5
      vertex 2.375 4.11362 5
    endloop
  endfacet
  facet normal -0.555565 -0.831473 -0
    outer loop
      vertex 2.89162 3.76843 5
      vertex 2.375 4.11362 1.2
      vertex 2.89162 3.76843 1.2
    endloop
  endfacet
  facet normal -0.195082 -0.980787 0
    outer loop
      vertex 0.619999 4.70936 1.2
      vertex 1.22939 4.58815 5
      vertex 0.619999 4.70936 5
    endloop
  endfacet
  facet normal -0.195082 -0.980787 -0
    outer loop
      vertex 1.22939 4.58815 5
      vertex 0.619999 4.70936 1.2
      vertex 1.22939 4.58815 1.2
    endloop
  endfacet
  facet normal 0.321438 0.946931 -0
    outer loop
      vertex -1.22939 -4.58815 1.2
      vertex -1.81775 -4.38843 5
      vertex -1.22939 -4.58815 5
    endloop
  endfacet
  facet normal 0.321438 0.946931 0
    outer loop
      vertex -1.81775 -4.38843 5
      vertex -1.22939 -4.58815 1.2
      vertex -1.81775 -4.38843 1.2
    endloop
  endfacet
  facet normal 0.555565 -0.831473 0
    outer loop
      vertex -2.89162 3.76843 1.2
      vertex -2.375 4.11362 5
      vertex -2.89162 3.76843 5
    endloop
  endfacet
  facet normal 0.555565 -0.831473 0
    outer loop
      vertex -2.375 4.11362 5
      vertex -2.89162 3.76843 1.2
      vertex -2.375 4.11362 1.2
    endloop
  endfacet
  facet normal -0.831473 -0.555565 0
    outer loop
      vertex 4.11362 2.375 1.2
      vertex 3.76843 2.89162 5
      vertex 3.76843 2.89162 1.2
    endloop
  endfacet
  facet normal -0.831473 -0.555565 0
    outer loop
      vertex 3.76843 2.89162 5
      vertex 4.11362 2.375 1.2
      vertex 4.11362 2.375 5
    endloop
  endfacet
  facet normal 0.997859 0.0654081 0
    outer loop
      vertex -4.70936 -0.619999 5
      vertex -4.75 0 1.2
      vertex -4.75 0 5
    endloop
  endfacet
  facet normal 0.997859 0.0654081 0
    outer loop
      vertex -4.75 0 1.2
      vertex -4.70936 -0.619999 5
      vertex -4.70936 -0.619999 1.2
    endloop
  endfacet
  facet normal 0.321438 -0.946931 0
    outer loop
      vertex -1.81775 4.38843 1.2
      vertex -1.22939 4.58815 5
      vertex -1.81775 4.38843 5
    endloop
  endfacet
  facet normal 0.321438 -0.946931 0
    outer loop
      vertex -1.22939 4.58815 5
      vertex -1.81775 4.38843 1.2
      vertex -1.22939 4.58815 1.2
    endloop
  endfacet
  facet normal -0.0654081 -0.997859 0
    outer loop
      vertex 0 4.75 1.2
      vertex 0.619999 4.70936 5
      vertex 0 4.75 5
    endloop
  endfacet
  facet normal -0.0654081 -0.997859 -0
    outer loop
      vertex 0.619999 4.70936 5
      vertex 0 4.75 1.2
      vertex 0.619999 4.70936 1.2
    endloop
  endfacet
  facet normal 0.195082 0.980787 -0
    outer loop
      vertex -0.619999 -4.70936 1.2
      vertex -1.22939 -4.58815 5
      vertex -0.619999 -4.70936 5
    endloop
  endfacet
  facet normal 0.195082 0.980787 0
    outer loop
      vertex -1.22939 -4.58815 5
      vertex -0.619999 -4.70936 1.2
      vertex -1.22939 -4.58815 1.2
    endloop
  endfacet
  facet normal 0.195082 -0.980787 0
    outer loop
      vertex -1.22939 4.58815 1.2
      vertex -0.619999 4.70936 5
      vertex -1.22939 4.58815 5
    endloop
  endfacet
  facet normal 0.195082 -0.980787 0
    outer loop
      vertex -0.619999 4.70936 5
      vertex -1.22939 4.58815 1.2
      vertex -0.619999 4.70936 1.2
    endloop
  endfacet
  facet normal -0.555565 0.831473 0
    outer loop
      vertex 2.89162 -3.76843 1.2
      vertex 2.375 -4.11362 5
      vertex 2.89162 -3.76843 5
    endloop
  endfacet
  facet normal -0.555565 0.831473 0
    outer loop
      vertex 2.375 -4.11362 5
      vertex 2.89162 -3.76843 1.2
      vertex 2.375 -4.11362 1.2
    endloop
  endfacet
  facet normal 0.946931 0.321438 0
    outer loop
      vertex -4.38843 -1.81775 5
      vertex -4.58815 -1.22939 1.2
      vertex -4.58815 -1.22939 5
    endloop
  endfacet
  facet normal 0.946931 0.321438 0
    outer loop
      vertex -4.58815 -1.22939 1.2
      vertex -4.38843 -1.81775 5
      vertex -4.38843 -1.81775 1.2
    endloop
  endfacet
  facet normal 0.75184 0.659345 0
    outer loop
      vertex -3.35876 -3.35876 5
      vertex -3.76843 -2.89162 1.2
      vertex -3.76843 -2.89162 5
    endloop
  endfacet
  facet normal 0.75184 0.659345 0
    outer loop
      vertex -3.76843 -2.89162 1.2
      vertex -3.35876 -3.35876 5
      vertex -3.35876 -3.35876 1.2
    endloop
  endfacet
  facet normal 0.555565 0.831473 -0
    outer loop
      vertex -2.375 -4.11362 1.2
      vertex -2.89162 -3.76843 5
      vertex -2.375 -4.11362 5
    endloop
  endfacet
  facet normal 0.555565 0.831473 0
    outer loop
      vertex -2.89162 -3.76843 5
      vertex -2.375 -4.11362 1.2
      vertex -2.89162 -3.76843 1.2
    endloop
  endfacet
  facet normal 0.946931 -0.321438 0
    outer loop
      vertex -4.58815 1.22939 5
      vertex -4.38843 1.81775 1.2
      vertex -4.38843 1.81775 5
    endloop
  endfacet
  facet normal 0.946931 -0.321438 0
    outer loop
      vertex -4.38843 1.81775 1.2
      vertex -4.58815 1.22939 5
      vertex -4.58815 1.22939 1.2
    endloop
  endfacet
  facet normal -0.321438 -0.946931 0
    outer loop
      vertex 1.22939 4.58815 1.2
      vertex 1.81775 4.38843 5
      vertex 1.22939 4.58815 5
    endloop
  endfacet
  facet normal -0.321438 -0.946931 -0
    outer loop
      vertex 1.81775 4.38843 5
      vertex 1.22939 4.58815 1.2
      vertex 1.81775 4.38843 1.2
    endloop
  endfacet
  facet normal 0.831473 -0.555565 0
    outer loop
      vertex -4.11362 2.375 5
      vertex -3.76843 2.89162 1.2
      vertex -3.76843 2.89162 5
    endloop
  endfacet
  facet normal 0.831473 -0.555565 0
    outer loop
      vertex -3.76843 2.89162 1.2
      vertex -4.11362 2.375 5
      vertex -4.11362 2.375 1.2
    endloop
  endfacet
  facet normal 0.946921 -0.321466 0
    outer loop
      vertex 5.43407 0.258819 2
      vertex 5.47612 0.382683 0
      vertex 5.47612 0.382683 2
    endloop
  endfacet
  facet normal 0.946921 -0.321466 0
    outer loop
      vertex 5.47612 0.382683 0
      vertex 5.43407 0.258819 2
      vertex 5.43407 0.258819 0
    endloop
  endfacet
  facet normal 0.442277 0.896878 -0
    outer loop
      vertex 6.01732 -0.923879 0
      vertex 5.9 -0.866025 0.799999
      vertex 6.01732 -0.923879 0.799999
    endloop
  endfacet
  facet normal 0.442277 0.896878 0
    outer loop
      vertex 5.9 -0.866025 0.799999
      vertex 6.01732 -0.923879 0
      vertex 5.9 -0.866025 0
    endloop
  endfacet
  facet normal 0.896886 -0.442262 0
    outer loop
      vertex 5.47612 0.382683 2
      vertex 5.53397 0.5 0
      vertex 5.53397 0.5 2
    endloop
  endfacet
  facet normal 0.896886 -0.442262 0
    outer loop
      vertex 5.53397 0.5 0
      vertex 5.47612 0.382683 2
      vertex 5.47612 0.382683 0
    endloop
  endfacet
  facet normal 0.659326 0.751857 -0
    outer loop
      vertex 5.79124 -0.793353 0
      vertex 5.69289 -0.707107 2
      vertex 5.79124 -0.793353 2
    endloop
  endfacet
  facet normal 0.659326 0.751857 0
    outer loop
      vertex 5.69289 -0.707107 2
      vertex 5.79124 -0.793353 0
      vertex 5.69289 -0.707107 0
    endloop
  endfacet
  facet normal 0 0 -1
    outer loop
      vertex 5.4 0 2
      vertex 6.25 0 2
      vertex 6.18971 -0.224999 2
    endloop
  endfacet
  facet normal 0 0 -1
    outer loop
      vertex 5.84632 -0.437589 2
      vertex 6.18971 -0.224999 2
      vertex 6.025 -0.389711 2
    endloop
  endfacet
  facet normal 0 0 -1
    outer loop
      vertex 6.25 0 2
      vertex 5.4 0 2
      vertex 6.18971 0.224999 2
    endloop
  endfacet
  facet normal -0 0 -1
    outer loop
      vertex 6.18971 -0.224999 2
      vertex 5.84632 -0.437589 2
      vertex 5.4 0 2
    endloop
  endfacet
  facet normal 0 -0 -1
    outer loop
      vertex 5.84632 0.437589 2
      vertex 6.18971 0.224999 2
      vertex 5.4 0 2
    endloop
  endfacet
  facet normal 0 0 -1
    outer loop
      vertex 5.69289 -0.707107 2
      vertex 5.84632 -0.437589 2
      vertex 5.82474 -0.766841 2
    endloop
  endfacet
  facet normal 0 0 -1
    outer loop
      vertex 5.47612 -0.382683 2
      vertex 5.84632 -0.437589 2
      vertex 5.53397 -0.5 2
    endloop
  endfacet
  facet normal 0 0 -1
    outer loop
      vertex 5.79124 -0.793353 2
      vertex 5.82474 -0.766841 2
      vertex 5.81615 -0.810001 2
    endloop
  endfacet
  facet normal 0 0 -1
    outer loop
      vertex 5.84632 -0.437589 2
      vertex 5.69289 -0.707107 2
      vertex 5.60665 -0.608761 2
    endloop
  endfacet
  facet normal -0 0 -1
    outer loop
      vertex 5.82474 -0.766841 2
      vertex 5.79124 -0.793353 2
      vertex 5.69289 -0.707107 2
    endloop
  endfacet
  facet normal 0 0 -1
    outer loop
      vertex 5.84632 -0.437589 2
      vertex 5.60665 -0.608761 2
      vertex 5.53397 -0.5 2
    endloop
  endfacet
  facet normal 0 -0 -1
    outer loop
      vertex 5.79124 0.793353 2
      vertex 5.82474 0.766841 2
      vertex 5.69289 0.707107 2
    endloop
  endfacet
  facet normal 0 0 -1
    outer loop
      vertex 5.82474 0.766841 2
      vertex 5.79124 0.793353 2
      vertex 5.81615 0.810001 2
    endloop
  endfacet
  facet normal 0 0 -1
    outer loop
      vertex 5.43407 -0.258819 2
      vertex 5.84632 -0.437589 2
      vertex 5.47612 -0.382683 2
    endloop
  endfacet
  facet normal 0 0 -1
    outer loop
      vertex 5.84632 0.437589 2
      vertex 5.69289 0.707107 2
      vertex 5.82474 0.766841 2
    endloop
  endfacet
  facet normal 0 0 -1
    outer loop
      vertex 5.40856 -0.130526 2
      vertex 5.84632 -0.437589 2
      vertex 5.43407 -0.258819 2
    endloop
  endfacet
  facet normal 0 -0 -1
    outer loop
      vertex 5.69289 0.707107 2
      vertex 5.84632 0.437589 2
      vertex 5.60665 0.608761 2
    endloop
  endfacet
  facet normal 0 0 -1
    outer loop
      vertex 5.4 0 2
      vertex 5.84632 -0.437589 2
      vertex 5.40856 -0.130526 2
    endloop
  endfacet
  facet normal 0 -0 -1
    outer loop
      vertex 5.60665 0.608761 2
      vertex 5.84632 0.437589 2
      vertex 5.53397 0.5 2
    endloop
  endfacet
  facet normal 0 0 -1
    outer loop
      vertex 6.18971 0.224999 2
      vertex 5.84632 0.437589 2
      vertex 6.025 0.389711 2
    endloop
  endfacet
  facet normal 0 -0 -1
    outer loop
      vertex 5.53397 0.5 2
      vertex 5.84632 0.437589 2
      vertex 5.47612 0.382683 2
    endloop
  endfacet
  facet normal 0 -0 -1
    outer loop
      vertex 5.40856 0.130526 2
      vertex 5.84632 0.437589 2
      vertex 5.4 0 2
    endloop
  endfacet
  facet normal 0 -0 -1
    outer loop
      vertex 5.47612 0.382683 2
      vertex 5.84632 0.437589 2
      vertex 5.43407 0.258819 2
    endloop
  endfacet
  facet normal 0 -0 -1
    outer loop
      vertex 5.43407 0.258819 2
      vertex 5.84632 0.437589 2
      vertex 5.40856 0.130526 2
    endloop
  endfacet
  facet normal 0.0654089 0.997859 -0
    outer loop
      vertex 6.31362 -0.994339 0
      vertex 6.26947 -0.991445 0.799999
      vertex 6.31362 -0.994339 0.799999
    endloop
  endfacet
  facet normal 0.0654089 0.997859 0
    outer loop
      vertex 6.26947 -0.991445 0.799999
      vertex 6.31362 -0.994339 0
      vertex 6.26947 -0.991445 0
    endloop
  endfacet
  facet normal 0.831441 0.555614 0
    outer loop
      vertex 5.60665 -0.608761 2
      vertex 5.53397 -0.5 0
      vertex 5.53397 -0.5 2
    endloop
  endfacet
  facet normal 0.831441 0.555614 0
    outer loop
      vertex 5.53397 -0.5 0
      vertex 5.60665 -0.608761 2
      vertex 5.60665 -0.608761 0
    endloop
  endfacet
  facet normal 0.321448 0.946927 -0
    outer loop
      vertex 6.14118 -0.965925 0
      vertex 6.01732 -0.923879 0.799999
      vertex 6.14118 -0.965925 0.799999
    endloop
  endfacet
  facet normal 0.321448 0.946927 0
    outer loop
      vertex 6.01732 -0.923879 0.799999
      vertex 6.14118 -0.965925 0
      vertex 6.01732 -0.923879 0
    endloop
  endfacet
  facet normal 0.195102 -0.980783 0
    outer loop
      vertex 6.14118 0.965925 0
      vertex 6.26947 0.991445 0.799999
      vertex 6.14118 0.965925 0.799999
    endloop
  endfacet
  facet normal 0.195102 -0.980783 0
    outer loop
      vertex 6.26947 0.991445 0.799999
      vertex 6.14118 0.965925 0
      vertex 6.26947 0.991445 0
    endloop
  endfacet
  facet normal 0.659326 -0.751857 0
    outer loop
      vertex 5.69289 0.707107 0
      vertex 5.79124 0.793353 2
      vertex 5.69289 0.707107 2
    endloop
  endfacet
  facet normal 0.659326 -0.751857 0
    outer loop
      vertex 5.79124 0.793353 2
      vertex 5.69289 0.707107 0
      vertex 5.79124 0.793353 0
    endloop
  endfacet
  facet normal 0.997856 0.0654402 0
    outer loop
      vertex 5.40856 -0.130526 2
      vertex 5.4 0 0
      vertex 5.4 0 2
    endloop
  endfacet
  facet normal 0.997856 0.0654402 0
    outer loop
      vertex 5.4 0 0
      vertex 5.40856 -0.130526 2
      vertex 5.40856 -0.130526 0
    endloop
  endfacet
  facet normal 0.195102 0.980783 -0
    outer loop
      vertex 6.26947 -0.991445 0
      vertex 6.14118 -0.965925 0.799999
      vertex 6.26947 -0.991445 0.799999
    endloop
  endfacet
  facet normal 0.195102 0.980783 0
    outer loop
      vertex 6.14118 -0.965925 0.799999
      vertex 6.26947 -0.991445 0
      vertex 6.14118 -0.965925 0
    endloop
  endfacet
  facet normal 0.555655 -0.831413 0
    outer loop
      vertex 5.79124 0.793353 2
      vertex 5.81615 0.810001 0.799999
      vertex 5.81615 0.810001 2
    endloop
  endfacet
  facet normal 0.555655 -0.831413 0
    outer loop
      vertex 5.79124 0.793353 0
      vertex 5.81615 0.810001 0.799999
      vertex 5.79124 0.793353 2
    endloop
  endfacet
  facet normal 0.555575 -0.831466 3.60231e-06
    outer loop
      vertex 5.9 0.866025 0
      vertex 5.81615 0.810001 0.799999
      vertex 5.79124 0.793353 0
    endloop
  endfacet
  facet normal 0.555551 -0.831482 0
    outer loop
      vertex 5.81615 0.810001 0.799999
      vertex 5.9 0.866025 0
      vertex 5.9 0.866025 0.799999
    endloop
  endfacet
  facet normal 0.321448 -0.946927 0
    outer loop
      vertex 6.01732 0.923879 0
      vertex 6.14118 0.965925 0.799999
      vertex 6.01732 0.923879 0.799999
    endloop
  endfacet
  facet normal 0.321448 -0.946927 0
    outer loop
      vertex 6.14118 0.965925 0.799999
      vertex 6.01732 0.923879 0
      vertex 6.14118 0.965925 0
    endloop
  endfacet
  facet normal 0.997856 -0.0654402 0
    outer loop
      vertex 5.4 0 2
      vertex 5.40856 0.130526 0
      vertex 5.40856 0.130526 2
    endloop
  endfacet
  facet normal 0.997856 -0.0654402 0
    outer loop
      vertex 5.40856 0.130526 0
      vertex 5.4 0 2
      vertex 5.4 0 0
    endloop
  endfacet
  facet normal 0.0654089 -0.997859 0
    outer loop
      vertex 6.26947 0.991445 0
      vertex 6.31362 0.994339 0.799999
      vertex 6.26947 0.991445 0.799999
    endloop
  endfacet
  facet normal 0.0654089 -0.997859 0
    outer loop
      vertex 6.31362 0.994339 0.799999
      vertex 6.26947 0.991445 0
      vertex 6.31362 0.994339 0
    endloop
  endfacet
  facet normal 0.896886 0.442262 0
    outer loop
      vertex 5.53397 -0.5 2
      vertex 5.47612 -0.382683 0
      vertex 5.47612 -0.382683 2
    endloop
  endfacet
  facet normal 0.896886 0.442262 0
    outer loop
      vertex 5.47612 -0.382683 0
      vertex 5.53397 -0.5 2
      vertex 5.53397 -0.5 0
    endloop
  endfacet
  facet normal 0.946921 0.321466 0
    outer loop
      vertex 5.47612 -0.382683 2
      vertex 5.43407 -0.258819 0
      vertex 5.43407 -0.258819 2
    endloop
  endfacet
  facet normal 0.946921 0.321466 0
    outer loop
      vertex 5.43407 -0.258819 0
      vertex 5.47612 -0.382683 2
      vertex 5.47612 -0.382683 0
    endloop
  endfacet
  facet normal 0.980799 -0.195024 0
    outer loop
      vertex 5.40856 0.130526 2
      vertex 5.43407 0.258819 0
      vertex 5.43407 0.258819 2
    endloop
  endfacet
  facet normal 0.980799 -0.195024 0
    outer loop
      vertex 5.43407 0.258819 0
      vertex 5.40856 0.130526 2
      vertex 5.40856 0.130526 0
    endloop
  endfacet
  facet normal 0.751867 -0.659315 0
    outer loop
      vertex 5.60665 0.608761 2
      vertex 5.69289 0.707107 0
      vertex 5.69289 0.707107 2
    endloop
  endfacet
  facet normal 0.751867 -0.659315 0
    outer loop
      vertex 5.69289 0.707107 0
      vertex 5.60665 0.608761 2
      vertex 5.60665 0.608761 0
    endloop
  endfacet
  facet normal 0.555551 0.831482 0
    outer loop
      vertex 5.9 -0.866025 0.799999
      vertex 5.9 -0.866025 0
      vertex 5.81615 -0.810001 0.799999
    endloop
  endfacet
  facet normal 0.555655 0.831413 -0
    outer loop
      vertex 5.81615 -0.810001 0.799999
      vertex 5.79124 -0.793353 2
      vertex 5.81615 -0.810001 2
    endloop
  endfacet
  facet normal 0.555655 0.831413 0
    outer loop
      vertex 5.81615 -0.810001 0.799999
      vertex 5.79124 -0.793353 0
      vertex 5.79124 -0.793353 2
    endloop
  endfacet
  facet normal 0.555575 0.831466 3.60231e-06
    outer loop
      vertex 5.79124 -0.793353 0
      vertex 5.81615 -0.810001 0.799999
      vertex 5.9 -0.866025 0
    endloop
  endfacet
  facet normal 0.442277 -0.896878 0
    outer loop
      vertex 5.9 0.866025 0
      vertex 6.01732 0.923879 0.799999
      vertex 5.9 0.866025 0.799999
    endloop
  endfacet
  facet normal 0.442277 -0.896878 0
    outer loop
      vertex 6.01732 0.923879 0.799999
      vertex 5.9 0.866025 0
      vertex 6.01732 0.923879 0
    endloop
  endfacet
  facet normal 0.980799 0.195024 0
    outer loop
      vertex 5.43407 -0.258819 2
      vertex 5.40856 -0.130526 0
      vertex 5.40856 -0.130526 2
    endloop
  endfacet
  facet normal 0.980799 0.195024 0
    outer loop
      vertex 5.40856 -0.130526 0
      vertex 5.43407 -0.258819 2
      vertex 5.43407 -0.258819 0
    endloop
  endfacet
  facet normal 0.751867 0.659315 0
    outer loop
      vertex 5.69289 -0.707107 2
      vertex 5.60665 -0.608761 0
      vertex 5.60665 -0.608761 2
    endloop
  endfacet
  facet normal 0.751867 0.659315 0
    outer loop
      vertex 5.60665 -0.608761 0
      vertex 5.69289 -0.707107 2
      vertex 5.69289 -0.707107 0
    endloop
  endfacet
  facet normal 0.831441 -0.555614 0
    outer loop
      vertex 5.53397 0.5 2
      vertex 5.60665 0.608761 0
      vertex 5.60665 0.608761 2
    endloop
  endfacet
  facet normal 0.831441 -0.555614 0
    outer loop
      vertex 5.60665 0.608761 0
      vertex 5.53397 0.5 2
      vertex 5.53397 0.5 0
    endloop
  endfacet
endsolid OpenSCAD_Model
