solid OpenSCAD_Model
  facet normal -0.980801 0.195013 0
    outer loop
      vertex -37.1638 25.2611 9.5
      vertex -37.1128 25.5176 12.7
      vertex -37.1128 25.5176 9.5
    endloop
  endfacet
  facet normal -0.980801 0.195013 0
    outer loop
      vertex -37.1128 25.5176 12.7
      vertex -37.1638 25.2611 9.5
      vertex -37.1638 25.2611 12.7
    endloop
  endfacet
  facet normal -0.997862 0.0653521 0
    outer loop
      vertex -37.1809 25 9.5
      vertex -37.1638 25.2611 12.7
      vertex -37.1638 25.2611 9.5
    endloop
  endfacet
  facet normal -0.997862 0.0653521 0
    outer loop
      vertex -37.1638 25.2611 12.7
      vertex -37.1809 25 9.5
      vertex -37.1809 25 12.7
    endloop
  endfacet
  facet normal -0.0653521 0.997862 0
    outer loop
      vertex -35.1809 27 9.5
      vertex -35.442 26.9829 12.7
      vertex -35.1809 27 12.7
    endloop
  endfacet
  facet normal -0.0653521 0.997862 0
    outer loop
      vertex -35.442 26.9829 12.7
      vertex -35.1809 27 9.5
      vertex -35.442 26.9829 9.5
    endloop
  endfacet
  facet normal 0.19494 0.980815 -0
    outer loop
      vertex -34.6633 26.9319 9.5
      vertex -34.9199 26.9829 12.7
      vertex -34.6633 26.9319 12.7
    endloop
  endfacet
  facet normal 0.19494 0.980815 0
    outer loop
      vertex -34.9199 26.9829 12.7
      vertex -34.6633 26.9319 9.5
      vertex -34.9199 26.9829 9.5
    endloop
  endfacet
  facet normal -0.555494 -0.831521 0
    outer loop
      vertex -36.3984 23.4133 9.5
      vertex -36.1809 23.268 12.7
      vertex -36.3984 23.4133 12.7
    endloop
  endfacet
  facet normal -0.555494 -0.831521 -0
    outer loop
      vertex -36.1809 23.268 12.7
      vertex -36.3984 23.4133 9.5
      vertex -36.1809 23.268 9.5
    endloop
  endfacet
  facet normal 0.89686 0.442314 0
    outer loop
      vertex -33.3332 25.7654 12.7
      vertex -33.4489 26 9.5
      vertex -33.4489 26 12.7
    endloop
  endfacet
  facet normal 0.89686 0.442314 0
    outer loop
      vertex -33.4489 26 9.5
      vertex -33.3332 25.7654 12.7
      vertex -33.3332 25.7654 9.5
    endloop
  endfacet
  facet normal 0.94695 0.321382 0
    outer loop
      vertex -33.2491 25.5176 12.7
      vertex -33.3332 25.7654 9.5
      vertex -33.3332 25.7654 12.7
    endloop
  endfacet
  facet normal 0.94695 0.321382 0
    outer loop
      vertex -33.3332 25.7654 9.5
      vertex -33.2491 25.5176 12.7
      vertex -33.2491 25.5176 9.5
    endloop
  endfacet
  facet normal 0.321498 0.94691 -0
    outer loop
      vertex -34.4156 26.8478 9.5
      vertex -34.6633 26.9319 12.7
      vertex -34.4156 26.8478 12.7
    endloop
  endfacet
  facet normal 0.321498 0.94691 0
    outer loop
      vertex -34.6633 26.9319 12.7
      vertex -34.4156 26.8478 9.5
      vertex -34.6633 26.9319 9.5
    endloop
  endfacet
  facet normal -0.997862 -0.0653521 0
    outer loop
      vertex -37.1638 24.7389 9.5
      vertex -37.1809 25 12.7
      vertex -37.1809 25 9.5
    endloop
  endfacet
  facet normal -0.997862 -0.0653521 0
    outer loop
      vertex -37.1809 25 12.7
      vertex -37.1638 24.7389 9.5
      vertex -37.1638 24.7389 12.7
    endloop
  endfacet
  facet normal 0.94695 -0.321382 0
    outer loop
      vertex -33.3332 24.2346 12.7
      vertex -33.2491 24.4824 9.5
      vertex -33.2491 24.4824 12.7
    endloop
  endfacet
  facet normal 0.94695 -0.321382 0
    outer loop
      vertex -33.2491 24.4824 9.5
      vertex -33.3332 24.2346 12.7
      vertex -33.3332 24.2346 9.5
    endloop
  endfacet
  facet normal 0.831521 0.555494 0
    outer loop
      vertex -33.4489 26 12.7
      vertex -33.5942 26.2175 9.5
      vertex -33.5942 26.2175 12.7
    endloop
  endfacet
  facet normal 0.831521 0.555494 0
    outer loop
      vertex -33.5942 26.2175 9.5
      vertex -33.4489 26 12.7
      vertex -33.4489 26 9.5
    endloop
  endfacet
  facet normal 0.980727 0.195381 0
    outer loop
      vertex -33.198 25.2611 12.7
      vertex -33.2491 25.5176 9.5
      vertex -33.2491 25.5176 12.7
    endloop
  endfacet
  facet normal 0.980727 0.195381 0
    outer loop
      vertex -33.2491 25.5176 9.5
      vertex -33.198 25.2611 12.7
      vertex -33.198 25.2611 9.5
    endloop
  endfacet
  facet normal -0.94695 -0.321382 0
    outer loop
      vertex -37.0287 24.2346 9.5
      vertex -37.1128 24.4824 12.7
      vertex -37.1128 24.4824 9.5
    endloop
  endfacet
  facet normal -0.94695 -0.321382 0
    outer loop
      vertex -37.1128 24.4824 12.7
      vertex -37.0287 24.2346 9.5
      vertex -37.0287 24.2346 12.7
    endloop
  endfacet
  facet normal -0.659343 -0.751842 0
    outer loop
      vertex -36.5951 23.5858 9.5
      vertex -36.3984 23.4133 12.7
      vertex -36.5951 23.5858 12.7
    endloop
  endfacet
  facet normal -0.659343 -0.751842 -0
    outer loop
      vertex -36.3984 23.4133 12.7
      vertex -36.5951 23.5858 9.5
      vertex -36.3984 23.4133 9.5
    endloop
  endfacet
  facet normal -0.321498 0.94691 0
    outer loop
      vertex -35.6986 26.9319 9.5
      vertex -35.9463 26.8478 12.7
      vertex -35.6986 26.9319 12.7
    endloop
  endfacet
  facet normal -0.321498 0.94691 0
    outer loop
      vertex -35.9463 26.8478 12.7
      vertex -35.6986 26.9319 9.5
      vertex -35.9463 26.8478 9.5
    endloop
  endfacet
  facet normal 0.751842 -0.659343 0
    outer loop
      vertex -33.7667 23.5858 12.7
      vertex -33.5942 23.7825 9.5
      vertex -33.5942 23.7825 12.7
    endloop
  endfacet
  facet normal 0.751842 -0.659343 0
    outer loop
      vertex -33.5942 23.7825 9.5
      vertex -33.7667 23.5858 12.7
      vertex -33.7667 23.5858 9.5
    endloop
  endfacet
  facet normal 0.659343 0.751842 -0
    outer loop
      vertex -33.7667 26.4142 9.5
      vertex -33.9634 26.5867 12.7
      vertex -33.7667 26.4142 12.7
    endloop
  endfacet
  facet normal 0.659343 0.751842 0
    outer loop
      vertex -33.9634 26.5867 12.7
      vertex -33.7667 26.4142 9.5
      vertex -33.9634 26.5867 9.5
    endloop
  endfacet
  facet normal 0.997862 0.0653521 0
    outer loop
      vertex -33.1809 25 12.7
      vertex -33.198 25.2611 9.5
      vertex -33.198 25.2611 12.7
    endloop
  endfacet
  facet normal 0.997862 0.0653521 0
    outer loop
      vertex -33.198 25.2611 9.5
      vertex -33.1809 25 12.7
      vertex -33.1809 25 9.5
    endloop
  endfacet
  facet normal -0.555494 0.831521 0
    outer loop
      vertex -36.1809 26.732 9.5
      vertex -36.3984 26.5867 12.7
      vertex -36.1809 26.732 12.7
    endloop
  endfacet
  facet normal -0.555494 0.831521 0
    outer loop
      vertex -36.3984 26.5867 12.7
      vertex -36.1809 26.732 9.5
      vertex -36.3984 26.5867 9.5
    endloop
  endfacet
  facet normal -0.831344 -0.555758 0
    outer loop
      vertex -36.7676 23.7825 9.5
      vertex -36.913 24 12.7
      vertex -36.913 24 9.5
    endloop
  endfacet
  facet normal -0.831344 -0.555758 0
    outer loop
      vertex -36.913 24 12.7
      vertex -36.7676 23.7825 9.5
      vertex -36.7676 23.7825 12.7
    endloop
  endfacet
  facet normal -0.831344 0.555758 0
    outer loop
      vertex -36.913 26 9.5
      vertex -36.7676 26.2175 12.7
      vertex -36.7676 26.2175 9.5
    endloop
  endfacet
  facet normal -0.831344 0.555758 0
    outer loop
      vertex -36.7676 26.2175 12.7
      vertex -36.913 26 9.5
      vertex -36.913 26 12.7
    endloop
  endfacet
  facet normal 0.751842 0.659343 0
    outer loop
      vertex -33.5942 26.2175 12.7
      vertex -33.7667 26.4142 9.5
      vertex -33.7667 26.4142 12.7
    endloop
  endfacet
  facet normal 0.751842 0.659343 0
    outer loop
      vertex -33.7667 26.4142 9.5
      vertex -33.5942 26.2175 12.7
      vertex -33.5942 26.2175 9.5
    endloop
  endfacet
  facet normal -0.321498 -0.94691 0
    outer loop
      vertex -35.9463 23.1522 9.5
      vertex -35.6986 23.0681 12.7
      vertex -35.9463 23.1522 12.7
    endloop
  endfacet
  facet normal -0.321498 -0.94691 -0
    outer loop
      vertex -35.6986 23.0681 12.7
      vertex -35.9463 23.1522 9.5
      vertex -35.6986 23.0681 9.5
    endloop
  endfacet
  facet normal -0.442621 -0.896709 0
    outer loop
      vertex -36.1809 23.268 9.5
      vertex -35.9463 23.1522 12.7
      vertex -36.1809 23.268 12.7
    endloop
  endfacet
  facet normal -0.442621 -0.896709 -0
    outer loop
      vertex -35.9463 23.1522 12.7
      vertex -36.1809 23.268 9.5
      vertex -35.9463 23.1522 9.5
    endloop
  endfacet
  facet normal -0.751842 0.659343 0
    outer loop
      vertex -36.7676 26.2175 9.5
      vertex -36.5951 26.4142 12.7
      vertex -36.5951 26.4142 9.5
    endloop
  endfacet
  facet normal -0.751842 0.659343 0
    outer loop
      vertex -36.5951 26.4142 12.7
      vertex -36.7676 26.2175 9.5
      vertex -36.7676 26.2175 12.7
    endloop
  endfacet
  facet normal -0.0653521 -0.997862 0
    outer loop
      vertex -35.442 23.0171 9.5
      vertex -35.1809 23 12.7
      vertex -35.442 23.0171 12.7
    endloop
  endfacet
  facet normal -0.0653521 -0.997862 -0
    outer loop
      vertex -35.1809 23 12.7
      vertex -35.442 23.0171 9.5
      vertex -35.1809 23 9.5
    endloop
  endfacet
  facet normal -0.659343 0.751842 0
    outer loop
      vertex -36.3984 26.5867 9.5
      vertex -36.5951 26.4142 12.7
      vertex -36.3984 26.5867 12.7
    endloop
  endfacet
  facet normal -0.659343 0.751842 0
    outer loop
      vertex -36.5951 26.4142 12.7
      vertex -36.3984 26.5867 9.5
      vertex -36.5951 26.4142 9.5
    endloop
  endfacet
  facet normal 0.997862 -0.0653521 0
    outer loop
      vertex -33.198 24.7389 12.7
      vertex -33.1809 25 9.5
      vertex -33.1809 25 12.7
    endloop
  endfacet
  facet normal 0.997862 -0.0653521 0
    outer loop
      vertex -33.1809 25 9.5
      vertex -33.198 24.7389 12.7
      vertex -33.198 24.7389 9.5
    endloop
  endfacet
  facet normal 0.659343 -0.751842 0
    outer loop
      vertex -33.9634 23.4133 9.5
      vertex -33.7667 23.5858 12.7
      vertex -33.9634 23.4133 12.7
    endloop
  endfacet
  facet normal 0.659343 -0.751842 0
    outer loop
      vertex -33.7667 23.5858 12.7
      vertex -33.9634 23.4133 9.5
      vertex -33.7667 23.5858 9.5
    endloop
  endfacet
  facet normal 0.555494 0.831521 -0
    outer loop
      vertex -33.9634 26.5867 9.5
      vertex -34.1809 26.732 12.7
      vertex -33.9634 26.5867 12.7
    endloop
  endfacet
  facet normal 0.555494 0.831521 0
    outer loop
      vertex -34.1809 26.732 12.7
      vertex -33.9634 26.5867 9.5
      vertex -34.1809 26.732 9.5
    endloop
  endfacet
  facet normal -0.89686 0.442314 0
    outer loop
      vertex -37.0287 25.7654 9.5
      vertex -36.913 26 12.7
      vertex -36.913 26 9.5
    endloop
  endfacet
  facet normal -0.89686 0.442314 0
    outer loop
      vertex -36.913 26 12.7
      vertex -37.0287 25.7654 9.5
      vertex -37.0287 25.7654 12.7
    endloop
  endfacet
  facet normal 0.0653771 -0.997861 0
    outer loop
      vertex -35.1809 23 9.5
      vertex -34.9199 23.0171 12.7
      vertex -35.1809 23 12.7
    endloop
  endfacet
  facet normal 0.0653771 -0.997861 0
    outer loop
      vertex -34.9199 23.0171 12.7
      vertex -35.1809 23 9.5
      vertex -34.9199 23.0171 9.5
    endloop
  endfacet
  facet normal -0.19494 -0.980815 0
    outer loop
      vertex -35.6986 23.0681 9.5
      vertex -35.442 23.0171 12.7
      vertex -35.6986 23.0681 12.7
    endloop
  endfacet
  facet normal -0.19494 -0.980815 -0
    outer loop
      vertex -35.442 23.0171 12.7
      vertex -35.6986 23.0681 9.5
      vertex -35.442 23.0171 9.5
    endloop
  endfacet
  facet normal -0.442621 0.896709 0
    outer loop
      vertex -35.9463 26.8478 9.5
      vertex -36.1809 26.732 12.7
      vertex -35.9463 26.8478 12.7
    endloop
  endfacet
  facet normal -0.442621 0.896709 0
    outer loop
      vertex -36.1809 26.732 12.7
      vertex -35.9463 26.8478 9.5
      vertex -36.1809 26.732 9.5
    endloop
  endfacet
  facet normal -0.89686 -0.442314 0
    outer loop
      vertex -36.913 24 9.5
      vertex -37.0287 24.2346 12.7
      vertex -37.0287 24.2346 9.5
    endloop
  endfacet
  facet normal -0.89686 -0.442314 0
    outer loop
      vertex -37.0287 24.2346 12.7
      vertex -36.913 24 9.5
      vertex -36.913 24 12.7
    endloop
  endfacet
  facet normal -0.980801 -0.195013 0
    outer loop
      vertex -37.1128 24.4824 9.5
      vertex -37.1638 24.7389 12.7
      vertex -37.1638 24.7389 9.5
    endloop
  endfacet
  facet normal -0.980801 -0.195013 0
    outer loop
      vertex -37.1638 24.7389 12.7
      vertex -37.1128 24.4824 9.5
      vertex -37.1128 24.4824 12.7
    endloop
  endfacet
  facet normal 0.980727 -0.195381 0
    outer loop
      vertex -33.2491 24.4824 12.7
      vertex -33.198 24.7389 9.5
      vertex -33.198 24.7389 12.7
    endloop
  endfacet
  facet normal 0.980727 -0.195381 0
    outer loop
      vertex -33.198 24.7389 9.5
      vertex -33.2491 24.4824 12.7
      vertex -33.2491 24.4824 9.5
    endloop
  endfacet
  facet normal 0.19494 -0.980815 0
    outer loop
      vertex -34.9199 23.0171 9.5
      vertex -34.6633 23.0681 12.7
      vertex -34.9199 23.0171 12.7
    endloop
  endfacet
  facet normal 0.19494 -0.980815 0
    outer loop
      vertex -34.6633 23.0681 12.7
      vertex -34.9199 23.0171 9.5
      vertex -34.6633 23.0681 9.5
    endloop
  endfacet
  facet normal -0.19494 0.980815 0
    outer loop
      vertex -35.442 26.9829 9.5
      vertex -35.6986 26.9319 12.7
      vertex -35.442 26.9829 12.7
    endloop
  endfacet
  facet normal -0.19494 0.980815 0
    outer loop
      vertex -35.6986 26.9319 12.7
      vertex -35.442 26.9829 9.5
      vertex -35.6986 26.9319 9.5
    endloop
  endfacet
  facet normal -0.94695 0.321382 0
    outer loop
      vertex -37.1128 25.5176 9.5
      vertex -37.0287 25.7654 12.7
      vertex -37.0287 25.7654 9.5
    endloop
  endfacet
  facet normal -0.94695 0.321382 0
    outer loop
      vertex -37.0287 25.7654 12.7
      vertex -37.1128 25.5176 9.5
      vertex -37.1128 25.5176 12.7
    endloop
  endfacet
  facet normal -0.751842 -0.659343 0
    outer loop
      vertex -36.5951 23.5858 9.5
      vertex -36.7676 23.7825 12.7
      vertex -36.7676 23.7825 9.5
    endloop
  endfacet
  facet normal -0.751842 -0.659343 0
    outer loop
      vertex -36.7676 23.7825 12.7
      vertex -36.5951 23.5858 9.5
      vertex -36.5951 23.5858 12.7
    endloop
  endfacet
  facet normal 0.831521 -0.555494 0
    outer loop
      vertex -33.5942 23.7825 12.7
      vertex -33.4489 24 9.5
      vertex -33.4489 24 12.7
    endloop
  endfacet
  facet normal 0.831521 -0.555494 0
    outer loop
      vertex -33.4489 24 9.5
      vertex -33.5942 23.7825 12.7
      vertex -33.5942 23.7825 9.5
    endloop
  endfacet
  facet normal 0.0653771 0.997861 -0
    outer loop
      vertex -34.9199 26.9829 9.5
      vertex -35.1809 27 12.7
      vertex -34.9199 26.9829 12.7
    endloop
  endfacet
  facet normal 0.0653771 0.997861 0
    outer loop
      vertex -35.1809 27 12.7
      vertex -34.9199 26.9829 9.5
      vertex -35.1809 27 9.5
    endloop
  endfacet
  facet normal 0.321498 -0.94691 0
    outer loop
      vertex -34.6633 23.0681 9.5
      vertex -34.4156 23.1522 12.7
      vertex -34.6633 23.0681 12.7
    endloop
  endfacet
  facet normal 0.321498 -0.94691 0
    outer loop
      vertex -34.4156 23.1522 12.7
      vertex -34.6633 23.0681 9.5
      vertex -34.4156 23.1522 9.5
    endloop
  endfacet
  facet normal 0.442469 0.896784 -0
    outer loop
      vertex -34.1809 26.732 9.5
      vertex -34.4156 26.8478 12.7
      vertex -34.1809 26.732 12.7
    endloop
  endfacet
  facet normal 0.442469 0.896784 0
    outer loop
      vertex -34.4156 26.8478 12.7
      vertex -34.1809 26.732 9.5
      vertex -34.4156 26.8478 9.5
    endloop
  endfacet
  facet normal 0.442469 -0.896784 0
    outer loop
      vertex -34.4156 23.1522 9.5
      vertex -34.1809 23.268 12.7
      vertex -34.4156 23.1522 12.7
    endloop
  endfacet
  facet normal 0.442469 -0.896784 0
    outer loop
      vertex -34.1809 23.268 12.7
      vertex -34.4156 23.1522 9.5
      vertex -34.1809 23.268 9.5
    endloop
  endfacet
  facet normal 0.89686 -0.442314 0
    outer loop
      vertex -33.4489 24 12.7
      vertex -33.3332 24.2346 9.5
      vertex -33.3332 24.2346 12.7
    endloop
  endfacet
  facet normal 0.89686 -0.442314 0
    outer loop
      vertex -33.3332 24.2346 9.5
      vertex -33.4489 24 12.7
      vertex -33.4489 24 9.5
    endloop
  endfacet
  facet normal 0.555494 -0.831521 0
    outer loop
      vertex -34.1809 23.268 9.5
      vertex -33.9634 23.4133 12.7
      vertex -34.1809 23.268 12.7
    endloop
  endfacet
  facet normal 0.555494 -0.831521 0
    outer loop
      vertex -33.9634 23.4133 12.7
      vertex -34.1809 23.268 9.5
      vertex -33.9634 23.4133 9.5
    endloop
  endfacet
  facet normal -0 0 1
    outer loop
      vertex -33.2077 25.2558 12.7
      vertex -33.1809 25 12.7
      vertex -33.198 25.2611 12.7
    endloop
  endfacet
  facet normal 0 0 1
    outer loop
      vertex -33.1809 25 12.7
      vertex -33.2077 25.2558 12.7
      vertex -33.1909 25 12.7
    endloop
  endfacet
  facet normal 0 0 1
    outer loop
      vertex -33.198 25.2611 12.7
      vertex -33.208 25.2597 12.7
      vertex -33.2077 25.2558 12.7
    endloop
  endfacet
  facet normal -0 0 1
    outer loop
      vertex -33.258 25.5112 12.7
      vertex -33.198 25.2611 12.7
      vertex -33.2491 25.5176 12.7
    endloop
  endfacet
  facet normal 0 0 1
    outer loop
      vertex -33.198 25.2611 12.7
      vertex -33.258 25.5112 12.7
      vertex -33.208 25.2597 12.7
    endloop
  endfacet
  facet normal 0 0 1
    outer loop
      vertex -33.2491 25.5176 12.7
      vertex -33.2587 25.515 12.7
      vertex -33.258 25.5112 12.7
    endloop
  endfacet
  facet normal 0 0 1
    outer loop
      vertex -33.2491 25.5176 12.7
      vertex -33.26 25.5188 12.7
      vertex -33.2587 25.515 12.7
    endloop
  endfacet
  facet normal 0 0 1
    outer loop
      vertex -33.3332 25.7654 12.7
      vertex -33.26 25.5188 12.7
      vertex -33.2491 25.5176 12.7
    endloop
  endfacet
  facet normal 0 0 1
    outer loop
      vertex -33.3332 25.7654 12.7
      vertex -33.3424 25.7615 12.7
      vertex -33.26 25.5188 12.7
    endloop
  endfacet
  facet normal 0 0 1
    outer loop
      vertex -33.3332 25.7654 12.7
      vertex -33.3441 25.7651 12.7
      vertex -33.3424 25.7615 12.7
    endloop
  endfacet
  facet normal 0 0 1
    outer loop
      vertex -33.4489 26 12.7
      vertex -33.3441 25.7651 12.7
      vertex -33.3332 25.7654 12.7
    endloop
  endfacet
  facet normal 0 0 1
    outer loop
      vertex -33.4489 26 12.7
      vertex -33.4575 25.995 12.7
      vertex -33.3441 25.7651 12.7
    endloop
  endfacet
  facet normal -0 0 1
    outer loop
      vertex -33.6 26.2082 12.7
      vertex -33.4489 26 12.7
      vertex -33.5942 26.2175 12.7
    endloop
  endfacet
  facet normal 0 0 1
    outer loop
      vertex -33.4489 26 12.7
      vertex -33.6 26.2082 12.7
      vertex -33.4575 25.995 12.7
    endloop
  endfacet
  facet normal 0 0 1
    outer loop
      vertex -33.5942 26.2175 12.7
      vertex -33.6021 26.2114 12.7
      vertex -33.6 26.2082 12.7
    endloop
  endfacet
  facet normal 0 0 1
    outer loop
      vertex -33.5942 26.2175 12.7
      vertex -33.6047 26.2144 12.7
      vertex -33.6021 26.2114 12.7
    endloop
  endfacet
  facet normal 0 0 1
    outer loop
      vertex -33.7667 26.4142 12.7
      vertex -33.6047 26.2144 12.7
      vertex -33.5942 26.2175 12.7
    endloop
  endfacet
  facet normal 0 0 1
    outer loop
      vertex -33.7667 26.4142 12.7
      vertex -33.7738 26.4071 12.7
      vertex -33.6047 26.2144 12.7
    endloop
  endfacet
  facet normal -0 0 1
    outer loop
      vertex -33.9665 26.5762 12.7
      vertex -33.7667 26.4142 12.7
      vertex -33.9634 26.5867 12.7
    endloop
  endfacet
  facet normal 0 0 1
    outer loop
      vertex -33.7667 26.4142 12.7
      vertex -33.9665 26.5762 12.7
      vertex -33.7738 26.4071 12.7
    endloop
  endfacet
  facet normal 0 0 1
    outer loop
      vertex -33.9634 26.5867 12.7
      vertex -33.9695 26.5788 12.7
      vertex -33.9665 26.5762 12.7
    endloop
  endfacet
  facet normal 0 0 1
    outer loop
      vertex -33.9634 26.5867 12.7
      vertex -33.9728 26.581 12.7
      vertex -33.9695 26.5788 12.7
    endloop
  endfacet
  facet normal 0 0 1
    outer loop
      vertex -34.1809 26.732 12.7
      vertex -33.9728 26.581 12.7
      vertex -33.9634 26.5867 12.7
    endloop
  endfacet
  facet normal 0 0 1
    outer loop
      vertex -34.1809 26.732 12.7
      vertex -34.1859 26.7234 12.7
      vertex -33.9728 26.581 12.7
    endloop
  endfacet
  facet normal -0 0 1
    outer loop
      vertex -34.4159 26.8368 12.7
      vertex -34.1809 26.732 12.7
      vertex -34.4156 26.8478 12.7
    endloop
  endfacet
  facet normal 0 0 1
    outer loop
      vertex -34.1809 26.732 12.7
      vertex -34.4159 26.8368 12.7
      vertex -34.1859 26.7234 12.7
    endloop
  endfacet
  facet normal 0 0 1
    outer loop
      vertex -34.4156 26.8478 12.7
      vertex -34.4194 26.8385 12.7
      vertex -34.4159 26.8368 12.7
    endloop
  endfacet
  facet normal 0 0 1
    outer loop
      vertex -34.4156 26.8478 12.7
      vertex -34.6622 26.9209 12.7
      vertex -34.4194 26.8385 12.7
    endloop
  endfacet
  facet normal 0 0 1
    outer loop
      vertex -34.6633 26.9319 12.7
      vertex -34.6622 26.9209 12.7
      vertex -34.4156 26.8478 12.7
    endloop
  endfacet
  facet normal 0 0 1
    outer loop
      vertex -34.6633 26.9319 12.7
      vertex -34.6659 26.9222 12.7
      vertex -34.6622 26.9209 12.7
    endloop
  endfacet
  facet normal 0 0 1
    outer loop
      vertex -34.6633 26.9319 12.7
      vertex -34.6697 26.923 12.7
      vertex -34.6659 26.9222 12.7
    endloop
  endfacet
  facet normal 0 0 1
    outer loop
      vertex -34.9199 26.9829 12.7
      vertex -34.6697 26.923 12.7
      vertex -34.6633 26.9319 12.7
    endloop
  endfacet
  facet normal 0 0 1
    outer loop
      vertex -34.9199 26.9829 12.7
      vertex -34.9212 26.973 12.7
      vertex -34.6697 26.923 12.7
    endloop
  endfacet
  facet normal 0 0 1
    outer loop
      vertex -34.9199 26.9829 12.7
      vertex -34.9251 26.9732 12.7
      vertex -34.9212 26.973 12.7
    endloop
  endfacet
  facet normal 0 0 1
    outer loop
      vertex -35.1809 27 12.7
      vertex -34.9251 26.9732 12.7
      vertex -34.9199 26.9829 12.7
    endloop
  endfacet
  facet normal 0 0 1
    outer loop
      vertex -35.1809 27 12.7
      vertex -35.1809 26.99 12.7
      vertex -34.9251 26.9732 12.7
    endloop
  endfacet
  facet normal 0 0 1
    outer loop
      vertex -35.1809 27 12.7
      vertex -35.4368 26.9732 12.7
      vertex -35.1809 26.99 12.7
    endloop
  endfacet
  facet normal -0 0 1
    outer loop
      vertex -35.442 26.9829 12.7
      vertex -35.4368 26.9732 12.7
      vertex -35.1809 27 12.7
    endloop
  endfacet
  facet normal 0 0 1
    outer loop
      vertex -35.4368 26.9732 12.7
      vertex -35.442 26.9829 12.7
      vertex -35.4407 26.973 12.7
    endloop
  endfacet
  facet normal 0 0 1
    outer loop
      vertex -35.442 26.9829 12.7
      vertex -35.6921 26.923 12.7
      vertex -35.4407 26.973 12.7
    endloop
  endfacet
  facet normal -0 0 1
    outer loop
      vertex -35.6986 26.9319 12.7
      vertex -35.6921 26.923 12.7
      vertex -35.442 26.9829 12.7
    endloop
  endfacet
  facet normal 0 0 1
    outer loop
      vertex -35.6921 26.923 12.7
      vertex -35.6986 26.9319 12.7
      vertex -35.696 26.9222 12.7
    endloop
  endfacet
  facet normal 0 0 1
    outer loop
      vertex -35.6986 26.9319 12.7
      vertex -35.6997 26.9209 12.7
      vertex -35.696 26.9222 12.7
    endloop
  endfacet
  facet normal 0 0 1
    outer loop
      vertex -35.9463 26.8478 12.7
      vertex -35.6997 26.9209 12.7
      vertex -35.6986 26.9319 12.7
    endloop
  endfacet
  facet normal 0 0 1
    outer loop
      vertex -35.6997 26.9209 12.7
      vertex -35.9463 26.8478 12.7
      vertex -35.9425 26.8385 12.7
    endloop
  endfacet
  facet normal 0 0 1
    outer loop
      vertex -35.9463 26.8478 12.7
      vertex -35.946 26.8368 12.7
      vertex -35.9425 26.8385 12.7
    endloop
  endfacet
  facet normal 0 0 1
    outer loop
      vertex -36.1809 26.732 12.7
      vertex -35.946 26.8368 12.7
      vertex -35.9463 26.8478 12.7
    endloop
  endfacet
  facet normal 0 0 1
    outer loop
      vertex -35.946 26.8368 12.7
      vertex -36.1809 26.732 12.7
      vertex -36.1759 26.7234 12.7
    endloop
  endfacet
  facet normal 0 0 1
    outer loop
      vertex -36.1809 26.732 12.7
      vertex -36.3891 26.581 12.7
      vertex -36.1759 26.7234 12.7
    endloop
  endfacet
  facet normal -0 0 1
    outer loop
      vertex -36.3984 26.5867 12.7
      vertex -36.3891 26.581 12.7
      vertex -36.1809 26.732 12.7
    endloop
  endfacet
  facet normal 0 0 1
    outer loop
      vertex -36.3891 26.581 12.7
      vertex -36.3984 26.5867 12.7
      vertex -36.3924 26.5788 12.7
    endloop
  endfacet
  facet normal 0 0 1
    outer loop
      vertex -36.3984 26.5867 12.7
      vertex -36.3953 26.5762 12.7
      vertex -36.3924 26.5788 12.7
    endloop
  endfacet
  facet normal 0 0 1
    outer loop
      vertex -36.5951 26.4142 12.7
      vertex -36.3953 26.5762 12.7
      vertex -36.3984 26.5867 12.7
    endloop
  endfacet
  facet normal 0 0 1
    outer loop
      vertex -36.3953 26.5762 12.7
      vertex -36.5951 26.4142 12.7
      vertex -36.5881 26.4071 12.7
    endloop
  endfacet
  facet normal 0 0 1
    outer loop
      vertex -36.5951 26.4142 12.7
      vertex -36.7571 26.2144 12.7
      vertex -36.5881 26.4071 12.7
    endloop
  endfacet
  facet normal -0 0 1
    outer loop
      vertex -36.7676 26.2175 12.7
      vertex -36.7571 26.2144 12.7
      vertex -36.5951 26.4142 12.7
    endloop
  endfacet
  facet normal 0 0 1
    outer loop
      vertex -36.7571 26.2144 12.7
      vertex -36.7676 26.2175 12.7
      vertex -36.7597 26.2114 12.7
    endloop
  endfacet
  facet normal 0 0 1
    outer loop
      vertex -36.7676 26.2175 12.7
      vertex -36.7619 26.2082 12.7
      vertex -36.7597 26.2114 12.7
    endloop
  endfacet
  facet normal 0 0 1
    outer loop
      vertex -36.913 26 12.7
      vertex -36.7619 26.2082 12.7
      vertex -36.7676 26.2175 12.7
    endloop
  endfacet
  facet normal 0 0 1
    outer loop
      vertex -36.7619 26.2082 12.7
      vertex -36.913 26 12.7
      vertex -36.9043 25.995 12.7
    endloop
  endfacet
  facet normal 0 0 1
    outer loop
      vertex -36.913 26 12.7
      vertex -37.0177 25.7651 12.7
      vertex -36.9043 25.995 12.7
    endloop
  endfacet
  facet normal -0 0 1
    outer loop
      vertex -37.0287 25.7654 12.7
      vertex -37.0177 25.7651 12.7
      vertex -36.913 26 12.7
    endloop
  endfacet
  facet normal 0 0 1
    outer loop
      vertex -37.0177 25.7651 12.7
      vertex -37.0287 25.7654 12.7
      vertex -37.0194 25.7615 12.7
    endloop
  endfacet
  facet normal 0 0 1
    outer loop
      vertex -37.0287 25.7654 12.7
      vertex -37.1019 25.5188 12.7
      vertex -37.0194 25.7615 12.7
    endloop
  endfacet
  facet normal 0 0 1
    outer loop
      vertex -37.1128 25.5176 12.7
      vertex -37.1019 25.5188 12.7
      vertex -37.0287 25.7654 12.7
    endloop
  endfacet
  facet normal 0 0 1
    outer loop
      vertex -37.1019 25.5188 12.7
      vertex -37.1128 25.5176 12.7
      vertex -37.1031 25.515 12.7
    endloop
  endfacet
  facet normal 0 0 1
    outer loop
      vertex -37.1128 25.5176 12.7
      vertex -37.1039 25.5112 12.7
      vertex -37.1031 25.515 12.7
    endloop
  endfacet
  facet normal 0 0 1
    outer loop
      vertex -37.1638 25.2611 12.7
      vertex -37.1039 25.5112 12.7
      vertex -37.1128 25.5176 12.7
    endloop
  endfacet
  facet normal 0 0 1
    outer loop
      vertex -37.1039 25.5112 12.7
      vertex -37.1638 25.2611 12.7
      vertex -37.1539 25.2597 12.7
    endloop
  endfacet
  facet normal 0 0 1
    outer loop
      vertex -37.1638 25.2611 12.7
      vertex -37.1542 25.2558 12.7
      vertex -37.1539 25.2597 12.7
    endloop
  endfacet
  facet normal 0 0 1
    outer loop
      vertex -37.1809 25 12.7
      vertex -37.1542 25.2558 12.7
      vertex -37.1638 25.2611 12.7
    endloop
  endfacet
  facet normal 0 0 1
    outer loop
      vertex -37.1542 25.2558 12.7
      vertex -37.1809 25 12.7
      vertex -37.1709 25 12.7
    endloop
  endfacet
  facet normal 0 0 1
    outer loop
      vertex -33.2077 24.7442 12.7
      vertex -33.1809 25 12.7
      vertex -33.1909 25 12.7
    endloop
  endfacet
  facet normal 0 0 1
    outer loop
      vertex -33.1809 25 12.7
      vertex -33.2077 24.7442 12.7
      vertex -33.198 24.7389 12.7
    endloop
  endfacet
  facet normal -0 0 1
    outer loop
      vertex -33.208 24.7403 12.7
      vertex -33.198 24.7389 12.7
      vertex -33.2077 24.7442 12.7
    endloop
  endfacet
  facet normal 0 0 1
    outer loop
      vertex -33.258 24.4888 12.7
      vertex -33.198 24.7389 12.7
      vertex -33.208 24.7403 12.7
    endloop
  endfacet
  facet normal 0 0 1
    outer loop
      vertex -33.198 24.7389 12.7
      vertex -33.258 24.4888 12.7
      vertex -33.2491 24.4824 12.7
    endloop
  endfacet
  facet normal -0 0 1
    outer loop
      vertex -33.2587 24.485 12.7
      vertex -33.2491 24.4824 12.7
      vertex -33.258 24.4888 12.7
    endloop
  endfacet
  facet normal 0 0 1
    outer loop
      vertex -33.26 24.4812 12.7
      vertex -33.2491 24.4824 12.7
      vertex -33.2587 24.485 12.7
    endloop
  endfacet
  facet normal -0 0 1
    outer loop
      vertex -33.26 24.4812 12.7
      vertex -33.3332 24.2346 12.7
      vertex -33.2491 24.4824 12.7
    endloop
  endfacet
  facet normal -0 0 1
    outer loop
      vertex -33.3424 24.2385 12.7
      vertex -33.3332 24.2346 12.7
      vertex -33.26 24.4812 12.7
    endloop
  endfacet
  facet normal -0 0 1
    outer loop
      vertex -33.3441 24.2349 12.7
      vertex -33.3332 24.2346 12.7
      vertex -33.3424 24.2385 12.7
    endloop
  endfacet
  facet normal 0 0 1
    outer loop
      vertex -33.3441 24.2349 12.7
      vertex -33.4489 24 12.7
      vertex -33.3332 24.2346 12.7
    endloop
  endfacet
  facet normal -0 0 1
    outer loop
      vertex -33.4575 24.005 12.7
      vertex -33.4489 24 12.7
      vertex -33.3441 24.2349 12.7
    endloop
  endfacet
  facet normal 0 0 1
    outer loop
      vertex -33.6 23.7918 12.7
      vertex -33.4489 24 12.7
      vertex -33.4575 24.005 12.7
    endloop
  endfacet
  facet normal 0 0 1
    outer loop
      vertex -33.4489 24 12.7
      vertex -33.6 23.7918 12.7
      vertex -33.5942 23.7825 12.7
    endloop
  endfacet
  facet normal -0 0 1
    outer loop
      vertex -33.6021 23.7886 12.7
      vertex -33.5942 23.7825 12.7
      vertex -33.6 23.7918 12.7
    endloop
  endfacet
  facet normal -0 0 1
    outer loop
      vertex -33.6047 23.7856 12.7
      vertex -33.5942 23.7825 12.7
      vertex -33.6021 23.7886 12.7
    endloop
  endfacet
  facet normal 0 0 1
    outer loop
      vertex -33.6047 23.7856 12.7
      vertex -33.7667 23.5858 12.7
      vertex -33.5942 23.7825 12.7
    endloop
  endfacet
  facet normal -0 0 1
    outer loop
      vertex -33.7738 23.5929 12.7
      vertex -33.7667 23.5858 12.7
      vertex -33.6047 23.7856 12.7
    endloop
  endfacet
  facet normal 0 0 1
    outer loop
      vertex -33.9665 23.4238 12.7
      vertex -33.7667 23.5858 12.7
      vertex -33.7738 23.5929 12.7
    endloop
  endfacet
  facet normal 0 0 1
    outer loop
      vertex -33.7667 23.5858 12.7
      vertex -33.9665 23.4238 12.7
      vertex -33.9634 23.4133 12.7
    endloop
  endfacet
  facet normal -0 0 1
    outer loop
      vertex -33.9695 23.4212 12.7
      vertex -33.9634 23.4133 12.7
      vertex -33.9665 23.4238 12.7
    endloop
  endfacet
  facet normal -0 0 1
    outer loop
      vertex -33.9728 23.419 12.7
      vertex -33.9634 23.4133 12.7
      vertex -33.9695 23.4212 12.7
    endloop
  endfacet
  facet normal 0 0 1
    outer loop
      vertex -33.9728 23.419 12.7
      vertex -34.1809 23.268 12.7
      vertex -33.9634 23.4133 12.7
    endloop
  endfacet
  facet normal -0 0 1
    outer loop
      vertex -34.1859 23.2766 12.7
      vertex -34.1809 23.268 12.7
      vertex -33.9728 23.419 12.7
    endloop
  endfacet
  facet normal 0 0 1
    outer loop
      vertex -34.4159 23.1632 12.7
      vertex -34.1809 23.268 12.7
      vertex -34.1859 23.2766 12.7
    endloop
  endfacet
  facet normal 0 0 1
    outer loop
      vertex -34.1809 23.268 12.7
      vertex -34.4159 23.1632 12.7
      vertex -34.4156 23.1522 12.7
    endloop
  endfacet
  facet normal -0 0 1
    outer loop
      vertex -34.4194 23.1615 12.7
      vertex -34.4156 23.1522 12.7
      vertex -34.4159 23.1632 12.7
    endloop
  endfacet
  facet normal 0 0 1
    outer loop
      vertex -34.6622 23.0791 12.7
      vertex -34.4156 23.1522 12.7
      vertex -34.4194 23.1615 12.7
    endloop
  endfacet
  facet normal -0 0 1
    outer loop
      vertex -34.6622 23.0791 12.7
      vertex -34.6633 23.0681 12.7
      vertex -34.4156 23.1522 12.7
    endloop
  endfacet
  facet normal -0 0 1
    outer loop
      vertex -34.6659 23.0778 12.7
      vertex -34.6633 23.0681 12.7
      vertex -34.6622 23.0791 12.7
    endloop
  endfacet
  facet normal -0 0 1
    outer loop
      vertex -34.6697 23.077 12.7
      vertex -34.6633 23.0681 12.7
      vertex -34.6659 23.0778 12.7
    endloop
  endfacet
  facet normal 0 0 1
    outer loop
      vertex -34.6697 23.077 12.7
      vertex -34.9199 23.0171 12.7
      vertex -34.6633 23.0681 12.7
    endloop
  endfacet
  facet normal -0 0 1
    outer loop
      vertex -34.9212 23.027 12.7
      vertex -34.9199 23.0171 12.7
      vertex -34.6697 23.077 12.7
    endloop
  endfacet
  facet normal -0 0 1
    outer loop
      vertex -34.9251 23.0268 12.7
      vertex -34.9199 23.0171 12.7
      vertex -34.9212 23.027 12.7
    endloop
  endfacet
  facet normal 0 0 1
    outer loop
      vertex -35.1809 23 12.7
      vertex -34.9251 23.0268 12.7
      vertex -35.1809 23.01 12.7
    endloop
  endfacet
  facet normal 0 0 1
    outer loop
      vertex -34.9251 23.0268 12.7
      vertex -35.1809 23 12.7
      vertex -34.9199 23.0171 12.7
    endloop
  endfacet
  facet normal 0 0 1
    outer loop
      vertex -35.4368 23.0268 12.7
      vertex -35.1809 23 12.7
      vertex -35.1809 23.01 12.7
    endloop
  endfacet
  facet normal 0 0 1
    outer loop
      vertex -35.442 23.0171 12.7
      vertex -35.4368 23.0268 12.7
      vertex -35.4407 23.027 12.7
    endloop
  endfacet
  facet normal 0 0 1
    outer loop
      vertex -35.4368 23.0268 12.7
      vertex -35.442 23.0171 12.7
      vertex -35.1809 23 12.7
    endloop
  endfacet
  facet normal 0 0 1
    outer loop
      vertex -35.6921 23.077 12.7
      vertex -35.442 23.0171 12.7
      vertex -35.4407 23.027 12.7
    endloop
  endfacet
  facet normal 0 0 1
    outer loop
      vertex -35.6986 23.0681 12.7
      vertex -35.6921 23.077 12.7
      vertex -35.696 23.0778 12.7
    endloop
  endfacet
  facet normal 0 0 1
    outer loop
      vertex -35.6921 23.077 12.7
      vertex -35.6986 23.0681 12.7
      vertex -35.442 23.0171 12.7
    endloop
  endfacet
  facet normal 0 0 1
    outer loop
      vertex -35.6997 23.0791 12.7
      vertex -35.6986 23.0681 12.7
      vertex -35.696 23.0778 12.7
    endloop
  endfacet
  facet normal -0 0 1
    outer loop
      vertex -35.9463 23.1522 12.7
      vertex -35.6997 23.0791 12.7
      vertex -35.9425 23.1615 12.7
    endloop
  endfacet
  facet normal 0 0 1
    outer loop
      vertex -35.6997 23.0791 12.7
      vertex -35.9463 23.1522 12.7
      vertex -35.6986 23.0681 12.7
    endloop
  endfacet
  facet normal 0 0 1
    outer loop
      vertex -35.946 23.1632 12.7
      vertex -35.9463 23.1522 12.7
      vertex -35.9425 23.1615 12.7
    endloop
  endfacet
  facet normal -0 0 1
    outer loop
      vertex -36.1809 23.268 12.7
      vertex -35.946 23.1632 12.7
      vertex -36.1759 23.2766 12.7
    endloop
  endfacet
  facet normal 0 0 1
    outer loop
      vertex -35.946 23.1632 12.7
      vertex -36.1809 23.268 12.7
      vertex -35.9463 23.1522 12.7
    endloop
  endfacet
  facet normal 0 0 1
    outer loop
      vertex -36.3891 23.419 12.7
      vertex -36.1809 23.268 12.7
      vertex -36.1759 23.2766 12.7
    endloop
  endfacet
  facet normal 0 0 1
    outer loop
      vertex -36.3984 23.4133 12.7
      vertex -36.3891 23.419 12.7
      vertex -36.3924 23.4212 12.7
    endloop
  endfacet
  facet normal 0 0 1
    outer loop
      vertex -36.3891 23.419 12.7
      vertex -36.3984 23.4133 12.7
      vertex -36.1809 23.268 12.7
    endloop
  endfacet
  facet normal 0 0 1
    outer loop
      vertex -36.3953 23.4238 12.7
      vertex -36.3984 23.4133 12.7
      vertex -36.3924 23.4212 12.7
    endloop
  endfacet
  facet normal -0 0 1
    outer loop
      vertex -36.5951 23.5858 12.7
      vertex -36.3953 23.4238 12.7
      vertex -36.5881 23.5929 12.7
    endloop
  endfacet
  facet normal 0 0 1
    outer loop
      vertex -36.3953 23.4238 12.7
      vertex -36.5951 23.5858 12.7
      vertex -36.3984 23.4133 12.7
    endloop
  endfacet
  facet normal 0 0 1
    outer loop
      vertex -36.7571 23.7856 12.7
      vertex -36.5951 23.5858 12.7
      vertex -36.5881 23.5929 12.7
    endloop
  endfacet
  facet normal 0 0 1
    outer loop
      vertex -36.7676 23.7825 12.7
      vertex -36.7571 23.7856 12.7
      vertex -36.7597 23.7886 12.7
    endloop
  endfacet
  facet normal 0 0 1
    outer loop
      vertex -36.7571 23.7856 12.7
      vertex -36.7676 23.7825 12.7
      vertex -36.5951 23.5858 12.7
    endloop
  endfacet
  facet normal 0 0 1
    outer loop
      vertex -36.7619 23.7918 12.7
      vertex -36.7676 23.7825 12.7
      vertex -36.7597 23.7886 12.7
    endloop
  endfacet
  facet normal -0 0 1
    outer loop
      vertex -36.913 24 12.7
      vertex -36.7619 23.7918 12.7
      vertex -36.9043 24.005 12.7
    endloop
  endfacet
  facet normal 0 0 1
    outer loop
      vertex -36.7619 23.7918 12.7
      vertex -36.913 24 12.7
      vertex -36.7676 23.7825 12.7
    endloop
  endfacet
  facet normal 0 0 1
    outer loop
      vertex -37.0177 24.2349 12.7
      vertex -36.913 24 12.7
      vertex -36.9043 24.005 12.7
    endloop
  endfacet
  facet normal 0 0 1
    outer loop
      vertex -37.0287 24.2346 12.7
      vertex -37.0177 24.2349 12.7
      vertex -37.0194 24.2385 12.7
    endloop
  endfacet
  facet normal 0 0 1
    outer loop
      vertex -37.0177 24.2349 12.7
      vertex -37.0287 24.2346 12.7
      vertex -36.913 24 12.7
    endloop
  endfacet
  facet normal 0 0 1
    outer loop
      vertex -37.1019 24.4812 12.7
      vertex -37.0287 24.2346 12.7
      vertex -37.0194 24.2385 12.7
    endloop
  endfacet
  facet normal -0 0 1
    outer loop
      vertex -37.1128 24.4824 12.7
      vertex -37.1019 24.4812 12.7
      vertex -37.1031 24.485 12.7
    endloop
  endfacet
  facet normal 0 0 1
    outer loop
      vertex -37.1019 24.4812 12.7
      vertex -37.1128 24.4824 12.7
      vertex -37.0287 24.2346 12.7
    endloop
  endfacet
  facet normal 0 0 1
    outer loop
      vertex -37.1039 24.4888 12.7
      vertex -37.1128 24.4824 12.7
      vertex -37.1031 24.485 12.7
    endloop
  endfacet
  facet normal -0 0 1
    outer loop
      vertex -37.1638 24.7389 12.7
      vertex -37.1039 24.4888 12.7
      vertex -37.1539 24.7403 12.7
    endloop
  endfacet
  facet normal 0 0 1
    outer loop
      vertex -37.1039 24.4888 12.7
      vertex -37.1638 24.7389 12.7
      vertex -37.1128 24.4824 12.7
    endloop
  endfacet
  facet normal 0 0 1
    outer loop
      vertex -37.1542 24.7442 12.7
      vertex -37.1638 24.7389 12.7
      vertex -37.1539 24.7403 12.7
    endloop
  endfacet
  facet normal -0 0 1
    outer loop
      vertex -37.1809 25 12.7
      vertex -37.1542 24.7442 12.7
      vertex -37.1709 25 12.7
    endloop
  endfacet
  facet normal 0 0 1
    outer loop
      vertex -37.1542 24.7442 12.7
      vertex -37.1809 25 12.7
      vertex -37.1638 24.7389 12.7
    endloop
  endfacet
  facet normal -0.706355 0.0461146 0.706355
    outer loop
      vertex -37.1709 25 12.7
      vertex -36.6809 25 13.19
      vertex -37.1542 25.2558 12.7
    endloop
  endfacet
  facet normal -0.634951 0.312786 0.706401
    outer loop
      vertex -37.0177 25.7651 12.7
      vertex -36.5667 25.574 13.19
      vertex -36.48 25.75 13.19
    endloop
  endfacet
  facet normal -0.639781 0.302119 0.706686
    outer loop
      vertex -36.5667 25.574 13.19
      vertex -37.0177 25.7651 12.7
      vertex -37.0194 25.7615 12.7
    endloop
  endfacet
  facet normal 0.532071 0.466908 0.706326
    outer loop
      vertex -34.1203 26.0607 13.19
      vertex -33.6047 26.2144 12.7
      vertex -33.7738 26.4071 12.7
    endloop
  endfacet
  facet normal 0.670288 -0.227572 0.706346
    outer loop
      vertex -33.7951 24.426 13.19
      vertex -33.3424 24.2385 12.7
      vertex -33.26 24.4812 12.7
    endloop
  endfacet
  facet normal -0.31308 -0.634817 0.706391
    outer loop
      vertex -35.946 23.1632 12.7
      vertex -35.7549 23.6142 13.19
      vertex -35.9309 23.701 13.19
    endloop
  endfacet
  facet normal -0.309199 -0.636587 0.706508
    outer loop
      vertex -35.7549 23.6142 13.19
      vertex -35.946 23.1632 12.7
      vertex -35.9425 23.1615 12.7
    endloop
  endfacet
  facet normal -0.46678 0.532201 0.706314
    outer loop
      vertex -36.5881 26.4071 12.7
      vertex -36.2416 26.0607 13.19
      vertex -36.3953 26.5762 12.7
    endloop
  endfacet
  facet normal -0.634951 -0.312786 0.706401
    outer loop
      vertex -36.5667 24.426 13.19
      vertex -37.0177 24.2349 12.7
      vertex -36.48 24.25 13.19
    endloop
  endfacet
  facet normal -0.639781 -0.302119 0.706686
    outer loop
      vertex -37.0177 24.2349 12.7
      vertex -36.5667 24.426 13.19
      vertex -37.0194 24.2385 12.7
    endloop
  endfacet
  facet normal -0.588661 -0.393177 0.706321
    outer loop
      vertex -36.9043 24.005 12.7
      vertex -36.7619 23.7918 12.7
      vertex -36.48 24.25 13.19
    endloop
  endfacet
  facet normal 0.670288 0.227572 0.706346
    outer loop
      vertex -33.7951 25.574 13.19
      vertex -33.26 25.5188 12.7
      vertex -33.3424 25.7615 12.7
    endloop
  endfacet
  facet normal -0.393135 -0.588621 0.706379
    outer loop
      vertex -36.0941 23.81 13.19
      vertex -36.3891 23.419 12.7
      vertex -35.9309 23.701 13.19
    endloop
  endfacet
  facet normal -0.392645 -0.588968 0.706361
    outer loop
      vertex -36.3891 23.419 12.7
      vertex -36.0941 23.81 13.19
      vertex -36.3924 23.4212 12.7
    endloop
  endfacet
  facet normal -0.466612 -0.532291 0.706356
    outer loop
      vertex -36.3953 23.4238 12.7
      vertex -36.0941 23.81 13.19
      vertex -36.2416 23.9393 13.19
    endloop
  endfacet
  facet normal -0.472692 -0.527233 0.706107
    outer loop
      vertex -36.0941 23.81 13.19
      vertex -36.3953 23.4238 12.7
      vertex -36.3924 23.4212 12.7
    endloop
  endfacet
  facet normal -0.472692 0.527233 0.706107
    outer loop
      vertex -36.3953 26.5762 12.7
      vertex -36.0941 26.19 13.19
      vertex -36.3924 26.5788 12.7
    endloop
  endfacet
  facet normal -0.466612 0.532291 0.706356
    outer loop
      vertex -36.0941 26.19 13.19
      vertex -36.3953 26.5762 12.7
      vertex -36.2416 26.0607 13.19
    endloop
  endfacet
  facet normal 0.58849 -0.393339 0.706374
    outer loop
      vertex -33.8819 24.25 13.19
      vertex -33.6 23.7918 12.7
      vertex -33.4575 24.005 12.7
    endloop
  endfacet
  facet normal -0.227482 0.670298 0.706366
    outer loop
      vertex -35.9425 26.8385 12.7
      vertex -35.7549 26.3858 13.19
      vertex -35.6997 26.9209 12.7
    endloop
  endfacet
  facet normal -0.313123 -0.634806 0.706382
    outer loop
      vertex -36.1759 23.2766 12.7
      vertex -35.946 23.1632 12.7
      vertex -35.9309 23.701 13.19
    endloop
  endfacet
  facet normal -0.634864 -0.313152 0.706317
    outer loop
      vertex -37.0177 24.2349 12.7
      vertex -36.9043 24.005 12.7
      vertex -36.48 24.25 13.19
    endloop
  endfacet
  facet normal 0 0 1
    outer loop
      vertex -33.6938 25.1958 13.19
      vertex -33.6938 24.8042 13.19
      vertex -33.6809 25 13.19
    endloop
  endfacet
  facet normal 0 0 1
    outer loop
      vertex -33.732 25.3882 13.19
      vertex -33.6938 24.8042 13.19
      vertex -33.6938 25.1958 13.19
    endloop
  endfacet
  facet normal 0 0 1
    outer loop
      vertex -33.732 25.3882 13.19
      vertex -33.732 24.6118 13.19
      vertex -33.6938 24.8042 13.19
    endloop
  endfacet
  facet normal 0 0 1
    outer loop
      vertex -33.7951 25.574 13.19
      vertex -33.732 24.6118 13.19
      vertex -33.732 25.3882 13.19
    endloop
  endfacet
  facet normal 0 0 1
    outer loop
      vertex -33.7951 25.574 13.19
      vertex -33.7951 24.426 13.19
      vertex -33.732 24.6118 13.19
    endloop
  endfacet
  facet normal 0 0 1
    outer loop
      vertex -33.8819 25.75 13.19
      vertex -33.7951 24.426 13.19
      vertex -33.7951 25.574 13.19
    endloop
  endfacet
  facet normal 0 0 1
    outer loop
      vertex -33.8819 25.75 13.19
      vertex -33.8819 24.25 13.19
      vertex -33.7951 24.426 13.19
    endloop
  endfacet
  facet normal 0 0 1
    outer loop
      vertex -33.9909 25.9131 13.19
      vertex -33.8819 24.25 13.19
      vertex -33.8819 25.75 13.19
    endloop
  endfacet
  facet normal 0 0 1
    outer loop
      vertex -33.9909 25.9131 13.19
      vertex -33.9909 24.0869 13.19
      vertex -33.8819 24.25 13.19
    endloop
  endfacet
  facet normal 0 0 1
    outer loop
      vertex -34.1203 26.0607 13.19
      vertex -33.9909 24.0869 13.19
      vertex -33.9909 25.9131 13.19
    endloop
  endfacet
  facet normal 0 0 1
    outer loop
      vertex -34.1203 26.0607 13.19
      vertex -34.1203 23.9393 13.19
      vertex -33.9909 24.0869 13.19
    endloop
  endfacet
  facet normal 0 0 1
    outer loop
      vertex -34.2678 26.19 13.19
      vertex -34.1203 23.9393 13.19
      vertex -34.1203 26.0607 13.19
    endloop
  endfacet
  facet normal 0 0 1
    outer loop
      vertex -34.2678 26.19 13.19
      vertex -34.2678 23.81 13.19
      vertex -34.1203 23.9393 13.19
    endloop
  endfacet
  facet normal 0 0 1
    outer loop
      vertex -34.4309 26.299 13.19
      vertex -34.2678 23.81 13.19
      vertex -34.2678 26.19 13.19
    endloop
  endfacet
  facet normal 0 0 1
    outer loop
      vertex -34.4309 26.299 13.19
      vertex -34.4309 23.701 13.19
      vertex -34.2678 23.81 13.19
    endloop
  endfacet
  facet normal 0 0 1
    outer loop
      vertex -34.6069 26.3858 13.19
      vertex -34.4309 23.701 13.19
      vertex -34.4309 26.299 13.19
    endloop
  endfacet
  facet normal 0 0 1
    outer loop
      vertex -34.6069 26.3858 13.19
      vertex -34.6069 23.6142 13.19
      vertex -34.4309 23.701 13.19
    endloop
  endfacet
  facet normal 0 0 1
    outer loop
      vertex -34.7927 26.4489 13.19
      vertex -34.6069 23.6142 13.19
      vertex -34.6069 26.3858 13.19
    endloop
  endfacet
  facet normal 0 0 1
    outer loop
      vertex -34.7927 26.4489 13.19
      vertex -34.7927 23.5511 13.19
      vertex -34.6069 23.6142 13.19
    endloop
  endfacet
  facet normal 0 0 1
    outer loop
      vertex -34.9851 26.4872 13.19
      vertex -34.7927 23.5511 13.19
      vertex -34.7927 26.4489 13.19
    endloop
  endfacet
  facet normal 0 0 1
    outer loop
      vertex -34.9851 26.4872 13.19
      vertex -34.9851 23.5128 13.19
      vertex -34.7927 23.5511 13.19
    endloop
  endfacet
  facet normal 0 0 1
    outer loop
      vertex -35.1809 26.5 13.19
      vertex -34.9851 23.5128 13.19
      vertex -34.9851 26.4872 13.19
    endloop
  endfacet
  facet normal 0 0 1
    outer loop
      vertex -35.1809 26.5 13.19
      vertex -35.1809 23.5 13.19
      vertex -34.9851 23.5128 13.19
    endloop
  endfacet
  facet normal -0 0 1
    outer loop
      vertex -35.3767 26.4872 13.19
      vertex -35.1809 23.5 13.19
      vertex -35.1809 26.5 13.19
    endloop
  endfacet
  facet normal 0 0 1
    outer loop
      vertex -35.3767 26.4872 13.19
      vertex -35.3767 23.5128 13.19
      vertex -35.1809 23.5 13.19
    endloop
  endfacet
  facet normal -0 0 1
    outer loop
      vertex -35.5692 26.4489 13.19
      vertex -35.3767 23.5128 13.19
      vertex -35.3767 26.4872 13.19
    endloop
  endfacet
  facet normal 0 0 1
    outer loop
      vertex -35.5692 26.4489 13.19
      vertex -35.5692 23.5511 13.19
      vertex -35.3767 23.5128 13.19
    endloop
  endfacet
  facet normal -0 0 1
    outer loop
      vertex -35.7549 26.3858 13.19
      vertex -35.5692 23.5511 13.19
      vertex -35.5692 26.4489 13.19
    endloop
  endfacet
  facet normal 0 0 1
    outer loop
      vertex -35.7549 26.3858 13.19
      vertex -35.7549 23.6142 13.19
      vertex -35.5692 23.5511 13.19
    endloop
  endfacet
  facet normal -0 0 1
    outer loop
      vertex -35.9309 26.299 13.19
      vertex -35.7549 23.6142 13.19
      vertex -35.7549 26.3858 13.19
    endloop
  endfacet
  facet normal 0 0 1
    outer loop
      vertex -35.9309 26.299 13.19
      vertex -35.9309 23.701 13.19
      vertex -35.7549 23.6142 13.19
    endloop
  endfacet
  facet normal -0 0 1
    outer loop
      vertex -36.0941 26.19 13.19
      vertex -35.9309 23.701 13.19
      vertex -35.9309 26.299 13.19
    endloop
  endfacet
  facet normal 0 0 1
    outer loop
      vertex -36.0941 26.19 13.19
      vertex -36.0941 23.81 13.19
      vertex -35.9309 23.701 13.19
    endloop
  endfacet
  facet normal -0 0 1
    outer loop
      vertex -36.2416 26.0607 13.19
      vertex -36.0941 23.81 13.19
      vertex -36.0941 26.19 13.19
    endloop
  endfacet
  facet normal 0 0 1
    outer loop
      vertex -36.2416 26.0607 13.19
      vertex -36.2416 23.9393 13.19
      vertex -36.0941 23.81 13.19
    endloop
  endfacet
  facet normal -0 0 1
    outer loop
      vertex -36.371 25.9131 13.19
      vertex -36.2416 23.9393 13.19
      vertex -36.2416 26.0607 13.19
    endloop
  endfacet
  facet normal 0 0 1
    outer loop
      vertex -36.371 25.9131 13.19
      vertex -36.371 24.0869 13.19
      vertex -36.2416 23.9393 13.19
    endloop
  endfacet
  facet normal -0 0 1
    outer loop
      vertex -36.48 25.75 13.19
      vertex -36.371 24.0869 13.19
      vertex -36.371 25.9131 13.19
    endloop
  endfacet
  facet normal 0 0 1
    outer loop
      vertex -36.48 25.75 13.19
      vertex -36.48 24.25 13.19
      vertex -36.371 24.0869 13.19
    endloop
  endfacet
  facet normal -0 0 1
    outer loop
      vertex -36.5667 25.574 13.19
      vertex -36.48 24.25 13.19
      vertex -36.48 25.75 13.19
    endloop
  endfacet
  facet normal 0 0 1
    outer loop
      vertex -36.5667 25.574 13.19
      vertex -36.5667 24.426 13.19
      vertex -36.48 24.25 13.19
    endloop
  endfacet
  facet normal -0 0 1
    outer loop
      vertex -36.6298 25.3882 13.19
      vertex -36.5667 24.426 13.19
      vertex -36.5667 25.574 13.19
    endloop
  endfacet
  facet normal 0 0 1
    outer loop
      vertex -36.6298 25.3882 13.19
      vertex -36.6298 24.6118 13.19
      vertex -36.5667 24.426 13.19
    endloop
  endfacet
  facet normal -0 0 1
    outer loop
      vertex -36.6681 25.1958 13.19
      vertex -36.6298 24.6118 13.19
      vertex -36.6298 25.3882 13.19
    endloop
  endfacet
  facet normal 0 0 1
    outer loop
      vertex -36.6681 25.1958 13.19
      vertex -36.6681 24.8042 13.19
      vertex -36.6298 24.6118 13.19
    endloop
  endfacet
  facet normal 0 -0 1
    outer loop
      vertex -36.6681 24.8042 13.19
      vertex -36.6681 25.1958 13.19
      vertex -36.6809 25 13.19
    endloop
  endfacet
  facet normal -0.588661 0.393177 0.706321
    outer loop
      vertex -36.9043 25.995 12.7
      vertex -36.48 25.75 13.19
      vertex -36.7619 26.2082 12.7
    endloop
  endfacet
  facet normal -0.694288 0.138029 0.706337
    outer loop
      vertex -37.1539 25.2597 12.7
      vertex -36.6681 25.1958 13.19
      vertex -37.1039 25.5112 12.7
    endloop
  endfacet
  facet normal 0.138029 0.694288 0.706337
    outer loop
      vertex -34.9851 26.4872 13.19
      vertex -34.6697 26.923 12.7
      vertex -34.9212 26.973 12.7
    endloop
  endfacet
  facet normal 0.706346 0.0463902 0.706346
    outer loop
      vertex -33.6809 25 13.19
      vertex -33.1909 25 12.7
      vertex -33.2077 25.2558 12.7
    endloop
  endfacet
  facet normal -0.532275 0.466642 0.706348
    outer loop
      vertex -36.7571 26.2144 12.7
      vertex -36.371 25.9131 13.19
      vertex -36.2416 26.0607 13.19
    endloop
  endfacet
  facet normal -0.534843 0.46353 0.706458
    outer loop
      vertex -36.371 25.9131 13.19
      vertex -36.7571 26.2144 12.7
      vertex -36.7597 26.2114 12.7
    endloop
  endfacet
  facet normal 0.58849 0.393339 0.706374
    outer loop
      vertex -33.8819 25.75 13.19
      vertex -33.4575 25.995 12.7
      vertex -33.6 26.2082 12.7
    endloop
  endfacet
  facet normal 0.696514 0.128305 0.705978
    outer loop
      vertex -33.732 25.3882 13.19
      vertex -33.258 25.5112 12.7
      vertex -33.2587 25.515 12.7
    endloop
  endfacet
  facet normal 0.694363 0.137862 0.706296
    outer loop
      vertex -33.258 25.5112 12.7
      vertex -33.732 25.3882 13.19
      vertex -33.6938 25.1958 13.19
    endloop
  endfacet
  facet normal 0.313094 -0.634845 0.706359
    outer loop
      vertex -34.6069 23.6142 13.19
      vertex -34.4159 23.1632 12.7
      vertex -34.4309 23.701 13.19
    endloop
  endfacet
  facet normal 0.309213 -0.636615 0.706476
    outer loop
      vertex -34.4159 23.1632 12.7
      vertex -34.6069 23.6142 13.19
      vertex -34.4194 23.1615 12.7
    endloop
  endfacet
  facet normal -0.138128 0.694244 0.706361
    outer loop
      vertex -35.6921 26.923 12.7
      vertex -35.5692 26.4489 13.19
      vertex -35.3767 26.4872 13.19
    endloop
  endfacet
  facet normal -0.142216 0.693302 0.706475
    outer loop
      vertex -35.5692 26.4489 13.19
      vertex -35.6921 26.923 12.7
      vertex -35.696 26.9222 12.7
    endloop
  endfacet
  facet normal -0.588521 -0.39331 0.706364
    outer loop
      vertex -36.7619 23.7918 12.7
      vertex -36.371 24.0869 13.19
      vertex -36.48 24.25 13.19
    endloop
  endfacet
  facet normal -0.583102 -0.400882 0.706602
    outer loop
      vertex -36.371 24.0869 13.19
      vertex -36.7619 23.7918 12.7
      vertex -36.7597 23.7886 12.7
    endloop
  endfacet
  facet normal 0.669816 0.229147 0.706285
    outer loop
      vertex -33.26 25.5188 12.7
      vertex -33.732 25.3882 13.19
      vertex -33.2587 25.515 12.7
    endloop
  endfacet
  facet normal 0.670282 0.227636 0.706331
    outer loop
      vertex -33.732 25.3882 13.19
      vertex -33.26 25.5188 12.7
      vertex -33.7951 25.574 13.19
    endloop
  endfacet
  facet normal 0.694288 -0.138029 0.706337
    outer loop
      vertex -33.6938 24.8042 13.19
      vertex -33.258 24.4888 12.7
      vertex -33.208 24.7403 12.7
    endloop
  endfacet
  facet normal 0.392645 0.588968 0.706361
    outer loop
      vertex -33.9728 26.581 12.7
      vertex -34.2678 26.19 13.19
      vertex -33.9695 26.5788 12.7
    endloop
  endfacet
  facet normal 0.393299 0.588504 0.706384
    outer loop
      vertex -34.2678 26.19 13.19
      vertex -33.9728 26.581 12.7
      vertex -34.4309 26.299 13.19
    endloop
  endfacet
  facet normal 0.532071 -0.466908 0.706326
    outer loop
      vertex -34.1203 23.9393 13.19
      vertex -33.7738 23.5929 12.7
      vertex -33.6047 23.7856 12.7
    endloop
  endfacet
  facet normal -0.532213 0.466757 0.706319
    outer loop
      vertex -36.7571 26.2144 12.7
      vertex -36.2416 26.0607 13.19
      vertex -36.5881 26.4071 12.7
    endloop
  endfacet
  facet normal 0.393274 0.58853 0.706376
    outer loop
      vertex -34.4309 26.299 13.19
      vertex -33.9728 26.581 12.7
      vertex -34.1859 26.7234 12.7
    endloop
  endfacet
  facet normal -0.313123 0.634806 0.706382
    outer loop
      vertex -36.1759 26.7234 12.7
      vertex -35.9309 26.299 13.19
      vertex -35.946 26.8368 12.7
    endloop
  endfacet
  facet normal -0.670217 0.227614 0.7064
    outer loop
      vertex -37.1019 25.5188 12.7
      vertex -36.6298 25.3882 13.19
      vertex -36.5667 25.574 13.19
    endloop
  endfacet
  facet normal -0.674619 0.213038 0.706756
    outer loop
      vertex -36.6298 25.3882 13.19
      vertex -37.1019 25.5188 12.7
      vertex -37.1031 25.515 12.7
    endloop
  endfacet
  facet normal 0.466913 0.532076 0.706319
    outer loop
      vertex -34.1203 26.0607 13.19
      vertex -33.7738 26.4071 12.7
      vertex -33.9665 26.5762 12.7
    endloop
  endfacet
  facet normal 0.706346 -0.0463902 0.706346
    outer loop
      vertex -33.6809 25 13.19
      vertex -33.2077 24.7442 12.7
      vertex -33.1909 25 12.7
    endloop
  endfacet
  facet normal 0.227489 0.67032 0.706343
    outer loop
      vertex -34.6622 26.9209 12.7
      vertex -34.6069 26.3858 13.19
      vertex -34.4194 26.8385 12.7
    endloop
  endfacet
  facet normal -0.706355 -0.0461146 0.706355
    outer loop
      vertex -37.1709 25 12.7
      vertex -37.1542 24.7442 12.7
      vertex -36.6809 25 13.19
    endloop
  endfacet
  facet normal 0.694288 0.138029 0.706337
    outer loop
      vertex -33.6938 25.1958 13.19
      vertex -33.208 25.2597 12.7
      vertex -33.258 25.5112 12.7
    endloop
  endfacet
  facet normal -0.634864 0.313152 0.706317
    outer loop
      vertex -37.0177 25.7651 12.7
      vertex -36.48 25.75 13.19
      vertex -36.9043 25.995 12.7
    endloop
  endfacet
  facet normal 0.14578 -0.692455 0.706579
    outer loop
      vertex -34.7927 23.5511 13.19
      vertex -34.6697 23.077 12.7
      vertex -34.6659 23.0778 12.7
    endloop
  endfacet
  facet normal 0.138193 -0.694214 0.706377
    outer loop
      vertex -34.6697 23.077 12.7
      vertex -34.7927 23.5511 13.19
      vertex -34.9851 23.5128 13.19
    endloop
  endfacet
  facet normal 0.466913 -0.532076 0.706319
    outer loop
      vertex -34.1203 23.9393 13.19
      vertex -33.9665 23.4238 12.7
      vertex -33.7738 23.5929 12.7
    endloop
  endfacet
  facet normal -0.138128 -0.694244 0.706361
    outer loop
      vertex -35.5692 23.5511 13.19
      vertex -35.6921 23.077 12.7
      vertex -35.3767 23.5128 13.19
    endloop
  endfacet
  facet normal -0.142216 -0.693302 0.706475
    outer loop
      vertex -35.6921 23.077 12.7
      vertex -35.5692 23.5511 13.19
      vertex -35.696 23.0778 12.7
    endloop
  endfacet
  facet normal -0.227482 -0.670298 0.706366
    outer loop
      vertex -35.9425 23.1615 12.7
      vertex -35.6997 23.0791 12.7
      vertex -35.7549 23.6142 13.19
    endloop
  endfacet
  facet normal -0.393144 -0.588611 0.706381
    outer loop
      vertex -36.3891 23.419 12.7
      vertex -36.1759 23.2766 12.7
      vertex -35.9309 23.701 13.19
    endloop
  endfacet
  facet normal 0.0463902 0.706346 0.706346
    outer loop
      vertex -35.1809 26.5 13.19
      vertex -34.9251 26.9732 12.7
      vertex -35.1809 26.99 12.7
    endloop
  endfacet
  facet normal -0.0463721 0.706346 0.706346
    outer loop
      vertex -35.4368 26.9732 12.7
      vertex -35.1809 26.5 13.19
      vertex -35.1809 26.99 12.7
    endloop
  endfacet
  facet normal -0.670196 -0.227817 0.706354
    outer loop
      vertex -37.1019 24.4812 12.7
      vertex -37.0194 24.2385 12.7
      vertex -36.5667 24.426 13.19
    endloop
  endfacet
  facet normal 0.639781 -0.302119 0.706686
    outer loop
      vertex -33.7951 24.426 13.19
      vertex -33.3441 24.2349 12.7
      vertex -33.3424 24.2385 12.7
    endloop
  endfacet
  facet normal 0.634817 -0.31308 0.706391
    outer loop
      vertex -33.3441 24.2349 12.7
      vertex -33.7951 24.426 13.19
      vertex -33.8819 24.25 13.19
    endloop
  endfacet
  facet normal 0.14578 0.692455 0.706579
    outer loop
      vertex -34.6697 26.923 12.7
      vertex -34.7927 26.4489 13.19
      vertex -34.6659 26.9222 12.7
    endloop
  endfacet
  facet normal 0.138193 0.694214 0.706377
    outer loop
      vertex -34.7927 26.4489 13.19
      vertex -34.6697 26.923 12.7
      vertex -34.9851 26.4872 13.19
    endloop
  endfacet
  facet normal -0.670217 -0.227614 0.7064
    outer loop
      vertex -36.6298 24.6118 13.19
      vertex -37.1019 24.4812 12.7
      vertex -36.5667 24.426 13.19
    endloop
  endfacet
  facet normal -0.674619 -0.213038 0.706756
    outer loop
      vertex -37.1019 24.4812 12.7
      vertex -36.6298 24.6118 13.19
      vertex -37.1031 24.485 12.7
    endloop
  endfacet
  facet normal -0.234738 0.6681 0.706074
    outer loop
      vertex -35.6997 26.9209 12.7
      vertex -35.5692 26.4489 13.19
      vertex -35.696 26.9222 12.7
    endloop
  endfacet
  facet normal -0.227755 0.67027 0.706305
    outer loop
      vertex -35.5692 26.4489 13.19
      vertex -35.6997 26.9209 12.7
      vertex -35.7549 26.3858 13.19
    endloop
  endfacet
  facet normal -0.46678 -0.532201 0.706314
    outer loop
      vertex -36.5881 23.5929 12.7
      vertex -36.3953 23.4238 12.7
      vertex -36.2416 23.9393 13.19
    endloop
  endfacet
  facet normal 0.634806 0.313123 0.706382
    outer loop
      vertex -33.8819 25.75 13.19
      vertex -33.3441 25.7651 12.7
      vertex -33.4575 25.995 12.7
    endloop
  endfacet
  facet normal 0.0362722 0.707307 0.705975
    outer loop
      vertex -34.9251 26.9732 12.7
      vertex -34.9851 26.4872 13.19
      vertex -34.9212 26.973 12.7
    endloop
  endfacet
  facet normal 0.0461799 0.706408 0.706296
    outer loop
      vertex -34.9851 26.4872 13.19
      vertex -34.9251 26.9732 12.7
      vertex -35.1809 26.5 13.19
    endloop
  endfacet
  facet normal 0.234738 0.6681 0.706074
    outer loop
      vertex -34.7927 26.4489 13.19
      vertex -34.6622 26.9209 12.7
      vertex -34.6659 26.9222 12.7
    endloop
  endfacet
  facet normal 0.227644 0.670304 0.706308
    outer loop
      vertex -34.6622 26.9209 12.7
      vertex -34.7927 26.4489 13.19
      vertex -34.6069 26.3858 13.19
    endloop
  endfacet
  facet normal -0.0461796 0.706404 0.706301
    outer loop
      vertex -35.4368 26.9732 12.7
      vertex -35.3767 26.4872 13.19
      vertex -35.1809 26.5 13.19
    endloop
  endfacet
  facet normal -0.036272 0.707304 0.705979
    outer loop
      vertex -35.3767 26.4872 13.19
      vertex -35.4368 26.9732 12.7
      vertex -35.4407 26.973 12.7
    endloop
  endfacet
  facet normal 0.639781 0.302119 0.706686
    outer loop
      vertex -33.3441 25.7651 12.7
      vertex -33.7951 25.574 13.19
      vertex -33.3424 25.7615 12.7
    endloop
  endfacet
  facet normal 0.634817 0.31308 0.706391
    outer loop
      vertex -33.7951 25.574 13.19
      vertex -33.3441 25.7651 12.7
      vertex -33.8819 25.75 13.19
    endloop
  endfacet
  facet normal -0.036272 -0.707304 0.705979
    outer loop
      vertex -35.4368 23.0268 12.7
      vertex -35.3767 23.5128 13.19
      vertex -35.4407 23.027 12.7
    endloop
  endfacet
  facet normal -0.0461796 -0.706404 0.706301
    outer loop
      vertex -35.3767 23.5128 13.19
      vertex -35.4368 23.0268 12.7
      vertex -35.1809 23.5 13.19
    endloop
  endfacet
  facet normal 0.0461799 -0.706408 0.706296
    outer loop
      vertex -34.9251 23.0268 12.7
      vertex -34.9851 23.5128 13.19
      vertex -35.1809 23.5 13.19
    endloop
  endfacet
  facet normal 0.0362722 -0.707307 0.705975
    outer loop
      vertex -34.9851 23.5128 13.19
      vertex -34.9251 23.0268 12.7
      vertex -34.9212 23.027 12.7
    endloop
  endfacet
  facet normal 0.392645 -0.588968 0.706361
    outer loop
      vertex -34.2678 23.81 13.19
      vertex -33.9728 23.419 12.7
      vertex -33.9695 23.4212 12.7
    endloop
  endfacet
  facet normal 0.393299 -0.588504 0.706384
    outer loop
      vertex -33.9728 23.419 12.7
      vertex -34.2678 23.81 13.19
      vertex -34.4309 23.701 13.19
    endloop
  endfacet
  facet normal 0.313015 -0.634864 0.706378
    outer loop
      vertex -34.4309 23.701 13.19
      vertex -34.4159 23.1632 12.7
      vertex -34.1859 23.2766 12.7
    endloop
  endfacet
  facet normal 0.534801 -0.463495 0.706513
    outer loop
      vertex -33.9909 24.0869 13.19
      vertex -33.6047 23.7856 12.7
      vertex -33.6021 23.7886 12.7
    endloop
  endfacet
  facet normal 0.532234 -0.466606 0.706403
    outer loop
      vertex -33.6047 23.7856 12.7
      vertex -33.9909 24.0869 13.19
      vertex -34.1203 23.9393 13.19
    endloop
  endfacet
  facet normal 0.309213 0.636615 0.706476
    outer loop
      vertex -34.6069 26.3858 13.19
      vertex -34.4159 26.8368 12.7
      vertex -34.4194 26.8385 12.7
    endloop
  endfacet
  facet normal 0.313094 0.634845 0.706359
    outer loop
      vertex -34.4159 26.8368 12.7
      vertex -34.6069 26.3858 13.19
      vertex -34.4309 26.299 13.19
    endloop
  endfacet
  facet normal -0.393144 0.588611 0.706381
    outer loop
      vertex -36.3891 26.581 12.7
      vertex -35.9309 26.299 13.19
      vertex -36.1759 26.7234 12.7
    endloop
  endfacet
  facet normal -0.583102 0.400882 0.706602
    outer loop
      vertex -36.7619 26.2082 12.7
      vertex -36.371 25.9131 13.19
      vertex -36.7597 26.2114 12.7
    endloop
  endfacet
  facet normal -0.588521 0.39331 0.706364
    outer loop
      vertex -36.371 25.9131 13.19
      vertex -36.7619 26.2082 12.7
      vertex -36.48 25.75 13.19
    endloop
  endfacet
  facet normal -0.393135 0.588621 0.706379
    outer loop
      vertex -36.3891 26.581 12.7
      vertex -36.0941 26.19 13.19
      vertex -35.9309 26.299 13.19
    endloop
  endfacet
  facet normal -0.392645 0.588968 0.706361
    outer loop
      vertex -36.0941 26.19 13.19
      vertex -36.3891 26.581 12.7
      vertex -36.3924 26.5788 12.7
    endloop
  endfacet
  facet normal -0.692455 0.14578 0.706579
    outer loop
      vertex -37.1039 25.5112 12.7
      vertex -36.6298 25.3882 13.19
      vertex -37.1031 25.515 12.7
    endloop
  endfacet
  facet normal -0.694214 0.138193 0.706377
    outer loop
      vertex -36.6298 25.3882 13.19
      vertex -37.1039 25.5112 12.7
      vertex -36.6681 25.1958 13.19
    endloop
  endfacet
  facet normal -0.670196 0.227817 0.706354
    outer loop
      vertex -37.1019 25.5188 12.7
      vertex -36.5667 25.574 13.19
      vertex -37.0194 25.7615 12.7
    endloop
  endfacet
  facet normal 0.0463902 -0.706346 0.706346
    outer loop
      vertex -35.1809 23.01 12.7
      vertex -34.9251 23.0268 12.7
      vertex -35.1809 23.5 13.19
    endloop
  endfacet
  facet normal -0.309199 0.636587 0.706508
    outer loop
      vertex -35.946 26.8368 12.7
      vertex -35.7549 26.3858 13.19
      vertex -35.9425 26.8385 12.7
    endloop
  endfacet
  facet normal -0.31308 0.634817 0.706391
    outer loop
      vertex -35.7549 26.3858 13.19
      vertex -35.946 26.8368 12.7
      vertex -35.9309 26.299 13.19
    endloop
  endfacet
  facet normal -0.532213 -0.466757 0.706319
    outer loop
      vertex -36.7571 23.7856 12.7
      vertex -36.5881 23.5929 12.7
      vertex -36.2416 23.9393 13.19
    endloop
  endfacet
  facet normal -0.694288 -0.138029 0.706337
    outer loop
      vertex -37.1539 24.7403 12.7
      vertex -37.1039 24.4888 12.7
      vertex -36.6681 24.8042 13.19
    endloop
  endfacet
  facet normal -0.706336 -0.0461752 0.706369
    outer loop
      vertex -37.1542 24.7442 12.7
      vertex -36.6681 24.8042 13.19
      vertex -36.6809 25 13.19
    endloop
  endfacet
  facet normal -0.705549 -0.054273 0.706579
    outer loop
      vertex -36.6681 24.8042 13.19
      vertex -37.1542 24.7442 12.7
      vertex -37.1539 24.7403 12.7
    endloop
  endfacet
  facet normal -0.13808 0.694265 0.706349
    outer loop
      vertex -35.6921 26.923 12.7
      vertex -35.3767 26.4872 13.19
      vertex -35.4407 26.973 12.7
    endloop
  endfacet
  facet normal 0.588521 -0.39331 0.706364
    outer loop
      vertex -33.9909 24.0869 13.19
      vertex -33.6 23.7918 12.7
      vertex -33.8819 24.25 13.19
    endloop
  endfacet
  facet normal 0.591948 -0.388466 0.706181
    outer loop
      vertex -33.6 23.7918 12.7
      vertex -33.9909 24.0869 13.19
      vertex -33.6021 23.7886 12.7
    endloop
  endfacet
  facet normal 0.634806 -0.313123 0.706382
    outer loop
      vertex -33.8819 24.25 13.19
      vertex -33.4575 24.005 12.7
      vertex -33.3441 24.2349 12.7
    endloop
  endfacet
  facet normal 0.463495 0.534801 0.706513
    outer loop
      vertex -34.2678 26.19 13.19
      vertex -33.9665 26.5762 12.7
      vertex -33.9695 26.5788 12.7
    endloop
  endfacet
  facet normal 0.466581 0.532256 0.706404
    outer loop
      vertex -33.9665 26.5762 12.7
      vertex -34.2678 26.19 13.19
      vertex -34.1203 26.0607 13.19
    endloop
  endfacet
  facet normal 0.669816 -0.229147 0.706285
    outer loop
      vertex -33.732 24.6118 13.19
      vertex -33.26 24.4812 12.7
      vertex -33.2587 24.485 12.7
    endloop
  endfacet
  facet normal 0.670282 -0.227636 0.706331
    outer loop
      vertex -33.26 24.4812 12.7
      vertex -33.732 24.6118 13.19
      vertex -33.7951 24.426 13.19
    endloop
  endfacet
  facet normal 0.705549 0.054273 0.706579
    outer loop
      vertex -33.6938 25.1958 13.19
      vertex -33.2077 25.2558 12.7
      vertex -33.208 25.2597 12.7
    endloop
  endfacet
  facet normal 0.706303 0.0465337 0.706379
    outer loop
      vertex -33.2077 25.2558 12.7
      vertex -33.6938 25.1958 13.19
      vertex -33.6809 25 13.19
    endloop
  endfacet
  facet normal 0.534801 0.463495 0.706513
    outer loop
      vertex -33.6047 26.2144 12.7
      vertex -33.9909 25.9131 13.19
      vertex -33.6021 26.2114 12.7
    endloop
  endfacet
  facet normal 0.532234 0.466606 0.706403
    outer loop
      vertex -33.9909 25.9131 13.19
      vertex -33.6047 26.2144 12.7
      vertex -34.1203 26.0607 13.19
    endloop
  endfacet
  facet normal 0.591948 0.388466 0.706181
    outer loop
      vertex -33.9909 25.9131 13.19
      vertex -33.6 26.2082 12.7
      vertex -33.6021 26.2114 12.7
    endloop
  endfacet
  facet normal 0.588521 0.39331 0.706364
    outer loop
      vertex -33.6 26.2082 12.7
      vertex -33.9909 25.9131 13.19
      vertex -33.8819 25.75 13.19
    endloop
  endfacet
  facet normal -0.0463721 -0.706346 0.706346
    outer loop
      vertex -35.4368 23.0268 12.7
      vertex -35.1809 23.01 12.7
      vertex -35.1809 23.5 13.19
    endloop
  endfacet
  facet normal 0.393274 -0.58853 0.706376
    outer loop
      vertex -34.4309 23.701 13.19
      vertex -34.1859 23.2766 12.7
      vertex -33.9728 23.419 12.7
    endloop
  endfacet
  facet normal 0.138029 -0.694288 0.706337
    outer loop
      vertex -34.9851 23.5128 13.19
      vertex -34.9212 23.027 12.7
      vertex -34.6697 23.077 12.7
    endloop
  endfacet
  facet normal -0.532275 -0.466642 0.706348
    outer loop
      vertex -36.371 24.0869 13.19
      vertex -36.7571 23.7856 12.7
      vertex -36.2416 23.9393 13.19
    endloop
  endfacet
  facet normal -0.534843 -0.46353 0.706458
    outer loop
      vertex -36.7571 23.7856 12.7
      vertex -36.371 24.0869 13.19
      vertex -36.7597 23.7886 12.7
    endloop
  endfacet
  facet normal 0.694363 -0.137862 0.706296
    outer loop
      vertex -33.732 24.6118 13.19
      vertex -33.258 24.4888 12.7
      vertex -33.6938 24.8042 13.19
    endloop
  endfacet
  facet normal 0.696514 -0.128305 0.705978
    outer loop
      vertex -33.258 24.4888 12.7
      vertex -33.732 24.6118 13.19
      vertex -33.2587 24.485 12.7
    endloop
  endfacet
  facet normal -0.13808 -0.694265 0.706349
    outer loop
      vertex -35.6921 23.077 12.7
      vertex -35.4407 23.027 12.7
      vertex -35.3767 23.5128 13.19
    endloop
  endfacet
  facet normal -0.234738 -0.6681 0.706074
    outer loop
      vertex -35.5692 23.5511 13.19
      vertex -35.6997 23.0791 12.7
      vertex -35.696 23.0778 12.7
    endloop
  endfacet
  facet normal -0.227755 -0.67027 0.706305
    outer loop
      vertex -35.6997 23.0791 12.7
      vertex -35.5692 23.5511 13.19
      vertex -35.7549 23.6142 13.19
    endloop
  endfacet
  facet normal -0.705549 0.054273 0.706579
    outer loop
      vertex -37.1542 25.2558 12.7
      vertex -36.6681 25.1958 13.19
      vertex -37.1539 25.2597 12.7
    endloop
  endfacet
  facet normal -0.706336 0.0461752 0.706369
    outer loop
      vertex -36.6681 25.1958 13.19
      vertex -37.1542 25.2558 12.7
      vertex -36.6809 25 13.19
    endloop
  endfacet
  facet normal -0.694214 -0.138193 0.706377
    outer loop
      vertex -37.1039 24.4888 12.7
      vertex -36.6298 24.6118 13.19
      vertex -36.6681 24.8042 13.19
    endloop
  endfacet
  facet normal -0.692455 -0.14578 0.706579
    outer loop
      vertex -36.6298 24.6118 13.19
      vertex -37.1039 24.4888 12.7
      vertex -37.1031 24.485 12.7
    endloop
  endfacet
  facet normal 0.313015 0.634864 0.706378
    outer loop
      vertex -34.4309 26.299 13.19
      vertex -34.1859 26.7234 12.7
      vertex -34.4159 26.8368 12.7
    endloop
  endfacet
  facet normal 0.706303 -0.0465337 0.706379
    outer loop
      vertex -33.6938 24.8042 13.19
      vertex -33.2077 24.7442 12.7
      vertex -33.6809 25 13.19
    endloop
  endfacet
  facet normal 0.705549 -0.054273 0.706579
    outer loop
      vertex -33.2077 24.7442 12.7
      vertex -33.6938 24.8042 13.19
      vertex -33.208 24.7403 12.7
    endloop
  endfacet
  facet normal 0.466581 -0.532256 0.706404
    outer loop
      vertex -34.2678 23.81 13.19
      vertex -33.9665 23.4238 12.7
      vertex -34.1203 23.9393 13.19
    endloop
  endfacet
  facet normal 0.463495 -0.534801 0.706513
    outer loop
      vertex -33.9665 23.4238 12.7
      vertex -34.2678 23.81 13.19
      vertex -33.9695 23.4212 12.7
    endloop
  endfacet
  facet normal 0.227644 -0.670304 0.706308
    outer loop
      vertex -34.7927 23.5511 13.19
      vertex -34.6622 23.0791 12.7
      vertex -34.6069 23.6142 13.19
    endloop
  endfacet
  facet normal 0.234738 -0.6681 0.706074
    outer loop
      vertex -34.6622 23.0791 12.7
      vertex -34.7927 23.5511 13.19
      vertex -34.6659 23.0778 12.7
    endloop
  endfacet
  facet normal 0.227489 -0.67032 0.706343
    outer loop
      vertex -34.6622 23.0791 12.7
      vertex -34.4194 23.1615 12.7
      vertex -34.6069 23.6142 13.19
    endloop
  endfacet
  facet normal -0.980801 0.195013 0
    outer loop
      vertex -57.1638 25.2611 9.5
      vertex -57.1128 25.5176 12.7
      vertex -57.1128 25.5176 9.5
    endloop
  endfacet
  facet normal -0.980801 0.195013 0
    outer loop
      vertex -57.1128 25.5176 12.7
      vertex -57.1638 25.2611 9.5
      vertex -57.1638 25.2611 12.7
    endloop
  endfacet
  facet normal -0.997862 0.0653521 0
    outer loop
      vertex -57.1809 25 9.5
      vertex -57.1638 25.2611 12.7
      vertex -57.1638 25.2611 9.5
    endloop
  endfacet
  facet normal -0.997862 0.0653521 0
    outer loop
      vertex -57.1638 25.2611 12.7
      vertex -57.1809 25 9.5
      vertex -57.1809 25 12.7
    endloop
  endfacet
  facet normal -0.0653521 0.997862 0
    outer loop
      vertex -55.1809 27 9.5
      vertex -55.442 26.9829 12.7
      vertex -55.1809 27 12.7
    endloop
  endfacet
  facet normal -0.0653521 0.997862 0
    outer loop
      vertex -55.442 26.9829 12.7
      vertex -55.1809 27 9.5
      vertex -55.442 26.9829 9.5
    endloop
  endfacet
  facet normal 0.19494 0.980815 -0
    outer loop
      vertex -54.6633 26.9319 9.5
      vertex -54.9199 26.9829 12.7
      vertex -54.6633 26.9319 12.7
    endloop
  endfacet
  facet normal 0.19494 0.980815 0
    outer loop
      vertex -54.9199 26.9829 12.7
      vertex -54.6633 26.9319 9.5
      vertex -54.9199 26.9829 9.5
    endloop
  endfacet
  facet normal -0.555494 -0.831521 0
    outer loop
      vertex -56.3984 23.4133 9.5
      vertex -56.1809 23.268 12.7
      vertex -56.3984 23.4133 12.7
    endloop
  endfacet
  facet normal -0.555494 -0.831521 -0
    outer loop
      vertex -56.1809 23.268 12.7
      vertex -56.3984 23.4133 9.5
      vertex -56.1809 23.268 9.5
    endloop
  endfacet
  facet normal 0.89686 0.442314 0
    outer loop
      vertex -53.3332 25.7654 12.7
      vertex -53.4489 26 9.5
      vertex -53.4489 26 12.7
    endloop
  endfacet
  facet normal 0.89686 0.442314 0
    outer loop
      vertex -53.4489 26 9.5
      vertex -53.3332 25.7654 12.7
      vertex -53.3332 25.7654 9.5
    endloop
  endfacet
  facet normal 0.94695 0.321382 0
    outer loop
      vertex -53.2491 25.5176 12.7
      vertex -53.3332 25.7654 9.5
      vertex -53.3332 25.7654 12.7
    endloop
  endfacet
  facet normal 0.94695 0.321382 0
    outer loop
      vertex -53.3332 25.7654 9.5
      vertex -53.2491 25.5176 12.7
      vertex -53.2491 25.5176 9.5
    endloop
  endfacet
  facet normal 0.321498 0.94691 -0
    outer loop
      vertex -54.4156 26.8478 9.5
      vertex -54.6633 26.9319 12.7
      vertex -54.4156 26.8478 12.7
    endloop
  endfacet
  facet normal 0.321498 0.94691 0
    outer loop
      vertex -54.6633 26.9319 12.7
      vertex -54.4156 26.8478 9.5
      vertex -54.6633 26.9319 9.5
    endloop
  endfacet
  facet normal -0.997862 -0.0653521 0
    outer loop
      vertex -57.1638 24.7389 9.5
      vertex -57.1809 25 12.7
      vertex -57.1809 25 9.5
    endloop
  endfacet
  facet normal -0.997862 -0.0653521 0
    outer loop
      vertex -57.1809 25 12.7
      vertex -57.1638 24.7389 9.5
      vertex -57.1638 24.7389 12.7
    endloop
  endfacet
  facet normal 0.94695 -0.321382 0
    outer loop
      vertex -53.3332 24.2346 12.7
      vertex -53.2491 24.4824 9.5
      vertex -53.2491 24.4824 12.7
    endloop
  endfacet
  facet normal 0.94695 -0.321382 0
    outer loop
      vertex -53.2491 24.4824 9.5
      vertex -53.3332 24.2346 12.7
      vertex -53.3332 24.2346 9.5
    endloop
  endfacet
  facet normal 0.831521 0.555494 0
    outer loop
      vertex -53.4489 26 12.7
      vertex -53.5942 26.2175 9.5
      vertex -53.5942 26.2175 12.7
    endloop
  endfacet
  facet normal 0.831521 0.555494 0
    outer loop
      vertex -53.5942 26.2175 9.5
      vertex -53.4489 26 12.7
      vertex -53.4489 26 9.5
    endloop
  endfacet
  facet normal 0.980727 0.195381 0
    outer loop
      vertex -53.198 25.2611 12.7
      vertex -53.2491 25.5176 9.5
      vertex -53.2491 25.5176 12.7
    endloop
  endfacet
  facet normal 0.980727 0.195381 0
    outer loop
      vertex -53.2491 25.5176 9.5
      vertex -53.198 25.2611 12.7
      vertex -53.198 25.2611 9.5
    endloop
  endfacet
  facet normal -0.94695 -0.321382 0
    outer loop
      vertex -57.0287 24.2346 9.5
      vertex -57.1128 24.4824 12.7
      vertex -57.1128 24.4824 9.5
    endloop
  endfacet
  facet normal -0.94695 -0.321382 0
    outer loop
      vertex -57.1128 24.4824 12.7
      vertex -57.0287 24.2346 9.5
      vertex -57.0287 24.2346 12.7
    endloop
  endfacet
  facet normal -0.659343 -0.751842 0
    outer loop
      vertex -56.5951 23.5858 9.5
      vertex -56.3984 23.4133 12.7
      vertex -56.5951 23.5858 12.7
    endloop
  endfacet
  facet normal -0.659343 -0.751842 -0
    outer loop
      vertex -56.3984 23.4133 12.7
      vertex -56.5951 23.5858 9.5
      vertex -56.3984 23.4133 9.5
    endloop
  endfacet
  facet normal -0.321498 0.94691 0
    outer loop
      vertex -55.6986 26.9319 9.5
      vertex -55.9463 26.8478 12.7
      vertex -55.6986 26.9319 12.7
    endloop
  endfacet
  facet normal -0.321498 0.94691 0
    outer loop
      vertex -55.9463 26.8478 12.7
      vertex -55.6986 26.9319 9.5
      vertex -55.9463 26.8478 9.5
    endloop
  endfacet
  facet normal 0.751842 -0.659343 0
    outer loop
      vertex -53.7667 23.5858 12.7
      vertex -53.5942 23.7825 9.5
      vertex -53.5942 23.7825 12.7
    endloop
  endfacet
  facet normal 0.751842 -0.659343 0
    outer loop
      vertex -53.5942 23.7825 9.5
      vertex -53.7667 23.5858 12.7
      vertex -53.7667 23.5858 9.5
    endloop
  endfacet
  facet normal 0.659343 0.751842 -0
    outer loop
      vertex -53.7667 26.4142 9.5
      vertex -53.9634 26.5867 12.7
      vertex -53.7667 26.4142 12.7
    endloop
  endfacet
  facet normal 0.659343 0.751842 0
    outer loop
      vertex -53.9634 26.5867 12.7
      vertex -53.7667 26.4142 9.5
      vertex -53.9634 26.5867 9.5
    endloop
  endfacet
  facet normal 0.997862 0.0653521 0
    outer loop
      vertex -53.1809 25 12.7
      vertex -53.198 25.2611 9.5
      vertex -53.198 25.2611 12.7
    endloop
  endfacet
  facet normal 0.997862 0.0653521 0
    outer loop
      vertex -53.198 25.2611 9.5
      vertex -53.1809 25 12.7
      vertex -53.1809 25 9.5
    endloop
  endfacet
  facet normal -0.555494 0.831521 0
    outer loop
      vertex -56.1809 26.732 9.5
      vertex -56.3984 26.5867 12.7
      vertex -56.1809 26.732 12.7
    endloop
  endfacet
  facet normal -0.555494 0.831521 0
    outer loop
      vertex -56.3984 26.5867 12.7
      vertex -56.1809 26.732 9.5
      vertex -56.3984 26.5867 9.5
    endloop
  endfacet
  facet normal -0.831344 -0.555758 0
    outer loop
      vertex -56.7676 23.7825 9.5
      vertex -56.913 24 12.7
      vertex -56.913 24 9.5
    endloop
  endfacet
  facet normal -0.831344 -0.555758 0
    outer loop
      vertex -56.913 24 12.7
      vertex -56.7676 23.7825 9.5
      vertex -56.7676 23.7825 12.7
    endloop
  endfacet
  facet normal -0.831344 0.555758 0
    outer loop
      vertex -56.913 26 9.5
      vertex -56.7676 26.2175 12.7
      vertex -56.7676 26.2175 9.5
    endloop
  endfacet
  facet normal -0.831344 0.555758 0
    outer loop
      vertex -56.7676 26.2175 12.7
      vertex -56.913 26 9.5
      vertex -56.913 26 12.7
    endloop
  endfacet
  facet normal 0.751842 0.659343 0
    outer loop
      vertex -53.5942 26.2175 12.7
      vertex -53.7667 26.4142 9.5
      vertex -53.7667 26.4142 12.7
    endloop
  endfacet
  facet normal 0.751842 0.659343 0
    outer loop
      vertex -53.7667 26.4142 9.5
      vertex -53.5942 26.2175 12.7
      vertex -53.5942 26.2175 9.5
    endloop
  endfacet
  facet normal -0.321498 -0.94691 0
    outer loop
      vertex -55.9463 23.1522 9.5
      vertex -55.6986 23.0681 12.7
      vertex -55.9463 23.1522 12.7
    endloop
  endfacet
  facet normal -0.321498 -0.94691 -0
    outer loop
      vertex -55.6986 23.0681 12.7
      vertex -55.9463 23.1522 9.5
      vertex -55.6986 23.0681 9.5
    endloop
  endfacet
  facet normal -0.442621 -0.896709 0
    outer loop
      vertex -56.1809 23.268 9.5
      vertex -55.9463 23.1522 12.7
      vertex -56.1809 23.268 12.7
    endloop
  endfacet
  facet normal -0.442621 -0.896709 -0
    outer loop
      vertex -55.9463 23.1522 12.7
      vertex -56.1809 23.268 9.5
      vertex -55.9463 23.1522 9.5
    endloop
  endfacet
  facet normal -0.751842 0.659343 0
    outer loop
      vertex -56.7676 26.2175 9.5
      vertex -56.5951 26.4142 12.7
      vertex -56.5951 26.4142 9.5
    endloop
  endfacet
  facet normal -0.751842 0.659343 0
    outer loop
      vertex -56.5951 26.4142 12.7
      vertex -56.7676 26.2175 9.5
      vertex -56.7676 26.2175 12.7
    endloop
  endfacet
  facet normal -0.0653521 -0.997862 0
    outer loop
      vertex -55.442 23.0171 9.5
      vertex -55.1809 23 12.7
      vertex -55.442 23.0171 12.7
    endloop
  endfacet
  facet normal -0.0653521 -0.997862 -0
    outer loop
      vertex -55.1809 23 12.7
      vertex -55.442 23.0171 9.5
      vertex -55.1809 23 9.5
    endloop
  endfacet
  facet normal -0.659343 0.751842 0
    outer loop
      vertex -56.3984 26.5867 9.5
      vertex -56.5951 26.4142 12.7
      vertex -56.3984 26.5867 12.7
    endloop
  endfacet
  facet normal -0.659343 0.751842 0
    outer loop
      vertex -56.5951 26.4142 12.7
      vertex -56.3984 26.5867 9.5
      vertex -56.5951 26.4142 9.5
    endloop
  endfacet
  facet normal 0.997862 -0.0653521 0
    outer loop
      vertex -53.198 24.7389 12.7
      vertex -53.1809 25 9.5
      vertex -53.1809 25 12.7
    endloop
  endfacet
  facet normal 0.997862 -0.0653521 0
    outer loop
      vertex -53.1809 25 9.5
      vertex -53.198 24.7389 12.7
      vertex -53.198 24.7389 9.5
    endloop
  endfacet
  facet normal 0.659343 -0.751842 0
    outer loop
      vertex -53.9634 23.4133 9.5
      vertex -53.7667 23.5858 12.7
      vertex -53.9634 23.4133 12.7
    endloop
  endfacet
  facet normal 0.659343 -0.751842 0
    outer loop
      vertex -53.7667 23.5858 12.7
      vertex -53.9634 23.4133 9.5
      vertex -53.7667 23.5858 9.5
    endloop
  endfacet
  facet normal 0.555494 0.831521 -0
    outer loop
      vertex -53.9634 26.5867 9.5
      vertex -54.1809 26.732 12.7
      vertex -53.9634 26.5867 12.7
    endloop
  endfacet
  facet normal 0.555494 0.831521 0
    outer loop
      vertex -54.1809 26.732 12.7
      vertex -53.9634 26.5867 9.5
      vertex -54.1809 26.732 9.5
    endloop
  endfacet
  facet normal -0.89686 0.442314 0
    outer loop
      vertex -57.0287 25.7654 9.5
      vertex -56.913 26 12.7
      vertex -56.913 26 9.5
    endloop
  endfacet
  facet normal -0.89686 0.442314 0
    outer loop
      vertex -56.913 26 12.7
      vertex -57.0287 25.7654 9.5
      vertex -57.0287 25.7654 12.7
    endloop
  endfacet
  facet normal 0.0653771 -0.997861 0
    outer loop
      vertex -55.1809 23 9.5
      vertex -54.9199 23.0171 12.7
      vertex -55.1809 23 12.7
    endloop
  endfacet
  facet normal 0.0653771 -0.997861 0
    outer loop
      vertex -54.9199 23.0171 12.7
      vertex -55.1809 23 9.5
      vertex -54.9199 23.0171 9.5
    endloop
  endfacet
  facet normal -0.19494 -0.980815 0
    outer loop
      vertex -55.6986 23.0681 9.5
      vertex -55.442 23.0171 12.7
      vertex -55.6986 23.0681 12.7
    endloop
  endfacet
  facet normal -0.19494 -0.980815 -0
    outer loop
      vertex -55.442 23.0171 12.7
      vertex -55.6986 23.0681 9.5
      vertex -55.442 23.0171 9.5
    endloop
  endfacet
  facet normal -0.442621 0.896709 0
    outer loop
      vertex -55.9463 26.8478 9.5
      vertex -56.1809 26.732 12.7
      vertex -55.9463 26.8478 12.7
    endloop
  endfacet
  facet normal -0.442621 0.896709 0
    outer loop
      vertex -56.1809 26.732 12.7
      vertex -55.9463 26.8478 9.5
      vertex -56.1809 26.732 9.5
    endloop
  endfacet
  facet normal -0.89686 -0.442314 0
    outer loop
      vertex -56.913 24 9.5
      vertex -57.0287 24.2346 12.7
      vertex -57.0287 24.2346 9.5
    endloop
  endfacet
  facet normal -0.89686 -0.442314 0
    outer loop
      vertex -57.0287 24.2346 12.7
      vertex -56.913 24 9.5
      vertex -56.913 24 12.7
    endloop
  endfacet
  facet normal -0.980801 -0.195013 0
    outer loop
      vertex -57.1128 24.4824 9.5
      vertex -57.1638 24.7389 12.7
      vertex -57.1638 24.7389 9.5
    endloop
  endfacet
  facet normal -0.980801 -0.195013 0
    outer loop
      vertex -57.1638 24.7389 12.7
      vertex -57.1128 24.4824 9.5
      vertex -57.1128 24.4824 12.7
    endloop
  endfacet
  facet normal 0.980727 -0.195381 0
    outer loop
      vertex -53.2491 24.4824 12.7
      vertex -53.198 24.7389 9.5
      vertex -53.198 24.7389 12.7
    endloop
  endfacet
  facet normal 0.980727 -0.195381 0
    outer loop
      vertex -53.198 24.7389 9.5
      vertex -53.2491 24.4824 12.7
      vertex -53.2491 24.4824 9.5
    endloop
  endfacet
  facet normal 0.19494 -0.980815 0
    outer loop
      vertex -54.9199 23.0171 9.5
      vertex -54.6633 23.0681 12.7
      vertex -54.9199 23.0171 12.7
    endloop
  endfacet
  facet normal 0.19494 -0.980815 0
    outer loop
      vertex -54.6633 23.0681 12.7
      vertex -54.9199 23.0171 9.5
      vertex -54.6633 23.0681 9.5
    endloop
  endfacet
  facet normal -0.19494 0.980815 0
    outer loop
      vertex -55.442 26.9829 9.5
      vertex -55.6986 26.9319 12.7
      vertex -55.442 26.9829 12.7
    endloop
  endfacet
  facet normal -0.19494 0.980815 0
    outer loop
      vertex -55.6986 26.9319 12.7
      vertex -55.442 26.9829 9.5
      vertex -55.6986 26.9319 9.5
    endloop
  endfacet
  facet normal -0.94695 0.321382 0
    outer loop
      vertex -57.1128 25.5176 9.5
      vertex -57.0287 25.7654 12.7
      vertex -57.0287 25.7654 9.5
    endloop
  endfacet
  facet normal -0.94695 0.321382 0
    outer loop
      vertex -57.0287 25.7654 12.7
      vertex -57.1128 25.5176 9.5
      vertex -57.1128 25.5176 12.7
    endloop
  endfacet
  facet normal -0.751842 -0.659343 0
    outer loop
      vertex -56.5951 23.5858 9.5
      vertex -56.7676 23.7825 12.7
      vertex -56.7676 23.7825 9.5
    endloop
  endfacet
  facet normal -0.751842 -0.659343 0
    outer loop
      vertex -56.7676 23.7825 12.7
      vertex -56.5951 23.5858 9.5
      vertex -56.5951 23.5858 12.7
    endloop
  endfacet
  facet normal 0.831521 -0.555494 0
    outer loop
      vertex -53.5942 23.7825 12.7
      vertex -53.4489 24 9.5
      vertex -53.4489 24 12.7
    endloop
  endfacet
  facet normal 0.831521 -0.555494 0
    outer loop
      vertex -53.4489 24 9.5
      vertex -53.5942 23.7825 12.7
      vertex -53.5942 23.7825 9.5
    endloop
  endfacet
  facet normal 0.0653771 0.997861 -0
    outer loop
      vertex -54.9199 26.9829 9.5
      vertex -55.1809 27 12.7
      vertex -54.9199 26.9829 12.7
    endloop
  endfacet
  facet normal 0.0653771 0.997861 0
    outer loop
      vertex -55.1809 27 12.7
      vertex -54.9199 26.9829 9.5
      vertex -55.1809 27 9.5
    endloop
  endfacet
  facet normal 0.321498 -0.94691 0
    outer loop
      vertex -54.6633 23.0681 9.5
      vertex -54.4156 23.1522 12.7
      vertex -54.6633 23.0681 12.7
    endloop
  endfacet
  facet normal 0.321498 -0.94691 0
    outer loop
      vertex -54.4156 23.1522 12.7
      vertex -54.6633 23.0681 9.5
      vertex -54.4156 23.1522 9.5
    endloop
  endfacet
  facet normal 0.442469 0.896784 -0
    outer loop
      vertex -54.1809 26.732 9.5
      vertex -54.4156 26.8478 12.7
      vertex -54.1809 26.732 12.7
    endloop
  endfacet
  facet normal 0.442469 0.896784 0
    outer loop
      vertex -54.4156 26.8478 12.7
      vertex -54.1809 26.732 9.5
      vertex -54.4156 26.8478 9.5
    endloop
  endfacet
  facet normal 0.442469 -0.896784 0
    outer loop
      vertex -54.4156 23.1522 9.5
      vertex -54.1809 23.268 12.7
      vertex -54.4156 23.1522 12.7
    endloop
  endfacet
  facet normal 0.442469 -0.896784 0
    outer loop
      vertex -54.1809 23.268 12.7
      vertex -54.4156 23.1522 9.5
      vertex -54.1809 23.268 9.5
    endloop
  endfacet
  facet normal 0.89686 -0.442314 0
    outer loop
      vertex -53.4489 24 12.7
      vertex -53.3332 24.2346 9.5
      vertex -53.3332 24.2346 12.7
    endloop
  endfacet
  facet normal 0.89686 -0.442314 0
    outer loop
      vertex -53.3332 24.2346 9.5
      vertex -53.4489 24 12.7
      vertex -53.4489 24 9.5
    endloop
  endfacet
  facet normal 0.555494 -0.831521 0
    outer loop
      vertex -54.1809 23.268 9.5
      vertex -53.9634 23.4133 12.7
      vertex -54.1809 23.268 12.7
    endloop
  endfacet
  facet normal 0.555494 -0.831521 0
    outer loop
      vertex -53.9634 23.4133 12.7
      vertex -54.1809 23.268 9.5
      vertex -53.9634 23.4133 9.5
    endloop
  endfacet
  facet normal -0 0 1
    outer loop
      vertex -53.2077 25.2558 12.7
      vertex -53.1809 25 12.7
      vertex -53.198 25.2611 12.7
    endloop
  endfacet
  facet normal 0 0 1
    outer loop
      vertex -53.1809 25 12.7
      vertex -53.2077 25.2558 12.7
      vertex -53.1909 25 12.7
    endloop
  endfacet
  facet normal 0 0 1
    outer loop
      vertex -53.198 25.2611 12.7
      vertex -53.208 25.2597 12.7
      vertex -53.2077 25.2558 12.7
    endloop
  endfacet
  facet normal -0 0 1
    outer loop
      vertex -53.258 25.5112 12.7
      vertex -53.198 25.2611 12.7
      vertex -53.2491 25.5176 12.7
    endloop
  endfacet
  facet normal 0 0 1
    outer loop
      vertex -53.198 25.2611 12.7
      vertex -53.258 25.5112 12.7
      vertex -53.208 25.2597 12.7
    endloop
  endfacet
  facet normal 0 0 1
    outer loop
      vertex -53.2491 25.5176 12.7
      vertex -53.2587 25.515 12.7
      vertex -53.258 25.5112 12.7
    endloop
  endfacet
  facet normal 0 0 1
    outer loop
      vertex -53.2491 25.5176 12.7
      vertex -53.26 25.5188 12.7
      vertex -53.2587 25.515 12.7
    endloop
  endfacet
  facet normal 0 0 1
    outer loop
      vertex -53.3332 25.7654 12.7
      vertex -53.26 25.5188 12.7
      vertex -53.2491 25.5176 12.7
    endloop
  endfacet
  facet normal 0 0 1
    outer loop
      vertex -53.3332 25.7654 12.7
      vertex -53.3424 25.7615 12.7
      vertex -53.26 25.5188 12.7
    endloop
  endfacet
  facet normal 0 0 1
    outer loop
      vertex -53.3332 25.7654 12.7
      vertex -53.3441 25.7651 12.7
      vertex -53.3424 25.7615 12.7
    endloop
  endfacet
  facet normal 0 0 1
    outer loop
      vertex -53.4489 26 12.7
      vertex -53.3441 25.7651 12.7
      vertex -53.3332 25.7654 12.7
    endloop
  endfacet
  facet normal 0 0 1
    outer loop
      vertex -53.4489 26 12.7
      vertex -53.4575 25.995 12.7
      vertex -53.3441 25.7651 12.7
    endloop
  endfacet
  facet normal -0 0 1
    outer loop
      vertex -53.6 26.2082 12.7
      vertex -53.4489 26 12.7
      vertex -53.5942 26.2175 12.7
    endloop
  endfacet
  facet normal 0 0 1
    outer loop
      vertex -53.4489 26 12.7
      vertex -53.6 26.2082 12.7
      vertex -53.4575 25.995 12.7
    endloop
  endfacet
  facet normal 0 0 1
    outer loop
      vertex -53.5942 26.2175 12.7
      vertex -53.6021 26.2114 12.7
      vertex -53.6 26.2082 12.7
    endloop
  endfacet
  facet normal 0 0 1
    outer loop
      vertex -53.5942 26.2175 12.7
      vertex -53.6047 26.2144 12.7
      vertex -53.6021 26.2114 12.7
    endloop
  endfacet
  facet normal 0 0 1
    outer loop
      vertex -53.7667 26.4142 12.7
      vertex -53.6047 26.2144 12.7
      vertex -53.5942 26.2175 12.7
    endloop
  endfacet
  facet normal 0 0 1
    outer loop
      vertex -53.7667 26.4142 12.7
      vertex -53.7738 26.4071 12.7
      vertex -53.6047 26.2144 12.7
    endloop
  endfacet
  facet normal -0 0 1
    outer loop
      vertex -53.9665 26.5762 12.7
      vertex -53.7667 26.4142 12.7
      vertex -53.9634 26.5867 12.7
    endloop
  endfacet
  facet normal 0 0 1
    outer loop
      vertex -53.7667 26.4142 12.7
      vertex -53.9665 26.5762 12.7
      vertex -53.7738 26.4071 12.7
    endloop
  endfacet
  facet normal 0 0 1
    outer loop
      vertex -53.9634 26.5867 12.7
      vertex -53.9695 26.5788 12.7
      vertex -53.9665 26.5762 12.7
    endloop
  endfacet
  facet normal 0 0 1
    outer loop
      vertex -53.9634 26.5867 12.7
      vertex -53.9728 26.581 12.7
      vertex -53.9695 26.5788 12.7
    endloop
  endfacet
  facet normal 0 0 1
    outer loop
      vertex -54.1809 26.732 12.7
      vertex -53.9728 26.581 12.7
      vertex -53.9634 26.5867 12.7
    endloop
  endfacet
  facet normal 0 0 1
    outer loop
      vertex -54.1809 26.732 12.7
      vertex -54.1859 26.7234 12.7
      vertex -53.9728 26.581 12.7
    endloop
  endfacet
  facet normal -0 0 1
    outer loop
      vertex -54.4159 26.8368 12.7
      vertex -54.1809 26.732 12.7
      vertex -54.4156 26.8478 12.7
    endloop
  endfacet
  facet normal 0 0 1
    outer loop
      vertex -54.1809 26.732 12.7
      vertex -54.4159 26.8368 12.7
      vertex -54.1859 26.7234 12.7
    endloop
  endfacet
  facet normal 0 0 1
    outer loop
      vertex -54.4156 26.8478 12.7
      vertex -54.4194 26.8385 12.7
      vertex -54.4159 26.8368 12.7
    endloop
  endfacet
  facet normal 0 0 1
    outer loop
      vertex -54.4156 26.8478 12.7
      vertex -54.6622 26.9209 12.7
      vertex -54.4194 26.8385 12.7
    endloop
  endfacet
  facet normal 0 0 1
    outer loop
      vertex -54.6633 26.9319 12.7
      vertex -54.6622 26.9209 12.7
      vertex -54.4156 26.8478 12.7
    endloop
  endfacet
  facet normal 0 0 1
    outer loop
      vertex -54.6633 26.9319 12.7
      vertex -54.6659 26.9222 12.7
      vertex -54.6622 26.9209 12.7
    endloop
  endfacet
  facet normal 0 0 1
    outer loop
      vertex -54.6633 26.9319 12.7
      vertex -54.6697 26.923 12.7
      vertex -54.6659 26.9222 12.7
    endloop
  endfacet
  facet normal 0 0 1
    outer loop
      vertex -54.9199 26.9829 12.7
      vertex -54.6697 26.923 12.7
      vertex -54.6633 26.9319 12.7
    endloop
  endfacet
  facet normal 0 0 1
    outer loop
      vertex -54.9199 26.9829 12.7
      vertex -54.9212 26.973 12.7
      vertex -54.6697 26.923 12.7
    endloop
  endfacet
  facet normal 0 0 1
    outer loop
      vertex -54.9199 26.9829 12.7
      vertex -54.9251 26.9732 12.7
      vertex -54.9212 26.973 12.7
    endloop
  endfacet
  facet normal 0 0 1
    outer loop
      vertex -55.1809 27 12.7
      vertex -54.9251 26.9732 12.7
      vertex -54.9199 26.9829 12.7
    endloop
  endfacet
  facet normal 0 0 1
    outer loop
      vertex -55.1809 27 12.7
      vertex -55.1809 26.99 12.7
      vertex -54.9251 26.9732 12.7
    endloop
  endfacet
  facet normal 0 0 1
    outer loop
      vertex -55.1809 27 12.7
      vertex -55.4368 26.9732 12.7
      vertex -55.1809 26.99 12.7
    endloop
  endfacet
  facet normal -0 0 1
    outer loop
      vertex -55.442 26.9829 12.7
      vertex -55.4368 26.9732 12.7
      vertex -55.1809 27 12.7
    endloop
  endfacet
  facet normal 0 0 1
    outer loop
      vertex -55.4368 26.9732 12.7
      vertex -55.442 26.9829 12.7
      vertex -55.4407 26.973 12.7
    endloop
  endfacet
  facet normal 0 0 1
    outer loop
      vertex -55.442 26.9829 12.7
      vertex -55.6921 26.923 12.7
      vertex -55.4407 26.973 12.7
    endloop
  endfacet
  facet normal -0 0 1
    outer loop
      vertex -55.6986 26.9319 12.7
      vertex -55.6921 26.923 12.7
      vertex -55.442 26.9829 12.7
    endloop
  endfacet
  facet normal 0 0 1
    outer loop
      vertex -55.6921 26.923 12.7
      vertex -55.6986 26.9319 12.7
      vertex -55.696 26.9222 12.7
    endloop
  endfacet
  facet normal 0 0 1
    outer loop
      vertex -55.6986 26.9319 12.7
      vertex -55.6997 26.9209 12.7
      vertex -55.696 26.9222 12.7
    endloop
  endfacet
  facet normal 0 0 1
    outer loop
      vertex -55.9463 26.8478 12.7
      vertex -55.6997 26.9209 12.7
      vertex -55.6986 26.9319 12.7
    endloop
  endfacet
  facet normal 0 0 1
    outer loop
      vertex -55.6997 26.9209 12.7
      vertex -55.9463 26.8478 12.7
      vertex -55.9425 26.8385 12.7
    endloop
  endfacet
  facet normal 0 0 1
    outer loop
      vertex -55.9463 26.8478 12.7
      vertex -55.946 26.8368 12.7
      vertex -55.9425 26.8385 12.7
    endloop
  endfacet
  facet normal 0 0 1
    outer loop
      vertex -56.1809 26.732 12.7
      vertex -55.946 26.8368 12.7
      vertex -55.9463 26.8478 12.7
    endloop
  endfacet
  facet normal 0 0 1
    outer loop
      vertex -55.946 26.8368 12.7
      vertex -56.1809 26.732 12.7
      vertex -56.1759 26.7234 12.7
    endloop
  endfacet
  facet normal 0 0 1
    outer loop
      vertex -56.1809 26.732 12.7
      vertex -56.3891 26.581 12.7
      vertex -56.1759 26.7234 12.7
    endloop
  endfacet
  facet normal -0 0 1
    outer loop
      vertex -56.3984 26.5867 12.7
      vertex -56.3891 26.581 12.7
      vertex -56.1809 26.732 12.7
    endloop
  endfacet
  facet normal 0 0 1
    outer loop
      vertex -56.3891 26.581 12.7
      vertex -56.3984 26.5867 12.7
      vertex -56.3924 26.5788 12.7
    endloop
  endfacet
  facet normal 0 0 1
    outer loop
      vertex -56.3984 26.5867 12.7
      vertex -56.3953 26.5762 12.7
      vertex -56.3924 26.5788 12.7
    endloop
  endfacet
  facet normal 0 0 1
    outer loop
      vertex -56.5951 26.4142 12.7
      vertex -56.3953 26.5762 12.7
      vertex -56.3984 26.5867 12.7
    endloop
  endfacet
  facet normal 0 0 1
    outer loop
      vertex -56.3953 26.5762 12.7
      vertex -56.5951 26.4142 12.7
      vertex -56.5881 26.4071 12.7
    endloop
  endfacet
  facet normal 0 0 1
    outer loop
      vertex -56.5951 26.4142 12.7
      vertex -56.7571 26.2144 12.7
      vertex -56.5881 26.4071 12.7
    endloop
  endfacet
  facet normal -0 0 1
    outer loop
      vertex -56.7676 26.2175 12.7
      vertex -56.7571 26.2144 12.7
      vertex -56.5951 26.4142 12.7
    endloop
  endfacet
  facet normal 0 0 1
    outer loop
      vertex -56.7571 26.2144 12.7
      vertex -56.7676 26.2175 12.7
      vertex -56.7597 26.2114 12.7
    endloop
  endfacet
  facet normal 0 0 1
    outer loop
      vertex -56.7676 26.2175 12.7
      vertex -56.7619 26.2082 12.7
      vertex -56.7597 26.2114 12.7
    endloop
  endfacet
  facet normal 0 0 1
    outer loop
      vertex -56.913 26 12.7
      vertex -56.7619 26.2082 12.7
      vertex -56.7676 26.2175 12.7
    endloop
  endfacet
  facet normal 0 0 1
    outer loop
      vertex -56.7619 26.2082 12.7
      vertex -56.913 26 12.7
      vertex -56.9043 25.995 12.7
    endloop
  endfacet
  facet normal 0 0 1
    outer loop
      vertex -56.913 26 12.7
      vertex -57.0177 25.7651 12.7
      vertex -56.9043 25.995 12.7
    endloop
  endfacet
  facet normal -0 0 1
    outer loop
      vertex -57.0287 25.7654 12.7
      vertex -57.0177 25.7651 12.7
      vertex -56.913 26 12.7
    endloop
  endfacet
  facet normal 0 0 1
    outer loop
      vertex -57.0177 25.7651 12.7
      vertex -57.0287 25.7654 12.7
      vertex -57.0194 25.7615 12.7
    endloop
  endfacet
  facet normal 0 0 1
    outer loop
      vertex -57.0287 25.7654 12.7
      vertex -57.1019 25.5188 12.7
      vertex -57.0194 25.7615 12.7
    endloop
  endfacet
  facet normal 0 0 1
    outer loop
      vertex -57.1128 25.5176 12.7
      vertex -57.1019 25.5188 12.7
      vertex -57.0287 25.7654 12.7
    endloop
  endfacet
  facet normal 0 0 1
    outer loop
      vertex -57.1019 25.5188 12.7
      vertex -57.1128 25.5176 12.7
      vertex -57.1031 25.515 12.7
    endloop
  endfacet
  facet normal 0 0 1
    outer loop
      vertex -57.1128 25.5176 12.7
      vertex -57.1039 25.5112 12.7
      vertex -57.1031 25.515 12.7
    endloop
  endfacet
  facet normal 0 0 1
    outer loop
      vertex -57.1638 25.2611 12.7
      vertex -57.1039 25.5112 12.7
      vertex -57.1128 25.5176 12.7
    endloop
  endfacet
  facet normal 0 0 1
    outer loop
      vertex -57.1039 25.5112 12.7
      vertex -57.1638 25.2611 12.7
      vertex -57.1539 25.2597 12.7
    endloop
  endfacet
  facet normal 0 0 1
    outer loop
      vertex -57.1638 25.2611 12.7
      vertex -57.1542 25.2558 12.7
      vertex -57.1539 25.2597 12.7
    endloop
  endfacet
  facet normal 0 0 1
    outer loop
      vertex -57.1809 25 12.7
      vertex -57.1542 25.2558 12.7
      vertex -57.1638 25.2611 12.7
    endloop
  endfacet
  facet normal 0 0 1
    outer loop
      vertex -57.1542 25.2558 12.7
      vertex -57.1809 25 12.7
      vertex -57.1709 25 12.7
    endloop
  endfacet
  facet normal 0 0 1
    outer loop
      vertex -53.2077 24.7442 12.7
      vertex -53.1809 25 12.7
      vertex -53.1909 25 12.7
    endloop
  endfacet
  facet normal 0 0 1
    outer loop
      vertex -53.1809 25 12.7
      vertex -53.2077 24.7442 12.7
      vertex -53.198 24.7389 12.7
    endloop
  endfacet
  facet normal -0 0 1
    outer loop
      vertex -53.208 24.7403 12.7
      vertex -53.198 24.7389 12.7
      vertex -53.2077 24.7442 12.7
    endloop
  endfacet
  facet normal 0 0 1
    outer loop
      vertex -53.258 24.4888 12.7
      vertex -53.198 24.7389 12.7
      vertex -53.208 24.7403 12.7
    endloop
  endfacet
  facet normal 0 0 1
    outer loop
      vertex -53.198 24.7389 12.7
      vertex -53.258 24.4888 12.7
      vertex -53.2491 24.4824 12.7
    endloop
  endfacet
  facet normal -0 0 1
    outer loop
      vertex -53.2587 24.485 12.7
      vertex -53.2491 24.4824 12.7
      vertex -53.258 24.4888 12.7
    endloop
  endfacet
  facet normal 0 0 1
    outer loop
      vertex -53.26 24.4812 12.7
      vertex -53.2491 24.4824 12.7
      vertex -53.2587 24.485 12.7
    endloop
  endfacet
  facet normal -0 0 1
    outer loop
      vertex -53.26 24.4812 12.7
      vertex -53.3332 24.2346 12.7
      vertex -53.2491 24.4824 12.7
    endloop
  endfacet
  facet normal -0 0 1
    outer loop
      vertex -53.3424 24.2385 12.7
      vertex -53.3332 24.2346 12.7
      vertex -53.26 24.4812 12.7
    endloop
  endfacet
  facet normal -0 0 1
    outer loop
      vertex -53.3441 24.2349 12.7
      vertex -53.3332 24.2346 12.7
      vertex -53.3424 24.2385 12.7
    endloop
  endfacet
  facet normal 0 0 1
    outer loop
      vertex -53.3441 24.2349 12.7
      vertex -53.4489 24 12.7
      vertex -53.3332 24.2346 12.7
    endloop
  endfacet
  facet normal -0 0 1
    outer loop
      vertex -53.4575 24.005 12.7
      vertex -53.4489 24 12.7
      vertex -53.3441 24.2349 12.7
    endloop
  endfacet
  facet normal 0 0 1
    outer loop
      vertex -53.6 23.7918 12.7
      vertex -53.4489 24 12.7
      vertex -53.4575 24.005 12.7
    endloop
  endfacet
  facet normal 0 0 1
    outer loop
      vertex -53.4489 24 12.7
      vertex -53.6 23.7918 12.7
      vertex -53.5942 23.7825 12.7
    endloop
  endfacet
  facet normal -0 0 1
    outer loop
      vertex -53.6021 23.7886 12.7
      vertex -53.5942 23.7825 12.7
      vertex -53.6 23.7918 12.7
    endloop
  endfacet
  facet normal -0 0 1
    outer loop
      vertex -53.6047 23.7856 12.7
      vertex -53.5942 23.7825 12.7
      vertex -53.6021 23.7886 12.7
    endloop
  endfacet
  facet normal 0 0 1
    outer loop
      vertex -53.6047 23.7856 12.7
      vertex -53.7667 23.5858 12.7
      vertex -53.5942 23.7825 12.7
    endloop
  endfacet
  facet normal -0 0 1
    outer loop
      vertex -53.7738 23.5929 12.7
      vertex -53.7667 23.5858 12.7
      vertex -53.6047 23.7856 12.7
    endloop
  endfacet
  facet normal 0 0 1
    outer loop
      vertex -53.9665 23.4238 12.7
      vertex -53.7667 23.5858 12.7
      vertex -53.7738 23.5929 12.7
    endloop
  endfacet
  facet normal 0 0 1
    outer loop
      vertex -53.7667 23.5858 12.7
      vertex -53.9665 23.4238 12.7
      vertex -53.9634 23.4133 12.7
    endloop
  endfacet
  facet normal -0 0 1
    outer loop
      vertex -53.9695 23.4212 12.7
      vertex -53.9634 23.4133 12.7
      vertex -53.9665 23.4238 12.7
    endloop
  endfacet
  facet normal -0 0 1
    outer loop
      vertex -53.9728 23.419 12.7
      vertex -53.9634 23.4133 12.7
      vertex -53.9695 23.4212 12.7
    endloop
  endfacet
  facet normal 0 0 1
    outer loop
      vertex -53.9728 23.419 12.7
      vertex -54.1809 23.268 12.7
      vertex -53.9634 23.4133 12.7
    endloop
  endfacet
  facet normal -0 0 1
    outer loop
      vertex -54.1859 23.2766 12.7
      vertex -54.1809 23.268 12.7
      vertex -53.9728 23.419 12.7
    endloop
  endfacet
  facet normal 0 0 1
    outer loop
      vertex -54.4159 23.1632 12.7
      vertex -54.1809 23.268 12.7
      vertex -54.1859 23.2766 12.7
    endloop
  endfacet
  facet normal 0 0 1
    outer loop
      vertex -54.1809 23.268 12.7
      vertex -54.4159 23.1632 12.7
      vertex -54.4156 23.1522 12.7
    endloop
  endfacet
  facet normal -0 0 1
    outer loop
      vertex -54.4194 23.1615 12.7
      vertex -54.4156 23.1522 12.7
      vertex -54.4159 23.1632 12.7
    endloop
  endfacet
  facet normal 0 0 1
    outer loop
      vertex -54.6622 23.0791 12.7
      vertex -54.4156 23.1522 12.7
      vertex -54.4194 23.1615 12.7
    endloop
  endfacet
  facet normal -0 0 1
    outer loop
      vertex -54.6622 23.0791 12.7
      vertex -54.6633 23.0681 12.7
      vertex -54.4156 23.1522 12.7
    endloop
  endfacet
  facet normal -0 0 1
    outer loop
      vertex -54.6659 23.0778 12.7
      vertex -54.6633 23.0681 12.7
      vertex -54.6622 23.0791 12.7
    endloop
  endfacet
  facet normal -0 0 1
    outer loop
      vertex -54.6697 23.077 12.7
      vertex -54.6633 23.0681 12.7
      vertex -54.6659 23.0778 12.7
    endloop
  endfacet
  facet normal 0 0 1
    outer loop
      vertex -54.6697 23.077 12.7
      vertex -54.9199 23.0171 12.7
      vertex -54.6633 23.0681 12.7
    endloop
  endfacet
  facet normal -0 0 1
    outer loop
      vertex -54.9212 23.027 12.7
      vertex -54.9199 23.0171 12.7
      vertex -54.6697 23.077 12.7
    endloop
  endfacet
  facet normal -0 0 1
    outer loop
      vertex -54.9251 23.0268 12.7
      vertex -54.9199 23.0171 12.7
      vertex -54.9212 23.027 12.7
    endloop
  endfacet
  facet normal 0 0 1
    outer loop
      vertex -55.1809 23 12.7
      vertex -54.9251 23.0268 12.7
      vertex -55.1809 23.01 12.7
    endloop
  endfacet
  facet normal 0 0 1
    outer loop
      vertex -54.9251 23.0268 12.7
      vertex -55.1809 23 12.7
      vertex -54.9199 23.0171 12.7
    endloop
  endfacet
  facet normal 0 0 1
    outer loop
      vertex -55.4368 23.0268 12.7
      vertex -55.1809 23 12.7
      vertex -55.1809 23.01 12.7
    endloop
  endfacet
  facet normal 0 0 1
    outer loop
      vertex -55.442 23.0171 12.7
      vertex -55.4368 23.0268 12.7
      vertex -55.4407 23.027 12.7
    endloop
  endfacet
  facet normal 0 0 1
    outer loop
      vertex -55.4368 23.0268 12.7
      vertex -55.442 23.0171 12.7
      vertex -55.1809 23 12.7
    endloop
  endfacet
  facet normal 0 0 1
    outer loop
      vertex -55.6921 23.077 12.7
      vertex -55.442 23.0171 12.7
      vertex -55.4407 23.027 12.7
    endloop
  endfacet
  facet normal 0 0 1
    outer loop
      vertex -55.6986 23.0681 12.7
      vertex -55.6921 23.077 12.7
      vertex -55.696 23.0778 12.7
    endloop
  endfacet
  facet normal 0 0 1
    outer loop
      vertex -55.6921 23.077 12.7
      vertex -55.6986 23.0681 12.7
      vertex -55.442 23.0171 12.7
    endloop
  endfacet
  facet normal 0 0 1
    outer loop
      vertex -55.6997 23.0791 12.7
      vertex -55.6986 23.0681 12.7
      vertex -55.696 23.0778 12.7
    endloop
  endfacet
  facet normal -0 0 1
    outer loop
      vertex -55.9463 23.1522 12.7
      vertex -55.6997 23.0791 12.7
      vertex -55.9425 23.1615 12.7
    endloop
  endfacet
  facet normal 0 0 1
    outer loop
      vertex -55.6997 23.0791 12.7
      vertex -55.9463 23.1522 12.7
      vertex -55.6986 23.0681 12.7
    endloop
  endfacet
  facet normal 0 0 1
    outer loop
      vertex -55.946 23.1632 12.7
      vertex -55.9463 23.1522 12.7
      vertex -55.9425 23.1615 12.7
    endloop
  endfacet
  facet normal -0 0 1
    outer loop
      vertex -56.1809 23.268 12.7
      vertex -55.946 23.1632 12.7
      vertex -56.1759 23.2766 12.7
    endloop
  endfacet
  facet normal 0 0 1
    outer loop
      vertex -55.946 23.1632 12.7
      vertex -56.1809 23.268 12.7
      vertex -55.9463 23.1522 12.7
    endloop
  endfacet
  facet normal 0 0 1
    outer loop
      vertex -56.3891 23.419 12.7
      vertex -56.1809 23.268 12.7
      vertex -56.1759 23.2766 12.7
    endloop
  endfacet
  facet normal 0 0 1
    outer loop
      vertex -56.3984 23.4133 12.7
      vertex -56.3891 23.419 12.7
      vertex -56.3924 23.4212 12.7
    endloop
  endfacet
  facet normal 0 0 1
    outer loop
      vertex -56.3891 23.419 12.7
      vertex -56.3984 23.4133 12.7
      vertex -56.1809 23.268 12.7
    endloop
  endfacet
  facet normal 0 0 1
    outer loop
      vertex -56.3953 23.4238 12.7
      vertex -56.3984 23.4133 12.7
      vertex -56.3924 23.4212 12.7
    endloop
  endfacet
  facet normal -0 0 1
    outer loop
      vertex -56.5951 23.5858 12.7
      vertex -56.3953 23.4238 12.7
      vertex -56.5881 23.5929 12.7
    endloop
  endfacet
  facet normal 0 0 1
    outer loop
      vertex -56.3953 23.4238 12.7
      vertex -56.5951 23.5858 12.7
      vertex -56.3984 23.4133 12.7
    endloop
  endfacet
  facet normal 0 0 1
    outer loop
      vertex -56.7571 23.7856 12.7
      vertex -56.5951 23.5858 12.7
      vertex -56.5881 23.5929 12.7
    endloop
  endfacet
  facet normal 0 0 1
    outer loop
      vertex -56.7676 23.7825 12.7
      vertex -56.7571 23.7856 12.7
      vertex -56.7597 23.7886 12.7
    endloop
  endfacet
  facet normal 0 0 1
    outer loop
      vertex -56.7571 23.7856 12.7
      vertex -56.7676 23.7825 12.7
      vertex -56.5951 23.5858 12.7
    endloop
  endfacet
  facet normal 0 0 1
    outer loop
      vertex -56.7619 23.7918 12.7
      vertex -56.7676 23.7825 12.7
      vertex -56.7597 23.7886 12.7
    endloop
  endfacet
  facet normal -0 0 1
    outer loop
      vertex -56.913 24 12.7
      vertex -56.7619 23.7918 12.7
      vertex -56.9043 24.005 12.7
    endloop
  endfacet
  facet normal 0 0 1
    outer loop
      vertex -56.7619 23.7918 12.7
      vertex -56.913 24 12.7
      vertex -56.7676 23.7825 12.7
    endloop
  endfacet
  facet normal 0 0 1
    outer loop
      vertex -57.0177 24.2349 12.7
      vertex -56.913 24 12.7
      vertex -56.9043 24.005 12.7
    endloop
  endfacet
  facet normal 0 0 1
    outer loop
      vertex -57.0287 24.2346 12.7
      vertex -57.0177 24.2349 12.7
      vertex -57.0194 24.2385 12.7
    endloop
  endfacet
  facet normal 0 0 1
    outer loop
      vertex -57.0177 24.2349 12.7
      vertex -57.0287 24.2346 12.7
      vertex -56.913 24 12.7
    endloop
  endfacet
  facet normal 0 0 1
    outer loop
      vertex -57.1019 24.4812 12.7
      vertex -57.0287 24.2346 12.7
      vertex -57.0194 24.2385 12.7
    endloop
  endfacet
  facet normal -0 0 1
    outer loop
      vertex -57.1128 24.4824 12.7
      vertex -57.1019 24.4812 12.7
      vertex -57.1031 24.485 12.7
    endloop
  endfacet
  facet normal 0 0 1
    outer loop
      vertex -57.1019 24.4812 12.7
      vertex -57.1128 24.4824 12.7
      vertex -57.0287 24.2346 12.7
    endloop
  endfacet
  facet normal 0 0 1
    outer loop
      vertex -57.1039 24.4888 12.7
      vertex -57.1128 24.4824 12.7
      vertex -57.1031 24.485 12.7
    endloop
  endfacet
  facet normal -0 0 1
    outer loop
      vertex -57.1638 24.7389 12.7
      vertex -57.1039 24.4888 12.7
      vertex -57.1539 24.7403 12.7
    endloop
  endfacet
  facet normal 0 0 1
    outer loop
      vertex -57.1039 24.4888 12.7
      vertex -57.1638 24.7389 12.7
      vertex -57.1128 24.4824 12.7
    endloop
  endfacet
  facet normal 0 0 1
    outer loop
      vertex -57.1542 24.7442 12.7
      vertex -57.1638 24.7389 12.7
      vertex -57.1539 24.7403 12.7
    endloop
  endfacet
  facet normal -0 0 1
    outer loop
      vertex -57.1809 25 12.7
      vertex -57.1542 24.7442 12.7
      vertex -57.1709 25 12.7
    endloop
  endfacet
  facet normal 0 0 1
    outer loop
      vertex -57.1542 24.7442 12.7
      vertex -57.1809 25 12.7
      vertex -57.1638 24.7389 12.7
    endloop
  endfacet
  facet normal -0.706355 0.0461146 0.706355
    outer loop
      vertex -57.1709 25 12.7
      vertex -56.6809 25 13.19
      vertex -57.1542 25.2558 12.7
    endloop
  endfacet
  facet normal -0.634951 0.312786 0.706401
    outer loop
      vertex -57.0177 25.7651 12.7
      vertex -56.5667 25.574 13.19
      vertex -56.48 25.75 13.19
    endloop
  endfacet
  facet normal -0.639781 0.302119 0.706686
    outer loop
      vertex -56.5667 25.574 13.19
      vertex -57.0177 25.7651 12.7
      vertex -57.0194 25.7615 12.7
    endloop
  endfacet
  facet normal 0.532071 0.466908 0.706326
    outer loop
      vertex -54.1203 26.0607 13.19
      vertex -53.6047 26.2144 12.7
      vertex -53.7738 26.4071 12.7
    endloop
  endfacet
  facet normal 0.670288 -0.227572 0.706346
    outer loop
      vertex -53.7951 24.426 13.19
      vertex -53.3424 24.2385 12.7
      vertex -53.26 24.4812 12.7
    endloop
  endfacet
  facet normal -0.31308 -0.634817 0.706391
    outer loop
      vertex -55.946 23.1632 12.7
      vertex -55.7549 23.6142 13.19
      vertex -55.9309 23.701 13.19
    endloop
  endfacet
  facet normal -0.309199 -0.636587 0.706508
    outer loop
      vertex -55.7549 23.6142 13.19
      vertex -55.946 23.1632 12.7
      vertex -55.9425 23.1615 12.7
    endloop
  endfacet
  facet normal -0.46678 0.532201 0.706314
    outer loop
      vertex -56.5881 26.4071 12.7
      vertex -56.2416 26.0607 13.19
      vertex -56.3953 26.5762 12.7
    endloop
  endfacet
  facet normal -0.634951 -0.312786 0.706401
    outer loop
      vertex -56.5667 24.426 13.19
      vertex -57.0177 24.2349 12.7
      vertex -56.48 24.25 13.19
    endloop
  endfacet
  facet normal -0.639781 -0.302119 0.706686
    outer loop
      vertex -57.0177 24.2349 12.7
      vertex -56.5667 24.426 13.19
      vertex -57.0194 24.2385 12.7
    endloop
  endfacet
  facet normal -0.588661 -0.393177 0.706321
    outer loop
      vertex -56.9043 24.005 12.7
      vertex -56.7619 23.7918 12.7
      vertex -56.48 24.25 13.19
    endloop
  endfacet
  facet normal 0.670288 0.227572 0.706346
    outer loop
      vertex -53.7951 25.574 13.19
      vertex -53.26 25.5188 12.7
      vertex -53.3424 25.7615 12.7
    endloop
  endfacet
  facet normal -0.393135 -0.588621 0.706379
    outer loop
      vertex -56.0941 23.81 13.19
      vertex -56.3891 23.419 12.7
      vertex -55.9309 23.701 13.19
    endloop
  endfacet
  facet normal -0.392645 -0.588968 0.706361
    outer loop
      vertex -56.3891 23.419 12.7
      vertex -56.0941 23.81 13.19
      vertex -56.3924 23.4212 12.7
    endloop
  endfacet
  facet normal -0.466612 -0.532291 0.706356
    outer loop
      vertex -56.3953 23.4238 12.7
      vertex -56.0941 23.81 13.19
      vertex -56.2416 23.9393 13.19
    endloop
  endfacet
  facet normal -0.472692 -0.527233 0.706107
    outer loop
      vertex -56.0941 23.81 13.19
      vertex -56.3953 23.4238 12.7
      vertex -56.3924 23.4212 12.7
    endloop
  endfacet
  facet normal -0.472692 0.527233 0.706107
    outer loop
      vertex -56.3953 26.5762 12.7
      vertex -56.0941 26.19 13.19
      vertex -56.3924 26.5788 12.7
    endloop
  endfacet
  facet normal -0.466612 0.532291 0.706356
    outer loop
      vertex -56.0941 26.19 13.19
      vertex -56.3953 26.5762 12.7
      vertex -56.2416 26.0607 13.19
    endloop
  endfacet
  facet normal 0.58849 -0.393339 0.706374
    outer loop
      vertex -53.8819 24.25 13.19
      vertex -53.6 23.7918 12.7
      vertex -53.4575 24.005 12.7
    endloop
  endfacet
  facet normal -0.227482 0.670298 0.706366
    outer loop
      vertex -55.9425 26.8385 12.7
      vertex -55.7549 26.3858 13.19
      vertex -55.6997 26.9209 12.7
    endloop
  endfacet
  facet normal -0.313123 -0.634806 0.706382
    outer loop
      vertex -56.1759 23.2766 12.7
      vertex -55.946 23.1632 12.7
      vertex -55.9309 23.701 13.19
    endloop
  endfacet
  facet normal -0.634864 -0.313152 0.706317
    outer loop
      vertex -57.0177 24.2349 12.7
      vertex -56.9043 24.005 12.7
      vertex -56.48 24.25 13.19
    endloop
  endfacet
  facet normal 0 0 1
    outer loop
      vertex -53.6938 25.1958 13.19
      vertex -53.6938 24.8042 13.19
      vertex -53.6809 25 13.19
    endloop
  endfacet
  facet normal 0 0 1
    outer loop
      vertex -53.732 25.3882 13.19
      vertex -53.6938 24.8042 13.19
      vertex -53.6938 25.1958 13.19
    endloop
  endfacet
  facet normal 0 0 1
    outer loop
      vertex -53.732 25.3882 13.19
      vertex -53.732 24.6118 13.19
      vertex -53.6938 24.8042 13.19
    endloop
  endfacet
  facet normal 0 0 1
    outer loop
      vertex -53.7951 25.574 13.19
      vertex -53.732 24.6118 13.19
      vertex -53.732 25.3882 13.19
    endloop
  endfacet
  facet normal 0 0 1
    outer loop
      vertex -53.7951 25.574 13.19
      vertex -53.7951 24.426 13.19
      vertex -53.732 24.6118 13.19
    endloop
  endfacet
  facet normal 0 0 1
    outer loop
      vertex -53.8819 25.75 13.19
      vertex -53.7951 24.426 13.19
      vertex -53.7951 25.574 13.19
    endloop
  endfacet
  facet normal 0 0 1
    outer loop
      vertex -53.8819 25.75 13.19
      vertex -53.8819 24.25 13.19
      vertex -53.7951 24.426 13.19
    endloop
  endfacet
  facet normal 0 0 1
    outer loop
      vertex -53.9909 25.9131 13.19
      vertex -53.8819 24.25 13.19
      vertex -53.8819 25.75 13.19
    endloop
  endfacet
  facet normal 0 0 1
    outer loop
      vertex -53.9909 25.9131 13.19
      vertex -53.9909 24.0869 13.19
      vertex -53.8819 24.25 13.19
    endloop
  endfacet
  facet normal 0 0 1
    outer loop
      vertex -54.1203 26.0607 13.19
      vertex -53.9909 24.0869 13.19
      vertex -53.9909 25.9131 13.19
    endloop
  endfacet
  facet normal 0 0 1
    outer loop
      vertex -54.1203 26.0607 13.19
      vertex -54.1203 23.9393 13.19
      vertex -53.9909 24.0869 13.19
    endloop
  endfacet
  facet normal 0 0 1
    outer loop
      vertex -54.2678 26.19 13.19
      vertex -54.1203 23.9393 13.19
      vertex -54.1203 26.0607 13.19
    endloop
  endfacet
  facet normal 0 0 1
    outer loop
      vertex -54.2678 26.19 13.19
      vertex -54.2678 23.81 13.19
      vertex -54.1203 23.9393 13.19
    endloop
  endfacet
  facet normal 0 0 1
    outer loop
      vertex -54.4309 26.299 13.19
      vertex -54.2678 23.81 13.19
      vertex -54.2678 26.19 13.19
    endloop
  endfacet
  facet normal 0 0 1
    outer loop
      vertex -54.4309 26.299 13.19
      vertex -54.4309 23.701 13.19
      vertex -54.2678 23.81 13.19
    endloop
  endfacet
  facet normal 0 0 1
    outer loop
      vertex -54.6069 26.3858 13.19
      vertex -54.4309 23.701 13.19
      vertex -54.4309 26.299 13.19
    endloop
  endfacet
  facet normal 0 0 1
    outer loop
      vertex -54.6069 26.3858 13.19
      vertex -54.6069 23.6142 13.19
      vertex -54.4309 23.701 13.19
    endloop
  endfacet
  facet normal 0 0 1
    outer loop
      vertex -54.7927 26.4489 13.19
      vertex -54.6069 23.6142 13.19
      vertex -54.6069 26.3858 13.19
    endloop
  endfacet
  facet normal 0 0 1
    outer loop
      vertex -54.7927 26.4489 13.19
      vertex -54.7927 23.5511 13.19
      vertex -54.6069 23.6142 13.19
    endloop
  endfacet
  facet normal 0 0 1
    outer loop
      vertex -54.9851 26.4872 13.19
      vertex -54.7927 23.5511 13.19
      vertex -54.7927 26.4489 13.19
    endloop
  endfacet
  facet normal 0 0 1
    outer loop
      vertex -54.9851 26.4872 13.19
      vertex -54.9851 23.5128 13.19
      vertex -54.7927 23.5511 13.19
    endloop
  endfacet
  facet normal 0 0 1
    outer loop
      vertex -55.1809 26.5 13.19
      vertex -54.9851 23.5128 13.19
      vertex -54.9851 26.4872 13.19
    endloop
  endfacet
  facet normal 0 0 1
    outer loop
      vertex -55.1809 26.5 13.19
      vertex -55.1809 23.5 13.19
      vertex -54.9851 23.5128 13.19
    endloop
  endfacet
  facet normal -0 0 1
    outer loop
      vertex -55.3767 26.4872 13.19
      vertex -55.1809 23.5 13.19
      vertex -55.1809 26.5 13.19
    endloop
  endfacet
  facet normal 0 0 1
    outer loop
      vertex -55.3767 26.4872 13.19
      vertex -55.3767 23.5128 13.19
      vertex -55.1809 23.5 13.19
    endloop
  endfacet
  facet normal -0 0 1
    outer loop
      vertex -55.5692 26.4489 13.19
      vertex -55.3767 23.5128 13.19
      vertex -55.3767 26.4872 13.19
    endloop
  endfacet
  facet normal 0 0 1
    outer loop
      vertex -55.5692 26.4489 13.19
      vertex -55.5692 23.5511 13.19
      vertex -55.3767 23.5128 13.19
    endloop
  endfacet
  facet normal -0 0 1
    outer loop
      vertex -55.7549 26.3858 13.19
      vertex -55.5692 23.5511 13.19
      vertex -55.5692 26.4489 13.19
    endloop
  endfacet
  facet normal 0 0 1
    outer loop
      vertex -55.7549 26.3858 13.19
      vertex -55.7549 23.6142 13.19
      vertex -55.5692 23.5511 13.19
    endloop
  endfacet
  facet normal -0 0 1
    outer loop
      vertex -55.9309 26.299 13.19
      vertex -55.7549 23.6142 13.19
      vertex -55.7549 26.3858 13.19
    endloop
  endfacet
  facet normal 0 0 1
    outer loop
      vertex -55.9309 26.299 13.19
      vertex -55.9309 23.701 13.19
      vertex -55.7549 23.6142 13.19
    endloop
  endfacet
  facet normal -0 0 1
    outer loop
      vertex -56.0941 26.19 13.19
      vertex -55.9309 23.701 13.19
      vertex -55.9309 26.299 13.19
    endloop
  endfacet
  facet normal 0 0 1
    outer loop
      vertex -56.0941 26.19 13.19
      vertex -56.0941 23.81 13.19
      vertex -55.9309 23.701 13.19
    endloop
  endfacet
  facet normal -0 0 1
    outer loop
      vertex -56.2416 26.0607 13.19
      vertex -56.0941 23.81 13.19
      vertex -56.0941 26.19 13.19
    endloop
  endfacet
  facet normal 0 0 1
    outer loop
      vertex -56.2416 26.0607 13.19
      vertex -56.2416 23.9393 13.19
      vertex -56.0941 23.81 13.19
    endloop
  endfacet
  facet normal -0 0 1
    outer loop
      vertex -56.371 25.9131 13.19
      vertex -56.2416 23.9393 13.19
      vertex -56.2416 26.0607 13.19
    endloop
  endfacet
  facet normal 0 0 1
    outer loop
      vertex -56.371 25.9131 13.19
      vertex -56.371 24.0869 13.19
      vertex -56.2416 23.9393 13.19
    endloop
  endfacet
  facet normal -0 0 1
    outer loop
      vertex -56.48 25.75 13.19
      vertex -56.371 24.0869 13.19
      vertex -56.371 25.9131 13.19
    endloop
  endfacet
  facet normal 0 0 1
    outer loop
      vertex -56.48 25.75 13.19
      vertex -56.48 24.25 13.19
      vertex -56.371 24.0869 13.19
    endloop
  endfacet
  facet normal -0 0 1
    outer loop
      vertex -56.5667 25.574 13.19
      vertex -56.48 24.25 13.19
      vertex -56.48 25.75 13.19
    endloop
  endfacet
  facet normal 0 0 1
    outer loop
      vertex -56.5667 25.574 13.19
      vertex -56.5667 24.426 13.19
      vertex -56.48 24.25 13.19
    endloop
  endfacet
  facet normal -0 0 1
    outer loop
      vertex -56.6298 25.3882 13.19
      vertex -56.5667 24.426 13.19
      vertex -56.5667 25.574 13.19
    endloop
  endfacet
  facet normal 0 0 1
    outer loop
      vertex -56.6298 25.3882 13.19
      vertex -56.6298 24.6118 13.19
      vertex -56.5667 24.426 13.19
    endloop
  endfacet
  facet normal -0 0 1
    outer loop
      vertex -56.6681 25.1958 13.19
      vertex -56.6298 24.6118 13.19
      vertex -56.6298 25.3882 13.19
    endloop
  endfacet
  facet normal 0 0 1
    outer loop
      vertex -56.6681 25.1958 13.19
      vertex -56.6681 24.8042 13.19
      vertex -56.6298 24.6118 13.19
    endloop
  endfacet
  facet normal 0 -0 1
    outer loop
      vertex -56.6681 24.8042 13.19
      vertex -56.6681 25.1958 13.19
      vertex -56.6809 25 13.19
    endloop
  endfacet
  facet normal -0.588661 0.393177 0.706321
    outer loop
      vertex -56.9043 25.995 12.7
      vertex -56.48 25.75 13.19
      vertex -56.7619 26.2082 12.7
    endloop
  endfacet
  facet normal -0.694288 0.138029 0.706337
    outer loop
      vertex -57.1539 25.2597 12.7
      vertex -56.6681 25.1958 13.19
      vertex -57.1039 25.5112 12.7
    endloop
  endfacet
  facet normal 0.138029 0.694288 0.706337
    outer loop
      vertex -54.9851 26.4872 13.19
      vertex -54.6697 26.923 12.7
      vertex -54.9212 26.973 12.7
    endloop
  endfacet
  facet normal 0.706346 0.0463902 0.706346
    outer loop
      vertex -53.6809 25 13.19
      vertex -53.1909 25 12.7
      vertex -53.2077 25.2558 12.7
    endloop
  endfacet
  facet normal -0.532275 0.466642 0.706348
    outer loop
      vertex -56.7571 26.2144 12.7
      vertex -56.371 25.9131 13.19
      vertex -56.2416 26.0607 13.19
    endloop
  endfacet
  facet normal -0.534843 0.46353 0.706458
    outer loop
      vertex -56.371 25.9131 13.19
      vertex -56.7571 26.2144 12.7
      vertex -56.7597 26.2114 12.7
    endloop
  endfacet
  facet normal 0.58849 0.393339 0.706374
    outer loop
      vertex -53.8819 25.75 13.19
      vertex -53.4575 25.995 12.7
      vertex -53.6 26.2082 12.7
    endloop
  endfacet
  facet normal 0.696514 0.128305 0.705978
    outer loop
      vertex -53.732 25.3882 13.19
      vertex -53.258 25.5112 12.7
      vertex -53.2587 25.515 12.7
    endloop
  endfacet
  facet normal 0.694363 0.137862 0.706296
    outer loop
      vertex -53.258 25.5112 12.7
      vertex -53.732 25.3882 13.19
      vertex -53.6938 25.1958 13.19
    endloop
  endfacet
  facet normal 0.313094 -0.634845 0.706359
    outer loop
      vertex -54.6069 23.6142 13.19
      vertex -54.4159 23.1632 12.7
      vertex -54.4309 23.701 13.19
    endloop
  endfacet
  facet normal 0.309213 -0.636615 0.706476
    outer loop
      vertex -54.4159 23.1632 12.7
      vertex -54.6069 23.6142 13.19
      vertex -54.4194 23.1615 12.7
    endloop
  endfacet
  facet normal -0.138128 0.694244 0.706361
    outer loop
      vertex -55.6921 26.923 12.7
      vertex -55.5692 26.4489 13.19
      vertex -55.3767 26.4872 13.19
    endloop
  endfacet
  facet normal -0.142216 0.693302 0.706475
    outer loop
      vertex -55.5692 26.4489 13.19
      vertex -55.6921 26.923 12.7
      vertex -55.696 26.9222 12.7
    endloop
  endfacet
  facet normal -0.588521 -0.39331 0.706364
    outer loop
      vertex -56.7619 23.7918 12.7
      vertex -56.371 24.0869 13.19
      vertex -56.48 24.25 13.19
    endloop
  endfacet
  facet normal -0.583102 -0.400882 0.706602
    outer loop
      vertex -56.371 24.0869 13.19
      vertex -56.7619 23.7918 12.7
      vertex -56.7597 23.7886 12.7
    endloop
  endfacet
  facet normal 0.669816 0.229147 0.706285
    outer loop
      vertex -53.26 25.5188 12.7
      vertex -53.732 25.3882 13.19
      vertex -53.2587 25.515 12.7
    endloop
  endfacet
  facet normal 0.670282 0.227636 0.706331
    outer loop
      vertex -53.732 25.3882 13.19
      vertex -53.26 25.5188 12.7
      vertex -53.7951 25.574 13.19
    endloop
  endfacet
  facet normal 0.694288 -0.138029 0.706337
    outer loop
      vertex -53.6938 24.8042 13.19
      vertex -53.258 24.4888 12.7
      vertex -53.208 24.7403 12.7
    endloop
  endfacet
  facet normal 0.392645 0.588968 0.706361
    outer loop
      vertex -53.9728 26.581 12.7
      vertex -54.2678 26.19 13.19
      vertex -53.9695 26.5788 12.7
    endloop
  endfacet
  facet normal 0.393299 0.588504 0.706384
    outer loop
      vertex -54.2678 26.19 13.19
      vertex -53.9728 26.581 12.7
      vertex -54.4309 26.299 13.19
    endloop
  endfacet
  facet normal 0.532071 -0.466908 0.706326
    outer loop
      vertex -54.1203 23.9393 13.19
      vertex -53.7738 23.5929 12.7
      vertex -53.6047 23.7856 12.7
    endloop
  endfacet
  facet normal -0.532213 0.466757 0.706319
    outer loop
      vertex -56.7571 26.2144 12.7
      vertex -56.2416 26.0607 13.19
      vertex -56.5881 26.4071 12.7
    endloop
  endfacet
  facet normal 0.393274 0.58853 0.706376
    outer loop
      vertex -54.4309 26.299 13.19
      vertex -53.9728 26.581 12.7
      vertex -54.1859 26.7234 12.7
    endloop
  endfacet
  facet normal -0.313123 0.634806 0.706382
    outer loop
      vertex -56.1759 26.7234 12.7
      vertex -55.9309 26.299 13.19
      vertex -55.946 26.8368 12.7
    endloop
  endfacet
  facet normal -0.670217 0.227614 0.7064
    outer loop
      vertex -57.1019 25.5188 12.7
      vertex -56.6298 25.3882 13.19
      vertex -56.5667 25.574 13.19
    endloop
  endfacet
  facet normal -0.674619 0.213038 0.706756
    outer loop
      vertex -56.6298 25.3882 13.19
      vertex -57.1019 25.5188 12.7
      vertex -57.1031 25.515 12.7
    endloop
  endfacet
  facet normal 0.466913 0.532076 0.706319
    outer loop
      vertex -54.1203 26.0607 13.19
      vertex -53.7738 26.4071 12.7
      vertex -53.9665 26.5762 12.7
    endloop
  endfacet
  facet normal 0.706346 -0.0463902 0.706346
    outer loop
      vertex -53.6809 25 13.19
      vertex -53.2077 24.7442 12.7
      vertex -53.1909 25 12.7
    endloop
  endfacet
  facet normal 0.227489 0.67032 0.706343
    outer loop
      vertex -54.6622 26.9209 12.7
      vertex -54.6069 26.3858 13.19
      vertex -54.4194 26.8385 12.7
    endloop
  endfacet
  facet normal -0.706355 -0.0461146 0.706355
    outer loop
      vertex -57.1709 25 12.7
      vertex -57.1542 24.7442 12.7
      vertex -56.6809 25 13.19
    endloop
  endfacet
  facet normal 0.694288 0.138029 0.706337
    outer loop
      vertex -53.6938 25.1958 13.19
      vertex -53.208 25.2597 12.7
      vertex -53.258 25.5112 12.7
    endloop
  endfacet
  facet normal -0.634864 0.313152 0.706317
    outer loop
      vertex -57.0177 25.7651 12.7
      vertex -56.48 25.75 13.19
      vertex -56.9043 25.995 12.7
    endloop
  endfacet
  facet normal 0.14578 -0.692455 0.706579
    outer loop
      vertex -54.7927 23.5511 13.19
      vertex -54.6697 23.077 12.7
      vertex -54.6659 23.0778 12.7
    endloop
  endfacet
  facet normal 0.138193 -0.694214 0.706377
    outer loop
      vertex -54.6697 23.077 12.7
      vertex -54.7927 23.5511 13.19
      vertex -54.9851 23.5128 13.19
    endloop
  endfacet
  facet normal 0.466913 -0.532076 0.706319
    outer loop
      vertex -54.1203 23.9393 13.19
      vertex -53.9665 23.4238 12.7
      vertex -53.7738 23.5929 12.7
    endloop
  endfacet
  facet normal -0.138128 -0.694244 0.706361
    outer loop
      vertex -55.5692 23.5511 13.19
      vertex -55.6921 23.077 12.7
      vertex -55.3767 23.5128 13.19
    endloop
  endfacet
  facet normal -0.142216 -0.693302 0.706475
    outer loop
      vertex -55.6921 23.077 12.7
      vertex -55.5692 23.5511 13.19
      vertex -55.696 23.0778 12.7
    endloop
  endfacet
  facet normal -0.227482 -0.670298 0.706366
    outer loop
      vertex -55.9425 23.1615 12.7
      vertex -55.6997 23.0791 12.7
      vertex -55.7549 23.6142 13.19
    endloop
  endfacet
  facet normal -0.393144 -0.588611 0.706381
    outer loop
      vertex -56.3891 23.419 12.7
      vertex -56.1759 23.2766 12.7
      vertex -55.9309 23.701 13.19
    endloop
  endfacet
  facet normal 0.0463902 0.706346 0.706346
    outer loop
      vertex -55.1809 26.5 13.19
      vertex -54.9251 26.9732 12.7
      vertex -55.1809 26.99 12.7
    endloop
  endfacet
  facet normal -0.0463721 0.706346 0.706346
    outer loop
      vertex -55.4368 26.9732 12.7
      vertex -55.1809 26.5 13.19
      vertex -55.1809 26.99 12.7
    endloop
  endfacet
  facet normal -0.670196 -0.227817 0.706354
    outer loop
      vertex -57.1019 24.4812 12.7
      vertex -57.0194 24.2385 12.7
      vertex -56.5667 24.426 13.19
    endloop
  endfacet
  facet normal 0.639781 -0.302119 0.706686
    outer loop
      vertex -53.7951 24.426 13.19
      vertex -53.3441 24.2349 12.7
      vertex -53.3424 24.2385 12.7
    endloop
  endfacet
  facet normal 0.634817 -0.31308 0.706391
    outer loop
      vertex -53.3441 24.2349 12.7
      vertex -53.7951 24.426 13.19
      vertex -53.8819 24.25 13.19
    endloop
  endfacet
  facet normal 0.14578 0.692455 0.706579
    outer loop
      vertex -54.6697 26.923 12.7
      vertex -54.7927 26.4489 13.19
      vertex -54.6659 26.9222 12.7
    endloop
  endfacet
  facet normal 0.138193 0.694214 0.706377
    outer loop
      vertex -54.7927 26.4489 13.19
      vertex -54.6697 26.923 12.7
      vertex -54.9851 26.4872 13.19
    endloop
  endfacet
  facet normal -0.670217 -0.227614 0.7064
    outer loop
      vertex -56.6298 24.6118 13.19
      vertex -57.1019 24.4812 12.7
      vertex -56.5667 24.426 13.19
    endloop
  endfacet
  facet normal -0.674619 -0.213038 0.706756
    outer loop
      vertex -57.1019 24.4812 12.7
      vertex -56.6298 24.6118 13.19
      vertex -57.1031 24.485 12.7
    endloop
  endfacet
  facet normal -0.234738 0.6681 0.706074
    outer loop
      vertex -55.6997 26.9209 12.7
      vertex -55.5692 26.4489 13.19
      vertex -55.696 26.9222 12.7
    endloop
  endfacet
  facet normal -0.227755 0.67027 0.706305
    outer loop
      vertex -55.5692 26.4489 13.19
      vertex -55.6997 26.9209 12.7
      vertex -55.7549 26.3858 13.19
    endloop
  endfacet
  facet normal -0.46678 -0.532201 0.706314
    outer loop
      vertex -56.5881 23.5929 12.7
      vertex -56.3953 23.4238 12.7
      vertex -56.2416 23.9393 13.19
    endloop
  endfacet
  facet normal 0.634806 0.313123 0.706382
    outer loop
      vertex -53.8819 25.75 13.19
      vertex -53.3441 25.7651 12.7
      vertex -53.4575 25.995 12.7
    endloop
  endfacet
  facet normal 0.0362722 0.707307 0.705975
    outer loop
      vertex -54.9251 26.9732 12.7
      vertex -54.9851 26.4872 13.19
      vertex -54.9212 26.973 12.7
    endloop
  endfacet
  facet normal 0.0461799 0.706408 0.706296
    outer loop
      vertex -54.9851 26.4872 13.19
      vertex -54.9251 26.9732 12.7
      vertex -55.1809 26.5 13.19
    endloop
  endfacet
  facet normal 0.234738 0.6681 0.706074
    outer loop
      vertex -54.7927 26.4489 13.19
      vertex -54.6622 26.9209 12.7
      vertex -54.6659 26.9222 12.7
    endloop
  endfacet
  facet normal 0.227644 0.670304 0.706308
    outer loop
      vertex -54.6622 26.9209 12.7
      vertex -54.7927 26.4489 13.19
      vertex -54.6069 26.3858 13.19
    endloop
  endfacet
  facet normal -0.0461796 0.706404 0.706301
    outer loop
      vertex -55.4368 26.9732 12.7
      vertex -55.3767 26.4872 13.19
      vertex -55.1809 26.5 13.19
    endloop
  endfacet
  facet normal -0.036272 0.707304 0.705979
    outer loop
      vertex -55.3767 26.4872 13.19
      vertex -55.4368 26.9732 12.7
      vertex -55.4407 26.973 12.7
    endloop
  endfacet
  facet normal 0.639781 0.302119 0.706686
    outer loop
      vertex -53.3441 25.7651 12.7
      vertex -53.7951 25.574 13.19
      vertex -53.3424 25.7615 12.7
    endloop
  endfacet
  facet normal 0.634817 0.31308 0.706391
    outer loop
      vertex -53.7951 25.574 13.19
      vertex -53.3441 25.7651 12.7
      vertex -53.8819 25.75 13.19
    endloop
  endfacet
  facet normal -0.036272 -0.707304 0.705979
    outer loop
      vertex -55.4368 23.0268 12.7
      vertex -55.3767 23.5128 13.19
      vertex -55.4407 23.027 12.7
    endloop
  endfacet
  facet normal -0.0461796 -0.706404 0.706301
    outer loop
      vertex -55.3767 23.5128 13.19
      vertex -55.4368 23.0268 12.7
      vertex -55.1809 23.5 13.19
    endloop
  endfacet
  facet normal 0.0461799 -0.706408 0.706296
    outer loop
      vertex -54.9251 23.0268 12.7
      vertex -54.9851 23.5128 13.19
      vertex -55.1809 23.5 13.19
    endloop
  endfacet
  facet normal 0.0362722 -0.707307 0.705975
    outer loop
      vertex -54.9851 23.5128 13.19
      vertex -54.9251 23.0268 12.7
      vertex -54.9212 23.027 12.7
    endloop
  endfacet
  facet normal 0.392645 -0.588968 0.706361
    outer loop
      vertex -54.2678 23.81 13.19
      vertex -53.9728 23.419 12.7
      vertex -53.9695 23.4212 12.7
    endloop
  endfacet
  facet normal 0.393299 -0.588504 0.706384
    outer loop
      vertex -53.9728 23.419 12.7
      vertex -54.2678 23.81 13.19
      vertex -54.4309 23.701 13.19
    endloop
  endfacet
  facet normal 0.313015 -0.634864 0.706378
    outer loop
      vertex -54.4309 23.701 13.19
      vertex -54.4159 23.1632 12.7
      vertex -54.1859 23.2766 12.7
    endloop
  endfacet
  facet normal 0.534801 -0.463495 0.706513
    outer loop
      vertex -53.9909 24.0869 13.19
      vertex -53.6047 23.7856 12.7
      vertex -53.6021 23.7886 12.7
    endloop
  endfacet
  facet normal 0.532234 -0.466606 0.706403
    outer loop
      vertex -53.6047 23.7856 12.7
      vertex -53.9909 24.0869 13.19
      vertex -54.1203 23.9393 13.19
    endloop
  endfacet
  facet normal 0.309213 0.636615 0.706476
    outer loop
      vertex -54.6069 26.3858 13.19
      vertex -54.4159 26.8368 12.7
      vertex -54.4194 26.8385 12.7
    endloop
  endfacet
  facet normal 0.313094 0.634845 0.706359
    outer loop
      vertex -54.4159 26.8368 12.7
      vertex -54.6069 26.3858 13.19
      vertex -54.4309 26.299 13.19
    endloop
  endfacet
  facet normal -0.393144 0.588611 0.706381
    outer loop
      vertex -56.3891 26.581 12.7
      vertex -55.9309 26.299 13.19
      vertex -56.1759 26.7234 12.7
    endloop
  endfacet
  facet normal -0.583102 0.400882 0.706602
    outer loop
      vertex -56.7619 26.2082 12.7
      vertex -56.371 25.9131 13.19
      vertex -56.7597 26.2114 12.7
    endloop
  endfacet
  facet normal -0.588521 0.39331 0.706364
    outer loop
      vertex -56.371 25.9131 13.19
      vertex -56.7619 26.2082 12.7
      vertex -56.48 25.75 13.19
    endloop
  endfacet
  facet normal -0.393135 0.588621 0.706379
    outer loop
      vertex -56.3891 26.581 12.7
      vertex -56.0941 26.19 13.19
      vertex -55.9309 26.299 13.19
    endloop
  endfacet
  facet normal -0.392645 0.588968 0.706361
    outer loop
      vertex -56.0941 26.19 13.19
      vertex -56.3891 26.581 12.7
      vertex -56.3924 26.5788 12.7
    endloop
  endfacet
  facet normal -0.692455 0.14578 0.706579
    outer loop
      vertex -57.1039 25.5112 12.7
      vertex -56.6298 25.3882 13.19
      vertex -57.1031 25.515 12.7
    endloop
  endfacet
  facet normal -0.694214 0.138193 0.706377
    outer loop
      vertex -56.6298 25.3882 13.19
      vertex -57.1039 25.5112 12.7
      vertex -56.6681 25.1958 13.19
    endloop
  endfacet
  facet normal -0.670196 0.227817 0.706354
    outer loop
      vertex -57.1019 25.5188 12.7
      vertex -56.5667 25.574 13.19
      vertex -57.0194 25.7615 12.7
    endloop
  endfacet
  facet normal 0.0463902 -0.706346 0.706346
    outer loop
      vertex -55.1809 23.01 12.7
      vertex -54.9251 23.0268 12.7
      vertex -55.1809 23.5 13.19
    endloop
  endfacet
  facet normal -0.309199 0.636587 0.706508
    outer loop
      vertex -55.946 26.8368 12.7
      vertex -55.7549 26.3858 13.19
      vertex -55.9425 26.8385 12.7
    endloop
  endfacet
  facet normal -0.31308 0.634817 0.706391
    outer loop
      vertex -55.7549 26.3858 13.19
      vertex -55.946 26.8368 12.7
      vertex -55.9309 26.299 13.19
    endloop
  endfacet
  facet normal -0.532213 -0.466757 0.706319
    outer loop
      vertex -56.7571 23.7856 12.7
      vertex -56.5881 23.5929 12.7
      vertex -56.2416 23.9393 13.19
    endloop
  endfacet
  facet normal -0.694288 -0.138029 0.706337
    outer loop
      vertex -57.1539 24.7403 12.7
      vertex -57.1039 24.4888 12.7
      vertex -56.6681 24.8042 13.19
    endloop
  endfacet
  facet normal -0.706336 -0.0461752 0.706369
    outer loop
      vertex -57.1542 24.7442 12.7
      vertex -56.6681 24.8042 13.19
      vertex -56.6809 25 13.19
    endloop
  endfacet
  facet normal -0.705549 -0.054273 0.706579
    outer loop
      vertex -56.6681 24.8042 13.19
      vertex -57.1542 24.7442 12.7
      vertex -57.1539 24.7403 12.7
    endloop
  endfacet
  facet normal -0.13808 0.694265 0.706349
    outer loop
      vertex -55.6921 26.923 12.7
      vertex -55.3767 26.4872 13.19
      vertex -55.4407 26.973 12.7
    endloop
  endfacet
  facet normal 0.588521 -0.39331 0.706364
    outer loop
      vertex -53.9909 24.0869 13.19
      vertex -53.6 23.7918 12.7
      vertex -53.8819 24.25 13.19
    endloop
  endfacet
  facet normal 0.591948 -0.388466 0.706181
    outer loop
      vertex -53.6 23.7918 12.7
      vertex -53.9909 24.0869 13.19
      vertex -53.6021 23.7886 12.7
    endloop
  endfacet
  facet normal 0.634806 -0.313123 0.706382
    outer loop
      vertex -53.8819 24.25 13.19
      vertex -53.4575 24.005 12.7
      vertex -53.3441 24.2349 12.7
    endloop
  endfacet
  facet normal 0.463495 0.534801 0.706513
    outer loop
      vertex -54.2678 26.19 13.19
      vertex -53.9665 26.5762 12.7
      vertex -53.9695 26.5788 12.7
    endloop
  endfacet
  facet normal 0.466581 0.532256 0.706404
    outer loop
      vertex -53.9665 26.5762 12.7
      vertex -54.2678 26.19 13.19
      vertex -54.1203 26.0607 13.19
    endloop
  endfacet
  facet normal 0.669816 -0.229147 0.706285
    outer loop
      vertex -53.732 24.6118 13.19
      vertex -53.26 24.4812 12.7
      vertex -53.2587 24.485 12.7
    endloop
  endfacet
  facet normal 0.670282 -0.227636 0.706331
    outer loop
      vertex -53.26 24.4812 12.7
      vertex -53.732 24.6118 13.19
      vertex -53.7951 24.426 13.19
    endloop
  endfacet
  facet normal 0.705549 0.054273 0.706579
    outer loop
      vertex -53.6938 25.1958 13.19
      vertex -53.2077 25.2558 12.7
      vertex -53.208 25.2597 12.7
    endloop
  endfacet
  facet normal 0.706303 0.0465337 0.706379
    outer loop
      vertex -53.2077 25.2558 12.7
      vertex -53.6938 25.1958 13.19
      vertex -53.6809 25 13.19
    endloop
  endfacet
  facet normal 0.534801 0.463495 0.706513
    outer loop
      vertex -53.6047 26.2144 12.7
      vertex -53.9909 25.9131 13.19
      vertex -53.6021 26.2114 12.7
    endloop
  endfacet
  facet normal 0.532234 0.466606 0.706403
    outer loop
      vertex -53.9909 25.9131 13.19
      vertex -53.6047 26.2144 12.7
      vertex -54.1203 26.0607 13.19
    endloop
  endfacet
  facet normal 0.591948 0.388466 0.706181
    outer loop
      vertex -53.9909 25.9131 13.19
      vertex -53.6 26.2082 12.7
      vertex -53.6021 26.2114 12.7
    endloop
  endfacet
  facet normal 0.588521 0.39331 0.706364
    outer loop
      vertex -53.6 26.2082 12.7
      vertex -53.9909 25.9131 13.19
      vertex -53.8819 25.75 13.19
    endloop
  endfacet
  facet normal -0.0463721 -0.706346 0.706346
    outer loop
      vertex -55.4368 23.0268 12.7
      vertex -55.1809 23.01 12.7
      vertex -55.1809 23.5 13.19
    endloop
  endfacet
  facet normal 0.393274 -0.58853 0.706376
    outer loop
      vertex -54.4309 23.701 13.19
      vertex -54.1859 23.2766 12.7
      vertex -53.9728 23.419 12.7
    endloop
  endfacet
  facet normal 0.138029 -0.694288 0.706337
    outer loop
      vertex -54.9851 23.5128 13.19
      vertex -54.9212 23.027 12.7
      vertex -54.6697 23.077 12.7
    endloop
  endfacet
  facet normal -0.532275 -0.466642 0.706348
    outer loop
      vertex -56.371 24.0869 13.19
      vertex -56.7571 23.7856 12.7
      vertex -56.2416 23.9393 13.19
    endloop
  endfacet
  facet normal -0.534843 -0.46353 0.706458
    outer loop
      vertex -56.7571 23.7856 12.7
      vertex -56.371 24.0869 13.19
      vertex -56.7597 23.7886 12.7
    endloop
  endfacet
  facet normal 0.694363 -0.137862 0.706296
    outer loop
      vertex -53.732 24.6118 13.19
      vertex -53.258 24.4888 12.7
      vertex -53.6938 24.8042 13.19
    endloop
  endfacet
  facet normal 0.696514 -0.128305 0.705978
    outer loop
      vertex -53.258 24.4888 12.7
      vertex -53.732 24.6118 13.19
      vertex -53.2587 24.485 12.7
    endloop
  endfacet
  facet normal -0.13808 -0.694265 0.706349
    outer loop
      vertex -55.6921 23.077 12.7
      vertex -55.4407 23.027 12.7
      vertex -55.3767 23.5128 13.19
    endloop
  endfacet
  facet normal -0.234738 -0.6681 0.706074
    outer loop
      vertex -55.5692 23.5511 13.19
      vertex -55.6997 23.0791 12.7
      vertex -55.696 23.0778 12.7
    endloop
  endfacet
  facet normal -0.227755 -0.67027 0.706305
    outer loop
      vertex -55.6997 23.0791 12.7
      vertex -55.5692 23.5511 13.19
      vertex -55.7549 23.6142 13.19
    endloop
  endfacet
  facet normal -0.705549 0.054273 0.706579
    outer loop
      vertex -57.1542 25.2558 12.7
      vertex -56.6681 25.1958 13.19
      vertex -57.1539 25.2597 12.7
    endloop
  endfacet
  facet normal -0.706336 0.0461752 0.706369
    outer loop
      vertex -56.6681 25.1958 13.19
      vertex -57.1542 25.2558 12.7
      vertex -56.6809 25 13.19
    endloop
  endfacet
  facet normal -0.694214 -0.138193 0.706377
    outer loop
      vertex -57.1039 24.4888 12.7
      vertex -56.6298 24.6118 13.19
      vertex -56.6681 24.8042 13.19
    endloop
  endfacet
  facet normal -0.692455 -0.14578 0.706579
    outer loop
      vertex -56.6298 24.6118 13.19
      vertex -57.1039 24.4888 12.7
      vertex -57.1031 24.485 12.7
    endloop
  endfacet
  facet normal 0.313015 0.634864 0.706378
    outer loop
      vertex -54.4309 26.299 13.19
      vertex -54.1859 26.7234 12.7
      vertex -54.4159 26.8368 12.7
    endloop
  endfacet
  facet normal 0.706303 -0.0465337 0.706379
    outer loop
      vertex -53.6938 24.8042 13.19
      vertex -53.2077 24.7442 12.7
      vertex -53.6809 25 13.19
    endloop
  endfacet
  facet normal 0.705549 -0.054273 0.706579
    outer loop
      vertex -53.2077 24.7442 12.7
      vertex -53.6938 24.8042 13.19
      vertex -53.208 24.7403 12.7
    endloop
  endfacet
  facet normal 0.466581 -0.532256 0.706404
    outer loop
      vertex -54.2678 23.81 13.19
      vertex -53.9665 23.4238 12.7
      vertex -54.1203 23.9393 13.19
    endloop
  endfacet
  facet normal 0.463495 -0.534801 0.706513
    outer loop
      vertex -53.9665 23.4238 12.7
      vertex -54.2678 23.81 13.19
      vertex -53.9695 23.4212 12.7
    endloop
  endfacet
  facet normal 0.227644 -0.670304 0.706308
    outer loop
      vertex -54.7927 23.5511 13.19
      vertex -54.6622 23.0791 12.7
      vertex -54.6069 23.6142 13.19
    endloop
  endfacet
  facet normal 0.234738 -0.6681 0.706074
    outer loop
      vertex -54.6622 23.0791 12.7
      vertex -54.7927 23.5511 13.19
      vertex -54.6659 23.0778 12.7
    endloop
  endfacet
  facet normal 0.227489 -0.67032 0.706343
    outer loop
      vertex -54.6622 23.0791 12.7
      vertex -54.4194 23.1615 12.7
      vertex -54.6069 23.6142 13.19
    endloop
  endfacet
  facet normal -0.980801 0.195013 0
    outer loop
      vertex -77.1638 25.2611 9.5
      vertex -77.1128 25.5176 12.7
      vertex -77.1128 25.5176 9.5
    endloop
  endfacet
  facet normal -0.980801 0.195013 0
    outer loop
      vertex -77.1128 25.5176 12.7
      vertex -77.1638 25.2611 9.5
      vertex -77.1638 25.2611 12.7
    endloop
  endfacet
  facet normal -0.997862 0.0653521 0
    outer loop
      vertex -77.1809 25 9.5
      vertex -77.1638 25.2611 12.7
      vertex -77.1638 25.2611 9.5
    endloop
  endfacet
  facet normal -0.997862 0.0653521 0
    outer loop
      vertex -77.1638 25.2611 12.7
      vertex -77.1809 25 9.5
      vertex -77.1809 25 12.7
    endloop
  endfacet
  facet normal -0.0653521 0.997862 0
    outer loop
      vertex -75.1809 27 9.5
      vertex -75.442 26.9829 12.7
      vertex -75.1809 27 12.7
    endloop
  endfacet
  facet normal -0.0653521 0.997862 0
    outer loop
      vertex -75.442 26.9829 12.7
      vertex -75.1809 27 9.5
      vertex -75.442 26.9829 9.5
    endloop
  endfacet
  facet normal 0.19494 0.980815 -0
    outer loop
      vertex -74.6633 26.9319 9.5
      vertex -74.9199 26.9829 12.7
      vertex -74.6633 26.9319 12.7
    endloop
  endfacet
  facet normal 0.19494 0.980815 0
    outer loop
      vertex -74.9199 26.9829 12.7
      vertex -74.6633 26.9319 9.5
      vertex -74.9199 26.9829 9.5
    endloop
  endfacet
  facet normal -0.555494 -0.831521 0
    outer loop
      vertex -76.3984 23.4133 9.5
      vertex -76.1809 23.268 12.7
      vertex -76.3984 23.4133 12.7
    endloop
  endfacet
  facet normal -0.555494 -0.831521 -0
    outer loop
      vertex -76.1809 23.268 12.7
      vertex -76.3984 23.4133 9.5
      vertex -76.1809 23.268 9.5
    endloop
  endfacet
  facet normal 0.89686 0.442314 0
    outer loop
      vertex -73.3332 25.7654 12.7
      vertex -73.4489 26 9.5
      vertex -73.4489 26 12.7
    endloop
  endfacet
  facet normal 0.89686 0.442314 0
    outer loop
      vertex -73.4489 26 9.5
      vertex -73.3332 25.7654 12.7
      vertex -73.3332 25.7654 9.5
    endloop
  endfacet
  facet normal 0.94695 0.321382 0
    outer loop
      vertex -73.2491 25.5176 12.7
      vertex -73.3332 25.7654 9.5
      vertex -73.3332 25.7654 12.7
    endloop
  endfacet
  facet normal 0.94695 0.321382 0
    outer loop
      vertex -73.3332 25.7654 9.5
      vertex -73.2491 25.5176 12.7
      vertex -73.2491 25.5176 9.5
    endloop
  endfacet
  facet normal 0.321498 0.94691 -0
    outer loop
      vertex -74.4156 26.8478 9.5
      vertex -74.6633 26.9319 12.7
      vertex -74.4156 26.8478 12.7
    endloop
  endfacet
  facet normal 0.321498 0.94691 0
    outer loop
      vertex -74.6633 26.9319 12.7
      vertex -74.4156 26.8478 9.5
      vertex -74.6633 26.9319 9.5
    endloop
  endfacet
  facet normal -0.997862 -0.0653521 0
    outer loop
      vertex -77.1638 24.7389 9.5
      vertex -77.1809 25 12.7
      vertex -77.1809 25 9.5
    endloop
  endfacet
  facet normal -0.997862 -0.0653521 0
    outer loop
      vertex -77.1809 25 12.7
      vertex -77.1638 24.7389 9.5
      vertex -77.1638 24.7389 12.7
    endloop
  endfacet
  facet normal 0.94695 -0.321382 0
    outer loop
      vertex -73.3332 24.2346 12.7
      vertex -73.2491 24.4824 9.5
      vertex -73.2491 24.4824 12.7
    endloop
  endfacet
  facet normal 0.94695 -0.321382 0
    outer loop
      vertex -73.2491 24.4824 9.5
      vertex -73.3332 24.2346 12.7
      vertex -73.3332 24.2346 9.5
    endloop
  endfacet
  facet normal 0.831521 0.555494 0
    outer loop
      vertex -73.4489 26 12.7
      vertex -73.5942 26.2175 9.5
      vertex -73.5942 26.2175 12.7
    endloop
  endfacet
  facet normal 0.831521 0.555494 0
    outer loop
      vertex -73.5942 26.2175 9.5
      vertex -73.4489 26 12.7
      vertex -73.4489 26 9.5
    endloop
  endfacet
  facet normal 0.980727 0.195381 0
    outer loop
      vertex -73.198 25.2611 12.7
      vertex -73.2491 25.5176 9.5
      vertex -73.2491 25.5176 12.7
    endloop
  endfacet
  facet normal 0.980727 0.195381 0
    outer loop
      vertex -73.2491 25.5176 9.5
      vertex -73.198 25.2611 12.7
      vertex -73.198 25.2611 9.5
    endloop
  endfacet
  facet normal -0.94695 -0.321382 0
    outer loop
      vertex -77.0287 24.2346 9.5
      vertex -77.1128 24.4824 12.7
      vertex -77.1128 24.4824 9.5
    endloop
  endfacet
  facet normal -0.94695 -0.321382 0
    outer loop
      vertex -77.1128 24.4824 12.7
      vertex -77.0287 24.2346 9.5
      vertex -77.0287 24.2346 12.7
    endloop
  endfacet
  facet normal -0.659343 -0.751842 0
    outer loop
      vertex -76.5951 23.5858 9.5
      vertex -76.3984 23.4133 12.7
      vertex -76.5951 23.5858 12.7
    endloop
  endfacet
  facet normal -0.659343 -0.751842 -0
    outer loop
      vertex -76.3984 23.4133 12.7
      vertex -76.5951 23.5858 9.5
      vertex -76.3984 23.4133 9.5
    endloop
  endfacet
  facet normal -0.321498 0.94691 0
    outer loop
      vertex -75.6986 26.9319 9.5
      vertex -75.9463 26.8478 12.7
      vertex -75.6986 26.9319 12.7
    endloop
  endfacet
  facet normal -0.321498 0.94691 0
    outer loop
      vertex -75.9463 26.8478 12.7
      vertex -75.6986 26.9319 9.5
      vertex -75.9463 26.8478 9.5
    endloop
  endfacet
  facet normal 0.751842 -0.659343 0
    outer loop
      vertex -73.7667 23.5858 12.7
      vertex -73.5942 23.7825 9.5
      vertex -73.5942 23.7825 12.7
    endloop
  endfacet
  facet normal 0.751842 -0.659343 0
    outer loop
      vertex -73.5942 23.7825 9.5
      vertex -73.7667 23.5858 12.7
      vertex -73.7667 23.5858 9.5
    endloop
  endfacet
  facet normal 0.659343 0.751842 -0
    outer loop
      vertex -73.7667 26.4142 9.5
      vertex -73.9634 26.5867 12.7
      vertex -73.7667 26.4142 12.7
    endloop
  endfacet
  facet normal 0.659343 0.751842 0
    outer loop
      vertex -73.9634 26.5867 12.7
      vertex -73.7667 26.4142 9.5
      vertex -73.9634 26.5867 9.5
    endloop
  endfacet
  facet normal 0.997862 0.0653521 0
    outer loop
      vertex -73.1809 25 12.7
      vertex -73.198 25.2611 9.5
      vertex -73.198 25.2611 12.7
    endloop
  endfacet
  facet normal 0.997862 0.0653521 0
    outer loop
      vertex -73.198 25.2611 9.5
      vertex -73.1809 25 12.7
      vertex -73.1809 25 9.5
    endloop
  endfacet
  facet normal -0.555494 0.831521 0
    outer loop
      vertex -76.1809 26.732 9.5
      vertex -76.3984 26.5867 12.7
      vertex -76.1809 26.732 12.7
    endloop
  endfacet
  facet normal -0.555494 0.831521 0
    outer loop
      vertex -76.3984 26.5867 12.7
      vertex -76.1809 26.732 9.5
      vertex -76.3984 26.5867 9.5
    endloop
  endfacet
  facet normal -0.831344 -0.555758 0
    outer loop
      vertex -76.7676 23.7825 9.5
      vertex -76.913 24 12.7
      vertex -76.913 24 9.5
    endloop
  endfacet
  facet normal -0.831344 -0.555758 0
    outer loop
      vertex -76.913 24 12.7
      vertex -76.7676 23.7825 9.5
      vertex -76.7676 23.7825 12.7
    endloop
  endfacet
  facet normal -0.831344 0.555758 0
    outer loop
      vertex -76.913 26 9.5
      vertex -76.7676 26.2175 12.7
      vertex -76.7676 26.2175 9.5
    endloop
  endfacet
  facet normal -0.831344 0.555758 0
    outer loop
      vertex -76.7676 26.2175 12.7
      vertex -76.913 26 9.5
      vertex -76.913 26 12.7
    endloop
  endfacet
  facet normal 0.751842 0.659343 0
    outer loop
      vertex -73.5942 26.2175 12.7
      vertex -73.7667 26.4142 9.5
      vertex -73.7667 26.4142 12.7
    endloop
  endfacet
  facet normal 0.751842 0.659343 0
    outer loop
      vertex -73.7667 26.4142 9.5
      vertex -73.5942 26.2175 12.7
      vertex -73.5942 26.2175 9.5
    endloop
  endfacet
  facet normal -0.321498 -0.94691 0
    outer loop
      vertex -75.9463 23.1522 9.5
      vertex -75.6986 23.0681 12.7
      vertex -75.9463 23.1522 12.7
    endloop
  endfacet
  facet normal -0.321498 -0.94691 -0
    outer loop
      vertex -75.6986 23.0681 12.7
      vertex -75.9463 23.1522 9.5
      vertex -75.6986 23.0681 9.5
    endloop
  endfacet
  facet normal -0.442621 -0.896709 0
    outer loop
      vertex -76.1809 23.268 9.5
      vertex -75.9463 23.1522 12.7
      vertex -76.1809 23.268 12.7
    endloop
  endfacet
  facet normal -0.442621 -0.896709 -0
    outer loop
      vertex -75.9463 23.1522 12.7
      vertex -76.1809 23.268 9.5
      vertex -75.9463 23.1522 9.5
    endloop
  endfacet
  facet normal -0.751842 0.659343 0
    outer loop
      vertex -76.7676 26.2175 9.5
      vertex -76.5951 26.4142 12.7
      vertex -76.5951 26.4142 9.5
    endloop
  endfacet
  facet normal -0.751842 0.659343 0
    outer loop
      vertex -76.5951 26.4142 12.7
      vertex -76.7676 26.2175 9.5
      vertex -76.7676 26.2175 12.7
    endloop
  endfacet
  facet normal -0.0653521 -0.997862 0
    outer loop
      vertex -75.442 23.0171 9.5
      vertex -75.1809 23 12.7
      vertex -75.442 23.0171 12.7
    endloop
  endfacet
  facet normal -0.0653521 -0.997862 -0
    outer loop
      vertex -75.1809 23 12.7
      vertex -75.442 23.0171 9.5
      vertex -75.1809 23 9.5
    endloop
  endfacet
  facet normal -0.659343 0.751842 0
    outer loop
      vertex -76.3984 26.5867 9.5
      vertex -76.5951 26.4142 12.7
      vertex -76.3984 26.5867 12.7
    endloop
  endfacet
  facet normal -0.659343 0.751842 0
    outer loop
      vertex -76.5951 26.4142 12.7
      vertex -76.3984 26.5867 9.5
      vertex -76.5951 26.4142 9.5
    endloop
  endfacet
  facet normal 0.997862 -0.0653521 0
    outer loop
      vertex -73.198 24.7389 12.7
      vertex -73.1809 25 9.5
      vertex -73.1809 25 12.7
    endloop
  endfacet
  facet normal 0.997862 -0.0653521 0
    outer loop
      vertex -73.1809 25 9.5
      vertex -73.198 24.7389 12.7
      vertex -73.198 24.7389 9.5
    endloop
  endfacet
  facet normal 0.659343 -0.751842 0
    outer loop
      vertex -73.9634 23.4133 9.5
      vertex -73.7667 23.5858 12.7
      vertex -73.9634 23.4133 12.7
    endloop
  endfacet
  facet normal 0.659343 -0.751842 0
    outer loop
      vertex -73.7667 23.5858 12.7
      vertex -73.9634 23.4133 9.5
      vertex -73.7667 23.5858 9.5
    endloop
  endfacet
  facet normal 0.555494 0.831521 -0
    outer loop
      vertex -73.9634 26.5867 9.5
      vertex -74.1809 26.732 12.7
      vertex -73.9634 26.5867 12.7
    endloop
  endfacet
  facet normal 0.555494 0.831521 0
    outer loop
      vertex -74.1809 26.732 12.7
      vertex -73.9634 26.5867 9.5
      vertex -74.1809 26.732 9.5
    endloop
  endfacet
  facet normal -0.89686 0.442314 0
    outer loop
      vertex -77.0287 25.7654 9.5
      vertex -76.913 26 12.7
      vertex -76.913 26 9.5
    endloop
  endfacet
  facet normal -0.89686 0.442314 0
    outer loop
      vertex -76.913 26 12.7
      vertex -77.0287 25.7654 9.5
      vertex -77.0287 25.7654 12.7
    endloop
  endfacet
  facet normal 0.0653771 -0.997861 0
    outer loop
      vertex -75.1809 23 9.5
      vertex -74.9199 23.0171 12.7
      vertex -75.1809 23 12.7
    endloop
  endfacet
  facet normal 0.0653771 -0.997861 0
    outer loop
      vertex -74.9199 23.0171 12.7
      vertex -75.1809 23 9.5
      vertex -74.9199 23.0171 9.5
    endloop
  endfacet
  facet normal -0.19494 -0.980815 0
    outer loop
      vertex -75.6986 23.0681 9.5
      vertex -75.442 23.0171 12.7
      vertex -75.6986 23.0681 12.7
    endloop
  endfacet
  facet normal -0.19494 -0.980815 -0
    outer loop
      vertex -75.442 23.0171 12.7
      vertex -75.6986 23.0681 9.5
      vertex -75.442 23.0171 9.5
    endloop
  endfacet
  facet normal -0.442621 0.896709 0
    outer loop
      vertex -75.9463 26.8478 9.5
      vertex -76.1809 26.732 12.7
      vertex -75.9463 26.8478 12.7
    endloop
  endfacet
  facet normal -0.442621 0.896709 0
    outer loop
      vertex -76.1809 26.732 12.7
      vertex -75.9463 26.8478 9.5
      vertex -76.1809 26.732 9.5
    endloop
  endfacet
  facet normal -0.89686 -0.442314 0
    outer loop
      vertex -76.913 24 9.5
      vertex -77.0287 24.2346 12.7
      vertex -77.0287 24.2346 9.5
    endloop
  endfacet
  facet normal -0.89686 -0.442314 0
    outer loop
      vertex -77.0287 24.2346 12.7
      vertex -76.913 24 9.5
      vertex -76.913 24 12.7
    endloop
  endfacet
  facet normal -0.980801 -0.195013 0
    outer loop
      vertex -77.1128 24.4824 9.5
      vertex -77.1638 24.7389 12.7
      vertex -77.1638 24.7389 9.5
    endloop
  endfacet
  facet normal -0.980801 -0.195013 0
    outer loop
      vertex -77.1638 24.7389 12.7
      vertex -77.1128 24.4824 9.5
      vertex -77.1128 24.4824 12.7
    endloop
  endfacet
  facet normal 0.980727 -0.195381 0
    outer loop
      vertex -73.2491 24.4824 12.7
      vertex -73.198 24.7389 9.5
      vertex -73.198 24.7389 12.7
    endloop
  endfacet
  facet normal 0.980727 -0.195381 0
    outer loop
      vertex -73.198 24.7389 9.5
      vertex -73.2491 24.4824 12.7
      vertex -73.2491 24.4824 9.5
    endloop
  endfacet
  facet normal 0.19494 -0.980815 0
    outer loop
      vertex -74.9199 23.0171 9.5
      vertex -74.6633 23.0681 12.7
      vertex -74.9199 23.0171 12.7
    endloop
  endfacet
  facet normal 0.19494 -0.980815 0
    outer loop
      vertex -74.6633 23.0681 12.7
      vertex -74.9199 23.0171 9.5
      vertex -74.6633 23.0681 9.5
    endloop
  endfacet
  facet normal -0.19494 0.980815 0
    outer loop
      vertex -75.442 26.9829 9.5
      vertex -75.6986 26.9319 12.7
      vertex -75.442 26.9829 12.7
    endloop
  endfacet
  facet normal -0.19494 0.980815 0
    outer loop
      vertex -75.6986 26.9319 12.7
      vertex -75.442 26.9829 9.5
      vertex -75.6986 26.9319 9.5
    endloop
  endfacet
  facet normal -0.94695 0.321382 0
    outer loop
      vertex -77.1128 25.5176 9.5
      vertex -77.0287 25.7654 12.7
      vertex -77.0287 25.7654 9.5
    endloop
  endfacet
  facet normal -0.94695 0.321382 0
    outer loop
      vertex -77.0287 25.7654 12.7
      vertex -77.1128 25.5176 9.5
      vertex -77.1128 25.5176 12.7
    endloop
  endfacet
  facet normal -0.751842 -0.659343 0
    outer loop
      vertex -76.5951 23.5858 9.5
      vertex -76.7676 23.7825 12.7
      vertex -76.7676 23.7825 9.5
    endloop
  endfacet
  facet normal -0.751842 -0.659343 0
    outer loop
      vertex -76.7676 23.7825 12.7
      vertex -76.5951 23.5858 9.5
      vertex -76.5951 23.5858 12.7
    endloop
  endfacet
  facet normal 0.831521 -0.555494 0
    outer loop
      vertex -73.5942 23.7825 12.7
      vertex -73.4489 24 9.5
      vertex -73.4489 24 12.7
    endloop
  endfacet
  facet normal 0.831521 -0.555494 0
    outer loop
      vertex -73.4489 24 9.5
      vertex -73.5942 23.7825 12.7
      vertex -73.5942 23.7825 9.5
    endloop
  endfacet
  facet normal 0.0653771 0.997861 -0
    outer loop
      vertex -74.9199 26.9829 9.5
      vertex -75.1809 27 12.7
      vertex -74.9199 26.9829 12.7
    endloop
  endfacet
  facet normal 0.0653771 0.997861 0
    outer loop
      vertex -75.1809 27 12.7
      vertex -74.9199 26.9829 9.5
      vertex -75.1809 27 9.5
    endloop
  endfacet
  facet normal 0.321498 -0.94691 0
    outer loop
      vertex -74.6633 23.0681 9.5
      vertex -74.4156 23.1522 12.7
      vertex -74.6633 23.0681 12.7
    endloop
  endfacet
  facet normal 0.321498 -0.94691 0
    outer loop
      vertex -74.4156 23.1522 12.7
      vertex -74.6633 23.0681 9.5
      vertex -74.4156 23.1522 9.5
    endloop
  endfacet
  facet normal 0.442469 0.896784 -0
    outer loop
      vertex -74.1809 26.732 9.5
      vertex -74.4156 26.8478 12.7
      vertex -74.1809 26.732 12.7
    endloop
  endfacet
  facet normal 0.442469 0.896784 0
    outer loop
      vertex -74.4156 26.8478 12.7
      vertex -74.1809 26.732 9.5
      vertex -74.4156 26.8478 9.5
    endloop
  endfacet
  facet normal 0.442469 -0.896784 0
    outer loop
      vertex -74.4156 23.1522 9.5
      vertex -74.1809 23.268 12.7
      vertex -74.4156 23.1522 12.7
    endloop
  endfacet
  facet normal 0.442469 -0.896784 0
    outer loop
      vertex -74.1809 23.268 12.7
      vertex -74.4156 23.1522 9.5
      vertex -74.1809 23.268 9.5
    endloop
  endfacet
  facet normal 0.89686 -0.442314 0
    outer loop
      vertex -73.4489 24 12.7
      vertex -73.3332 24.2346 9.5
      vertex -73.3332 24.2346 12.7
    endloop
  endfacet
  facet normal 0.89686 -0.442314 0
    outer loop
      vertex -73.3332 24.2346 9.5
      vertex -73.4489 24 12.7
      vertex -73.4489 24 9.5
    endloop
  endfacet
  facet normal 0.555494 -0.831521 0
    outer loop
      vertex -74.1809 23.268 9.5
      vertex -73.9634 23.4133 12.7
      vertex -74.1809 23.268 12.7
    endloop
  endfacet
  facet normal 0.555494 -0.831521 0
    outer loop
      vertex -73.9634 23.4133 12.7
      vertex -74.1809 23.268 9.5
      vertex -73.9634 23.4133 9.5
    endloop
  endfacet
  facet normal -0 0 1
    outer loop
      vertex -73.2077 25.2558 12.7
      vertex -73.1809 25 12.7
      vertex -73.198 25.2611 12.7
    endloop
  endfacet
  facet normal 0 0 1
    outer loop
      vertex -73.1809 25 12.7
      vertex -73.2077 25.2558 12.7
      vertex -73.1909 25 12.7
    endloop
  endfacet
  facet normal 0 0 1
    outer loop
      vertex -73.198 25.2611 12.7
      vertex -73.2079 25.2597 12.7
      vertex -73.2077 25.2558 12.7
    endloop
  endfacet
  facet normal -0 0 1
    outer loop
      vertex -73.258 25.5112 12.7
      vertex -73.198 25.2611 12.7
      vertex -73.2491 25.5176 12.7
    endloop
  endfacet
  facet normal 0 0 1
    outer loop
      vertex -73.198 25.2611 12.7
      vertex -73.258 25.5112 12.7
      vertex -73.2079 25.2597 12.7
    endloop
  endfacet
  facet normal 0 0 1
    outer loop
      vertex -73.2491 25.5176 12.7
      vertex -73.2587 25.515 12.7
      vertex -73.258 25.5112 12.7
    endloop
  endfacet
  facet normal 0 0 1
    outer loop
      vertex -73.2491 25.5176 12.7
      vertex -73.26 25.5188 12.7
      vertex -73.2587 25.515 12.7
    endloop
  endfacet
  facet normal 0 0 1
    outer loop
      vertex -73.3332 25.7654 12.7
      vertex -73.26 25.5188 12.7
      vertex -73.2491 25.5176 12.7
    endloop
  endfacet
  facet normal 0 0 1
    outer loop
      vertex -73.3332 25.7654 12.7
      vertex -73.3424 25.7615 12.7
      vertex -73.26 25.5188 12.7
    endloop
  endfacet
  facet normal 0 0 1
    outer loop
      vertex -73.3332 25.7654 12.7
      vertex -73.3441 25.7651 12.7
      vertex -73.3424 25.7615 12.7
    endloop
  endfacet
  facet normal 0 0 1
    outer loop
      vertex -73.4489 26 12.7
      vertex -73.3441 25.7651 12.7
      vertex -73.3332 25.7654 12.7
    endloop
  endfacet
  facet normal 0 0 1
    outer loop
      vertex -73.4489 26 12.7
      vertex -73.4575 25.995 12.7
      vertex -73.3441 25.7651 12.7
    endloop
  endfacet
  facet normal -0 0 1
    outer loop
      vertex -73.6 26.2082 12.7
      vertex -73.4489 26 12.7
      vertex -73.5942 26.2175 12.7
    endloop
  endfacet
  facet normal 0 0 1
    outer loop
      vertex -73.4489 26 12.7
      vertex -73.6 26.2082 12.7
      vertex -73.4575 25.995 12.7
    endloop
  endfacet
  facet normal 0 0 1
    outer loop
      vertex -73.5942 26.2175 12.7
      vertex -73.6021 26.2114 12.7
      vertex -73.6 26.2082 12.7
    endloop
  endfacet
  facet normal 0 0 1
    outer loop
      vertex -73.5942 26.2175 12.7
      vertex -73.6047 26.2144 12.7
      vertex -73.6021 26.2114 12.7
    endloop
  endfacet
  facet normal 0 0 1
    outer loop
      vertex -73.7667 26.4142 12.7
      vertex -73.6047 26.2144 12.7
      vertex -73.5942 26.2175 12.7
    endloop
  endfacet
  facet normal 0 0 1
    outer loop
      vertex -73.7667 26.4142 12.7
      vertex -73.7738 26.4071 12.7
      vertex -73.6047 26.2144 12.7
    endloop
  endfacet
  facet normal -0 0 1
    outer loop
      vertex -73.9665 26.5762 12.7
      vertex -73.7667 26.4142 12.7
      vertex -73.9634 26.5867 12.7
    endloop
  endfacet
  facet normal 0 0 1
    outer loop
      vertex -73.7667 26.4142 12.7
      vertex -73.9665 26.5762 12.7
      vertex -73.7738 26.4071 12.7
    endloop
  endfacet
  facet normal 0 0 1
    outer loop
      vertex -73.9634 26.5867 12.7
      vertex -73.9695 26.5788 12.7
      vertex -73.9665 26.5762 12.7
    endloop
  endfacet
  facet normal 0 0 1
    outer loop
      vertex -73.9634 26.5867 12.7
      vertex -73.9728 26.581 12.7
      vertex -73.9695 26.5788 12.7
    endloop
  endfacet
  facet normal 0 0 1
    outer loop
      vertex -74.1809 26.732 12.7
      vertex -73.9728 26.581 12.7
      vertex -73.9634 26.5867 12.7
    endloop
  endfacet
  facet normal 0 0 1
    outer loop
      vertex -74.1809 26.732 12.7
      vertex -74.1859 26.7234 12.7
      vertex -73.9728 26.581 12.7
    endloop
  endfacet
  facet normal -0 0 1
    outer loop
      vertex -74.4159 26.8368 12.7
      vertex -74.1809 26.732 12.7
      vertex -74.4156 26.8478 12.7
    endloop
  endfacet
  facet normal 0 0 1
    outer loop
      vertex -74.1809 26.732 12.7
      vertex -74.4159 26.8368 12.7
      vertex -74.1859 26.7234 12.7
    endloop
  endfacet
  facet normal 0 0 1
    outer loop
      vertex -74.4156 26.8478 12.7
      vertex -74.4194 26.8385 12.7
      vertex -74.4159 26.8368 12.7
    endloop
  endfacet
  facet normal 0 0 1
    outer loop
      vertex -74.4156 26.8478 12.7
      vertex -74.6622 26.9209 12.7
      vertex -74.4194 26.8385 12.7
    endloop
  endfacet
  facet normal 0 0 1
    outer loop
      vertex -74.6633 26.9319 12.7
      vertex -74.6622 26.9209 12.7
      vertex -74.4156 26.8478 12.7
    endloop
  endfacet
  facet normal 0 0 1
    outer loop
      vertex -74.6633 26.9319 12.7
      vertex -74.6659 26.9222 12.7
      vertex -74.6622 26.9209 12.7
    endloop
  endfacet
  facet normal 0 0 1
    outer loop
      vertex -74.6633 26.9319 12.7
      vertex -74.6697 26.923 12.7
      vertex -74.6659 26.9222 12.7
    endloop
  endfacet
  facet normal 0 0 1
    outer loop
      vertex -74.9199 26.9829 12.7
      vertex -74.6697 26.923 12.7
      vertex -74.6633 26.9319 12.7
    endloop
  endfacet
  facet normal 0 0 1
    outer loop
      vertex -74.9199 26.9829 12.7
      vertex -74.9212 26.973 12.7
      vertex -74.6697 26.923 12.7
    endloop
  endfacet
  facet normal 0 0 1
    outer loop
      vertex -74.9199 26.9829 12.7
      vertex -74.9251 26.9732 12.7
      vertex -74.9212 26.973 12.7
    endloop
  endfacet
  facet normal 0 0 1
    outer loop
      vertex -75.1809 27 12.7
      vertex -74.9251 26.9732 12.7
      vertex -74.9199 26.9829 12.7
    endloop
  endfacet
  facet normal 0 0 1
    outer loop
      vertex -75.1809 27 12.7
      vertex -75.1809 26.99 12.7
      vertex -74.9251 26.9732 12.7
    endloop
  endfacet
  facet normal 0 0 1
    outer loop
      vertex -75.1809 27 12.7
      vertex -75.4368 26.9732 12.7
      vertex -75.1809 26.99 12.7
    endloop
  endfacet
  facet normal -0 0 1
    outer loop
      vertex -75.442 26.9829 12.7
      vertex -75.4368 26.9732 12.7
      vertex -75.1809 27 12.7
    endloop
  endfacet
  facet normal 0 0 1
    outer loop
      vertex -75.4368 26.9732 12.7
      vertex -75.442 26.9829 12.7
      vertex -75.4407 26.973 12.7
    endloop
  endfacet
  facet normal 0 0 1
    outer loop
      vertex -75.442 26.9829 12.7
      vertex -75.6921 26.923 12.7
      vertex -75.4407 26.973 12.7
    endloop
  endfacet
  facet normal -0 0 1
    outer loop
      vertex -75.6986 26.9319 12.7
      vertex -75.6921 26.923 12.7
      vertex -75.442 26.9829 12.7
    endloop
  endfacet
  facet normal 0 0 1
    outer loop
      vertex -75.6921 26.923 12.7
      vertex -75.6986 26.9319 12.7
      vertex -75.696 26.9222 12.7
    endloop
  endfacet
  facet normal 0 0 1
    outer loop
      vertex -75.6986 26.9319 12.7
      vertex -75.6997 26.9209 12.7
      vertex -75.696 26.9222 12.7
    endloop
  endfacet
  facet normal 0 0 1
    outer loop
      vertex -75.9463 26.8478 12.7
      vertex -75.6997 26.9209 12.7
      vertex -75.6986 26.9319 12.7
    endloop
  endfacet
  facet normal 0 0 1
    outer loop
      vertex -75.6997 26.9209 12.7
      vertex -75.9463 26.8478 12.7
      vertex -75.9425 26.8385 12.7
    endloop
  endfacet
  facet normal 0 0 1
    outer loop
      vertex -75.9463 26.8478 12.7
      vertex -75.946 26.8368 12.7
      vertex -75.9425 26.8385 12.7
    endloop
  endfacet
  facet normal 0 0 1
    outer loop
      vertex -76.1809 26.732 12.7
      vertex -75.946 26.8368 12.7
      vertex -75.9463 26.8478 12.7
    endloop
  endfacet
  facet normal 0 0 1
    outer loop
      vertex -75.946 26.8368 12.7
      vertex -76.1809 26.732 12.7
      vertex -76.1759 26.7234 12.7
    endloop
  endfacet
  facet normal 0 0 1
    outer loop
      vertex -76.1809 26.732 12.7
      vertex -76.3891 26.581 12.7
      vertex -76.1759 26.7234 12.7
    endloop
  endfacet
  facet normal -0 0 1
    outer loop
      vertex -76.3984 26.5867 12.7
      vertex -76.3891 26.581 12.7
      vertex -76.1809 26.732 12.7
    endloop
  endfacet
  facet normal 0 0 1
    outer loop
      vertex -76.3891 26.581 12.7
      vertex -76.3984 26.5867 12.7
      vertex -76.3924 26.5788 12.7
    endloop
  endfacet
  facet normal 0 0 1
    outer loop
      vertex -76.3984 26.5867 12.7
      vertex -76.3953 26.5762 12.7
      vertex -76.3924 26.5788 12.7
    endloop
  endfacet
  facet normal 0 0 1
    outer loop
      vertex -76.5951 26.4142 12.7
      vertex -76.3953 26.5762 12.7
      vertex -76.3984 26.5867 12.7
    endloop
  endfacet
  facet normal 0 0 1
    outer loop
      vertex -76.3953 26.5762 12.7
      vertex -76.5951 26.4142 12.7
      vertex -76.5881 26.4071 12.7
    endloop
  endfacet
  facet normal 0 0 1
    outer loop
      vertex -76.5951 26.4142 12.7
      vertex -76.7571 26.2144 12.7
      vertex -76.5881 26.4071 12.7
    endloop
  endfacet
  facet normal -0 0 1
    outer loop
      vertex -76.7676 26.2175 12.7
      vertex -76.7571 26.2144 12.7
      vertex -76.5951 26.4142 12.7
    endloop
  endfacet
  facet normal 0 0 1
    outer loop
      vertex -76.7571 26.2144 12.7
      vertex -76.7676 26.2175 12.7
      vertex -76.7597 26.2114 12.7
    endloop
  endfacet
  facet normal 0 0 1
    outer loop
      vertex -76.7676 26.2175 12.7
      vertex -76.7619 26.2082 12.7
      vertex -76.7597 26.2114 12.7
    endloop
  endfacet
  facet normal 0 0 1
    outer loop
      vertex -76.913 26 12.7
      vertex -76.7619 26.2082 12.7
      vertex -76.7676 26.2175 12.7
    endloop
  endfacet
  facet normal 0 0 1
    outer loop
      vertex -76.7619 26.2082 12.7
      vertex -76.913 26 12.7
      vertex -76.9043 25.995 12.7
    endloop
  endfacet
  facet normal 0 0 1
    outer loop
      vertex -76.913 26 12.7
      vertex -77.0177 25.7651 12.7
      vertex -76.9043 25.995 12.7
    endloop
  endfacet
  facet normal -0 0 1
    outer loop
      vertex -77.0287 25.7654 12.7
      vertex -77.0177 25.7651 12.7
      vertex -76.913 26 12.7
    endloop
  endfacet
  facet normal 0 0 1
    outer loop
      vertex -77.0177 25.7651 12.7
      vertex -77.0287 25.7654 12.7
      vertex -77.0194 25.7615 12.7
    endloop
  endfacet
  facet normal 0 0 1
    outer loop
      vertex -77.0287 25.7654 12.7
      vertex -77.1019 25.5188 12.7
      vertex -77.0194 25.7615 12.7
    endloop
  endfacet
  facet normal 0 0 1
    outer loop
      vertex -77.1128 25.5176 12.7
      vertex -77.1019 25.5188 12.7
      vertex -77.0287 25.7654 12.7
    endloop
  endfacet
  facet normal 0 0 1
    outer loop
      vertex -77.1019 25.5188 12.7
      vertex -77.1128 25.5176 12.7
      vertex -77.1031 25.515 12.7
    endloop
  endfacet
  facet normal 0 0 1
    outer loop
      vertex -77.1128 25.5176 12.7
      vertex -77.1039 25.5112 12.7
      vertex -77.1031 25.515 12.7
    endloop
  endfacet
  facet normal 0 0 1
    outer loop
      vertex -77.1638 25.2611 12.7
      vertex -77.1039 25.5112 12.7
      vertex -77.1128 25.5176 12.7
    endloop
  endfacet
  facet normal 0 0 1
    outer loop
      vertex -77.1039 25.5112 12.7
      vertex -77.1638 25.2611 12.7
      vertex -77.1539 25.2597 12.7
    endloop
  endfacet
  facet normal 0 0 1
    outer loop
      vertex -77.1638 25.2611 12.7
      vertex -77.1542 25.2558 12.7
      vertex -77.1539 25.2597 12.7
    endloop
  endfacet
  facet normal 0 0 1
    outer loop
      vertex -77.1809 25 12.7
      vertex -77.1542 25.2558 12.7
      vertex -77.1638 25.2611 12.7
    endloop
  endfacet
  facet normal 0 0 1
    outer loop
      vertex -77.1542 25.2558 12.7
      vertex -77.1809 25 12.7
      vertex -77.1709 25 12.7
    endloop
  endfacet
  facet normal 0 0 1
    outer loop
      vertex -73.2077 24.7442 12.7
      vertex -73.1809 25 12.7
      vertex -73.1909 25 12.7
    endloop
  endfacet
  facet normal 0 0 1
    outer loop
      vertex -73.1809 25 12.7
      vertex -73.2077 24.7442 12.7
      vertex -73.198 24.7389 12.7
    endloop
  endfacet
  facet normal -0 0 1
    outer loop
      vertex -73.2079 24.7403 12.7
      vertex -73.198 24.7389 12.7
      vertex -73.2077 24.7442 12.7
    endloop
  endfacet
  facet normal 0 0 1
    outer loop
      vertex -73.258 24.4888 12.7
      vertex -73.198 24.7389 12.7
      vertex -73.2079 24.7403 12.7
    endloop
  endfacet
  facet normal 0 0 1
    outer loop
      vertex -73.198 24.7389 12.7
      vertex -73.258 24.4888 12.7
      vertex -73.2491 24.4824 12.7
    endloop
  endfacet
  facet normal -0 0 1
    outer loop
      vertex -73.2587 24.485 12.7
      vertex -73.2491 24.4824 12.7
      vertex -73.258 24.4888 12.7
    endloop
  endfacet
  facet normal 0 0 1
    outer loop
      vertex -73.26 24.4812 12.7
      vertex -73.2491 24.4824 12.7
      vertex -73.2587 24.485 12.7
    endloop
  endfacet
  facet normal -0 0 1
    outer loop
      vertex -73.26 24.4812 12.7
      vertex -73.3332 24.2346 12.7
      vertex -73.2491 24.4824 12.7
    endloop
  endfacet
  facet normal -0 0 1
    outer loop
      vertex -73.3424 24.2385 12.7
      vertex -73.3332 24.2346 12.7
      vertex -73.26 24.4812 12.7
    endloop
  endfacet
  facet normal -0 0 1
    outer loop
      vertex -73.3441 24.2349 12.7
      vertex -73.3332 24.2346 12.7
      vertex -73.3424 24.2385 12.7
    endloop
  endfacet
  facet normal 0 0 1
    outer loop
      vertex -73.3441 24.2349 12.7
      vertex -73.4489 24 12.7
      vertex -73.3332 24.2346 12.7
    endloop
  endfacet
  facet normal -0 0 1
    outer loop
      vertex -73.4575 24.005 12.7
      vertex -73.4489 24 12.7
      vertex -73.3441 24.2349 12.7
    endloop
  endfacet
  facet normal 0 0 1
    outer loop
      vertex -73.6 23.7918 12.7
      vertex -73.4489 24 12.7
      vertex -73.4575 24.005 12.7
    endloop
  endfacet
  facet normal 0 0 1
    outer loop
      vertex -73.4489 24 12.7
      vertex -73.6 23.7918 12.7
      vertex -73.5942 23.7825 12.7
    endloop
  endfacet
  facet normal -0 0 1
    outer loop
      vertex -73.6021 23.7886 12.7
      vertex -73.5942 23.7825 12.7
      vertex -73.6 23.7918 12.7
    endloop
  endfacet
  facet normal -0 0 1
    outer loop
      vertex -73.6047 23.7856 12.7
      vertex -73.5942 23.7825 12.7
      vertex -73.6021 23.7886 12.7
    endloop
  endfacet
  facet normal 0 0 1
    outer loop
      vertex -73.6047 23.7856 12.7
      vertex -73.7667 23.5858 12.7
      vertex -73.5942 23.7825 12.7
    endloop
  endfacet
  facet normal -0 0 1
    outer loop
      vertex -73.7738 23.5929 12.7
      vertex -73.7667 23.5858 12.7
      vertex -73.6047 23.7856 12.7
    endloop
  endfacet
  facet normal 0 0 1
    outer loop
      vertex -73.9665 23.4238 12.7
      vertex -73.7667 23.5858 12.7
      vertex -73.7738 23.5929 12.7
    endloop
  endfacet
  facet normal 0 0 1
    outer loop
      vertex -73.7667 23.5858 12.7
      vertex -73.9665 23.4238 12.7
      vertex -73.9634 23.4133 12.7
    endloop
  endfacet
  facet normal -0 0 1
    outer loop
      vertex -73.9695 23.4212 12.7
      vertex -73.9634 23.4133 12.7
      vertex -73.9665 23.4238 12.7
    endloop
  endfacet
  facet normal -0 0 1
    outer loop
      vertex -73.9728 23.419 12.7
      vertex -73.9634 23.4133 12.7
      vertex -73.9695 23.4212 12.7
    endloop
  endfacet
  facet normal 0 0 1
    outer loop
      vertex -73.9728 23.419 12.7
      vertex -74.1809 23.268 12.7
      vertex -73.9634 23.4133 12.7
    endloop
  endfacet
  facet normal -0 0 1
    outer loop
      vertex -74.1859 23.2766 12.7
      vertex -74.1809 23.268 12.7
      vertex -73.9728 23.419 12.7
    endloop
  endfacet
  facet normal 0 0 1
    outer loop
      vertex -74.4159 23.1632 12.7
      vertex -74.1809 23.268 12.7
      vertex -74.1859 23.2766 12.7
    endloop
  endfacet
  facet normal 0 0 1
    outer loop
      vertex -74.1809 23.268 12.7
      vertex -74.4159 23.1632 12.7
      vertex -74.4156 23.1522 12.7
    endloop
  endfacet
  facet normal -0 0 1
    outer loop
      vertex -74.4194 23.1615 12.7
      vertex -74.4156 23.1522 12.7
      vertex -74.4159 23.1632 12.7
    endloop
  endfacet
  facet normal 0 0 1
    outer loop
      vertex -74.6622 23.0791 12.7
      vertex -74.4156 23.1522 12.7
      vertex -74.4194 23.1615 12.7
    endloop
  endfacet
  facet normal -0 0 1
    outer loop
      vertex -74.6622 23.0791 12.7
      vertex -74.6633 23.0681 12.7
      vertex -74.4156 23.1522 12.7
    endloop
  endfacet
  facet normal -0 0 1
    outer loop
      vertex -74.6659 23.0778 12.7
      vertex -74.6633 23.0681 12.7
      vertex -74.6622 23.0791 12.7
    endloop
  endfacet
  facet normal -0 0 1
    outer loop
      vertex -74.6697 23.077 12.7
      vertex -74.6633 23.0681 12.7
      vertex -74.6659 23.0778 12.7
    endloop
  endfacet
  facet normal 0 0 1
    outer loop
      vertex -74.6697 23.077 12.7
      vertex -74.9199 23.0171 12.7
      vertex -74.6633 23.0681 12.7
    endloop
  endfacet
  facet normal -0 0 1
    outer loop
      vertex -74.9212 23.027 12.7
      vertex -74.9199 23.0171 12.7
      vertex -74.6697 23.077 12.7
    endloop
  endfacet
  facet normal -0 0 1
    outer loop
      vertex -74.9251 23.0268 12.7
      vertex -74.9199 23.0171 12.7
      vertex -74.9212 23.027 12.7
    endloop
  endfacet
  facet normal 0 0 1
    outer loop
      vertex -75.1809 23 12.7
      vertex -74.9251 23.0268 12.7
      vertex -75.1809 23.01 12.7
    endloop
  endfacet
  facet normal 0 0 1
    outer loop
      vertex -74.9251 23.0268 12.7
      vertex -75.1809 23 12.7
      vertex -74.9199 23.0171 12.7
    endloop
  endfacet
  facet normal 0 0 1
    outer loop
      vertex -75.4368 23.0268 12.7
      vertex -75.1809 23 12.7
      vertex -75.1809 23.01 12.7
    endloop
  endfacet
  facet normal 0 0 1
    outer loop
      vertex -75.442 23.0171 12.7
      vertex -75.4368 23.0268 12.7
      vertex -75.4407 23.027 12.7
    endloop
  endfacet
  facet normal 0 0 1
    outer loop
      vertex -75.4368 23.0268 12.7
      vertex -75.442 23.0171 12.7
      vertex -75.1809 23 12.7
    endloop
  endfacet
  facet normal 0 0 1
    outer loop
      vertex -75.6921 23.077 12.7
      vertex -75.442 23.0171 12.7
      vertex -75.4407 23.027 12.7
    endloop
  endfacet
  facet normal 0 0 1
    outer loop
      vertex -75.6986 23.0681 12.7
      vertex -75.6921 23.077 12.7
      vertex -75.696 23.0778 12.7
    endloop
  endfacet
  facet normal 0 0 1
    outer loop
      vertex -75.6921 23.077 12.7
      vertex -75.6986 23.0681 12.7
      vertex -75.442 23.0171 12.7
    endloop
  endfacet
  facet normal 0 0 1
    outer loop
      vertex -75.6997 23.0791 12.7
      vertex -75.6986 23.0681 12.7
      vertex -75.696 23.0778 12.7
    endloop
  endfacet
  facet normal -0 0 1
    outer loop
      vertex -75.9463 23.1522 12.7
      vertex -75.6997 23.0791 12.7
      vertex -75.9425 23.1615 12.7
    endloop
  endfacet
  facet normal 0 0 1
    outer loop
      vertex -75.6997 23.0791 12.7
      vertex -75.9463 23.1522 12.7
      vertex -75.6986 23.0681 12.7
    endloop
  endfacet
  facet normal 0 0 1
    outer loop
      vertex -75.946 23.1632 12.7
      vertex -75.9463 23.1522 12.7
      vertex -75.9425 23.1615 12.7
    endloop
  endfacet
  facet normal -0 0 1
    outer loop
      vertex -76.1809 23.268 12.7
      vertex -75.946 23.1632 12.7
      vertex -76.1759 23.2766 12.7
    endloop
  endfacet
  facet normal 0 0 1
    outer loop
      vertex -75.946 23.1632 12.7
      vertex -76.1809 23.268 12.7
      vertex -75.9463 23.1522 12.7
    endloop
  endfacet
  facet normal 0 0 1
    outer loop
      vertex -76.3891 23.419 12.7
      vertex -76.1809 23.268 12.7
      vertex -76.1759 23.2766 12.7
    endloop
  endfacet
  facet normal 0 0 1
    outer loop
      vertex -76.3984 23.4133 12.7
      vertex -76.3891 23.419 12.7
      vertex -76.3924 23.4212 12.7
    endloop
  endfacet
  facet normal 0 0 1
    outer loop
      vertex -76.3891 23.419 12.7
      vertex -76.3984 23.4133 12.7
      vertex -76.1809 23.268 12.7
    endloop
  endfacet
  facet normal 0 0 1
    outer loop
      vertex -76.3953 23.4238 12.7
      vertex -76.3984 23.4133 12.7
      vertex -76.3924 23.4212 12.7
    endloop
  endfacet
  facet normal -0 0 1
    outer loop
      vertex -76.5951 23.5858 12.7
      vertex -76.3953 23.4238 12.7
      vertex -76.5881 23.5929 12.7
    endloop
  endfacet
  facet normal 0 0 1
    outer loop
      vertex -76.3953 23.4238 12.7
      vertex -76.5951 23.5858 12.7
      vertex -76.3984 23.4133 12.7
    endloop
  endfacet
  facet normal 0 0 1
    outer loop
      vertex -76.7571 23.7856 12.7
      vertex -76.5951 23.5858 12.7
      vertex -76.5881 23.5929 12.7
    endloop
  endfacet
  facet normal 0 0 1
    outer loop
      vertex -76.7676 23.7825 12.7
      vertex -76.7571 23.7856 12.7
      vertex -76.7597 23.7886 12.7
    endloop
  endfacet
  facet normal 0 0 1
    outer loop
      vertex -76.7571 23.7856 12.7
      vertex -76.7676 23.7825 12.7
      vertex -76.5951 23.5858 12.7
    endloop
  endfacet
  facet normal 0 0 1
    outer loop
      vertex -76.7619 23.7918 12.7
      vertex -76.7676 23.7825 12.7
      vertex -76.7597 23.7886 12.7
    endloop
  endfacet
  facet normal -0 0 1
    outer loop
      vertex -76.913 24 12.7
      vertex -76.7619 23.7918 12.7
      vertex -76.9043 24.005 12.7
    endloop
  endfacet
  facet normal 0 0 1
    outer loop
      vertex -76.7619 23.7918 12.7
      vertex -76.913 24 12.7
      vertex -76.7676 23.7825 12.7
    endloop
  endfacet
  facet normal 0 0 1
    outer loop
      vertex -77.0177 24.2349 12.7
      vertex -76.913 24 12.7
      vertex -76.9043 24.005 12.7
    endloop
  endfacet
  facet normal 0 0 1
    outer loop
      vertex -77.0287 24.2346 12.7
      vertex -77.0177 24.2349 12.7
      vertex -77.0194 24.2385 12.7
    endloop
  endfacet
  facet normal 0 0 1
    outer loop
      vertex -77.0177 24.2349 12.7
      vertex -77.0287 24.2346 12.7
      vertex -76.913 24 12.7
    endloop
  endfacet
  facet normal 0 0 1
    outer loop
      vertex -77.1019 24.4812 12.7
      vertex -77.0287 24.2346 12.7
      vertex -77.0194 24.2385 12.7
    endloop
  endfacet
  facet normal -0 0 1
    outer loop
      vertex -77.1128 24.4824 12.7
      vertex -77.1019 24.4812 12.7
      vertex -77.1031 24.485 12.7
    endloop
  endfacet
  facet normal 0 0 1
    outer loop
      vertex -77.1019 24.4812 12.7
      vertex -77.1128 24.4824 12.7
      vertex -77.0287 24.2346 12.7
    endloop
  endfacet
  facet normal 0 0 1
    outer loop
      vertex -77.1039 24.4888 12.7
      vertex -77.1128 24.4824 12.7
      vertex -77.1031 24.485 12.7
    endloop
  endfacet
  facet normal -0 0 1
    outer loop
      vertex -77.1638 24.7389 12.7
      vertex -77.1039 24.4888 12.7
      vertex -77.1539 24.7403 12.7
    endloop
  endfacet
  facet normal 0 0 1
    outer loop
      vertex -77.1039 24.4888 12.7
      vertex -77.1638 24.7389 12.7
      vertex -77.1128 24.4824 12.7
    endloop
  endfacet
  facet normal 0 0 1
    outer loop
      vertex -77.1542 24.7442 12.7
      vertex -77.1638 24.7389 12.7
      vertex -77.1539 24.7403 12.7
    endloop
  endfacet
  facet normal -0 0 1
    outer loop
      vertex -77.1809 25 12.7
      vertex -77.1542 24.7442 12.7
      vertex -77.1709 25 12.7
    endloop
  endfacet
  facet normal 0 0 1
    outer loop
      vertex -77.1542 24.7442 12.7
      vertex -77.1809 25 12.7
      vertex -77.1638 24.7389 12.7
    endloop
  endfacet
  facet normal -0.706355 0.0461146 0.706355
    outer loop
      vertex -77.1709 25 12.7
      vertex -76.6809 25 13.19
      vertex -77.1542 25.2558 12.7
    endloop
  endfacet
  facet normal -0.634951 0.312786 0.706401
    outer loop
      vertex -77.0177 25.7651 12.7
      vertex -76.5667 25.574 13.19
      vertex -76.48 25.75 13.19
    endloop
  endfacet
  facet normal -0.639781 0.302119 0.706686
    outer loop
      vertex -76.5667 25.574 13.19
      vertex -77.0177 25.7651 12.7
      vertex -77.0194 25.7615 12.7
    endloop
  endfacet
  facet normal 0.532071 0.466908 0.706326
    outer loop
      vertex -74.1203 26.0607 13.19
      vertex -73.6047 26.2144 12.7
      vertex -73.7738 26.4071 12.7
    endloop
  endfacet
  facet normal 0.670288 -0.227572 0.706346
    outer loop
      vertex -73.7951 24.426 13.19
      vertex -73.3424 24.2385 12.7
      vertex -73.26 24.4812 12.7
    endloop
  endfacet
  facet normal -0.313239 -0.634779 0.706355
    outer loop
      vertex -75.946 23.1632 12.7
      vertex -75.755 23.6142 13.19
      vertex -75.9309 23.701 13.19
    endloop
  endfacet
  facet normal -0.309213 -0.636615 0.706476
    outer loop
      vertex -75.755 23.6142 13.19
      vertex -75.946 23.1632 12.7
      vertex -75.9425 23.1615 12.7
    endloop
  endfacet
  facet normal -0.46678 0.532201 0.706314
    outer loop
      vertex -76.5881 26.4071 12.7
      vertex -76.2416 26.0607 13.19
      vertex -76.3953 26.5762 12.7
    endloop
  endfacet
  facet normal -0.634951 -0.312786 0.706401
    outer loop
      vertex -76.5667 24.426 13.19
      vertex -77.0177 24.2349 12.7
      vertex -76.48 24.25 13.19
    endloop
  endfacet
  facet normal -0.639781 -0.302119 0.706686
    outer loop
      vertex -77.0177 24.2349 12.7
      vertex -76.5667 24.426 13.19
      vertex -77.0194 24.2385 12.7
    endloop
  endfacet
  facet normal -0.588661 -0.393177 0.706321
    outer loop
      vertex -76.9043 24.005 12.7
      vertex -76.7619 23.7918 12.7
      vertex -76.48 24.25 13.19
    endloop
  endfacet
  facet normal 0.670288 0.227572 0.706346
    outer loop
      vertex -73.7951 25.574 13.19
      vertex -73.26 25.5188 12.7
      vertex -73.3424 25.7615 12.7
    endloop
  endfacet
  facet normal -0.393135 -0.588621 0.706379
    outer loop
      vertex -76.0941 23.81 13.19
      vertex -76.3891 23.419 12.7
      vertex -75.9309 23.701 13.19
    endloop
  endfacet
  facet normal -0.392645 -0.588968 0.706361
    outer loop
      vertex -76.3891 23.419 12.7
      vertex -76.0941 23.81 13.19
      vertex -76.3924 23.4212 12.7
    endloop
  endfacet
  facet normal -0.466612 -0.532291 0.706356
    outer loop
      vertex -76.3953 23.4238 12.7
      vertex -76.0941 23.81 13.19
      vertex -76.2416 23.9393 13.19
    endloop
  endfacet
  facet normal -0.472692 -0.527233 0.706107
    outer loop
      vertex -76.0941 23.81 13.19
      vertex -76.3953 23.4238 12.7
      vertex -76.3924 23.4212 12.7
    endloop
  endfacet
  facet normal -0.472692 0.527233 0.706107
    outer loop
      vertex -76.3953 26.5762 12.7
      vertex -76.0941 26.19 13.19
      vertex -76.3924 26.5788 12.7
    endloop
  endfacet
  facet normal -0.466612 0.532291 0.706356
    outer loop
      vertex -76.0941 26.19 13.19
      vertex -76.3953 26.5762 12.7
      vertex -76.2416 26.0607 13.19
    endloop
  endfacet
  facet normal 0.58849 -0.393339 0.706374
    outer loop
      vertex -73.8819 24.25 13.19
      vertex -73.6 23.7918 12.7
      vertex -73.4575 24.005 12.7
    endloop
  endfacet
  facet normal -0.227489 0.67032 0.706343
    outer loop
      vertex -75.9425 26.8385 12.7
      vertex -75.755 26.3858 13.19
      vertex -75.6997 26.9209 12.7
    endloop
  endfacet
  facet normal -0.313123 -0.634806 0.706382
    outer loop
      vertex -76.1759 23.2766 12.7
      vertex -75.946 23.1632 12.7
      vertex -75.9309 23.701 13.19
    endloop
  endfacet
  facet normal -0.634864 -0.313152 0.706317
    outer loop
      vertex -77.0177 24.2349 12.7
      vertex -76.9043 24.005 12.7
      vertex -76.48 24.25 13.19
    endloop
  endfacet
  facet normal 0 0 1
    outer loop
      vertex -73.6938 25.1958 13.19
      vertex -73.6938 24.8042 13.19
      vertex -73.6809 25 13.19
    endloop
  endfacet
  facet normal 0 0 1
    outer loop
      vertex -73.732 25.3882 13.19
      vertex -73.6938 24.8042 13.19
      vertex -73.6938 25.1958 13.19
    endloop
  endfacet
  facet normal 0 0 1
    outer loop
      vertex -73.732 25.3882 13.19
      vertex -73.732 24.6118 13.19
      vertex -73.6938 24.8042 13.19
    endloop
  endfacet
  facet normal 0 0 1
    outer loop
      vertex -73.7951 25.574 13.19
      vertex -73.732 24.6118 13.19
      vertex -73.732 25.3882 13.19
    endloop
  endfacet
  facet normal 0 0 1
    outer loop
      vertex -73.7951 25.574 13.19
      vertex -73.7951 24.426 13.19
      vertex -73.732 24.6118 13.19
    endloop
  endfacet
  facet normal 0 0 1
    outer loop
      vertex -73.8819 25.75 13.19
      vertex -73.7951 24.426 13.19
      vertex -73.7951 25.574 13.19
    endloop
  endfacet
  facet normal 0 0 1
    outer loop
      vertex -73.8819 25.75 13.19
      vertex -73.8819 24.25 13.19
      vertex -73.7951 24.426 13.19
    endloop
  endfacet
  facet normal 0 0 1
    outer loop
      vertex -73.9909 25.9131 13.19
      vertex -73.8819 24.25 13.19
      vertex -73.8819 25.75 13.19
    endloop
  endfacet
  facet normal 0 0 1
    outer loop
      vertex -73.9909 25.9131 13.19
      vertex -73.9909 24.0869 13.19
      vertex -73.8819 24.25 13.19
    endloop
  endfacet
  facet normal 0 0 1
    outer loop
      vertex -74.1203 26.0607 13.19
      vertex -73.9909 24.0869 13.19
      vertex -73.9909 25.9131 13.19
    endloop
  endfacet
  facet normal 0 0 1
    outer loop
      vertex -74.1203 26.0607 13.19
      vertex -74.1203 23.9393 13.19
      vertex -73.9909 24.0869 13.19
    endloop
  endfacet
  facet normal 0 0 1
    outer loop
      vertex -74.2678 26.19 13.19
      vertex -74.1203 23.9393 13.19
      vertex -74.1203 26.0607 13.19
    endloop
  endfacet
  facet normal 0 0 1
    outer loop
      vertex -74.2678 26.19 13.19
      vertex -74.2678 23.81 13.19
      vertex -74.1203 23.9393 13.19
    endloop
  endfacet
  facet normal 0 0 1
    outer loop
      vertex -74.4309 26.299 13.19
      vertex -74.2678 23.81 13.19
      vertex -74.2678 26.19 13.19
    endloop
  endfacet
  facet normal 0 0 1
    outer loop
      vertex -74.4309 26.299 13.19
      vertex -74.4309 23.701 13.19
      vertex -74.2678 23.81 13.19
    endloop
  endfacet
  facet normal 0 0 1
    outer loop
      vertex -74.6069 26.3858 13.19
      vertex -74.4309 23.701 13.19
      vertex -74.4309 26.299 13.19
    endloop
  endfacet
  facet normal 0 0 1
    outer loop
      vertex -74.6069 26.3858 13.19
      vertex -74.6069 23.6142 13.19
      vertex -74.4309 23.701 13.19
    endloop
  endfacet
  facet normal 0 0 1
    outer loop
      vertex -74.7927 26.4489 13.19
      vertex -74.6069 23.6142 13.19
      vertex -74.6069 26.3858 13.19
    endloop
  endfacet
  facet normal 0 0 1
    outer loop
      vertex -74.7927 26.4489 13.19
      vertex -74.7927 23.5511 13.19
      vertex -74.6069 23.6142 13.19
    endloop
  endfacet
  facet normal 0 0 1
    outer loop
      vertex -74.9851 26.4872 13.19
      vertex -74.7927 23.5511 13.19
      vertex -74.7927 26.4489 13.19
    endloop
  endfacet
  facet normal 0 0 1
    outer loop
      vertex -74.9851 26.4872 13.19
      vertex -74.9851 23.5128 13.19
      vertex -74.7927 23.5511 13.19
    endloop
  endfacet
  facet normal 0 0 1
    outer loop
      vertex -75.1809 26.5 13.19
      vertex -74.9851 23.5128 13.19
      vertex -74.9851 26.4872 13.19
    endloop
  endfacet
  facet normal 0 0 1
    outer loop
      vertex -75.1809 26.5 13.19
      vertex -75.1809 23.5 13.19
      vertex -74.9851 23.5128 13.19
    endloop
  endfacet
  facet normal -0 0 1
    outer loop
      vertex -75.3767 26.4872 13.19
      vertex -75.1809 23.5 13.19
      vertex -75.1809 26.5 13.19
    endloop
  endfacet
  facet normal 0 0 1
    outer loop
      vertex -75.3767 26.4872 13.19
      vertex -75.3767 23.5128 13.19
      vertex -75.1809 23.5 13.19
    endloop
  endfacet
  facet normal -0 0 1
    outer loop
      vertex -75.5692 26.4489 13.19
      vertex -75.3767 23.5128 13.19
      vertex -75.3767 26.4872 13.19
    endloop
  endfacet
  facet normal 0 0 1
    outer loop
      vertex -75.5692 26.4489 13.19
      vertex -75.5692 23.5511 13.19
      vertex -75.3767 23.5128 13.19
    endloop
  endfacet
  facet normal -0 0 1
    outer loop
      vertex -75.755 26.3858 13.19
      vertex -75.5692 23.5511 13.19
      vertex -75.5692 26.4489 13.19
    endloop
  endfacet
  facet normal 0 0 1
    outer loop
      vertex -75.755 26.3858 13.19
      vertex -75.755 23.6142 13.19
      vertex -75.5692 23.5511 13.19
    endloop
  endfacet
  facet normal -0 0 1
    outer loop
      vertex -75.9309 26.299 13.19
      vertex -75.755 23.6142 13.19
      vertex -75.755 26.3858 13.19
    endloop
  endfacet
  facet normal 0 0 1
    outer loop
      vertex -75.9309 26.299 13.19
      vertex -75.9309 23.701 13.19
      vertex -75.755 23.6142 13.19
    endloop
  endfacet
  facet normal -0 0 1
    outer loop
      vertex -76.0941 26.19 13.19
      vertex -75.9309 23.701 13.19
      vertex -75.9309 26.299 13.19
    endloop
  endfacet
  facet normal 0 0 1
    outer loop
      vertex -76.0941 26.19 13.19
      vertex -76.0941 23.81 13.19
      vertex -75.9309 23.701 13.19
    endloop
  endfacet
  facet normal -0 0 1
    outer loop
      vertex -76.2416 26.0607 13.19
      vertex -76.0941 23.81 13.19
      vertex -76.0941 26.19 13.19
    endloop
  endfacet
  facet normal 0 0 1
    outer loop
      vertex -76.2416 26.0607 13.19
      vertex -76.2416 23.9393 13.19
      vertex -76.0941 23.81 13.19
    endloop
  endfacet
  facet normal -0 0 1
    outer loop
      vertex -76.371 25.9131 13.19
      vertex -76.2416 23.9393 13.19
      vertex -76.2416 26.0607 13.19
    endloop
  endfacet
  facet normal 0 0 1
    outer loop
      vertex -76.371 25.9131 13.19
      vertex -76.371 24.0869 13.19
      vertex -76.2416 23.9393 13.19
    endloop
  endfacet
  facet normal -0 0 1
    outer loop
      vertex -76.48 25.75 13.19
      vertex -76.371 24.0869 13.19
      vertex -76.371 25.9131 13.19
    endloop
  endfacet
  facet normal 0 0 1
    outer loop
      vertex -76.48 25.75 13.19
      vertex -76.48 24.25 13.19
      vertex -76.371 24.0869 13.19
    endloop
  endfacet
  facet normal -0 0 1
    outer loop
      vertex -76.5667 25.574 13.19
      vertex -76.48 24.25 13.19
      vertex -76.48 25.75 13.19
    endloop
  endfacet
  facet normal 0 0 1
    outer loop
      vertex -76.5667 25.574 13.19
      vertex -76.5667 24.426 13.19
      vertex -76.48 24.25 13.19
    endloop
  endfacet
  facet normal -0 0 1
    outer loop
      vertex -76.6298 25.3882 13.19
      vertex -76.5667 24.426 13.19
      vertex -76.5667 25.574 13.19
    endloop
  endfacet
  facet normal 0 0 1
    outer loop
      vertex -76.6298 25.3882 13.19
      vertex -76.6298 24.6118 13.19
      vertex -76.5667 24.426 13.19
    endloop
  endfacet
  facet normal -0 0 1
    outer loop
      vertex -76.6681 25.1958 13.19
      vertex -76.6298 24.6118 13.19
      vertex -76.6298 25.3882 13.19
    endloop
  endfacet
  facet normal 0 0 1
    outer loop
      vertex -76.6681 25.1958 13.19
      vertex -76.6681 24.8042 13.19
      vertex -76.6298 24.6118 13.19
    endloop
  endfacet
  facet normal 0 -0 1
    outer loop
      vertex -76.6681 24.8042 13.19
      vertex -76.6681 25.1958 13.19
      vertex -76.6809 25 13.19
    endloop
  endfacet
  facet normal -0.588661 0.393177 0.706321
    outer loop
      vertex -76.9043 25.995 12.7
      vertex -76.48 25.75 13.19
      vertex -76.7619 26.2082 12.7
    endloop
  endfacet
  facet normal -0.694288 0.138029 0.706337
    outer loop
      vertex -77.1539 25.2597 12.7
      vertex -76.6681 25.1958 13.19
      vertex -77.1039 25.5112 12.7
    endloop
  endfacet
  facet normal 0.138029 0.694288 0.706337
    outer loop
      vertex -74.9851 26.4872 13.19
      vertex -74.6697 26.923 12.7
      vertex -74.9212 26.973 12.7
    endloop
  endfacet
  facet normal 0.706346 0.0463902 0.706346
    outer loop
      vertex -73.6809 25 13.19
      vertex -73.1909 25 12.7
      vertex -73.2077 25.2558 12.7
    endloop
  endfacet
  facet normal -0.532275 0.466642 0.706348
    outer loop
      vertex -76.7571 26.2144 12.7
      vertex -76.371 25.9131 13.19
      vertex -76.2416 26.0607 13.19
    endloop
  endfacet
  facet normal -0.534843 0.46353 0.706458
    outer loop
      vertex -76.371 25.9131 13.19
      vertex -76.7571 26.2144 12.7
      vertex -76.7597 26.2114 12.7
    endloop
  endfacet
  facet normal 0.58849 0.393339 0.706374
    outer loop
      vertex -73.8819 25.75 13.19
      vertex -73.4575 25.995 12.7
      vertex -73.6 26.2082 12.7
    endloop
  endfacet
  facet normal 0.696514 0.128305 0.705978
    outer loop
      vertex -73.732 25.3882 13.19
      vertex -73.258 25.5112 12.7
      vertex -73.2587 25.515 12.7
    endloop
  endfacet
  facet normal 0.694363 0.137862 0.706296
    outer loop
      vertex -73.258 25.5112 12.7
      vertex -73.732 25.3882 13.19
      vertex -73.6938 25.1958 13.19
    endloop
  endfacet
  facet normal 0.313094 -0.634845 0.706359
    outer loop
      vertex -74.6069 23.6142 13.19
      vertex -74.4159 23.1632 12.7
      vertex -74.4309 23.701 13.19
    endloop
  endfacet
  facet normal 0.309213 -0.636615 0.706476
    outer loop
      vertex -74.4159 23.1632 12.7
      vertex -74.6069 23.6142 13.19
      vertex -74.4194 23.1615 12.7
    endloop
  endfacet
  facet normal -0.138128 0.694244 0.706361
    outer loop
      vertex -75.6921 26.923 12.7
      vertex -75.5692 26.4489 13.19
      vertex -75.3767 26.4872 13.19
    endloop
  endfacet
  facet normal -0.142216 0.693302 0.706475
    outer loop
      vertex -75.5692 26.4489 13.19
      vertex -75.6921 26.923 12.7
      vertex -75.696 26.9222 12.7
    endloop
  endfacet
  facet normal -0.588521 -0.39331 0.706364
    outer loop
      vertex -76.7619 23.7918 12.7
      vertex -76.371 24.0869 13.19
      vertex -76.48 24.25 13.19
    endloop
  endfacet
  facet normal -0.583102 -0.400882 0.706602
    outer loop
      vertex -76.371 24.0869 13.19
      vertex -76.7619 23.7918 12.7
      vertex -76.7597 23.7886 12.7
    endloop
  endfacet
  facet normal 0.669816 0.229147 0.706285
    outer loop
      vertex -73.26 25.5188 12.7
      vertex -73.732 25.3882 13.19
      vertex -73.2587 25.515 12.7
    endloop
  endfacet
  facet normal 0.670282 0.227636 0.706331
    outer loop
      vertex -73.732 25.3882 13.19
      vertex -73.26 25.5188 12.7
      vertex -73.7951 25.574 13.19
    endloop
  endfacet
  facet normal 0.694174 -0.138283 0.706399
    outer loop
      vertex -73.6938 24.8042 13.19
      vertex -73.258 24.4888 12.7
      vertex -73.2079 24.7403 12.7
    endloop
  endfacet
  facet normal 0.392645 0.588968 0.706361
    outer loop
      vertex -73.9728 26.581 12.7
      vertex -74.2678 26.19 13.19
      vertex -73.9695 26.5788 12.7
    endloop
  endfacet
  facet normal 0.393299 0.588504 0.706384
    outer loop
      vertex -74.2678 26.19 13.19
      vertex -73.9728 26.581 12.7
      vertex -74.4309 26.299 13.19
    endloop
  endfacet
  facet normal 0.532071 -0.466908 0.706326
    outer loop
      vertex -74.1203 23.9393 13.19
      vertex -73.7738 23.5929 12.7
      vertex -73.6047 23.7856 12.7
    endloop
  endfacet
  facet normal -0.532213 0.466757 0.706319
    outer loop
      vertex -76.7571 26.2144 12.7
      vertex -76.2416 26.0607 13.19
      vertex -76.5881 26.4071 12.7
    endloop
  endfacet
  facet normal 0.393274 0.58853 0.706376
    outer loop
      vertex -74.4309 26.299 13.19
      vertex -73.9728 26.581 12.7
      vertex -74.1859 26.7234 12.7
    endloop
  endfacet
  facet normal -0.313123 0.634806 0.706382
    outer loop
      vertex -76.1759 26.7234 12.7
      vertex -75.9309 26.299 13.19
      vertex -75.946 26.8368 12.7
    endloop
  endfacet
  facet normal -0.670217 0.227614 0.7064
    outer loop
      vertex -77.1019 25.5188 12.7
      vertex -76.6298 25.3882 13.19
      vertex -76.5667 25.574 13.19
    endloop
  endfacet
  facet normal -0.674619 0.213038 0.706756
    outer loop
      vertex -76.6298 25.3882 13.19
      vertex -77.1019 25.5188 12.7
      vertex -77.1031 25.515 12.7
    endloop
  endfacet
  facet normal 0.466913 0.532076 0.706319
    outer loop
      vertex -74.1203 26.0607 13.19
      vertex -73.7738 26.4071 12.7
      vertex -73.9665 26.5762 12.7
    endloop
  endfacet
  facet normal 0.706346 -0.0463902 0.706346
    outer loop
      vertex -73.6809 25 13.19
      vertex -73.2077 24.7442 12.7
      vertex -73.1909 25 12.7
    endloop
  endfacet
  facet normal 0.227489 0.67032 0.706343
    outer loop
      vertex -74.6622 26.9209 12.7
      vertex -74.6069 26.3858 13.19
      vertex -74.4194 26.8385 12.7
    endloop
  endfacet
  facet normal -0.706355 -0.0461146 0.706355
    outer loop
      vertex -77.1709 25 12.7
      vertex -77.1542 24.7442 12.7
      vertex -76.6809 25 13.19
    endloop
  endfacet
  facet normal 0.694174 0.138283 0.706399
    outer loop
      vertex -73.6938 25.1958 13.19
      vertex -73.2079 25.2597 12.7
      vertex -73.258 25.5112 12.7
    endloop
  endfacet
  facet normal -0.634864 0.313152 0.706317
    outer loop
      vertex -77.0177 25.7651 12.7
      vertex -76.48 25.75 13.19
      vertex -76.9043 25.995 12.7
    endloop
  endfacet
  facet normal 0.14578 -0.692455 0.706579
    outer loop
      vertex -74.7927 23.5511 13.19
      vertex -74.6697 23.077 12.7
      vertex -74.6659 23.0778 12.7
    endloop
  endfacet
  facet normal 0.138193 -0.694214 0.706377
    outer loop
      vertex -74.6697 23.077 12.7
      vertex -74.7927 23.5511 13.19
      vertex -74.9851 23.5128 13.19
    endloop
  endfacet
  facet normal 0.466913 -0.532076 0.706319
    outer loop
      vertex -74.1203 23.9393 13.19
      vertex -73.9665 23.4238 12.7
      vertex -73.7738 23.5929 12.7
    endloop
  endfacet
  facet normal -0.138128 -0.694244 0.706361
    outer loop
      vertex -75.5692 23.5511 13.19
      vertex -75.6921 23.077 12.7
      vertex -75.3767 23.5128 13.19
    endloop
  endfacet
  facet normal -0.142216 -0.693302 0.706475
    outer loop
      vertex -75.6921 23.077 12.7
      vertex -75.5692 23.5511 13.19
      vertex -75.696 23.0778 12.7
    endloop
  endfacet
  facet normal -0.227489 -0.67032 0.706343
    outer loop
      vertex -75.9425 23.1615 12.7
      vertex -75.6997 23.0791 12.7
      vertex -75.755 23.6142 13.19
    endloop
  endfacet
  facet normal -0.393144 -0.588611 0.706381
    outer loop
      vertex -76.3891 23.419 12.7
      vertex -76.1759 23.2766 12.7
      vertex -75.9309 23.701 13.19
    endloop
  endfacet
  facet normal 0.0463902 0.706346 0.706346
    outer loop
      vertex -75.1809 26.5 13.19
      vertex -74.9251 26.9732 12.7
      vertex -75.1809 26.99 12.7
    endloop
  endfacet
  facet normal -0.0463721 0.706346 0.706346
    outer loop
      vertex -75.4368 26.9732 12.7
      vertex -75.1809 26.5 13.19
      vertex -75.1809 26.99 12.7
    endloop
  endfacet
  facet normal -0.670196 -0.227817 0.706354
    outer loop
      vertex -77.1019 24.4812 12.7
      vertex -77.0194 24.2385 12.7
      vertex -76.5667 24.426 13.19
    endloop
  endfacet
  facet normal 0.639781 -0.302119 0.706686
    outer loop
      vertex -73.7951 24.426 13.19
      vertex -73.3441 24.2349 12.7
      vertex -73.3424 24.2385 12.7
    endloop
  endfacet
  facet normal 0.634817 -0.31308 0.706391
    outer loop
      vertex -73.3441 24.2349 12.7
      vertex -73.7951 24.426 13.19
      vertex -73.8819 24.25 13.19
    endloop
  endfacet
  facet normal 0.14578 0.692455 0.706579
    outer loop
      vertex -74.6697 26.923 12.7
      vertex -74.7927 26.4489 13.19
      vertex -74.6659 26.9222 12.7
    endloop
  endfacet
  facet normal 0.138193 0.694214 0.706377
    outer loop
      vertex -74.7927 26.4489 13.19
      vertex -74.6697 26.923 12.7
      vertex -74.9851 26.4872 13.19
    endloop
  endfacet
  facet normal -0.670217 -0.227614 0.7064
    outer loop
      vertex -76.6298 24.6118 13.19
      vertex -77.1019 24.4812 12.7
      vertex -76.5667 24.426 13.19
    endloop
  endfacet
  facet normal -0.674619 -0.213038 0.706756
    outer loop
      vertex -77.1019 24.4812 12.7
      vertex -76.6298 24.6118 13.19
      vertex -77.1031 24.485 12.7
    endloop
  endfacet
  facet normal -0.234738 0.6681 0.706074
    outer loop
      vertex -75.6997 26.9209 12.7
      vertex -75.5692 26.4489 13.19
      vertex -75.696 26.9222 12.7
    endloop
  endfacet
  facet normal -0.227644 0.670304 0.706308
    outer loop
      vertex -75.5692 26.4489 13.19
      vertex -75.6997 26.9209 12.7
      vertex -75.755 26.3858 13.19
    endloop
  endfacet
  facet normal -0.46678 -0.532201 0.706314
    outer loop
      vertex -76.5881 23.5929 12.7
      vertex -76.3953 23.4238 12.7
      vertex -76.2416 23.9393 13.19
    endloop
  endfacet
  facet normal 0.634806 0.313123 0.706382
    outer loop
      vertex -73.8819 25.75 13.19
      vertex -73.3441 25.7651 12.7
      vertex -73.4575 25.995 12.7
    endloop
  endfacet
  facet normal 0.0362722 0.707307 0.705975
    outer loop
      vertex -74.9251 26.9732 12.7
      vertex -74.9851 26.4872 13.19
      vertex -74.9212 26.973 12.7
    endloop
  endfacet
  facet normal 0.0461799 0.706408 0.706296
    outer loop
      vertex -74.9851 26.4872 13.19
      vertex -74.9251 26.9732 12.7
      vertex -75.1809 26.5 13.19
    endloop
  endfacet
  facet normal 0.234738 0.6681 0.706074
    outer loop
      vertex -74.7927 26.4489 13.19
      vertex -74.6622 26.9209 12.7
      vertex -74.6659 26.9222 12.7
    endloop
  endfacet
  facet normal 0.227644 0.670304 0.706308
    outer loop
      vertex -74.6622 26.9209 12.7
      vertex -74.7927 26.4489 13.19
      vertex -74.6069 26.3858 13.19
    endloop
  endfacet
  facet normal -0.0461796 0.706404 0.706301
    outer loop
      vertex -75.4368 26.9732 12.7
      vertex -75.3767 26.4872 13.19
      vertex -75.1809 26.5 13.19
    endloop
  endfacet
  facet normal -0.036272 0.707304 0.705979
    outer loop
      vertex -75.3767 26.4872 13.19
      vertex -75.4368 26.9732 12.7
      vertex -75.4407 26.973 12.7
    endloop
  endfacet
  facet normal 0.639781 0.302119 0.706686
    outer loop
      vertex -73.3441 25.7651 12.7
      vertex -73.7951 25.574 13.19
      vertex -73.3424 25.7615 12.7
    endloop
  endfacet
  facet normal 0.634817 0.31308 0.706391
    outer loop
      vertex -73.7951 25.574 13.19
      vertex -73.3441 25.7651 12.7
      vertex -73.8819 25.75 13.19
    endloop
  endfacet
  facet normal -0.036272 -0.707304 0.705979
    outer loop
      vertex -75.4368 23.0268 12.7
      vertex -75.3767 23.5128 13.19
      vertex -75.4407 23.027 12.7
    endloop
  endfacet
  facet normal -0.0461796 -0.706404 0.706301
    outer loop
      vertex -75.3767 23.5128 13.19
      vertex -75.4368 23.0268 12.7
      vertex -75.1809 23.5 13.19
    endloop
  endfacet
  facet normal 0.0461799 -0.706408 0.706296
    outer loop
      vertex -74.9251 23.0268 12.7
      vertex -74.9851 23.5128 13.19
      vertex -75.1809 23.5 13.19
    endloop
  endfacet
  facet normal 0.0362722 -0.707307 0.705975
    outer loop
      vertex -74.9851 23.5128 13.19
      vertex -74.9251 23.0268 12.7
      vertex -74.9212 23.027 12.7
    endloop
  endfacet
  facet normal 0.392645 -0.588968 0.706361
    outer loop
      vertex -74.2678 23.81 13.19
      vertex -73.9728 23.419 12.7
      vertex -73.9695 23.4212 12.7
    endloop
  endfacet
  facet normal 0.393299 -0.588504 0.706384
    outer loop
      vertex -73.9728 23.419 12.7
      vertex -74.2678 23.81 13.19
      vertex -74.4309 23.701 13.19
    endloop
  endfacet
  facet normal 0.313015 -0.634864 0.706378
    outer loop
      vertex -74.4309 23.701 13.19
      vertex -74.4159 23.1632 12.7
      vertex -74.1859 23.2766 12.7
    endloop
  endfacet
  facet normal 0.534801 -0.463495 0.706513
    outer loop
      vertex -73.9909 24.0869 13.19
      vertex -73.6047 23.7856 12.7
      vertex -73.6021 23.7886 12.7
    endloop
  endfacet
  facet normal 0.532234 -0.466606 0.706403
    outer loop
      vertex -73.6047 23.7856 12.7
      vertex -73.9909 24.0869 13.19
      vertex -74.1203 23.9393 13.19
    endloop
  endfacet
  facet normal 0.309213 0.636615 0.706476
    outer loop
      vertex -74.6069 26.3858 13.19
      vertex -74.4159 26.8368 12.7
      vertex -74.4194 26.8385 12.7
    endloop
  endfacet
  facet normal 0.313094 0.634845 0.706359
    outer loop
      vertex -74.4159 26.8368 12.7
      vertex -74.6069 26.3858 13.19
      vertex -74.4309 26.299 13.19
    endloop
  endfacet
  facet normal -0.393144 0.588611 0.706381
    outer loop
      vertex -76.3891 26.581 12.7
      vertex -75.9309 26.299 13.19
      vertex -76.1759 26.7234 12.7
    endloop
  endfacet
  facet normal -0.583102 0.400882 0.706602
    outer loop
      vertex -76.7619 26.2082 12.7
      vertex -76.371 25.9131 13.19
      vertex -76.7597 26.2114 12.7
    endloop
  endfacet
  facet normal -0.588521 0.39331 0.706364
    outer loop
      vertex -76.371 25.9131 13.19
      vertex -76.7619 26.2082 12.7
      vertex -76.48 25.75 13.19
    endloop
  endfacet
  facet normal -0.393135 0.588621 0.706379
    outer loop
      vertex -76.3891 26.581 12.7
      vertex -76.0941 26.19 13.19
      vertex -75.9309 26.299 13.19
    endloop
  endfacet
  facet normal -0.392645 0.588968 0.706361
    outer loop
      vertex -76.0941 26.19 13.19
      vertex -76.3891 26.581 12.7
      vertex -76.3924 26.5788 12.7
    endloop
  endfacet
  facet normal -0.692455 0.14578 0.706579
    outer loop
      vertex -77.1039 25.5112 12.7
      vertex -76.6298 25.3882 13.19
      vertex -77.1031 25.515 12.7
    endloop
  endfacet
  facet normal -0.694214 0.138193 0.706377
    outer loop
      vertex -76.6298 25.3882 13.19
      vertex -77.1039 25.5112 12.7
      vertex -76.6681 25.1958 13.19
    endloop
  endfacet
  facet normal -0.670196 0.227817 0.706354
    outer loop
      vertex -77.1019 25.5188 12.7
      vertex -76.5667 25.574 13.19
      vertex -77.0194 25.7615 12.7
    endloop
  endfacet
  facet normal 0.0463902 -0.706346 0.706346
    outer loop
      vertex -75.1809 23.01 12.7
      vertex -74.9251 23.0268 12.7
      vertex -75.1809 23.5 13.19
    endloop
  endfacet
  facet normal -0.309213 0.636615 0.706476
    outer loop
      vertex -75.946 26.8368 12.7
      vertex -75.755 26.3858 13.19
      vertex -75.9425 26.8385 12.7
    endloop
  endfacet
  facet normal -0.313239 0.634779 0.706355
    outer loop
      vertex -75.755 26.3858 13.19
      vertex -75.946 26.8368 12.7
      vertex -75.9309 26.299 13.19
    endloop
  endfacet
  facet normal -0.532213 -0.466757 0.706319
    outer loop
      vertex -76.7571 23.7856 12.7
      vertex -76.5881 23.5929 12.7
      vertex -76.2416 23.9393 13.19
    endloop
  endfacet
  facet normal -0.694288 -0.138029 0.706337
    outer loop
      vertex -77.1539 24.7403 12.7
      vertex -77.1039 24.4888 12.7
      vertex -76.6681 24.8042 13.19
    endloop
  endfacet
  facet normal -0.706336 -0.0461752 0.706369
    outer loop
      vertex -77.1542 24.7442 12.7
      vertex -76.6681 24.8042 13.19
      vertex -76.6809 25 13.19
    endloop
  endfacet
  facet normal -0.705549 -0.054273 0.706579
    outer loop
      vertex -76.6681 24.8042 13.19
      vertex -77.1542 24.7442 12.7
      vertex -77.1539 24.7403 12.7
    endloop
  endfacet
  facet normal -0.13808 0.694265 0.706349
    outer loop
      vertex -75.6921 26.923 12.7
      vertex -75.3767 26.4872 13.19
      vertex -75.4407 26.973 12.7
    endloop
  endfacet
  facet normal 0.588521 -0.39331 0.706364
    outer loop
      vertex -73.9909 24.0869 13.19
      vertex -73.6 23.7918 12.7
      vertex -73.8819 24.25 13.19
    endloop
  endfacet
  facet normal 0.591948 -0.388466 0.706181
    outer loop
      vertex -73.6 23.7918 12.7
      vertex -73.9909 24.0869 13.19
      vertex -73.6021 23.7886 12.7
    endloop
  endfacet
  facet normal 0.634806 -0.313123 0.706382
    outer loop
      vertex -73.8819 24.25 13.19
      vertex -73.4575 24.005 12.7
      vertex -73.3441 24.2349 12.7
    endloop
  endfacet
  facet normal 0.463495 0.534801 0.706513
    outer loop
      vertex -74.2678 26.19 13.19
      vertex -73.9665 26.5762 12.7
      vertex -73.9695 26.5788 12.7
    endloop
  endfacet
  facet normal 0.466581 0.532256 0.706404
    outer loop
      vertex -73.9665 26.5762 12.7
      vertex -74.2678 26.19 13.19
      vertex -74.1203 26.0607 13.19
    endloop
  endfacet
  facet normal 0.669816 -0.229147 0.706285
    outer loop
      vertex -73.732 24.6118 13.19
      vertex -73.26 24.4812 12.7
      vertex -73.2587 24.485 12.7
    endloop
  endfacet
  facet normal 0.670282 -0.227636 0.706331
    outer loop
      vertex -73.26 24.4812 12.7
      vertex -73.732 24.6118 13.19
      vertex -73.7951 24.426 13.19
    endloop
  endfacet
  facet normal 0.707235 0.0362685 0.706047
    outer loop
      vertex -73.6938 25.1958 13.19
      vertex -73.2077 25.2558 12.7
      vertex -73.2079 25.2597 12.7
    endloop
  endfacet
  facet normal 0.706303 0.0465337 0.706379
    outer loop
      vertex -73.2077 25.2558 12.7
      vertex -73.6938 25.1958 13.19
      vertex -73.6809 25 13.19
    endloop
  endfacet
  facet normal 0.534801 0.463495 0.706513
    outer loop
      vertex -73.6047 26.2144 12.7
      vertex -73.9909 25.9131 13.19
      vertex -73.6021 26.2114 12.7
    endloop
  endfacet
  facet normal 0.532234 0.466606 0.706403
    outer loop
      vertex -73.9909 25.9131 13.19
      vertex -73.6047 26.2144 12.7
      vertex -74.1203 26.0607 13.19
    endloop
  endfacet
  facet normal 0.591948 0.388466 0.706181
    outer loop
      vertex -73.9909 25.9131 13.19
      vertex -73.6 26.2082 12.7
      vertex -73.6021 26.2114 12.7
    endloop
  endfacet
  facet normal 0.588521 0.39331 0.706364
    outer loop
      vertex -73.6 26.2082 12.7
      vertex -73.9909 25.9131 13.19
      vertex -73.8819 25.75 13.19
    endloop
  endfacet
  facet normal -0.0463721 -0.706346 0.706346
    outer loop
      vertex -75.4368 23.0268 12.7
      vertex -75.1809 23.01 12.7
      vertex -75.1809 23.5 13.19
    endloop
  endfacet
  facet normal 0.393274 -0.58853 0.706376
    outer loop
      vertex -74.4309 23.701 13.19
      vertex -74.1859 23.2766 12.7
      vertex -73.9728 23.419 12.7
    endloop
  endfacet
  facet normal 0.138029 -0.694288 0.706337
    outer loop
      vertex -74.9851 23.5128 13.19
      vertex -74.9212 23.027 12.7
      vertex -74.6697 23.077 12.7
    endloop
  endfacet
  facet normal -0.532275 -0.466642 0.706348
    outer loop
      vertex -76.371 24.0869 13.19
      vertex -76.7571 23.7856 12.7
      vertex -76.2416 23.9393 13.19
    endloop
  endfacet
  facet normal -0.534843 -0.46353 0.706458
    outer loop
      vertex -76.7571 23.7856 12.7
      vertex -76.371 24.0869 13.19
      vertex -76.7597 23.7886 12.7
    endloop
  endfacet
  facet normal 0.694363 -0.137862 0.706296
    outer loop
      vertex -73.732 24.6118 13.19
      vertex -73.258 24.4888 12.7
      vertex -73.6938 24.8042 13.19
    endloop
  endfacet
  facet normal 0.696514 -0.128305 0.705978
    outer loop
      vertex -73.258 24.4888 12.7
      vertex -73.732 24.6118 13.19
      vertex -73.2587 24.485 12.7
    endloop
  endfacet
  facet normal -0.13808 -0.694265 0.706349
    outer loop
      vertex -75.6921 23.077 12.7
      vertex -75.4407 23.027 12.7
      vertex -75.3767 23.5128 13.19
    endloop
  endfacet
  facet normal -0.234738 -0.6681 0.706074
    outer loop
      vertex -75.5692 23.5511 13.19
      vertex -75.6997 23.0791 12.7
      vertex -75.696 23.0778 12.7
    endloop
  endfacet
  facet normal -0.227644 -0.670304 0.706308
    outer loop
      vertex -75.6997 23.0791 12.7
      vertex -75.5692 23.5511 13.19
      vertex -75.755 23.6142 13.19
    endloop
  endfacet
  facet normal -0.705549 0.054273 0.706579
    outer loop
      vertex -77.1542 25.2558 12.7
      vertex -76.6681 25.1958 13.19
      vertex -77.1539 25.2597 12.7
    endloop
  endfacet
  facet normal -0.706336 0.0461752 0.706369
    outer loop
      vertex -76.6681 25.1958 13.19
      vertex -77.1542 25.2558 12.7
      vertex -76.6809 25 13.19
    endloop
  endfacet
  facet normal -0.694214 -0.138193 0.706377
    outer loop
      vertex -77.1039 24.4888 12.7
      vertex -76.6298 24.6118 13.19
      vertex -76.6681 24.8042 13.19
    endloop
  endfacet
  facet normal -0.692455 -0.14578 0.706579
    outer loop
      vertex -76.6298 24.6118 13.19
      vertex -77.1039 24.4888 12.7
      vertex -77.1031 24.485 12.7
    endloop
  endfacet
  facet normal 0.313015 0.634864 0.706378
    outer loop
      vertex -74.4309 26.299 13.19
      vertex -74.1859 26.7234 12.7
      vertex -74.4159 26.8368 12.7
    endloop
  endfacet
  facet normal 0.706303 -0.0465337 0.706379
    outer loop
      vertex -73.6938 24.8042 13.19
      vertex -73.2077 24.7442 12.7
      vertex -73.6809 25 13.19
    endloop
  endfacet
  facet normal 0.707235 -0.0362685 0.706047
    outer loop
      vertex -73.2077 24.7442 12.7
      vertex -73.6938 24.8042 13.19
      vertex -73.2079 24.7403 12.7
    endloop
  endfacet
  facet normal 0.466581 -0.532256 0.706404
    outer loop
      vertex -74.2678 23.81 13.19
      vertex -73.9665 23.4238 12.7
      vertex -74.1203 23.9393 13.19
    endloop
  endfacet
  facet normal 0.463495 -0.534801 0.706513
    outer loop
      vertex -73.9665 23.4238 12.7
      vertex -74.2678 23.81 13.19
      vertex -73.9695 23.4212 12.7
    endloop
  endfacet
  facet normal 0.227644 -0.670304 0.706308
    outer loop
      vertex -74.7927 23.5511 13.19
      vertex -74.6622 23.0791 12.7
      vertex -74.6069 23.6142 13.19
    endloop
  endfacet
  facet normal 0.234738 -0.6681 0.706074
    outer loop
      vertex -74.6622 23.0791 12.7
      vertex -74.7927 23.5511 13.19
      vertex -74.6659 23.0778 12.7
    endloop
  endfacet
  facet normal 0.227489 -0.67032 0.706343
    outer loop
      vertex -74.6622 23.0791 12.7
      vertex -74.4194 23.1615 12.7
      vertex -74.6069 23.6142 13.19
    endloop
  endfacet
  facet normal -0.980801 0.195013 0
    outer loop
      vertex -97.1638 25.2611 9.5
      vertex -97.1128 25.5176 12.7
      vertex -97.1128 25.5176 9.5
    endloop
  endfacet
  facet normal -0.980801 0.195013 0
    outer loop
      vertex -97.1128 25.5176 12.7
      vertex -97.1638 25.2611 9.5
      vertex -97.1638 25.2611 12.7
    endloop
  endfacet
  facet normal -0.997862 0.0653521 0
    outer loop
      vertex -97.1809 25 9.5
      vertex -97.1638 25.2611 12.7
      vertex -97.1638 25.2611 9.5
    endloop
  endfacet
  facet normal -0.997862 0.0653521 0
    outer loop
      vertex -97.1638 25.2611 12.7
      vertex -97.1809 25 9.5
      vertex -97.1809 25 12.7
    endloop
  endfacet
  facet normal -0.0653521 0.997862 0
    outer loop
      vertex -95.1809 27 9.5
      vertex -95.442 26.9829 12.7
      vertex -95.1809 27 12.7
    endloop
  endfacet
  facet normal -0.0653521 0.997862 0
    outer loop
      vertex -95.442 26.9829 12.7
      vertex -95.1809 27 9.5
      vertex -95.442 26.9829 9.5
    endloop
  endfacet
  facet normal 0.19494 0.980815 -0
    outer loop
      vertex -94.6633 26.9319 9.5
      vertex -94.9199 26.9829 12.7
      vertex -94.6633 26.9319 12.7
    endloop
  endfacet
  facet normal 0.19494 0.980815 0
    outer loop
      vertex -94.9199 26.9829 12.7
      vertex -94.6633 26.9319 9.5
      vertex -94.9199 26.9829 9.5
    endloop
  endfacet
  facet normal -0.555494 -0.831521 0
    outer loop
      vertex -96.3984 23.4133 9.5
      vertex -96.1809 23.268 12.7
      vertex -96.3984 23.4133 12.7
    endloop
  endfacet
  facet normal -0.555494 -0.831521 -0
    outer loop
      vertex -96.1809 23.268 12.7
      vertex -96.3984 23.4133 9.5
      vertex -96.1809 23.268 9.5
    endloop
  endfacet
  facet normal 0.89686 0.442314 0
    outer loop
      vertex -93.3332 25.7654 12.7
      vertex -93.4489 26 9.5
      vertex -93.4489 26 12.7
    endloop
  endfacet
  facet normal 0.89686 0.442314 0
    outer loop
      vertex -93.4489 26 9.5
      vertex -93.3332 25.7654 12.7
      vertex -93.3332 25.7654 9.5
    endloop
  endfacet
  facet normal 0.94695 0.321382 0
    outer loop
      vertex -93.2491 25.5176 12.7
      vertex -93.3332 25.7654 9.5
      vertex -93.3332 25.7654 12.7
    endloop
  endfacet
  facet normal 0.94695 0.321382 0
    outer loop
      vertex -93.3332 25.7654 9.5
      vertex -93.2491 25.5176 12.7
      vertex -93.2491 25.5176 9.5
    endloop
  endfacet
  facet normal 0.321498 0.94691 -0
    outer loop
      vertex -94.4156 26.8478 9.5
      vertex -94.6633 26.9319 12.7
      vertex -94.4156 26.8478 12.7
    endloop
  endfacet
  facet normal 0.321498 0.94691 0
    outer loop
      vertex -94.6633 26.9319 12.7
      vertex -94.4156 26.8478 9.5
      vertex -94.6633 26.9319 9.5
    endloop
  endfacet
  facet normal -0.997862 -0.0653521 0
    outer loop
      vertex -97.1638 24.7389 9.5
      vertex -97.1809 25 12.7
      vertex -97.1809 25 9.5
    endloop
  endfacet
  facet normal -0.997862 -0.0653521 0
    outer loop
      vertex -97.1809 25 12.7
      vertex -97.1638 24.7389 9.5
      vertex -97.1638 24.7389 12.7
    endloop
  endfacet
  facet normal 0.94695 -0.321382 0
    outer loop
      vertex -93.3332 24.2346 12.7
      vertex -93.2491 24.4824 9.5
      vertex -93.2491 24.4824 12.7
    endloop
  endfacet
  facet normal 0.94695 -0.321382 0
    outer loop
      vertex -93.2491 24.4824 9.5
      vertex -93.3332 24.2346 12.7
      vertex -93.3332 24.2346 9.5
    endloop
  endfacet
  facet normal 0.831521 0.555494 0
    outer loop
      vertex -93.4489 26 12.7
      vertex -93.5942 26.2175 9.5
      vertex -93.5942 26.2175 12.7
    endloop
  endfacet
  facet normal 0.831521 0.555494 0
    outer loop
      vertex -93.5942 26.2175 9.5
      vertex -93.4489 26 12.7
      vertex -93.4489 26 9.5
    endloop
  endfacet
  facet normal 0.980727 0.195381 0
    outer loop
      vertex -93.198 25.2611 12.7
      vertex -93.2491 25.5176 9.5
      vertex -93.2491 25.5176 12.7
    endloop
  endfacet
  facet normal 0.980727 0.195381 0
    outer loop
      vertex -93.2491 25.5176 9.5
      vertex -93.198 25.2611 12.7
      vertex -93.198 25.2611 9.5
    endloop
  endfacet
  facet normal -0.94695 -0.321382 0
    outer loop
      vertex -97.0287 24.2346 9.5
      vertex -97.1128 24.4824 12.7
      vertex -97.1128 24.4824 9.5
    endloop
  endfacet
  facet normal -0.94695 -0.321382 0
    outer loop
      vertex -97.1128 24.4824 12.7
      vertex -97.0287 24.2346 9.5
      vertex -97.0287 24.2346 12.7
    endloop
  endfacet
  facet normal -0.659343 -0.751842 0
    outer loop
      vertex -96.5951 23.5858 9.5
      vertex -96.3984 23.4133 12.7
      vertex -96.5951 23.5858 12.7
    endloop
  endfacet
  facet normal -0.659343 -0.751842 -0
    outer loop
      vertex -96.3984 23.4133 12.7
      vertex -96.5951 23.5858 9.5
      vertex -96.3984 23.4133 9.5
    endloop
  endfacet
  facet normal -0.321498 0.94691 0
    outer loop
      vertex -95.6986 26.9319 9.5
      vertex -95.9463 26.8478 12.7
      vertex -95.6986 26.9319 12.7
    endloop
  endfacet
  facet normal -0.321498 0.94691 0
    outer loop
      vertex -95.9463 26.8478 12.7
      vertex -95.6986 26.9319 9.5
      vertex -95.9463 26.8478 9.5
    endloop
  endfacet
  facet normal 0.751842 -0.659343 0
    outer loop
      vertex -93.7667 23.5858 12.7
      vertex -93.5942 23.7825 9.5
      vertex -93.5942 23.7825 12.7
    endloop
  endfacet
  facet normal 0.751842 -0.659343 0
    outer loop
      vertex -93.5942 23.7825 9.5
      vertex -93.7667 23.5858 12.7
      vertex -93.7667 23.5858 9.5
    endloop
  endfacet
  facet normal 0.659343 0.751842 -0
    outer loop
      vertex -93.7667 26.4142 9.5
      vertex -93.9634 26.5867 12.7
      vertex -93.7667 26.4142 12.7
    endloop
  endfacet
  facet normal 0.659343 0.751842 0
    outer loop
      vertex -93.9634 26.5867 12.7
      vertex -93.7667 26.4142 9.5
      vertex -93.9634 26.5867 9.5
    endloop
  endfacet
  facet normal 0.997862 0.0653521 0
    outer loop
      vertex -93.1809 25 12.7
      vertex -93.198 25.2611 9.5
      vertex -93.198 25.2611 12.7
    endloop
  endfacet
  facet normal 0.997862 0.0653521 0
    outer loop
      vertex -93.198 25.2611 9.5
      vertex -93.1809 25 12.7
      vertex -93.1809 25 9.5
    endloop
  endfacet
  facet normal -0.555494 0.831521 0
    outer loop
      vertex -96.1809 26.732 9.5
      vertex -96.3984 26.5867 12.7
      vertex -96.1809 26.732 12.7
    endloop
  endfacet
  facet normal -0.555494 0.831521 0
    outer loop
      vertex -96.3984 26.5867 12.7
      vertex -96.1809 26.732 9.5
      vertex -96.3984 26.5867 9.5
    endloop
  endfacet
  facet normal -0.831344 -0.555758 0
    outer loop
      vertex -96.7676 23.7825 9.5
      vertex -96.913 24 12.7
      vertex -96.913 24 9.5
    endloop
  endfacet
  facet normal -0.831344 -0.555758 0
    outer loop
      vertex -96.913 24 12.7
      vertex -96.7676 23.7825 9.5
      vertex -96.7676 23.7825 12.7
    endloop
  endfacet
  facet normal -0.831344 0.555758 0
    outer loop
      vertex -96.913 26 9.5
      vertex -96.7676 26.2175 12.7
      vertex -96.7676 26.2175 9.5
    endloop
  endfacet
  facet normal -0.831344 0.555758 0
    outer loop
      vertex -96.7676 26.2175 12.7
      vertex -96.913 26 9.5
      vertex -96.913 26 12.7
    endloop
  endfacet
  facet normal 0.751842 0.659343 0
    outer loop
      vertex -93.5942 26.2175 12.7
      vertex -93.7667 26.4142 9.5
      vertex -93.7667 26.4142 12.7
    endloop
  endfacet
  facet normal 0.751842 0.659343 0
    outer loop
      vertex -93.7667 26.4142 9.5
      vertex -93.5942 26.2175 12.7
      vertex -93.5942 26.2175 9.5
    endloop
  endfacet
  facet normal -0.321498 -0.94691 0
    outer loop
      vertex -95.9463 23.1522 9.5
      vertex -95.6986 23.0681 12.7
      vertex -95.9463 23.1522 12.7
    endloop
  endfacet
  facet normal -0.321498 -0.94691 -0
    outer loop
      vertex -95.6986 23.0681 12.7
      vertex -95.9463 23.1522 9.5
      vertex -95.6986 23.0681 9.5
    endloop
  endfacet
  facet normal -0.442621 -0.896709 0
    outer loop
      vertex -96.1809 23.268 9.5
      vertex -95.9463 23.1522 12.7
      vertex -96.1809 23.268 12.7
    endloop
  endfacet
  facet normal -0.442621 -0.896709 -0
    outer loop
      vertex -95.9463 23.1522 12.7
      vertex -96.1809 23.268 9.5
      vertex -95.9463 23.1522 9.5
    endloop
  endfacet
  facet normal -0.751842 0.659343 0
    outer loop
      vertex -96.7676 26.2175 9.5
      vertex -96.5951 26.4142 12.7
      vertex -96.5951 26.4142 9.5
    endloop
  endfacet
  facet normal -0.751842 0.659343 0
    outer loop
      vertex -96.5951 26.4142 12.7
      vertex -96.7676 26.2175 9.5
      vertex -96.7676 26.2175 12.7
    endloop
  endfacet
  facet normal -0.0653521 -0.997862 0
    outer loop
      vertex -95.442 23.0171 9.5
      vertex -95.1809 23 12.7
      vertex -95.442 23.0171 12.7
    endloop
  endfacet
  facet normal -0.0653521 -0.997862 -0
    outer loop
      vertex -95.1809 23 12.7
      vertex -95.442 23.0171 9.5
      vertex -95.1809 23 9.5
    endloop
  endfacet
  facet normal -0.659343 0.751842 0
    outer loop
      vertex -96.3984 26.5867 9.5
      vertex -96.5951 26.4142 12.7
      vertex -96.3984 26.5867 12.7
    endloop
  endfacet
  facet normal -0.659343 0.751842 0
    outer loop
      vertex -96.5951 26.4142 12.7
      vertex -96.3984 26.5867 9.5
      vertex -96.5951 26.4142 9.5
    endloop
  endfacet
  facet normal 0.997862 -0.0653521 0
    outer loop
      vertex -93.198 24.7389 12.7
      vertex -93.1809 25 9.5
      vertex -93.1809 25 12.7
    endloop
  endfacet
  facet normal 0.997862 -0.0653521 0
    outer loop
      vertex -93.1809 25 9.5
      vertex -93.198 24.7389 12.7
      vertex -93.198 24.7389 9.5
    endloop
  endfacet
  facet normal 0.659343 -0.751842 0
    outer loop
      vertex -93.9634 23.4133 9.5
      vertex -93.7667 23.5858 12.7
      vertex -93.9634 23.4133 12.7
    endloop
  endfacet
  facet normal 0.659343 -0.751842 0
    outer loop
      vertex -93.7667 23.5858 12.7
      vertex -93.9634 23.4133 9.5
      vertex -93.7667 23.5858 9.5
    endloop
  endfacet
  facet normal 0.555494 0.831521 -0
    outer loop
      vertex -93.9634 26.5867 9.5
      vertex -94.1809 26.732 12.7
      vertex -93.9634 26.5867 12.7
    endloop
  endfacet
  facet normal 0.555494 0.831521 0
    outer loop
      vertex -94.1809 26.732 12.7
      vertex -93.9634 26.5867 9.5
      vertex -94.1809 26.732 9.5
    endloop
  endfacet
  facet normal -0.89686 0.442314 0
    outer loop
      vertex -97.0287 25.7654 9.5
      vertex -96.913 26 12.7
      vertex -96.913 26 9.5
    endloop
  endfacet
  facet normal -0.89686 0.442314 0
    outer loop
      vertex -96.913 26 12.7
      vertex -97.0287 25.7654 9.5
      vertex -97.0287 25.7654 12.7
    endloop
  endfacet
  facet normal 0.0653771 -0.997861 0
    outer loop
      vertex -95.1809 23 9.5
      vertex -94.9199 23.0171 12.7
      vertex -95.1809 23 12.7
    endloop
  endfacet
  facet normal 0.0653771 -0.997861 0
    outer loop
      vertex -94.9199 23.0171 12.7
      vertex -95.1809 23 9.5
      vertex -94.9199 23.0171 9.5
    endloop
  endfacet
  facet normal -0.19494 -0.980815 0
    outer loop
      vertex -95.6986 23.0681 9.5
      vertex -95.442 23.0171 12.7
      vertex -95.6986 23.0681 12.7
    endloop
  endfacet
  facet normal -0.19494 -0.980815 -0
    outer loop
      vertex -95.442 23.0171 12.7
      vertex -95.6986 23.0681 9.5
      vertex -95.442 23.0171 9.5
    endloop
  endfacet
  facet normal -0.442621 0.896709 0
    outer loop
      vertex -95.9463 26.8478 9.5
      vertex -96.1809 26.732 12.7
      vertex -95.9463 26.8478 12.7
    endloop
  endfacet
  facet normal -0.442621 0.896709 0
    outer loop
      vertex -96.1809 26.732 12.7
      vertex -95.9463 26.8478 9.5
      vertex -96.1809 26.732 9.5
    endloop
  endfacet
  facet normal -0.89686 -0.442314 0
    outer loop
      vertex -96.913 24 9.5
      vertex -97.0287 24.2346 12.7
      vertex -97.0287 24.2346 9.5
    endloop
  endfacet
  facet normal -0.89686 -0.442314 0
    outer loop
      vertex -97.0287 24.2346 12.7
      vertex -96.913 24 9.5
      vertex -96.913 24 12.7
    endloop
  endfacet
  facet normal -0.980801 -0.195013 0
    outer loop
      vertex -97.1128 24.4824 9.5
      vertex -97.1638 24.7389 12.7
      vertex -97.1638 24.7389 9.5
    endloop
  endfacet
  facet normal -0.980801 -0.195013 0
    outer loop
      vertex -97.1638 24.7389 12.7
      vertex -97.1128 24.4824 9.5
      vertex -97.1128 24.4824 12.7
    endloop
  endfacet
  facet normal 0.980727 -0.195381 0
    outer loop
      vertex -93.2491 24.4824 12.7
      vertex -93.198 24.7389 9.5
      vertex -93.198 24.7389 12.7
    endloop
  endfacet
  facet normal 0.980727 -0.195381 0
    outer loop
      vertex -93.198 24.7389 9.5
      vertex -93.2491 24.4824 12.7
      vertex -93.2491 24.4824 9.5
    endloop
  endfacet
  facet normal 0.19494 -0.980815 0
    outer loop
      vertex -94.9199 23.0171 9.5
      vertex -94.6633 23.0681 12.7
      vertex -94.9199 23.0171 12.7
    endloop
  endfacet
  facet normal 0.19494 -0.980815 0
    outer loop
      vertex -94.6633 23.0681 12.7
      vertex -94.9199 23.0171 9.5
      vertex -94.6633 23.0681 9.5
    endloop
  endfacet
  facet normal -0.19494 0.980815 0
    outer loop
      vertex -95.442 26.9829 9.5
      vertex -95.6986 26.9319 12.7
      vertex -95.442 26.9829 12.7
    endloop
  endfacet
  facet normal -0.19494 0.980815 0
    outer loop
      vertex -95.6986 26.9319 12.7
      vertex -95.442 26.9829 9.5
      vertex -95.6986 26.9319 9.5
    endloop
  endfacet
  facet normal -0.94695 0.321382 0
    outer loop
      vertex -97.1128 25.5176 9.5
      vertex -97.0287 25.7654 12.7
      vertex -97.0287 25.7654 9.5
    endloop
  endfacet
  facet normal -0.94695 0.321382 0
    outer loop
      vertex -97.0287 25.7654 12.7
      vertex -97.1128 25.5176 9.5
      vertex -97.1128 25.5176 12.7
    endloop
  endfacet
  facet normal -0.751842 -0.659343 0
    outer loop
      vertex -96.5951 23.5858 9.5
      vertex -96.7676 23.7825 12.7
      vertex -96.7676 23.7825 9.5
    endloop
  endfacet
  facet normal -0.751842 -0.659343 0
    outer loop
      vertex -96.7676 23.7825 12.7
      vertex -96.5951 23.5858 9.5
      vertex -96.5951 23.5858 12.7
    endloop
  endfacet
  facet normal 0.831521 -0.555494 0
    outer loop
      vertex -93.5942 23.7825 12.7
      vertex -93.4489 24 9.5
      vertex -93.4489 24 12.7
    endloop
  endfacet
  facet normal 0.831521 -0.555494 0
    outer loop
      vertex -93.4489 24 9.5
      vertex -93.5942 23.7825 12.7
      vertex -93.5942 23.7825 9.5
    endloop
  endfacet
  facet normal 0.0653771 0.997861 -0
    outer loop
      vertex -94.9199 26.9829 9.5
      vertex -95.1809 27 12.7
      vertex -94.9199 26.9829 12.7
    endloop
  endfacet
  facet normal 0.0653771 0.997861 0
    outer loop
      vertex -95.1809 27 12.7
      vertex -94.9199 26.9829 9.5
      vertex -95.1809 27 9.5
    endloop
  endfacet
  facet normal 0.321498 -0.94691 0
    outer loop
      vertex -94.6633 23.0681 9.5
      vertex -94.4156 23.1522 12.7
      vertex -94.6633 23.0681 12.7
    endloop
  endfacet
  facet normal 0.321498 -0.94691 0
    outer loop
      vertex -94.4156 23.1522 12.7
      vertex -94.6633 23.0681 9.5
      vertex -94.4156 23.1522 9.5
    endloop
  endfacet
  facet normal 0.442469 0.896784 -0
    outer loop
      vertex -94.1809 26.732 9.5
      vertex -94.4156 26.8478 12.7
      vertex -94.1809 26.732 12.7
    endloop
  endfacet
  facet normal 0.442469 0.896784 0
    outer loop
      vertex -94.4156 26.8478 12.7
      vertex -94.1809 26.732 9.5
      vertex -94.4156 26.8478 9.5
    endloop
  endfacet
  facet normal 0.442469 -0.896784 0
    outer loop
      vertex -94.4156 23.1522 9.5
      vertex -94.1809 23.268 12.7
      vertex -94.4156 23.1522 12.7
    endloop
  endfacet
  facet normal 0.442469 -0.896784 0
    outer loop
      vertex -94.1809 23.268 12.7
      vertex -94.4156 23.1522 9.5
      vertex -94.1809 23.268 9.5
    endloop
  endfacet
  facet normal 0.89686 -0.442314 0
    outer loop
      vertex -93.4489 24 12.7
      vertex -93.3332 24.2346 9.5
      vertex -93.3332 24.2346 12.7
    endloop
  endfacet
  facet normal 0.89686 -0.442314 0
    outer loop
      vertex -93.3332 24.2346 9.5
      vertex -93.4489 24 12.7
      vertex -93.4489 24 9.5
    endloop
  endfacet
  facet normal 0.555494 -0.831521 0
    outer loop
      vertex -94.1809 23.268 9.5
      vertex -93.9634 23.4133 12.7
      vertex -94.1809 23.268 12.7
    endloop
  endfacet
  facet normal 0.555494 -0.831521 0
    outer loop
      vertex -93.9634 23.4133 12.7
      vertex -94.1809 23.268 9.5
      vertex -93.9634 23.4133 9.5
    endloop
  endfacet
  facet normal -0 0 1
    outer loop
      vertex -93.2077 25.2558 12.7
      vertex -93.1809 25 12.7
      vertex -93.198 25.2611 12.7
    endloop
  endfacet
  facet normal 0 0 1
    outer loop
      vertex -93.1809 25 12.7
      vertex -93.2077 25.2558 12.7
      vertex -93.1909 25 12.7
    endloop
  endfacet
  facet normal 0 0 1
    outer loop
      vertex -93.198 25.2611 12.7
      vertex -93.2079 25.2597 12.7
      vertex -93.2077 25.2558 12.7
    endloop
  endfacet
  facet normal -0 0 1
    outer loop
      vertex -93.258 25.5112 12.7
      vertex -93.198 25.2611 12.7
      vertex -93.2491 25.5176 12.7
    endloop
  endfacet
  facet normal 0 0 1
    outer loop
      vertex -93.198 25.2611 12.7
      vertex -93.258 25.5112 12.7
      vertex -93.2079 25.2597 12.7
    endloop
  endfacet
  facet normal 0 0 1
    outer loop
      vertex -93.2491 25.5176 12.7
      vertex -93.2587 25.515 12.7
      vertex -93.258 25.5112 12.7
    endloop
  endfacet
  facet normal 0 0 1
    outer loop
      vertex -93.2491 25.5176 12.7
      vertex -93.26 25.5188 12.7
      vertex -93.2587 25.515 12.7
    endloop
  endfacet
  facet normal 0 0 1
    outer loop
      vertex -93.3332 25.7654 12.7
      vertex -93.26 25.5188 12.7
      vertex -93.2491 25.5176 12.7
    endloop
  endfacet
  facet normal 0 0 1
    outer loop
      vertex -93.3332 25.7654 12.7
      vertex -93.3424 25.7615 12.7
      vertex -93.26 25.5188 12.7
    endloop
  endfacet
  facet normal 0 0 1
    outer loop
      vertex -93.3332 25.7654 12.7
      vertex -93.3441 25.7651 12.7
      vertex -93.3424 25.7615 12.7
    endloop
  endfacet
  facet normal 0 0 1
    outer loop
      vertex -93.4489 26 12.7
      vertex -93.3441 25.7651 12.7
      vertex -93.3332 25.7654 12.7
    endloop
  endfacet
  facet normal 0 0 1
    outer loop
      vertex -93.4489 26 12.7
      vertex -93.4575 25.995 12.7
      vertex -93.3441 25.7651 12.7
    endloop
  endfacet
  facet normal -0 0 1
    outer loop
      vertex -93.6 26.2082 12.7
      vertex -93.4489 26 12.7
      vertex -93.5942 26.2175 12.7
    endloop
  endfacet
  facet normal 0 0 1
    outer loop
      vertex -93.4489 26 12.7
      vertex -93.6 26.2082 12.7
      vertex -93.4575 25.995 12.7
    endloop
  endfacet
  facet normal 0 0 1
    outer loop
      vertex -93.5942 26.2175 12.7
      vertex -93.6021 26.2114 12.7
      vertex -93.6 26.2082 12.7
    endloop
  endfacet
  facet normal 0 0 1
    outer loop
      vertex -93.5942 26.2175 12.7
      vertex -93.6047 26.2144 12.7
      vertex -93.6021 26.2114 12.7
    endloop
  endfacet
  facet normal 0 0 1
    outer loop
      vertex -93.7667 26.4142 12.7
      vertex -93.6047 26.2144 12.7
      vertex -93.5942 26.2175 12.7
    endloop
  endfacet
  facet normal 0 0 1
    outer loop
      vertex -93.7667 26.4142 12.7
      vertex -93.7738 26.4071 12.7
      vertex -93.6047 26.2144 12.7
    endloop
  endfacet
  facet normal -0 0 1
    outer loop
      vertex -93.9665 26.5762 12.7
      vertex -93.7667 26.4142 12.7
      vertex -93.9634 26.5867 12.7
    endloop
  endfacet
  facet normal 0 0 1
    outer loop
      vertex -93.7667 26.4142 12.7
      vertex -93.9665 26.5762 12.7
      vertex -93.7738 26.4071 12.7
    endloop
  endfacet
  facet normal 0 0 1
    outer loop
      vertex -93.9634 26.5867 12.7
      vertex -93.9695 26.5788 12.7
      vertex -93.9665 26.5762 12.7
    endloop
  endfacet
  facet normal 0 0 1
    outer loop
      vertex -93.9634 26.5867 12.7
      vertex -93.9728 26.581 12.7
      vertex -93.9695 26.5788 12.7
    endloop
  endfacet
  facet normal 0 0 1
    outer loop
      vertex -94.1809 26.732 12.7
      vertex -93.9728 26.581 12.7
      vertex -93.9634 26.5867 12.7
    endloop
  endfacet
  facet normal 0 0 1
    outer loop
      vertex -94.1809 26.732 12.7
      vertex -94.1859 26.7234 12.7
      vertex -93.9728 26.581 12.7
    endloop
  endfacet
  facet normal -0 0 1
    outer loop
      vertex -94.4159 26.8368 12.7
      vertex -94.1809 26.732 12.7
      vertex -94.4156 26.8478 12.7
    endloop
  endfacet
  facet normal 0 0 1
    outer loop
      vertex -94.1809 26.732 12.7
      vertex -94.4159 26.8368 12.7
      vertex -94.1859 26.7234 12.7
    endloop
  endfacet
  facet normal 0 0 1
    outer loop
      vertex -94.4156 26.8478 12.7
      vertex -94.4194 26.8385 12.7
      vertex -94.4159 26.8368 12.7
    endloop
  endfacet
  facet normal 0 0 1
    outer loop
      vertex -94.4156 26.8478 12.7
      vertex -94.6622 26.9209 12.7
      vertex -94.4194 26.8385 12.7
    endloop
  endfacet
  facet normal 0 0 1
    outer loop
      vertex -94.6633 26.9319 12.7
      vertex -94.6622 26.9209 12.7
      vertex -94.4156 26.8478 12.7
    endloop
  endfacet
  facet normal 0 0 1
    outer loop
      vertex -94.6633 26.9319 12.7
      vertex -94.6659 26.9222 12.7
      vertex -94.6622 26.9209 12.7
    endloop
  endfacet
  facet normal 0 0 1
    outer loop
      vertex -94.6633 26.9319 12.7
      vertex -94.6697 26.923 12.7
      vertex -94.6659 26.9222 12.7
    endloop
  endfacet
  facet normal 0 0 1
    outer loop
      vertex -94.9199 26.9829 12.7
      vertex -94.6697 26.923 12.7
      vertex -94.6633 26.9319 12.7
    endloop
  endfacet
  facet normal 0 0 1
    outer loop
      vertex -94.9199 26.9829 12.7
      vertex -94.9212 26.973 12.7
      vertex -94.6697 26.923 12.7
    endloop
  endfacet
  facet normal 0 0 1
    outer loop
      vertex -94.9199 26.9829 12.7
      vertex -94.9251 26.9732 12.7
      vertex -94.9212 26.973 12.7
    endloop
  endfacet
  facet normal 0 0 1
    outer loop
      vertex -95.1809 27 12.7
      vertex -94.9251 26.9732 12.7
      vertex -94.9199 26.9829 12.7
    endloop
  endfacet
  facet normal 0 0 1
    outer loop
      vertex -95.1809 27 12.7
      vertex -95.1809 26.99 12.7
      vertex -94.9251 26.9732 12.7
    endloop
  endfacet
  facet normal 0 0 1
    outer loop
      vertex -95.1809 27 12.7
      vertex -95.4368 26.9732 12.7
      vertex -95.1809 26.99 12.7
    endloop
  endfacet
  facet normal -0 0 1
    outer loop
      vertex -95.442 26.9829 12.7
      vertex -95.4368 26.9732 12.7
      vertex -95.1809 27 12.7
    endloop
  endfacet
  facet normal 0 0 1
    outer loop
      vertex -95.4368 26.9732 12.7
      vertex -95.442 26.9829 12.7
      vertex -95.4407 26.973 12.7
    endloop
  endfacet
  facet normal 0 0 1
    outer loop
      vertex -95.442 26.9829 12.7
      vertex -95.6921 26.923 12.7
      vertex -95.4407 26.973 12.7
    endloop
  endfacet
  facet normal -0 0 1
    outer loop
      vertex -95.6986 26.9319 12.7
      vertex -95.6921 26.923 12.7
      vertex -95.442 26.9829 12.7
    endloop
  endfacet
  facet normal 0 0 1
    outer loop
      vertex -95.6921 26.923 12.7
      vertex -95.6986 26.9319 12.7
      vertex -95.696 26.9222 12.7
    endloop
  endfacet
  facet normal 0 0 1
    outer loop
      vertex -95.6986 26.9319 12.7
      vertex -95.6997 26.9209 12.7
      vertex -95.696 26.9222 12.7
    endloop
  endfacet
  facet normal 0 0 1
    outer loop
      vertex -95.9463 26.8478 12.7
      vertex -95.6997 26.9209 12.7
      vertex -95.6986 26.9319 12.7
    endloop
  endfacet
  facet normal 0 0 1
    outer loop
      vertex -95.6997 26.9209 12.7
      vertex -95.9463 26.8478 12.7
      vertex -95.9425 26.8385 12.7
    endloop
  endfacet
  facet normal 0 0 1
    outer loop
      vertex -95.9463 26.8478 12.7
      vertex -95.946 26.8368 12.7
      vertex -95.9425 26.8385 12.7
    endloop
  endfacet
  facet normal 0 0 1
    outer loop
      vertex -96.1809 26.732 12.7
      vertex -95.946 26.8368 12.7
      vertex -95.9463 26.8478 12.7
    endloop
  endfacet
  facet normal 0 0 1
    outer loop
      vertex -95.946 26.8368 12.7
      vertex -96.1809 26.732 12.7
      vertex -96.1759 26.7234 12.7
    endloop
  endfacet
  facet normal 0 0 1
    outer loop
      vertex -96.1809 26.732 12.7
      vertex -96.3891 26.581 12.7
      vertex -96.1759 26.7234 12.7
    endloop
  endfacet
  facet normal -0 0 1
    outer loop
      vertex -96.3984 26.5867 12.7
      vertex -96.3891 26.581 12.7
      vertex -96.1809 26.732 12.7
    endloop
  endfacet
  facet normal 0 0 1
    outer loop
      vertex -96.3891 26.581 12.7
      vertex -96.3984 26.5867 12.7
      vertex -96.3924 26.5788 12.7
    endloop
  endfacet
  facet normal 0 0 1
    outer loop
      vertex -96.3984 26.5867 12.7
      vertex -96.3953 26.5762 12.7
      vertex -96.3924 26.5788 12.7
    endloop
  endfacet
  facet normal 0 0 1
    outer loop
      vertex -96.5951 26.4142 12.7
      vertex -96.3953 26.5762 12.7
      vertex -96.3984 26.5867 12.7
    endloop
  endfacet
  facet normal 0 0 1
    outer loop
      vertex -96.3953 26.5762 12.7
      vertex -96.5951 26.4142 12.7
      vertex -96.5881 26.4071 12.7
    endloop
  endfacet
  facet normal 0 0 1
    outer loop
      vertex -96.5951 26.4142 12.7
      vertex -96.7571 26.2144 12.7
      vertex -96.5881 26.4071 12.7
    endloop
  endfacet
  facet normal -0 0 1
    outer loop
      vertex -96.7676 26.2175 12.7
      vertex -96.7571 26.2144 12.7
      vertex -96.5951 26.4142 12.7
    endloop
  endfacet
  facet normal 0 0 1
    outer loop
      vertex -96.7571 26.2144 12.7
      vertex -96.7676 26.2175 12.7
      vertex -96.7597 26.2114 12.7
    endloop
  endfacet
  facet normal 0 0 1
    outer loop
      vertex -96.7676 26.2175 12.7
      vertex -96.7619 26.2082 12.7
      vertex -96.7597 26.2114 12.7
    endloop
  endfacet
  facet normal 0 0 1
    outer loop
      vertex -96.913 26 12.7
      vertex -96.7619 26.2082 12.7
      vertex -96.7676 26.2175 12.7
    endloop
  endfacet
  facet normal 0 0 1
    outer loop
      vertex -96.7619 26.2082 12.7
      vertex -96.913 26 12.7
      vertex -96.9043 25.995 12.7
    endloop
  endfacet
  facet normal 0 0 1
    outer loop
      vertex -96.913 26 12.7
      vertex -97.0177 25.7651 12.7
      vertex -96.9043 25.995 12.7
    endloop
  endfacet
  facet normal -0 0 1
    outer loop
      vertex -97.0287 25.7654 12.7
      vertex -97.0177 25.7651 12.7
      vertex -96.913 26 12.7
    endloop
  endfacet
  facet normal 0 0 1
    outer loop
      vertex -97.0177 25.7651 12.7
      vertex -97.0287 25.7654 12.7
      vertex -97.0194 25.7615 12.7
    endloop
  endfacet
  facet normal 0 0 1
    outer loop
      vertex -97.0287 25.7654 12.7
      vertex -97.1019 25.5188 12.7
      vertex -97.0194 25.7615 12.7
    endloop
  endfacet
  facet normal 0 0 1
    outer loop
      vertex -97.1128 25.5176 12.7
      vertex -97.1019 25.5188 12.7
      vertex -97.0287 25.7654 12.7
    endloop
  endfacet
  facet normal 0 0 1
    outer loop
      vertex -97.1019 25.5188 12.7
      vertex -97.1128 25.5176 12.7
      vertex -97.1031 25.515 12.7
    endloop
  endfacet
  facet normal 0 0 1
    outer loop
      vertex -97.1128 25.5176 12.7
      vertex -97.1039 25.5112 12.7
      vertex -97.1031 25.515 12.7
    endloop
  endfacet
  facet normal 0 0 1
    outer loop
      vertex -97.1638 25.2611 12.7
      vertex -97.1039 25.5112 12.7
      vertex -97.1128 25.5176 12.7
    endloop
  endfacet
  facet normal 0 0 1
    outer loop
      vertex -97.1039 25.5112 12.7
      vertex -97.1638 25.2611 12.7
      vertex -97.1539 25.2597 12.7
    endloop
  endfacet
  facet normal 0 0 1
    outer loop
      vertex -97.1638 25.2611 12.7
      vertex -97.1542 25.2558 12.7
      vertex -97.1539 25.2597 12.7
    endloop
  endfacet
  facet normal 0 0 1
    outer loop
      vertex -97.1809 25 12.7
      vertex -97.1542 25.2558 12.7
      vertex -97.1638 25.2611 12.7
    endloop
  endfacet
  facet normal 0 0 1
    outer loop
      vertex -97.1542 25.2558 12.7
      vertex -97.1809 25 12.7
      vertex -97.1709 25 12.7
    endloop
  endfacet
  facet normal 0 0 1
    outer loop
      vertex -93.2077 24.7442 12.7
      vertex -93.1809 25 12.7
      vertex -93.1909 25 12.7
    endloop
  endfacet
  facet normal 0 0 1
    outer loop
      vertex -93.1809 25 12.7
      vertex -93.2077 24.7442 12.7
      vertex -93.198 24.7389 12.7
    endloop
  endfacet
  facet normal -0 0 1
    outer loop
      vertex -93.2079 24.7403 12.7
      vertex -93.198 24.7389 12.7
      vertex -93.2077 24.7442 12.7
    endloop
  endfacet
  facet normal 0 0 1
    outer loop
      vertex -93.258 24.4888 12.7
      vertex -93.198 24.7389 12.7
      vertex -93.2079 24.7403 12.7
    endloop
  endfacet
  facet normal 0 0 1
    outer loop
      vertex -93.198 24.7389 12.7
      vertex -93.258 24.4888 12.7
      vertex -93.2491 24.4824 12.7
    endloop
  endfacet
  facet normal -0 0 1
    outer loop
      vertex -93.2587 24.485 12.7
      vertex -93.2491 24.4824 12.7
      vertex -93.258 24.4888 12.7
    endloop
  endfacet
  facet normal 0 0 1
    outer loop
      vertex -93.26 24.4812 12.7
      vertex -93.2491 24.4824 12.7
      vertex -93.2587 24.485 12.7
    endloop
  endfacet
  facet normal -0 0 1
    outer loop
      vertex -93.26 24.4812 12.7
      vertex -93.3332 24.2346 12.7
      vertex -93.2491 24.4824 12.7
    endloop
  endfacet
  facet normal -0 0 1
    outer loop
      vertex -93.3424 24.2385 12.7
      vertex -93.3332 24.2346 12.7
      vertex -93.26 24.4812 12.7
    endloop
  endfacet
  facet normal -0 0 1
    outer loop
      vertex -93.3441 24.2349 12.7
      vertex -93.3332 24.2346 12.7
      vertex -93.3424 24.2385 12.7
    endloop
  endfacet
  facet normal 0 0 1
    outer loop
      vertex -93.3441 24.2349 12.7
      vertex -93.4489 24 12.7
      vertex -93.3332 24.2346 12.7
    endloop
  endfacet
  facet normal -0 0 1
    outer loop
      vertex -93.4575 24.005 12.7
      vertex -93.4489 24 12.7
      vertex -93.3441 24.2349 12.7
    endloop
  endfacet
  facet normal 0 0 1
    outer loop
      vertex -93.6 23.7918 12.7
      vertex -93.4489 24 12.7
      vertex -93.4575 24.005 12.7
    endloop
  endfacet
  facet normal 0 0 1
    outer loop
      vertex -93.4489 24 12.7
      vertex -93.6 23.7918 12.7
      vertex -93.5942 23.7825 12.7
    endloop
  endfacet
  facet normal -0 0 1
    outer loop
      vertex -93.6021 23.7886 12.7
      vertex -93.5942 23.7825 12.7
      vertex -93.6 23.7918 12.7
    endloop
  endfacet
  facet normal -0 0 1
    outer loop
      vertex -93.6047 23.7856 12.7
      vertex -93.5942 23.7825 12.7
      vertex -93.6021 23.7886 12.7
    endloop
  endfacet
  facet normal 0 0 1
    outer loop
      vertex -93.6047 23.7856 12.7
      vertex -93.7667 23.5858 12.7
      vertex -93.5942 23.7825 12.7
    endloop
  endfacet
  facet normal -0 0 1
    outer loop
      vertex -93.7738 23.5929 12.7
      vertex -93.7667 23.5858 12.7
      vertex -93.6047 23.7856 12.7
    endloop
  endfacet
  facet normal 0 0 1
    outer loop
      vertex -93.9665 23.4238 12.7
      vertex -93.7667 23.5858 12.7
      vertex -93.7738 23.5929 12.7
    endloop
  endfacet
  facet normal 0 0 1
    outer loop
      vertex -93.7667 23.5858 12.7
      vertex -93.9665 23.4238 12.7
      vertex -93.9634 23.4133 12.7
    endloop
  endfacet
  facet normal -0 0 1
    outer loop
      vertex -93.9695 23.4212 12.7
      vertex -93.9634 23.4133 12.7
      vertex -93.9665 23.4238 12.7
    endloop
  endfacet
  facet normal -0 0 1
    outer loop
      vertex -93.9728 23.419 12.7
      vertex -93.9634 23.4133 12.7
      vertex -93.9695 23.4212 12.7
    endloop
  endfacet
  facet normal 0 0 1
    outer loop
      vertex -93.9728 23.419 12.7
      vertex -94.1809 23.268 12.7
      vertex -93.9634 23.4133 12.7
    endloop
  endfacet
  facet normal -0 0 1
    outer loop
      vertex -94.1859 23.2766 12.7
      vertex -94.1809 23.268 12.7
      vertex -93.9728 23.419 12.7
    endloop
  endfacet
  facet normal 0 0 1
    outer loop
      vertex -94.4159 23.1632 12.7
      vertex -94.1809 23.268 12.7
      vertex -94.1859 23.2766 12.7
    endloop
  endfacet
  facet normal 0 0 1
    outer loop
      vertex -94.1809 23.268 12.7
      vertex -94.4159 23.1632 12.7
      vertex -94.4156 23.1522 12.7
    endloop
  endfacet
  facet normal -0 0 1
    outer loop
      vertex -94.4194 23.1615 12.7
      vertex -94.4156 23.1522 12.7
      vertex -94.4159 23.1632 12.7
    endloop
  endfacet
  facet normal 0 0 1
    outer loop
      vertex -94.6622 23.0791 12.7
      vertex -94.4156 23.1522 12.7
      vertex -94.4194 23.1615 12.7
    endloop
  endfacet
  facet normal -0 0 1
    outer loop
      vertex -94.6622 23.0791 12.7
      vertex -94.6633 23.0681 12.7
      vertex -94.4156 23.1522 12.7
    endloop
  endfacet
  facet normal -0 0 1
    outer loop
      vertex -94.6659 23.0778 12.7
      vertex -94.6633 23.0681 12.7
      vertex -94.6622 23.0791 12.7
    endloop
  endfacet
  facet normal -0 0 1
    outer loop
      vertex -94.6697 23.077 12.7
      vertex -94.6633 23.0681 12.7
      vertex -94.6659 23.0778 12.7
    endloop
  endfacet
  facet normal 0 0 1
    outer loop
      vertex -94.6697 23.077 12.7
      vertex -94.9199 23.0171 12.7
      vertex -94.6633 23.0681 12.7
    endloop
  endfacet
  facet normal -0 0 1
    outer loop
      vertex -94.9212 23.027 12.7
      vertex -94.9199 23.0171 12.7
      vertex -94.6697 23.077 12.7
    endloop
  endfacet
  facet normal -0 0 1
    outer loop
      vertex -94.9251 23.0268 12.7
      vertex -94.9199 23.0171 12.7
      vertex -94.9212 23.027 12.7
    endloop
  endfacet
  facet normal 0 0 1
    outer loop
      vertex -95.1809 23 12.7
      vertex -94.9251 23.0268 12.7
      vertex -95.1809 23.01 12.7
    endloop
  endfacet
  facet normal 0 0 1
    outer loop
      vertex -94.9251 23.0268 12.7
      vertex -95.1809 23 12.7
      vertex -94.9199 23.0171 12.7
    endloop
  endfacet
  facet normal 0 0 1
    outer loop
      vertex -95.4368 23.0268 12.7
      vertex -95.1809 23 12.7
      vertex -95.1809 23.01 12.7
    endloop
  endfacet
  facet normal 0 0 1
    outer loop
      vertex -95.442 23.0171 12.7
      vertex -95.4368 23.0268 12.7
      vertex -95.4407 23.027 12.7
    endloop
  endfacet
  facet normal 0 0 1
    outer loop
      vertex -95.4368 23.0268 12.7
      vertex -95.442 23.0171 12.7
      vertex -95.1809 23 12.7
    endloop
  endfacet
  facet normal 0 0 1
    outer loop
      vertex -95.6921 23.077 12.7
      vertex -95.442 23.0171 12.7
      vertex -95.4407 23.027 12.7
    endloop
  endfacet
  facet normal 0 0 1
    outer loop
      vertex -95.6986 23.0681 12.7
      vertex -95.6921 23.077 12.7
      vertex -95.696 23.0778 12.7
    endloop
  endfacet
  facet normal 0 0 1
    outer loop
      vertex -95.6921 23.077 12.7
      vertex -95.6986 23.0681 12.7
      vertex -95.442 23.0171 12.7
    endloop
  endfacet
  facet normal 0 0 1
    outer loop
      vertex -95.6997 23.0791 12.7
      vertex -95.6986 23.0681 12.7
      vertex -95.696 23.0778 12.7
    endloop
  endfacet
  facet normal -0 0 1
    outer loop
      vertex -95.9463 23.1522 12.7
      vertex -95.6997 23.0791 12.7
      vertex -95.9425 23.1615 12.7
    endloop
  endfacet
  facet normal 0 0 1
    outer loop
      vertex -95.6997 23.0791 12.7
      vertex -95.9463 23.1522 12.7
      vertex -95.6986 23.0681 12.7
    endloop
  endfacet
  facet normal 0 0 1
    outer loop
      vertex -95.946 23.1632 12.7
      vertex -95.9463 23.1522 12.7
      vertex -95.9425 23.1615 12.7
    endloop
  endfacet
  facet normal -0 0 1
    outer loop
      vertex -96.1809 23.268 12.7
      vertex -95.946 23.1632 12.7
      vertex -96.1759 23.2766 12.7
    endloop
  endfacet
  facet normal 0 0 1
    outer loop
      vertex -95.946 23.1632 12.7
      vertex -96.1809 23.268 12.7
      vertex -95.9463 23.1522 12.7
    endloop
  endfacet
  facet normal 0 0 1
    outer loop
      vertex -96.3891 23.419 12.7
      vertex -96.1809 23.268 12.7
      vertex -96.1759 23.2766 12.7
    endloop
  endfacet
  facet normal 0 0 1
    outer loop
      vertex -96.3984 23.4133 12.7
      vertex -96.3891 23.419 12.7
      vertex -96.3924 23.4212 12.7
    endloop
  endfacet
  facet normal 0 0 1
    outer loop
      vertex -96.3891 23.419 12.7
      vertex -96.3984 23.4133 12.7
      vertex -96.1809 23.268 12.7
    endloop
  endfacet
  facet normal 0 0 1
    outer loop
      vertex -96.3953 23.4238 12.7
      vertex -96.3984 23.4133 12.7
      vertex -96.3924 23.4212 12.7
    endloop
  endfacet
  facet normal -0 0 1
    outer loop
      vertex -96.5951 23.5858 12.7
      vertex -96.3953 23.4238 12.7
      vertex -96.5881 23.5929 12.7
    endloop
  endfacet
  facet normal 0 0 1
    outer loop
      vertex -96.3953 23.4238 12.7
      vertex -96.5951 23.5858 12.7
      vertex -96.3984 23.4133 12.7
    endloop
  endfacet
  facet normal 0 0 1
    outer loop
      vertex -96.7571 23.7856 12.7
      vertex -96.5951 23.5858 12.7
      vertex -96.5881 23.5929 12.7
    endloop
  endfacet
  facet normal 0 0 1
    outer loop
      vertex -96.7676 23.7825 12.7
      vertex -96.7571 23.7856 12.7
      vertex -96.7597 23.7886 12.7
    endloop
  endfacet
  facet normal 0 0 1
    outer loop
      vertex -96.7571 23.7856 12.7
      vertex -96.7676 23.7825 12.7
      vertex -96.5951 23.5858 12.7
    endloop
  endfacet
  facet normal 0 0 1
    outer loop
      vertex -96.7619 23.7918 12.7
      vertex -96.7676 23.7825 12.7
      vertex -96.7597 23.7886 12.7
    endloop
  endfacet
  facet normal -0 0 1
    outer loop
      vertex -96.913 24 12.7
      vertex -96.7619 23.7918 12.7
      vertex -96.9043 24.005 12.7
    endloop
  endfacet
  facet normal 0 0 1
    outer loop
      vertex -96.7619 23.7918 12.7
      vertex -96.913 24 12.7
      vertex -96.7676 23.7825 12.7
    endloop
  endfacet
  facet normal 0 0 1
    outer loop
      vertex -97.0177 24.2349 12.7
      vertex -96.913 24 12.7
      vertex -96.9043 24.005 12.7
    endloop
  endfacet
  facet normal 0 0 1
    outer loop
      vertex -97.0287 24.2346 12.7
      vertex -97.0177 24.2349 12.7
      vertex -97.0194 24.2385 12.7
    endloop
  endfacet
  facet normal 0 0 1
    outer loop
      vertex -97.0177 24.2349 12.7
      vertex -97.0287 24.2346 12.7
      vertex -96.913 24 12.7
    endloop
  endfacet
  facet normal 0 0 1
    outer loop
      vertex -97.1019 24.4812 12.7
      vertex -97.0287 24.2346 12.7
      vertex -97.0194 24.2385 12.7
    endloop
  endfacet
  facet normal -0 0 1
    outer loop
      vertex -97.1128 24.4824 12.7
      vertex -97.1019 24.4812 12.7
      vertex -97.1031 24.485 12.7
    endloop
  endfacet
  facet normal 0 0 1
    outer loop
      vertex -97.1019 24.4812 12.7
      vertex -97.1128 24.4824 12.7
      vertex -97.0287 24.2346 12.7
    endloop
  endfacet
  facet normal 0 0 1
    outer loop
      vertex -97.1039 24.4888 12.7
      vertex -97.1128 24.4824 12.7
      vertex -97.1031 24.485 12.7
    endloop
  endfacet
  facet normal -0 0 1
    outer loop
      vertex -97.1638 24.7389 12.7
      vertex -97.1039 24.4888 12.7
      vertex -97.1539 24.7403 12.7
    endloop
  endfacet
  facet normal 0 0 1
    outer loop
      vertex -97.1039 24.4888 12.7
      vertex -97.1638 24.7389 12.7
      vertex -97.1128 24.4824 12.7
    endloop
  endfacet
  facet normal 0 0 1
    outer loop
      vertex -97.1542 24.7442 12.7
      vertex -97.1638 24.7389 12.7
      vertex -97.1539 24.7403 12.7
    endloop
  endfacet
  facet normal -0 0 1
    outer loop
      vertex -97.1809 25 12.7
      vertex -97.1542 24.7442 12.7
      vertex -97.1709 25 12.7
    endloop
  endfacet
  facet normal 0 0 1
    outer loop
      vertex -97.1542 24.7442 12.7
      vertex -97.1809 25 12.7
      vertex -97.1638 24.7389 12.7
    endloop
  endfacet
  facet normal -0.706355 0.0461146 0.706355
    outer loop
      vertex -97.1709 25 12.7
      vertex -96.6809 25 13.19
      vertex -97.1542 25.2558 12.7
    endloop
  endfacet
  facet normal -0.634951 0.312786 0.706401
    outer loop
      vertex -97.0177 25.7651 12.7
      vertex -96.5667 25.574 13.19
      vertex -96.48 25.75 13.19
    endloop
  endfacet
  facet normal -0.639781 0.302119 0.706686
    outer loop
      vertex -96.5667 25.574 13.19
      vertex -97.0177 25.7651 12.7
      vertex -97.0194 25.7615 12.7
    endloop
  endfacet
  facet normal 0.532071 0.466908 0.706326
    outer loop
      vertex -94.1203 26.0607 13.19
      vertex -93.6047 26.2144 12.7
      vertex -93.7738 26.4071 12.7
    endloop
  endfacet
  facet normal 0.670288 -0.227572 0.706346
    outer loop
      vertex -93.7951 24.426 13.19
      vertex -93.3424 24.2385 12.7
      vertex -93.26 24.4812 12.7
    endloop
  endfacet
  facet normal -0.313239 -0.634779 0.706355
    outer loop
      vertex -95.946 23.1632 12.7
      vertex -95.755 23.6142 13.19
      vertex -95.9309 23.701 13.19
    endloop
  endfacet
  facet normal -0.309213 -0.636615 0.706476
    outer loop
      vertex -95.755 23.6142 13.19
      vertex -95.946 23.1632 12.7
      vertex -95.9425 23.1615 12.7
    endloop
  endfacet
  facet normal -0.46678 0.532201 0.706314
    outer loop
      vertex -96.5881 26.4071 12.7
      vertex -96.2416 26.0607 13.19
      vertex -96.3953 26.5762 12.7
    endloop
  endfacet
  facet normal -0.634951 -0.312786 0.706401
    outer loop
      vertex -96.5667 24.426 13.19
      vertex -97.0177 24.2349 12.7
      vertex -96.48 24.25 13.19
    endloop
  endfacet
  facet normal -0.639781 -0.302119 0.706686
    outer loop
      vertex -97.0177 24.2349 12.7
      vertex -96.5667 24.426 13.19
      vertex -97.0194 24.2385 12.7
    endloop
  endfacet
  facet normal -0.588661 -0.393177 0.706321
    outer loop
      vertex -96.9043 24.005 12.7
      vertex -96.7619 23.7918 12.7
      vertex -96.48 24.25 13.19
    endloop
  endfacet
  facet normal 0.670288 0.227572 0.706346
    outer loop
      vertex -93.7951 25.574 13.19
      vertex -93.26 25.5188 12.7
      vertex -93.3424 25.7615 12.7
    endloop
  endfacet
  facet normal -0.393135 -0.588621 0.706379
    outer loop
      vertex -96.0941 23.81 13.19
      vertex -96.3891 23.419 12.7
      vertex -95.9309 23.701 13.19
    endloop
  endfacet
  facet normal -0.392645 -0.588968 0.706361
    outer loop
      vertex -96.3891 23.419 12.7
      vertex -96.0941 23.81 13.19
      vertex -96.3924 23.4212 12.7
    endloop
  endfacet
  facet normal -0.466612 -0.532291 0.706356
    outer loop
      vertex -96.3953 23.4238 12.7
      vertex -96.0941 23.81 13.19
      vertex -96.2416 23.9393 13.19
    endloop
  endfacet
  facet normal -0.472692 -0.527233 0.706107
    outer loop
      vertex -96.0941 23.81 13.19
      vertex -96.3953 23.4238 12.7
      vertex -96.3924 23.4212 12.7
    endloop
  endfacet
  facet normal -0.472692 0.527233 0.706107
    outer loop
      vertex -96.3953 26.5762 12.7
      vertex -96.0941 26.19 13.19
      vertex -96.3924 26.5788 12.7
    endloop
  endfacet
  facet normal -0.466612 0.532291 0.706356
    outer loop
      vertex -96.0941 26.19 13.19
      vertex -96.3953 26.5762 12.7
      vertex -96.2416 26.0607 13.19
    endloop
  endfacet
  facet normal 0.58849 -0.393339 0.706374
    outer loop
      vertex -93.8819 24.25 13.19
      vertex -93.6 23.7918 12.7
      vertex -93.4575 24.005 12.7
    endloop
  endfacet
  facet normal -0.227489 0.67032 0.706343
    outer loop
      vertex -95.9425 26.8385 12.7
      vertex -95.755 26.3858 13.19
      vertex -95.6997 26.9209 12.7
    endloop
  endfacet
  facet normal -0.313123 -0.634806 0.706382
    outer loop
      vertex -96.1759 23.2766 12.7
      vertex -95.946 23.1632 12.7
      vertex -95.9309 23.701 13.19
    endloop
  endfacet
  facet normal -0.634864 -0.313152 0.706317
    outer loop
      vertex -97.0177 24.2349 12.7
      vertex -96.9043 24.005 12.7
      vertex -96.48 24.25 13.19
    endloop
  endfacet
  facet normal 0 0 1
    outer loop
      vertex -93.6938 25.1958 13.19
      vertex -93.6938 24.8042 13.19
      vertex -93.6809 25 13.19
    endloop
  endfacet
  facet normal 0 0 1
    outer loop
      vertex -93.732 25.3882 13.19
      vertex -93.6938 24.8042 13.19
      vertex -93.6938 25.1958 13.19
    endloop
  endfacet
  facet normal 0 0 1
    outer loop
      vertex -93.732 25.3882 13.19
      vertex -93.732 24.6118 13.19
      vertex -93.6938 24.8042 13.19
    endloop
  endfacet
  facet normal 0 0 1
    outer loop
      vertex -93.7951 25.574 13.19
      vertex -93.732 24.6118 13.19
      vertex -93.732 25.3882 13.19
    endloop
  endfacet
  facet normal 0 0 1
    outer loop
      vertex -93.7951 25.574 13.19
      vertex -93.7951 24.426 13.19
      vertex -93.732 24.6118 13.19
    endloop
  endfacet
  facet normal 0 0 1
    outer loop
      vertex -93.8819 25.75 13.19
      vertex -93.7951 24.426 13.19
      vertex -93.7951 25.574 13.19
    endloop
  endfacet
  facet normal 0 0 1
    outer loop
      vertex -93.8819 25.75 13.19
      vertex -93.8819 24.25 13.19
      vertex -93.7951 24.426 13.19
    endloop
  endfacet
  facet normal 0 0 1
    outer loop
      vertex -93.9909 25.9131 13.19
      vertex -93.8819 24.25 13.19
      vertex -93.8819 25.75 13.19
    endloop
  endfacet
  facet normal 0 0 1
    outer loop
      vertex -93.9909 25.9131 13.19
      vertex -93.9909 24.0869 13.19
      vertex -93.8819 24.25 13.19
    endloop
  endfacet
  facet normal 0 0 1
    outer loop
      vertex -94.1203 26.0607 13.19
      vertex -93.9909 24.0869 13.19
      vertex -93.9909 25.9131 13.19
    endloop
  endfacet
  facet normal 0 0 1
    outer loop
      vertex -94.1203 26.0607 13.19
      vertex -94.1203 23.9393 13.19
      vertex -93.9909 24.0869 13.19
    endloop
  endfacet
  facet normal 0 0 1
    outer loop
      vertex -94.2678 26.19 13.19
      vertex -94.1203 23.9393 13.19
      vertex -94.1203 26.0607 13.19
    endloop
  endfacet
  facet normal 0 0 1
    outer loop
      vertex -94.2678 26.19 13.19
      vertex -94.2678 23.81 13.19
      vertex -94.1203 23.9393 13.19
    endloop
  endfacet
  facet normal 0 0 1
    outer loop
      vertex -94.4309 26.299 13.19
      vertex -94.2678 23.81 13.19
      vertex -94.2678 26.19 13.19
    endloop
  endfacet
  facet normal 0 0 1
    outer loop
      vertex -94.4309 26.299 13.19
      vertex -94.4309 23.701 13.19
      vertex -94.2678 23.81 13.19
    endloop
  endfacet
  facet normal 0 0 1
    outer loop
      vertex -94.6069 26.3858 13.19
      vertex -94.4309 23.701 13.19
      vertex -94.4309 26.299 13.19
    endloop
  endfacet
  facet normal 0 0 1
    outer loop
      vertex -94.6069 26.3858 13.19
      vertex -94.6069 23.6142 13.19
      vertex -94.4309 23.701 13.19
    endloop
  endfacet
  facet normal 0 0 1
    outer loop
      vertex -94.7927 26.4489 13.19
      vertex -94.6069 23.6142 13.19
      vertex -94.6069 26.3858 13.19
    endloop
  endfacet
  facet normal 0 0 1
    outer loop
      vertex -94.7927 26.4489 13.19
      vertex -94.7927 23.5511 13.19
      vertex -94.6069 23.6142 13.19
    endloop
  endfacet
  facet normal 0 0 1
    outer loop
      vertex -94.9851 26.4872 13.19
      vertex -94.7927 23.5511 13.19
      vertex -94.7927 26.4489 13.19
    endloop
  endfacet
  facet normal 0 0 1
    outer loop
      vertex -94.9851 26.4872 13.19
      vertex -94.9851 23.5128 13.19
      vertex -94.7927 23.5511 13.19
    endloop
  endfacet
  facet normal 0 0 1
    outer loop
      vertex -95.1809 26.5 13.19
      vertex -94.9851 23.5128 13.19
      vertex -94.9851 26.4872 13.19
    endloop
  endfacet
  facet normal 0 0 1
    outer loop
      vertex -95.1809 26.5 13.19
      vertex -95.1809 23.5 13.19
      vertex -94.9851 23.5128 13.19
    endloop
  endfacet
  facet normal -0 0 1
    outer loop
      vertex -95.3767 26.4872 13.19
      vertex -95.1809 23.5 13.19
      vertex -95.1809 26.5 13.19
    endloop
  endfacet
  facet normal 0 0 1
    outer loop
      vertex -95.3767 26.4872 13.19
      vertex -95.3767 23.5128 13.19
      vertex -95.1809 23.5 13.19
    endloop
  endfacet
  facet normal -0 0 1
    outer loop
      vertex -95.5692 26.4489 13.19
      vertex -95.3767 23.5128 13.19
      vertex -95.3767 26.4872 13.19
    endloop
  endfacet
  facet normal 0 0 1
    outer loop
      vertex -95.5692 26.4489 13.19
      vertex -95.5692 23.5511 13.19
      vertex -95.3767 23.5128 13.19
    endloop
  endfacet
  facet normal -0 0 1
    outer loop
      vertex -95.755 26.3858 13.19
      vertex -95.5692 23.5511 13.19
      vertex -95.5692 26.4489 13.19
    endloop
  endfacet
  facet normal 0 0 1
    outer loop
      vertex -95.755 26.3858 13.19
      vertex -95.755 23.6142 13.19
      vertex -95.5692 23.5511 13.19
    endloop
  endfacet
  facet normal -0 0 1
    outer loop
      vertex -95.9309 26.299 13.19
      vertex -95.755 23.6142 13.19
      vertex -95.755 26.3858 13.19
    endloop
  endfacet
  facet normal 0 0 1
    outer loop
      vertex -95.9309 26.299 13.19
      vertex -95.9309 23.701 13.19
      vertex -95.755 23.6142 13.19
    endloop
  endfacet
  facet normal -0 0 1
    outer loop
      vertex -96.0941 26.19 13.19
      vertex -95.9309 23.701 13.19
      vertex -95.9309 26.299 13.19
    endloop
  endfacet
  facet normal 0 0 1
    outer loop
      vertex -96.0941 26.19 13.19
      vertex -96.0941 23.81 13.19
      vertex -95.9309 23.701 13.19
    endloop
  endfacet
  facet normal -0 0 1
    outer loop
      vertex -96.2416 26.0607 13.19
      vertex -96.0941 23.81 13.19
      vertex -96.0941 26.19 13.19
    endloop
  endfacet
  facet normal 0 0 1
    outer loop
      vertex -96.2416 26.0607 13.19
      vertex -96.2416 23.9393 13.19
      vertex -96.0941 23.81 13.19
    endloop
  endfacet
  facet normal -0 0 1
    outer loop
      vertex -96.371 25.9131 13.19
      vertex -96.2416 23.9393 13.19
      vertex -96.2416 26.0607 13.19
    endloop
  endfacet
  facet normal 0 0 1
    outer loop
      vertex -96.371 25.9131 13.19
      vertex -96.371 24.0869 13.19
      vertex -96.2416 23.9393 13.19
    endloop
  endfacet
  facet normal -0 0 1
    outer loop
      vertex -96.48 25.75 13.19
      vertex -96.371 24.0869 13.19
      vertex -96.371 25.9131 13.19
    endloop
  endfacet
  facet normal 0 0 1
    outer loop
      vertex -96.48 25.75 13.19
      vertex -96.48 24.25 13.19
      vertex -96.371 24.0869 13.19
    endloop
  endfacet
  facet normal -0 0 1
    outer loop
      vertex -96.5667 25.574 13.19
      vertex -96.48 24.25 13.19
      vertex -96.48 25.75 13.19
    endloop
  endfacet
  facet normal 0 0 1
    outer loop
      vertex -96.5667 25.574 13.19
      vertex -96.5667 24.426 13.19
      vertex -96.48 24.25 13.19
    endloop
  endfacet
  facet normal -0 0 1
    outer loop
      vertex -96.6298 25.3882 13.19
      vertex -96.5667 24.426 13.19
      vertex -96.5667 25.574 13.19
    endloop
  endfacet
  facet normal 0 0 1
    outer loop
      vertex -96.6298 25.3882 13.19
      vertex -96.6298 24.6118 13.19
      vertex -96.5667 24.426 13.19
    endloop
  endfacet
  facet normal -0 0 1
    outer loop
      vertex -96.6681 25.1958 13.19
      vertex -96.6298 24.6118 13.19
      vertex -96.6298 25.3882 13.19
    endloop
  endfacet
  facet normal 0 0 1
    outer loop
      vertex -96.6681 25.1958 13.19
      vertex -96.6681 24.8042 13.19
      vertex -96.6298 24.6118 13.19
    endloop
  endfacet
  facet normal 0 -0 1
    outer loop
      vertex -96.6681 24.8042 13.19
      vertex -96.6681 25.1958 13.19
      vertex -96.6809 25 13.19
    endloop
  endfacet
  facet normal -0.588661 0.393177 0.706321
    outer loop
      vertex -96.9043 25.995 12.7
      vertex -96.48 25.75 13.19
      vertex -96.7619 26.2082 12.7
    endloop
  endfacet
  facet normal -0.694288 0.138029 0.706337
    outer loop
      vertex -97.1539 25.2597 12.7
      vertex -96.6681 25.1958 13.19
      vertex -97.1039 25.5112 12.7
    endloop
  endfacet
  facet normal 0.138029 0.694288 0.706337
    outer loop
      vertex -94.9851 26.4872 13.19
      vertex -94.6697 26.923 12.7
      vertex -94.9212 26.973 12.7
    endloop
  endfacet
  facet normal 0.706346 0.0463902 0.706346
    outer loop
      vertex -93.6809 25 13.19
      vertex -93.1909 25 12.7
      vertex -93.2077 25.2558 12.7
    endloop
  endfacet
  facet normal -0.532275 0.466642 0.706348
    outer loop
      vertex -96.7571 26.2144 12.7
      vertex -96.371 25.9131 13.19
      vertex -96.2416 26.0607 13.19
    endloop
  endfacet
  facet normal -0.534843 0.46353 0.706458
    outer loop
      vertex -96.371 25.9131 13.19
      vertex -96.7571 26.2144 12.7
      vertex -96.7597 26.2114 12.7
    endloop
  endfacet
  facet normal 0.58849 0.393339 0.706374
    outer loop
      vertex -93.8819 25.75 13.19
      vertex -93.4575 25.995 12.7
      vertex -93.6 26.2082 12.7
    endloop
  endfacet
  facet normal 0.696514 0.128305 0.705978
    outer loop
      vertex -93.732 25.3882 13.19
      vertex -93.258 25.5112 12.7
      vertex -93.2587 25.515 12.7
    endloop
  endfacet
  facet normal 0.694363 0.137862 0.706296
    outer loop
      vertex -93.258 25.5112 12.7
      vertex -93.732 25.3882 13.19
      vertex -93.6938 25.1958 13.19
    endloop
  endfacet
  facet normal 0.313094 -0.634845 0.706359
    outer loop
      vertex -94.6069 23.6142 13.19
      vertex -94.4159 23.1632 12.7
      vertex -94.4309 23.701 13.19
    endloop
  endfacet
  facet normal 0.309213 -0.636615 0.706476
    outer loop
      vertex -94.4159 23.1632 12.7
      vertex -94.6069 23.6142 13.19
      vertex -94.4194 23.1615 12.7
    endloop
  endfacet
  facet normal -0.138128 0.694244 0.706361
    outer loop
      vertex -95.6921 26.923 12.7
      vertex -95.5692 26.4489 13.19
      vertex -95.3767 26.4872 13.19
    endloop
  endfacet
  facet normal -0.142216 0.693302 0.706475
    outer loop
      vertex -95.5692 26.4489 13.19
      vertex -95.6921 26.923 12.7
      vertex -95.696 26.9222 12.7
    endloop
  endfacet
  facet normal -0.588521 -0.39331 0.706364
    outer loop
      vertex -96.7619 23.7918 12.7
      vertex -96.371 24.0869 13.19
      vertex -96.48 24.25 13.19
    endloop
  endfacet
  facet normal -0.583102 -0.400882 0.706602
    outer loop
      vertex -96.371 24.0869 13.19
      vertex -96.7619 23.7918 12.7
      vertex -96.7597 23.7886 12.7
    endloop
  endfacet
  facet normal 0.669816 0.229147 0.706285
    outer loop
      vertex -93.26 25.5188 12.7
      vertex -93.732 25.3882 13.19
      vertex -93.2587 25.515 12.7
    endloop
  endfacet
  facet normal 0.670282 0.227636 0.706331
    outer loop
      vertex -93.732 25.3882 13.19
      vertex -93.26 25.5188 12.7
      vertex -93.7951 25.574 13.19
    endloop
  endfacet
  facet normal 0.694174 -0.138283 0.706399
    outer loop
      vertex -93.6938 24.8042 13.19
      vertex -93.258 24.4888 12.7
      vertex -93.2079 24.7403 12.7
    endloop
  endfacet
  facet normal 0.392645 0.588968 0.706361
    outer loop
      vertex -93.9728 26.581 12.7
      vertex -94.2678 26.19 13.19
      vertex -93.9695 26.5788 12.7
    endloop
  endfacet
  facet normal 0.393299 0.588504 0.706384
    outer loop
      vertex -94.2678 26.19 13.19
      vertex -93.9728 26.581 12.7
      vertex -94.4309 26.299 13.19
    endloop
  endfacet
  facet normal 0.532071 -0.466908 0.706326
    outer loop
      vertex -94.1203 23.9393 13.19
      vertex -93.7738 23.5929 12.7
      vertex -93.6047 23.7856 12.7
    endloop
  endfacet
  facet normal -0.532213 0.466757 0.706319
    outer loop
      vertex -96.7571 26.2144 12.7
      vertex -96.2416 26.0607 13.19
      vertex -96.5881 26.4071 12.7
    endloop
  endfacet
  facet normal 0.393274 0.58853 0.706376
    outer loop
      vertex -94.4309 26.299 13.19
      vertex -93.9728 26.581 12.7
      vertex -94.1859 26.7234 12.7
    endloop
  endfacet
  facet normal -0.313123 0.634806 0.706382
    outer loop
      vertex -96.1759 26.7234 12.7
      vertex -95.9309 26.299 13.19
      vertex -95.946 26.8368 12.7
    endloop
  endfacet
  facet normal -0.670217 0.227614 0.7064
    outer loop
      vertex -97.1019 25.5188 12.7
      vertex -96.6298 25.3882 13.19
      vertex -96.5667 25.574 13.19
    endloop
  endfacet
  facet normal -0.674619 0.213038 0.706756
    outer loop
      vertex -96.6298 25.3882 13.19
      vertex -97.1019 25.5188 12.7
      vertex -97.1031 25.515 12.7
    endloop
  endfacet
  facet normal 0.466913 0.532076 0.706319
    outer loop
      vertex -94.1203 26.0607 13.19
      vertex -93.7738 26.4071 12.7
      vertex -93.9665 26.5762 12.7
    endloop
  endfacet
  facet normal 0.706346 -0.0463902 0.706346
    outer loop
      vertex -93.6809 25 13.19
      vertex -93.2077 24.7442 12.7
      vertex -93.1909 25 12.7
    endloop
  endfacet
  facet normal 0.227489 0.67032 0.706343
    outer loop
      vertex -94.6622 26.9209 12.7
      vertex -94.6069 26.3858 13.19
      vertex -94.4194 26.8385 12.7
    endloop
  endfacet
  facet normal -0.706355 -0.0461146 0.706355
    outer loop
      vertex -97.1709 25 12.7
      vertex -97.1542 24.7442 12.7
      vertex -96.6809 25 13.19
    endloop
  endfacet
  facet normal 0.694174 0.138283 0.706399
    outer loop
      vertex -93.6938 25.1958 13.19
      vertex -93.2079 25.2597 12.7
      vertex -93.258 25.5112 12.7
    endloop
  endfacet
  facet normal -0.634864 0.313152 0.706317
    outer loop
      vertex -97.0177 25.7651 12.7
      vertex -96.48 25.75 13.19
      vertex -96.9043 25.995 12.7
    endloop
  endfacet
  facet normal 0.14578 -0.692455 0.706579
    outer loop
      vertex -94.7927 23.5511 13.19
      vertex -94.6697 23.077 12.7
      vertex -94.6659 23.0778 12.7
    endloop
  endfacet
  facet normal 0.138193 -0.694214 0.706377
    outer loop
      vertex -94.6697 23.077 12.7
      vertex -94.7927 23.5511 13.19
      vertex -94.9851 23.5128 13.19
    endloop
  endfacet
  facet normal 0.466913 -0.532076 0.706319
    outer loop
      vertex -94.1203 23.9393 13.19
      vertex -93.9665 23.4238 12.7
      vertex -93.7738 23.5929 12.7
    endloop
  endfacet
  facet normal -0.138128 -0.694244 0.706361
    outer loop
      vertex -95.5692 23.5511 13.19
      vertex -95.6921 23.077 12.7
      vertex -95.3767 23.5128 13.19
    endloop
  endfacet
  facet normal -0.142216 -0.693302 0.706475
    outer loop
      vertex -95.6921 23.077 12.7
      vertex -95.5692 23.5511 13.19
      vertex -95.696 23.0778 12.7
    endloop
  endfacet
  facet normal -0.227489 -0.67032 0.706343
    outer loop
      vertex -95.9425 23.1615 12.7
      vertex -95.6997 23.0791 12.7
      vertex -95.755 23.6142 13.19
    endloop
  endfacet
  facet normal -0.393144 -0.588611 0.706381
    outer loop
      vertex -96.3891 23.419 12.7
      vertex -96.1759 23.2766 12.7
      vertex -95.9309 23.701 13.19
    endloop
  endfacet
  facet normal 0.0463902 0.706346 0.706346
    outer loop
      vertex -95.1809 26.5 13.19
      vertex -94.9251 26.9732 12.7
      vertex -95.1809 26.99 12.7
    endloop
  endfacet
  facet normal -0.0463721 0.706346 0.706346
    outer loop
      vertex -95.4368 26.9732 12.7
      vertex -95.1809 26.5 13.19
      vertex -95.1809 26.99 12.7
    endloop
  endfacet
  facet normal -0.670196 -0.227817 0.706354
    outer loop
      vertex -97.1019 24.4812 12.7
      vertex -97.0194 24.2385 12.7
      vertex -96.5667 24.426 13.19
    endloop
  endfacet
  facet normal 0.639781 -0.302119 0.706686
    outer loop
      vertex -93.7951 24.426 13.19
      vertex -93.3441 24.2349 12.7
      vertex -93.3424 24.2385 12.7
    endloop
  endfacet
  facet normal 0.634817 -0.31308 0.706391
    outer loop
      vertex -93.3441 24.2349 12.7
      vertex -93.7951 24.426 13.19
      vertex -93.8819 24.25 13.19
    endloop
  endfacet
  facet normal 0.14578 0.692455 0.706579
    outer loop
      vertex -94.6697 26.923 12.7
      vertex -94.7927 26.4489 13.19
      vertex -94.6659 26.9222 12.7
    endloop
  endfacet
  facet normal 0.138193 0.694214 0.706377
    outer loop
      vertex -94.7927 26.4489 13.19
      vertex -94.6697 26.923 12.7
      vertex -94.9851 26.4872 13.19
    endloop
  endfacet
  facet normal -0.670217 -0.227614 0.7064
    outer loop
      vertex -96.6298 24.6118 13.19
      vertex -97.1019 24.4812 12.7
      vertex -96.5667 24.426 13.19
    endloop
  endfacet
  facet normal -0.674619 -0.213038 0.706756
    outer loop
      vertex -97.1019 24.4812 12.7
      vertex -96.6298 24.6118 13.19
      vertex -97.1031 24.485 12.7
    endloop
  endfacet
  facet normal -0.234738 0.6681 0.706074
    outer loop
      vertex -95.6997 26.9209 12.7
      vertex -95.5692 26.4489 13.19
      vertex -95.696 26.9222 12.7
    endloop
  endfacet
  facet normal -0.227644 0.670304 0.706308
    outer loop
      vertex -95.5692 26.4489 13.19
      vertex -95.6997 26.9209 12.7
      vertex -95.755 26.3858 13.19
    endloop
  endfacet
  facet normal -0.46678 -0.532201 0.706314
    outer loop
      vertex -96.5881 23.5929 12.7
      vertex -96.3953 23.4238 12.7
      vertex -96.2416 23.9393 13.19
    endloop
  endfacet
  facet normal 0.634806 0.313123 0.706382
    outer loop
      vertex -93.8819 25.75 13.19
      vertex -93.3441 25.7651 12.7
      vertex -93.4575 25.995 12.7
    endloop
  endfacet
  facet normal 0.0362722 0.707307 0.705975
    outer loop
      vertex -94.9251 26.9732 12.7
      vertex -94.9851 26.4872 13.19
      vertex -94.9212 26.973 12.7
    endloop
  endfacet
  facet normal 0.0461799 0.706408 0.706296
    outer loop
      vertex -94.9851 26.4872 13.19
      vertex -94.9251 26.9732 12.7
      vertex -95.1809 26.5 13.19
    endloop
  endfacet
  facet normal 0.234738 0.6681 0.706074
    outer loop
      vertex -94.7927 26.4489 13.19
      vertex -94.6622 26.9209 12.7
      vertex -94.6659 26.9222 12.7
    endloop
  endfacet
  facet normal 0.227644 0.670304 0.706308
    outer loop
      vertex -94.6622 26.9209 12.7
      vertex -94.7927 26.4489 13.19
      vertex -94.6069 26.3858 13.19
    endloop
  endfacet
  facet normal -0.0461796 0.706404 0.706301
    outer loop
      vertex -95.4368 26.9732 12.7
      vertex -95.3767 26.4872 13.19
      vertex -95.1809 26.5 13.19
    endloop
  endfacet
  facet normal -0.036272 0.707304 0.705979
    outer loop
      vertex -95.3767 26.4872 13.19
      vertex -95.4368 26.9732 12.7
      vertex -95.4407 26.973 12.7
    endloop
  endfacet
  facet normal 0.639781 0.302119 0.706686
    outer loop
      vertex -93.3441 25.7651 12.7
      vertex -93.7951 25.574 13.19
      vertex -93.3424 25.7615 12.7
    endloop
  endfacet
  facet normal 0.634817 0.31308 0.706391
    outer loop
      vertex -93.7951 25.574 13.19
      vertex -93.3441 25.7651 12.7
      vertex -93.8819 25.75 13.19
    endloop
  endfacet
  facet normal -0.036272 -0.707304 0.705979
    outer loop
      vertex -95.4368 23.0268 12.7
      vertex -95.3767 23.5128 13.19
      vertex -95.4407 23.027 12.7
    endloop
  endfacet
  facet normal -0.0461796 -0.706404 0.706301
    outer loop
      vertex -95.3767 23.5128 13.19
      vertex -95.4368 23.0268 12.7
      vertex -95.1809 23.5 13.19
    endloop
  endfacet
  facet normal 0.0461799 -0.706408 0.706296
    outer loop
      vertex -94.9251 23.0268 12.7
      vertex -94.9851 23.5128 13.19
      vertex -95.1809 23.5 13.19
    endloop
  endfacet
  facet normal 0.0362722 -0.707307 0.705975
    outer loop
      vertex -94.9851 23.5128 13.19
      vertex -94.9251 23.0268 12.7
      vertex -94.9212 23.027 12.7
    endloop
  endfacet
  facet normal 0.392645 -0.588968 0.706361
    outer loop
      vertex -94.2678 23.81 13.19
      vertex -93.9728 23.419 12.7
      vertex -93.9695 23.4212 12.7
    endloop
  endfacet
  facet normal 0.393299 -0.588504 0.706384
    outer loop
      vertex -93.9728 23.419 12.7
      vertex -94.2678 23.81 13.19
      vertex -94.4309 23.701 13.19
    endloop
  endfacet
  facet normal 0.313015 -0.634864 0.706378
    outer loop
      vertex -94.4309 23.701 13.19
      vertex -94.4159 23.1632 12.7
      vertex -94.1859 23.2766 12.7
    endloop
  endfacet
  facet normal 0.534801 -0.463495 0.706513
    outer loop
      vertex -93.9909 24.0869 13.19
      vertex -93.6047 23.7856 12.7
      vertex -93.6021 23.7886 12.7
    endloop
  endfacet
  facet normal 0.532234 -0.466606 0.706403
    outer loop
      vertex -93.6047 23.7856 12.7
      vertex -93.9909 24.0869 13.19
      vertex -94.1203 23.9393 13.19
    endloop
  endfacet
  facet normal 0.309213 0.636615 0.706476
    outer loop
      vertex -94.6069 26.3858 13.19
      vertex -94.4159 26.8368 12.7
      vertex -94.4194 26.8385 12.7
    endloop
  endfacet
  facet normal 0.313094 0.634845 0.706359
    outer loop
      vertex -94.4159 26.8368 12.7
      vertex -94.6069 26.3858 13.19
      vertex -94.4309 26.299 13.19
    endloop
  endfacet
  facet normal -0.393144 0.588611 0.706381
    outer loop
      vertex -96.3891 26.581 12.7
      vertex -95.9309 26.299 13.19
      vertex -96.1759 26.7234 12.7
    endloop
  endfacet
  facet normal -0.583102 0.400882 0.706602
    outer loop
      vertex -96.7619 26.2082 12.7
      vertex -96.371 25.9131 13.19
      vertex -96.7597 26.2114 12.7
    endloop
  endfacet
  facet normal -0.588521 0.39331 0.706364
    outer loop
      vertex -96.371 25.9131 13.19
      vertex -96.7619 26.2082 12.7
      vertex -96.48 25.75 13.19
    endloop
  endfacet
  facet normal -0.393135 0.588621 0.706379
    outer loop
      vertex -96.3891 26.581 12.7
      vertex -96.0941 26.19 13.19
      vertex -95.9309 26.299 13.19
    endloop
  endfacet
  facet normal -0.392645 0.588968 0.706361
    outer loop
      vertex -96.0941 26.19 13.19
      vertex -96.3891 26.581 12.7
      vertex -96.3924 26.5788 12.7
    endloop
  endfacet
  facet normal -0.692455 0.14578 0.706579
    outer loop
      vertex -97.1039 25.5112 12.7
      vertex -96.6298 25.3882 13.19
      vertex -97.1031 25.515 12.7
    endloop
  endfacet
  facet normal -0.694214 0.138193 0.706377
    outer loop
      vertex -96.6298 25.3882 13.19
      vertex -97.1039 25.5112 12.7
      vertex -96.6681 25.1958 13.19
    endloop
  endfacet
  facet normal -0.670196 0.227817 0.706354
    outer loop
      vertex -97.1019 25.5188 12.7
      vertex -96.5667 25.574 13.19
      vertex -97.0194 25.7615 12.7
    endloop
  endfacet
  facet normal 0.0463902 -0.706346 0.706346
    outer loop
      vertex -95.1809 23.01 12.7
      vertex -94.9251 23.0268 12.7
      vertex -95.1809 23.5 13.19
    endloop
  endfacet
  facet normal -0.309213 0.636615 0.706476
    outer loop
      vertex -95.946 26.8368 12.7
      vertex -95.755 26.3858 13.19
      vertex -95.9425 26.8385 12.7
    endloop
  endfacet
  facet normal -0.313239 0.634779 0.706355
    outer loop
      vertex -95.755 26.3858 13.19
      vertex -95.946 26.8368 12.7
      vertex -95.9309 26.299 13.19
    endloop
  endfacet
  facet normal -0.532213 -0.466757 0.706319
    outer loop
      vertex -96.7571 23.7856 12.7
      vertex -96.5881 23.5929 12.7
      vertex -96.2416 23.9393 13.19
    endloop
  endfacet
  facet normal -0.694288 -0.138029 0.706337
    outer loop
      vertex -97.1539 24.7403 12.7
      vertex -97.1039 24.4888 12.7
      vertex -96.6681 24.8042 13.19
    endloop
  endfacet
  facet normal -0.706336 -0.0461752 0.706369
    outer loop
      vertex -97.1542 24.7442 12.7
      vertex -96.6681 24.8042 13.19
      vertex -96.6809 25 13.19
    endloop
  endfacet
  facet normal -0.705549 -0.054273 0.706579
    outer loop
      vertex -96.6681 24.8042 13.19
      vertex -97.1542 24.7442 12.7
      vertex -97.1539 24.7403 12.7
    endloop
  endfacet
  facet normal -0.13808 0.694265 0.706349
    outer loop
      vertex -95.6921 26.923 12.7
      vertex -95.3767 26.4872 13.19
      vertex -95.4407 26.973 12.7
    endloop
  endfacet
  facet normal 0.588521 -0.39331 0.706364
    outer loop
      vertex -93.9909 24.0869 13.19
      vertex -93.6 23.7918 12.7
      vertex -93.8819 24.25 13.19
    endloop
  endfacet
  facet normal 0.591948 -0.388466 0.706181
    outer loop
      vertex -93.6 23.7918 12.7
      vertex -93.9909 24.0869 13.19
      vertex -93.6021 23.7886 12.7
    endloop
  endfacet
  facet normal 0.634806 -0.313123 0.706382
    outer loop
      vertex -93.8819 24.25 13.19
      vertex -93.4575 24.005 12.7
      vertex -93.3441 24.2349 12.7
    endloop
  endfacet
  facet normal 0.463495 0.534801 0.706513
    outer loop
      vertex -94.2678 26.19 13.19
      vertex -93.9665 26.5762 12.7
      vertex -93.9695 26.5788 12.7
    endloop
  endfacet
  facet normal 0.466581 0.532256 0.706404
    outer loop
      vertex -93.9665 26.5762 12.7
      vertex -94.2678 26.19 13.19
      vertex -94.1203 26.0607 13.19
    endloop
  endfacet
  facet normal 0.669816 -0.229147 0.706285
    outer loop
      vertex -93.732 24.6118 13.19
      vertex -93.26 24.4812 12.7
      vertex -93.2587 24.485 12.7
    endloop
  endfacet
  facet normal 0.670282 -0.227636 0.706331
    outer loop
      vertex -93.26 24.4812 12.7
      vertex -93.732 24.6118 13.19
      vertex -93.7951 24.426 13.19
    endloop
  endfacet
  facet normal 0.707235 0.0362685 0.706047
    outer loop
      vertex -93.6938 25.1958 13.19
      vertex -93.2077 25.2558 12.7
      vertex -93.2079 25.2597 12.7
    endloop
  endfacet
  facet normal 0.706303 0.0465337 0.706379
    outer loop
      vertex -93.2077 25.2558 12.7
      vertex -93.6938 25.1958 13.19
      vertex -93.6809 25 13.19
    endloop
  endfacet
  facet normal 0.534801 0.463495 0.706513
    outer loop
      vertex -93.6047 26.2144 12.7
      vertex -93.9909 25.9131 13.19
      vertex -93.6021 26.2114 12.7
    endloop
  endfacet
  facet normal 0.532234 0.466606 0.706403
    outer loop
      vertex -93.9909 25.9131 13.19
      vertex -93.6047 26.2144 12.7
      vertex -94.1203 26.0607 13.19
    endloop
  endfacet
  facet normal 0.591948 0.388466 0.706181
    outer loop
      vertex -93.9909 25.9131 13.19
      vertex -93.6 26.2082 12.7
      vertex -93.6021 26.2114 12.7
    endloop
  endfacet
  facet normal 0.588521 0.39331 0.706364
    outer loop
      vertex -93.6 26.2082 12.7
      vertex -93.9909 25.9131 13.19
      vertex -93.8819 25.75 13.19
    endloop
  endfacet
  facet normal -0.0463721 -0.706346 0.706346
    outer loop
      vertex -95.4368 23.0268 12.7
      vertex -95.1809 23.01 12.7
      vertex -95.1809 23.5 13.19
    endloop
  endfacet
  facet normal 0.393274 -0.58853 0.706376
    outer loop
      vertex -94.4309 23.701 13.19
      vertex -94.1859 23.2766 12.7
      vertex -93.9728 23.419 12.7
    endloop
  endfacet
  facet normal 0.138029 -0.694288 0.706337
    outer loop
      vertex -94.9851 23.5128 13.19
      vertex -94.9212 23.027 12.7
      vertex -94.6697 23.077 12.7
    endloop
  endfacet
  facet normal -0.532275 -0.466642 0.706348
    outer loop
      vertex -96.371 24.0869 13.19
      vertex -96.7571 23.7856 12.7
      vertex -96.2416 23.9393 13.19
    endloop
  endfacet
  facet normal -0.534843 -0.46353 0.706458
    outer loop
      vertex -96.7571 23.7856 12.7
      vertex -96.371 24.0869 13.19
      vertex -96.7597 23.7886 12.7
    endloop
  endfacet
  facet normal 0.694363 -0.137862 0.706296
    outer loop
      vertex -93.732 24.6118 13.19
      vertex -93.258 24.4888 12.7
      vertex -93.6938 24.8042 13.19
    endloop
  endfacet
  facet normal 0.696514 -0.128305 0.705978
    outer loop
      vertex -93.258 24.4888 12.7
      vertex -93.732 24.6118 13.19
      vertex -93.2587 24.485 12.7
    endloop
  endfacet
  facet normal -0.13808 -0.694265 0.706349
    outer loop
      vertex -95.6921 23.077 12.7
      vertex -95.4407 23.027 12.7
      vertex -95.3767 23.5128 13.19
    endloop
  endfacet
  facet normal -0.234738 -0.6681 0.706074
    outer loop
      vertex -95.5692 23.5511 13.19
      vertex -95.6997 23.0791 12.7
      vertex -95.696 23.0778 12.7
    endloop
  endfacet
  facet normal -0.227644 -0.670304 0.706308
    outer loop
      vertex -95.6997 23.0791 12.7
      vertex -95.5692 23.5511 13.19
      vertex -95.755 23.6142 13.19
    endloop
  endfacet
  facet normal -0.705549 0.054273 0.706579
    outer loop
      vertex -97.1542 25.2558 12.7
      vertex -96.6681 25.1958 13.19
      vertex -97.1539 25.2597 12.7
    endloop
  endfacet
  facet normal -0.706336 0.0461752 0.706369
    outer loop
      vertex -96.6681 25.1958 13.19
      vertex -97.1542 25.2558 12.7
      vertex -96.6809 25 13.19
    endloop
  endfacet
  facet normal -0.694214 -0.138193 0.706377
    outer loop
      vertex -97.1039 24.4888 12.7
      vertex -96.6298 24.6118 13.19
      vertex -96.6681 24.8042 13.19
    endloop
  endfacet
  facet normal -0.692455 -0.14578 0.706579
    outer loop
      vertex -96.6298 24.6118 13.19
      vertex -97.1039 24.4888 12.7
      vertex -97.1031 24.485 12.7
    endloop
  endfacet
  facet normal 0.313015 0.634864 0.706378
    outer loop
      vertex -94.4309 26.299 13.19
      vertex -94.1859 26.7234 12.7
      vertex -94.4159 26.8368 12.7
    endloop
  endfacet
  facet normal 0.706303 -0.0465337 0.706379
    outer loop
      vertex -93.6938 24.8042 13.19
      vertex -93.2077 24.7442 12.7
      vertex -93.6809 25 13.19
    endloop
  endfacet
  facet normal 0.707235 -0.0362685 0.706047
    outer loop
      vertex -93.2077 24.7442 12.7
      vertex -93.6938 24.8042 13.19
      vertex -93.2079 24.7403 12.7
    endloop
  endfacet
  facet normal 0.466581 -0.532256 0.706404
    outer loop
      vertex -94.2678 23.81 13.19
      vertex -93.9665 23.4238 12.7
      vertex -94.1203 23.9393 13.19
    endloop
  endfacet
  facet normal 0.463495 -0.534801 0.706513
    outer loop
      vertex -93.9665 23.4238 12.7
      vertex -94.2678 23.81 13.19
      vertex -93.9695 23.4212 12.7
    endloop
  endfacet
  facet normal 0.227644 -0.670304 0.706308
    outer loop
      vertex -94.7927 23.5511 13.19
      vertex -94.6622 23.0791 12.7
      vertex -94.6069 23.6142 13.19
    endloop
  endfacet
  facet normal 0.234738 -0.6681 0.706074
    outer loop
      vertex -94.6622 23.0791 12.7
      vertex -94.7927 23.5511 13.19
      vertex -94.6659 23.0778 12.7
    endloop
  endfacet
  facet normal 0.227489 -0.67032 0.706343
    outer loop
      vertex -94.6622 23.0791 12.7
      vertex -94.4194 23.1615 12.7
      vertex -94.6069 23.6142 13.19
    endloop
  endfacet
  facet normal -0.980801 0.195013 0
    outer loop
      vertex -117.164 25.2611 9.5
      vertex -117.113 25.5176 12.7
      vertex -117.113 25.5176 9.5
    endloop
  endfacet
  facet normal -0.980801 0.195013 0
    outer loop
      vertex -117.113 25.5176 12.7
      vertex -117.164 25.2611 9.5
      vertex -117.164 25.2611 12.7
    endloop
  endfacet
  facet normal -0.997887 0.0649716 0
    outer loop
      vertex -117.181 25 9.5
      vertex -117.164 25.2611 12.7
      vertex -117.164 25.2611 9.5
    endloop
  endfacet
  facet normal -0.997887 0.0649716 0
    outer loop
      vertex -117.164 25.2611 12.7
      vertex -117.181 25 9.5
      vertex -117.181 25 12.7
    endloop
  endfacet
  facet normal -0.0653771 0.997861 0
    outer loop
      vertex -115.181 27 9.5
      vertex -115.442 26.9829 12.7
      vertex -115.181 27 12.7
    endloop
  endfacet
  facet normal -0.0653771 0.997861 0
    outer loop
      vertex -115.442 26.9829 12.7
      vertex -115.181 27 9.5
      vertex -115.442 26.9829 9.5
    endloop
  endfacet
  facet normal 0.194648 0.980873 -0
    outer loop
      vertex -114.663 26.9319 9.5
      vertex -114.92 26.9829 12.7
      vertex -114.663 26.9319 12.7
    endloop
  endfacet
  facet normal 0.194648 0.980873 0
    outer loop
      vertex -114.92 26.9829 12.7
      vertex -114.663 26.9319 9.5
      vertex -114.92 26.9829 9.5
    endloop
  endfacet
  facet normal -0.556378 -0.830929 0
    outer loop
      vertex -116.398 23.4133 9.5
      vertex -116.181 23.268 12.7
      vertex -116.398 23.4133 12.7
    endloop
  endfacet
  facet normal -0.556378 -0.830929 -0
    outer loop
      vertex -116.181 23.268 12.7
      vertex -116.398 23.4133 9.5
      vertex -116.181 23.268 9.5
    endloop
  endfacet
  facet normal 0.896405 0.443235 0
    outer loop
      vertex -113.333 25.7654 12.7
      vertex -113.449 26 9.5
      vertex -113.449 26 12.7
    endloop
  endfacet
  facet normal 0.896405 0.443235 0
    outer loop
      vertex -113.449 26 9.5
      vertex -113.333 25.7654 12.7
      vertex -113.333 25.7654 9.5
    endloop
  endfacet
  facet normal 0.947066 0.321039 0
    outer loop
      vertex -113.249 25.5176 12.7
      vertex -113.333 25.7654 9.5
      vertex -113.333 25.7654 12.7
    endloop
  endfacet
  facet normal 0.947066 0.321039 0
    outer loop
      vertex -113.333 25.7654 9.5
      vertex -113.249 25.5176 12.7
      vertex -113.249 25.5176 9.5
    endloop
  endfacet
  facet normal 0.322315 0.946632 -0
    outer loop
      vertex -114.416 26.8478 9.5
      vertex -114.663 26.9319 12.7
      vertex -114.416 26.8478 12.7
    endloop
  endfacet
  facet normal 0.322315 0.946632 0
    outer loop
      vertex -114.663 26.9319 12.7
      vertex -114.416 26.8478 9.5
      vertex -114.663 26.9319 9.5
    endloop
  endfacet
  facet normal -0.997887 -0.0649716 0
    outer loop
      vertex -117.164 24.7389 9.5
      vertex -117.181 25 12.7
      vertex -117.181 25 9.5
    endloop
  endfacet
  facet normal -0.997887 -0.0649716 0
    outer loop
      vertex -117.181 25 12.7
      vertex -117.164 24.7389 9.5
      vertex -117.164 24.7389 12.7
    endloop
  endfacet
  facet normal 0.947066 -0.321039 0
    outer loop
      vertex -113.333 24.2346 12.7
      vertex -113.249 24.4824 9.5
      vertex -113.249 24.4824 12.7
    endloop
  endfacet
  facet normal 0.947066 -0.321039 0
    outer loop
      vertex -113.249 24.4824 9.5
      vertex -113.333 24.2346 12.7
      vertex -113.333 24.2346 9.5
    endloop
  endfacet
  facet normal 0.83205 0.5547 0
    outer loop
      vertex -113.449 26 12.7
      vertex -113.594 26.2175 9.5
      vertex -113.594 26.2175 12.7
    endloop
  endfacet
  facet normal 0.83205 0.5547 0
    outer loop
      vertex -113.594 26.2175 9.5
      vertex -113.449 26 12.7
      vertex -113.449 26 9.5
    endloop
  endfacet
  facet normal 0.980801 0.195013 0
    outer loop
      vertex -113.198 25.2611 12.7
      vertex -113.249 25.5176 9.5
      vertex -113.249 25.5176 12.7
    endloop
  endfacet
  facet normal 0.980801 0.195013 0
    outer loop
      vertex -113.249 25.5176 9.5
      vertex -113.198 25.2611 12.7
      vertex -113.198 25.2611 9.5
    endloop
  endfacet
  facet normal -0.947066 -0.321039 0
    outer loop
      vertex -117.029 24.2346 9.5
      vertex -117.113 24.4824 12.7
      vertex -117.113 24.4824 9.5
    endloop
  endfacet
  facet normal -0.947066 -0.321039 0
    outer loop
      vertex -117.113 24.4824 12.7
      vertex -117.029 24.2346 9.5
      vertex -117.029 24.2346 12.7
    endloop
  endfacet
  facet normal -0.658775 -0.75234 0
    outer loop
      vertex -116.595 23.5858 9.5
      vertex -116.398 23.4133 12.7
      vertex -116.595 23.5858 12.7
    endloop
  endfacet
  facet normal -0.658775 -0.75234 -0
    outer loop
      vertex -116.398 23.4133 12.7
      vertex -116.595 23.5858 9.5
      vertex -116.398 23.4133 9.5
    endloop
  endfacet
  facet normal -0.322315 0.946632 0
    outer loop
      vertex -115.699 26.9319 9.5
      vertex -115.946 26.8478 12.7
      vertex -115.699 26.9319 12.7
    endloop
  endfacet
  facet normal -0.322315 0.946632 0
    outer loop
      vertex -115.946 26.8478 12.7
      vertex -115.699 26.9319 9.5
      vertex -115.946 26.8478 9.5
    endloop
  endfacet
  facet normal 0.750895 -0.660421 0
    outer loop
      vertex -113.767 23.5858 12.7
      vertex -113.594 23.7825 9.5
      vertex -113.594 23.7825 12.7
    endloop
  endfacet
  facet normal 0.750895 -0.660421 0
    outer loop
      vertex -113.594 23.7825 9.5
      vertex -113.767 23.5858 12.7
      vertex -113.767 23.5858 9.5
    endloop
  endfacet
  facet normal 0.660671 0.750676 -0
    outer loop
      vertex -113.767 26.4142 9.5
      vertex -113.963 26.5867 12.7
      vertex -113.767 26.4142 12.7
    endloop
  endfacet
  facet normal 0.660671 0.750676 0
    outer loop
      vertex -113.963 26.5867 12.7
      vertex -113.767 26.4142 9.5
      vertex -113.963 26.5867 9.5
    endloop
  endfacet
  facet normal 0.997887 0.0649716 0
    outer loop
      vertex -113.181 25 12.7
      vertex -113.198 25.2611 9.5
      vertex -113.198 25.2611 12.7
    endloop
  endfacet
  facet normal 0.997887 0.0649716 0
    outer loop
      vertex -113.198 25.2611 9.5
      vertex -113.181 25 12.7
      vertex -113.181 25 9.5
    endloop
  endfacet
  facet normal -0.556378 0.830929 0
    outer loop
      vertex -116.181 26.732 9.5
      vertex -116.398 26.5867 12.7
      vertex -116.181 26.732 12.7
    endloop
  endfacet
  facet normal -0.556378 0.830929 0
    outer loop
      vertex -116.398 26.5867 12.7
      vertex -116.181 26.732 9.5
      vertex -116.398 26.5867 9.5
    endloop
  endfacet
  facet normal -0.83205 -0.5547 0
    outer loop
      vertex -116.768 23.7825 9.5
      vertex -116.913 24 12.7
      vertex -116.913 24 9.5
    endloop
  endfacet
  facet normal -0.83205 -0.5547 0
    outer loop
      vertex -116.913 24 12.7
      vertex -116.768 23.7825 9.5
      vertex -116.768 23.7825 12.7
    endloop
  endfacet
  facet normal -0.83205 0.5547 0
    outer loop
      vertex -116.913 26 9.5
      vertex -116.768 26.2175 12.7
      vertex -116.768 26.2175 9.5
    endloop
  endfacet
  facet normal -0.83205 0.5547 0
    outer loop
      vertex -116.768 26.2175 12.7
      vertex -116.913 26 9.5
      vertex -116.913 26 12.7
    endloop
  endfacet
  facet normal 0.750895 0.660421 0
    outer loop
      vertex -113.594 26.2175 12.7
      vertex -113.767 26.4142 9.5
      vertex -113.767 26.4142 12.7
    endloop
  endfacet
  facet normal 0.750895 0.660421 0
    outer loop
      vertex -113.767 26.4142 9.5
      vertex -113.594 26.2175 12.7
      vertex -113.594 26.2175 9.5
    endloop
  endfacet
  facet normal -0.322315 -0.946632 0
    outer loop
      vertex -115.946 23.1522 9.5
      vertex -115.699 23.0681 12.7
      vertex -115.946 23.1522 12.7
    endloop
  endfacet
  facet normal -0.322315 -0.946632 -0
    outer loop
      vertex -115.699 23.0681 12.7
      vertex -115.946 23.1522 9.5
      vertex -115.699 23.0681 9.5
    endloop
  endfacet
  facet normal -0.442015 -0.897008 0
    outer loop
      vertex -116.181 23.268 9.5
      vertex -115.946 23.1522 12.7
      vertex -116.181 23.268 12.7
    endloop
  endfacet
  facet normal -0.442015 -0.897008 -0
    outer loop
      vertex -115.946 23.1522 12.7
      vertex -116.181 23.268 9.5
      vertex -115.946 23.1522 9.5
    endloop
  endfacet
  facet normal -0.750895 0.660421 0
    outer loop
      vertex -116.768 26.2175 9.5
      vertex -116.595 26.4142 12.7
      vertex -116.595 26.4142 9.5
    endloop
  endfacet
  facet normal -0.750895 0.660421 0
    outer loop
      vertex -116.595 26.4142 12.7
      vertex -116.768 26.2175 9.5
      vertex -116.768 26.2175 12.7
    endloop
  endfacet
  facet normal -0.0653771 -0.997861 0
    outer loop
      vertex -115.442 23.0171 9.5
      vertex -115.181 23 12.7
      vertex -115.442 23.0171 12.7
    endloop
  endfacet
  facet normal -0.0653771 -0.997861 -0
    outer loop
      vertex -115.181 23 12.7
      vertex -115.442 23.0171 9.5
      vertex -115.181 23 9.5
    endloop
  endfacet
  facet normal -0.658775 0.75234 0
    outer loop
      vertex -116.398 26.5867 9.5
      vertex -116.595 26.4142 12.7
      vertex -116.398 26.5867 12.7
    endloop
  endfacet
  facet normal -0.658775 0.75234 0
    outer loop
      vertex -116.595 26.4142 12.7
      vertex -116.398 26.5867 9.5
      vertex -116.595 26.4142 9.5
    endloop
  endfacet
  facet normal 0.997887 -0.0649716 0
    outer loop
      vertex -113.198 24.7389 12.7
      vertex -113.181 25 9.5
      vertex -113.181 25 12.7
    endloop
  endfacet
  facet normal 0.997887 -0.0649716 0
    outer loop
      vertex -113.181 25 9.5
      vertex -113.198 24.7389 12.7
      vertex -113.198 24.7389 9.5
    endloop
  endfacet
  facet normal 0.660671 -0.750676 0
    outer loop
      vertex -113.963 23.4133 9.5
      vertex -113.767 23.5858 12.7
      vertex -113.963 23.4133 12.7
    endloop
  endfacet
  facet normal 0.660671 -0.750676 0
    outer loop
      vertex -113.767 23.5858 12.7
      vertex -113.963 23.4133 9.5
      vertex -113.767 23.5858 9.5
    endloop
  endfacet
  facet normal 0.554612 0.832109 -0
    outer loop
      vertex -113.963 26.5867 9.5
      vertex -114.181 26.732 12.7
      vertex -113.963 26.5867 12.7
    endloop
  endfacet
  facet normal 0.554612 0.832109 0
    outer loop
      vertex -114.181 26.732 12.7
      vertex -113.963 26.5867 9.5
      vertex -114.181 26.732 9.5
    endloop
  endfacet
  facet normal -0.896405 0.443235 0
    outer loop
      vertex -117.029 25.7654 9.5
      vertex -116.913 26 12.7
      vertex -116.913 26 9.5
    endloop
  endfacet
  facet normal -0.896405 0.443235 0
    outer loop
      vertex -116.913 26 12.7
      vertex -117.029 25.7654 9.5
      vertex -117.029 25.7654 12.7
    endloop
  endfacet
  facet normal 0.0653771 -0.997861 0
    outer loop
      vertex -115.181 23 9.5
      vertex -114.92 23.0171 12.7
      vertex -115.181 23 12.7
    endloop
  endfacet
  facet normal 0.0653771 -0.997861 0
    outer loop
      vertex -114.92 23.0171 12.7
      vertex -115.181 23 9.5
      vertex -114.92 23.0171 9.5
    endloop
  endfacet
  facet normal -0.194648 -0.980873 0
    outer loop
      vertex -115.699 23.0681 9.5
      vertex -115.442 23.0171 12.7
      vertex -115.699 23.0681 12.7
    endloop
  endfacet
  facet normal -0.194648 -0.980873 -0
    outer loop
      vertex -115.442 23.0171 12.7
      vertex -115.699 23.0681 9.5
      vertex -115.442 23.0171 9.5
    endloop
  endfacet
  facet normal -0.442015 0.897008 0
    outer loop
      vertex -115.946 26.8478 9.5
      vertex -116.181 26.732 12.7
      vertex -115.946 26.8478 12.7
    endloop
  endfacet
  facet normal -0.442015 0.897008 0
    outer loop
      vertex -116.181 26.732 12.7
      vertex -115.946 26.8478 9.5
      vertex -116.181 26.732 9.5
    endloop
  endfacet
  facet normal -0.896405 -0.443235 0
    outer loop
      vertex -116.913 24 9.5
      vertex -117.029 24.2346 12.7
      vertex -117.029 24.2346 9.5
    endloop
  endfacet
  facet normal -0.896405 -0.443235 0
    outer loop
      vertex -117.029 24.2346 12.7
      vertex -116.913 24 9.5
      vertex -116.913 24 12.7
    endloop
  endfacet
  facet normal -0.980801 -0.195013 0
    outer loop
      vertex -117.113 24.4824 9.5
      vertex -117.164 24.7389 12.7
      vertex -117.164 24.7389 9.5
    endloop
  endfacet
  facet normal -0.980801 -0.195013 0
    outer loop
      vertex -117.164 24.7389 12.7
      vertex -117.113 24.4824 9.5
      vertex -117.113 24.4824 12.7
    endloop
  endfacet
  facet normal 0.980801 -0.195013 0
    outer loop
      vertex -113.249 24.4824 12.7
      vertex -113.198 24.7389 9.5
      vertex -113.198 24.7389 12.7
    endloop
  endfacet
  facet normal 0.980801 -0.195013 0
    outer loop
      vertex -113.198 24.7389 9.5
      vertex -113.249 24.4824 12.7
      vertex -113.249 24.4824 9.5
    endloop
  endfacet
  facet normal 0.194648 -0.980873 0
    outer loop
      vertex -114.92 23.0171 9.5
      vertex -114.663 23.0681 12.7
      vertex -114.92 23.0171 12.7
    endloop
  endfacet
  facet normal 0.194648 -0.980873 0
    outer loop
      vertex -114.663 23.0681 12.7
      vertex -114.92 23.0171 9.5
      vertex -114.663 23.0681 9.5
    endloop
  endfacet
  facet normal -0.194648 0.980873 0
    outer loop
      vertex -115.442 26.9829 9.5
      vertex -115.699 26.9319 12.7
      vertex -115.442 26.9829 12.7
    endloop
  endfacet
  facet normal -0.194648 0.980873 0
    outer loop
      vertex -115.699 26.9319 12.7
      vertex -115.442 26.9829 9.5
      vertex -115.699 26.9319 9.5
    endloop
  endfacet
  facet normal -0.947066 0.321039 0
    outer loop
      vertex -117.113 25.5176 9.5
      vertex -117.029 25.7654 12.7
      vertex -117.029 25.7654 9.5
    endloop
  endfacet
  facet normal -0.947066 0.321039 0
    outer loop
      vertex -117.029 25.7654 12.7
      vertex -117.113 25.5176 9.5
      vertex -117.113 25.5176 12.7
    endloop
  endfacet
  facet normal -0.750895 -0.660421 0
    outer loop
      vertex -116.595 23.5858 9.5
      vertex -116.768 23.7825 12.7
      vertex -116.768 23.7825 9.5
    endloop
  endfacet
  facet normal -0.750895 -0.660421 0
    outer loop
      vertex -116.768 23.7825 12.7
      vertex -116.595 23.5858 9.5
      vertex -116.595 23.5858 12.7
    endloop
  endfacet
  facet normal 0.83205 -0.5547 0
    outer loop
      vertex -113.594 23.7825 12.7
      vertex -113.449 24 9.5
      vertex -113.449 24 12.7
    endloop
  endfacet
  facet normal 0.83205 -0.5547 0
    outer loop
      vertex -113.449 24 9.5
      vertex -113.594 23.7825 12.7
      vertex -113.594 23.7825 9.5
    endloop
  endfacet
  facet normal 0.0653771 0.997861 -0
    outer loop
      vertex -114.92 26.9829 9.5
      vertex -115.181 27 12.7
      vertex -114.92 26.9829 12.7
    endloop
  endfacet
  facet normal 0.0653771 0.997861 0
    outer loop
      vertex -115.181 27 12.7
      vertex -114.92 26.9829 9.5
      vertex -115.181 27 9.5
    endloop
  endfacet
  facet normal 0.322315 -0.946632 0
    outer loop
      vertex -114.663 23.0681 9.5
      vertex -114.416 23.1522 12.7
      vertex -114.663 23.0681 12.7
    endloop
  endfacet
  facet normal 0.322315 -0.946632 0
    outer loop
      vertex -114.416 23.1522 12.7
      vertex -114.663 23.0681 9.5
      vertex -114.416 23.1522 9.5
    endloop
  endfacet
  facet normal 0.442015 0.897008 -0
    outer loop
      vertex -114.181 26.732 9.5
      vertex -114.416 26.8478 12.7
      vertex -114.181 26.732 12.7
    endloop
  endfacet
  facet normal 0.442015 0.897008 0
    outer loop
      vertex -114.416 26.8478 12.7
      vertex -114.181 26.732 9.5
      vertex -114.416 26.8478 9.5
    endloop
  endfacet
  facet normal 0.442015 -0.897008 0
    outer loop
      vertex -114.416 23.1522 9.5
      vertex -114.181 23.268 12.7
      vertex -114.416 23.1522 12.7
    endloop
  endfacet
  facet normal 0.442015 -0.897008 0
    outer loop
      vertex -114.181 23.268 12.7
      vertex -114.416 23.1522 9.5
      vertex -114.181 23.268 9.5
    endloop
  endfacet
  facet normal 0.896405 -0.443235 0
    outer loop
      vertex -113.449 24 12.7
      vertex -113.333 24.2346 9.5
      vertex -113.333 24.2346 12.7
    endloop
  endfacet
  facet normal 0.896405 -0.443235 0
    outer loop
      vertex -113.333 24.2346 9.5
      vertex -113.449 24 12.7
      vertex -113.449 24 9.5
    endloop
  endfacet
  facet normal 0.554612 -0.832109 0
    outer loop
      vertex -114.181 23.268 9.5
      vertex -113.963 23.4133 12.7
      vertex -114.181 23.268 12.7
    endloop
  endfacet
  facet normal 0.554612 -0.832109 0
    outer loop
      vertex -113.963 23.4133 12.7
      vertex -114.181 23.268 9.5
      vertex -113.963 23.4133 9.5
    endloop
  endfacet
  facet normal -0 0 1
    outer loop
      vertex -113.208 25.2558 12.7
      vertex -113.181 25 12.7
      vertex -113.198 25.2611 12.7
    endloop
  endfacet
  facet normal 0 0 1
    outer loop
      vertex -113.181 25 12.7
      vertex -113.208 25.2558 12.7
      vertex -113.191 25 12.7
    endloop
  endfacet
  facet normal 0 0 1
    outer loop
      vertex -113.198 25.2611 12.7
      vertex -113.208 25.2597 12.7
      vertex -113.208 25.2558 12.7
    endloop
  endfacet
  facet normal -0 0 1
    outer loop
      vertex -113.258 25.5112 12.7
      vertex -113.198 25.2611 12.7
      vertex -113.249 25.5176 12.7
    endloop
  endfacet
  facet normal 0 0 1
    outer loop
      vertex -113.198 25.2611 12.7
      vertex -113.258 25.5112 12.7
      vertex -113.208 25.2597 12.7
    endloop
  endfacet
  facet normal 0 0 1
    outer loop
      vertex -113.249 25.5176 12.7
      vertex -113.259 25.515 12.7
      vertex -113.258 25.5112 12.7
    endloop
  endfacet
  facet normal 0 0 1
    outer loop
      vertex -113.249 25.5176 12.7
      vertex -113.26 25.5188 12.7
      vertex -113.259 25.515 12.7
    endloop
  endfacet
  facet normal 0 0 1
    outer loop
      vertex -113.333 25.7654 12.7
      vertex -113.26 25.5188 12.7
      vertex -113.249 25.5176 12.7
    endloop
  endfacet
  facet normal 0 0 1
    outer loop
      vertex -113.333 25.7654 12.7
      vertex -113.342 25.7615 12.7
      vertex -113.26 25.5188 12.7
    endloop
  endfacet
  facet normal 0 0 1
    outer loop
      vertex -113.333 25.7654 12.7
      vertex -113.344 25.7651 12.7
      vertex -113.342 25.7615 12.7
    endloop
  endfacet
  facet normal 0 0 1
    outer loop
      vertex -113.449 26 12.7
      vertex -113.344 25.7651 12.7
      vertex -113.333 25.7654 12.7
    endloop
  endfacet
  facet normal 0 0 1
    outer loop
      vertex -113.449 26 12.7
      vertex -113.458 25.995 12.7
      vertex -113.344 25.7651 12.7
    endloop
  endfacet
  facet normal -0 0 1
    outer loop
      vertex -113.6 26.2082 12.7
      vertex -113.449 26 12.7
      vertex -113.594 26.2175 12.7
    endloop
  endfacet
  facet normal 0 0 1
    outer loop
      vertex -113.449 26 12.7
      vertex -113.6 26.2082 12.7
      vertex -113.458 25.995 12.7
    endloop
  endfacet
  facet normal 0 0 1
    outer loop
      vertex -113.594 26.2175 12.7
      vertex -113.602 26.2114 12.7
      vertex -113.6 26.2082 12.7
    endloop
  endfacet
  facet normal 0 0 1
    outer loop
      vertex -113.594 26.2175 12.7
      vertex -113.605 26.2144 12.7
      vertex -113.602 26.2114 12.7
    endloop
  endfacet
  facet normal 0 0 1
    outer loop
      vertex -113.767 26.4142 12.7
      vertex -113.605 26.2144 12.7
      vertex -113.594 26.2175 12.7
    endloop
  endfacet
  facet normal 0 0 1
    outer loop
      vertex -113.767 26.4142 12.7
      vertex -113.774 26.4071 12.7
      vertex -113.605 26.2144 12.7
    endloop
  endfacet
  facet normal -0 0 1
    outer loop
      vertex -113.967 26.5762 12.7
      vertex -113.767 26.4142 12.7
      vertex -113.963 26.5867 12.7
    endloop
  endfacet
  facet normal 0 0 1
    outer loop
      vertex -113.767 26.4142 12.7
      vertex -113.967 26.5762 12.7
      vertex -113.774 26.4071 12.7
    endloop
  endfacet
  facet normal 0 0 1
    outer loop
      vertex -113.963 26.5867 12.7
      vertex -113.969 26.5788 12.7
      vertex -113.967 26.5762 12.7
    endloop
  endfacet
  facet normal 0 0 1
    outer loop
      vertex -113.963 26.5867 12.7
      vertex -113.973 26.581 12.7
      vertex -113.969 26.5788 12.7
    endloop
  endfacet
  facet normal 0 0 1
    outer loop
      vertex -114.181 26.732 12.7
      vertex -113.973 26.581 12.7
      vertex -113.963 26.5867 12.7
    endloop
  endfacet
  facet normal 0 0 1
    outer loop
      vertex -114.181 26.732 12.7
      vertex -114.186 26.7234 12.7
      vertex -113.973 26.581 12.7
    endloop
  endfacet
  facet normal -0 0 1
    outer loop
      vertex -114.416 26.8368 12.7
      vertex -114.181 26.732 12.7
      vertex -114.416 26.8478 12.7
    endloop
  endfacet
  facet normal 0 0 1
    outer loop
      vertex -114.181 26.732 12.7
      vertex -114.416 26.8368 12.7
      vertex -114.186 26.7234 12.7
    endloop
  endfacet
  facet normal 0 0 1
    outer loop
      vertex -114.416 26.8478 12.7
      vertex -114.419 26.8385 12.7
      vertex -114.416 26.8368 12.7
    endloop
  endfacet
  facet normal 0 0 1
    outer loop
      vertex -114.416 26.8478 12.7
      vertex -114.662 26.9209 12.7
      vertex -114.419 26.8385 12.7
    endloop
  endfacet
  facet normal 0 0 1
    outer loop
      vertex -114.663 26.9319 12.7
      vertex -114.662 26.9209 12.7
      vertex -114.416 26.8478 12.7
    endloop
  endfacet
  facet normal 0 0 1
    outer loop
      vertex -114.663 26.9319 12.7
      vertex -114.666 26.9222 12.7
      vertex -114.662 26.9209 12.7
    endloop
  endfacet
  facet normal 0 0 1
    outer loop
      vertex -114.663 26.9319 12.7
      vertex -114.67 26.923 12.7
      vertex -114.666 26.9222 12.7
    endloop
  endfacet
  facet normal 0 0 1
    outer loop
      vertex -114.92 26.9829 12.7
      vertex -114.67 26.923 12.7
      vertex -114.663 26.9319 12.7
    endloop
  endfacet
  facet normal 0 0 1
    outer loop
      vertex -114.92 26.9829 12.7
      vertex -114.921 26.973 12.7
      vertex -114.67 26.923 12.7
    endloop
  endfacet
  facet normal 0 0 1
    outer loop
      vertex -114.92 26.9829 12.7
      vertex -114.925 26.9732 12.7
      vertex -114.921 26.973 12.7
    endloop
  endfacet
  facet normal 0 0 1
    outer loop
      vertex -115.181 27 12.7
      vertex -114.925 26.9732 12.7
      vertex -114.92 26.9829 12.7
    endloop
  endfacet
  facet normal 0 0 1
    outer loop
      vertex -115.181 27 12.7
      vertex -115.181 26.99 12.7
      vertex -114.925 26.9732 12.7
    endloop
  endfacet
  facet normal 0 0 1
    outer loop
      vertex -115.181 27 12.7
      vertex -115.437 26.9732 12.7
      vertex -115.181 26.99 12.7
    endloop
  endfacet
  facet normal -0 0 1
    outer loop
      vertex -115.442 26.9829 12.7
      vertex -115.437 26.9732 12.7
      vertex -115.181 27 12.7
    endloop
  endfacet
  facet normal 0 0 1
    outer loop
      vertex -115.437 26.9732 12.7
      vertex -115.442 26.9829 12.7
      vertex -115.441 26.973 12.7
    endloop
  endfacet
  facet normal 0 0 1
    outer loop
      vertex -115.442 26.9829 12.7
      vertex -115.692 26.923 12.7
      vertex -115.441 26.973 12.7
    endloop
  endfacet
  facet normal -0 0 1
    outer loop
      vertex -115.699 26.9319 12.7
      vertex -115.692 26.923 12.7
      vertex -115.442 26.9829 12.7
    endloop
  endfacet
  facet normal 0 0 1
    outer loop
      vertex -115.692 26.923 12.7
      vertex -115.699 26.9319 12.7
      vertex -115.696 26.9222 12.7
    endloop
  endfacet
  facet normal 0 0 1
    outer loop
      vertex -115.699 26.9319 12.7
      vertex -115.7 26.9209 12.7
      vertex -115.696 26.9222 12.7
    endloop
  endfacet
  facet normal 0 0 1
    outer loop
      vertex -115.946 26.8478 12.7
      vertex -115.7 26.9209 12.7
      vertex -115.699 26.9319 12.7
    endloop
  endfacet
  facet normal 0 0 1
    outer loop
      vertex -115.7 26.9209 12.7
      vertex -115.946 26.8478 12.7
      vertex -115.942 26.8385 12.7
    endloop
  endfacet
  facet normal 0 0 1
    outer loop
      vertex -115.946 26.8478 12.7
      vertex -115.946 26.8368 12.7
      vertex -115.942 26.8385 12.7
    endloop
  endfacet
  facet normal 0 0 1
    outer loop
      vertex -116.181 26.732 12.7
      vertex -115.946 26.8368 12.7
      vertex -115.946 26.8478 12.7
    endloop
  endfacet
  facet normal 0 0 1
    outer loop
      vertex -115.946 26.8368 12.7
      vertex -116.181 26.732 12.7
      vertex -116.176 26.7234 12.7
    endloop
  endfacet
  facet normal 0 0 1
    outer loop
      vertex -116.181 26.732 12.7
      vertex -116.389 26.581 12.7
      vertex -116.176 26.7234 12.7
    endloop
  endfacet
  facet normal -0 0 1
    outer loop
      vertex -116.398 26.5867 12.7
      vertex -116.389 26.581 12.7
      vertex -116.181 26.732 12.7
    endloop
  endfacet
  facet normal 0 0 1
    outer loop
      vertex -116.389 26.581 12.7
      vertex -116.398 26.5867 12.7
      vertex -116.392 26.5788 12.7
    endloop
  endfacet
  facet normal 0 0 1
    outer loop
      vertex -116.398 26.5867 12.7
      vertex -116.395 26.5762 12.7
      vertex -116.392 26.5788 12.7
    endloop
  endfacet
  facet normal 0 0 1
    outer loop
      vertex -116.595 26.4142 12.7
      vertex -116.395 26.5762 12.7
      vertex -116.398 26.5867 12.7
    endloop
  endfacet
  facet normal 0 0 1
    outer loop
      vertex -116.395 26.5762 12.7
      vertex -116.595 26.4142 12.7
      vertex -116.588 26.4071 12.7
    endloop
  endfacet
  facet normal 0 0 1
    outer loop
      vertex -116.595 26.4142 12.7
      vertex -116.757 26.2144 12.7
      vertex -116.588 26.4071 12.7
    endloop
  endfacet
  facet normal -0 0 1
    outer loop
      vertex -116.768 26.2175 12.7
      vertex -116.757 26.2144 12.7
      vertex -116.595 26.4142 12.7
    endloop
  endfacet
  facet normal 0 0 1
    outer loop
      vertex -116.757 26.2144 12.7
      vertex -116.768 26.2175 12.7
      vertex -116.76 26.2114 12.7
    endloop
  endfacet
  facet normal 0 0 1
    outer loop
      vertex -116.768 26.2175 12.7
      vertex -116.762 26.2082 12.7
      vertex -116.76 26.2114 12.7
    endloop
  endfacet
  facet normal 0 0 1
    outer loop
      vertex -116.913 26 12.7
      vertex -116.762 26.2082 12.7
      vertex -116.768 26.2175 12.7
    endloop
  endfacet
  facet normal 0 0 1
    outer loop
      vertex -116.762 26.2082 12.7
      vertex -116.913 26 12.7
      vertex -116.904 25.995 12.7
    endloop
  endfacet
  facet normal 0 0 1
    outer loop
      vertex -116.913 26 12.7
      vertex -117.018 25.7651 12.7
      vertex -116.904 25.995 12.7
    endloop
  endfacet
  facet normal -0 0 1
    outer loop
      vertex -117.029 25.7654 12.7
      vertex -117.018 25.7651 12.7
      vertex -116.913 26 12.7
    endloop
  endfacet
  facet normal 0 0 1
    outer loop
      vertex -117.018 25.7651 12.7
      vertex -117.029 25.7654 12.7
      vertex -117.019 25.7615 12.7
    endloop
  endfacet
  facet normal 0 0 1
    outer loop
      vertex -117.029 25.7654 12.7
      vertex -117.102 25.5188 12.7
      vertex -117.019 25.7615 12.7
    endloop
  endfacet
  facet normal 0 0 1
    outer loop
      vertex -117.113 25.5176 12.7
      vertex -117.102 25.5188 12.7
      vertex -117.029 25.7654 12.7
    endloop
  endfacet
  facet normal 0 0 1
    outer loop
      vertex -117.102 25.5188 12.7
      vertex -117.113 25.5176 12.7
      vertex -117.103 25.515 12.7
    endloop
  endfacet
  facet normal 0 0 1
    outer loop
      vertex -117.113 25.5176 12.7
      vertex -117.104 25.5112 12.7
      vertex -117.103 25.515 12.7
    endloop
  endfacet
  facet normal 0 0 1
    outer loop
      vertex -117.164 25.2611 12.7
      vertex -117.104 25.5112 12.7
      vertex -117.113 25.5176 12.7
    endloop
  endfacet
  facet normal 0 0 1
    outer loop
      vertex -117.104 25.5112 12.7
      vertex -117.164 25.2611 12.7
      vertex -117.154 25.2597 12.7
    endloop
  endfacet
  facet normal 0 0 1
    outer loop
      vertex -117.164 25.2611 12.7
      vertex -117.154 25.2558 12.7
      vertex -117.154 25.2597 12.7
    endloop
  endfacet
  facet normal 0 0 1
    outer loop
      vertex -117.181 25 12.7
      vertex -117.154 25.2558 12.7
      vertex -117.164 25.2611 12.7
    endloop
  endfacet
  facet normal 0 0 1
    outer loop
      vertex -117.154 25.2558 12.7
      vertex -117.181 25 12.7
      vertex -117.171 25 12.7
    endloop
  endfacet
  facet normal 0 0 1
    outer loop
      vertex -113.208 24.7442 12.7
      vertex -113.181 25 12.7
      vertex -113.191 25 12.7
    endloop
  endfacet
  facet normal 0 0 1
    outer loop
      vertex -113.181 25 12.7
      vertex -113.208 24.7442 12.7
      vertex -113.198 24.7389 12.7
    endloop
  endfacet
  facet normal -0 0 1
    outer loop
      vertex -113.208 24.7403 12.7
      vertex -113.198 24.7389 12.7
      vertex -113.208 24.7442 12.7
    endloop
  endfacet
  facet normal 0 0 1
    outer loop
      vertex -113.258 24.4888 12.7
      vertex -113.198 24.7389 12.7
      vertex -113.208 24.7403 12.7
    endloop
  endfacet
  facet normal 0 0 1
    outer loop
      vertex -113.198 24.7389 12.7
      vertex -113.258 24.4888 12.7
      vertex -113.249 24.4824 12.7
    endloop
  endfacet
  facet normal -0 0 1
    outer loop
      vertex -113.259 24.485 12.7
      vertex -113.249 24.4824 12.7
      vertex -113.258 24.4888 12.7
    endloop
  endfacet
  facet normal 0 0 1
    outer loop
      vertex -113.26 24.4812 12.7
      vertex -113.249 24.4824 12.7
      vertex -113.259 24.485 12.7
    endloop
  endfacet
  facet normal -0 0 1
    outer loop
      vertex -113.26 24.4812 12.7
      vertex -113.333 24.2346 12.7
      vertex -113.249 24.4824 12.7
    endloop
  endfacet
  facet normal -0 0 1
    outer loop
      vertex -113.342 24.2385 12.7
      vertex -113.333 24.2346 12.7
      vertex -113.26 24.4812 12.7
    endloop
  endfacet
  facet normal -0 0 1
    outer loop
      vertex -113.344 24.2349 12.7
      vertex -113.333 24.2346 12.7
      vertex -113.342 24.2385 12.7
    endloop
  endfacet
  facet normal 0 0 1
    outer loop
      vertex -113.344 24.2349 12.7
      vertex -113.449 24 12.7
      vertex -113.333 24.2346 12.7
    endloop
  endfacet
  facet normal -0 0 1
    outer loop
      vertex -113.458 24.005 12.7
      vertex -113.449 24 12.7
      vertex -113.344 24.2349 12.7
    endloop
  endfacet
  facet normal 0 0 1
    outer loop
      vertex -113.6 23.7918 12.7
      vertex -113.449 24 12.7
      vertex -113.458 24.005 12.7
    endloop
  endfacet
  facet normal 0 0 1
    outer loop
      vertex -113.449 24 12.7
      vertex -113.6 23.7918 12.7
      vertex -113.594 23.7825 12.7
    endloop
  endfacet
  facet normal -0 0 1
    outer loop
      vertex -113.602 23.7886 12.7
      vertex -113.594 23.7825 12.7
      vertex -113.6 23.7918 12.7
    endloop
  endfacet
  facet normal -0 0 1
    outer loop
      vertex -113.605 23.7856 12.7
      vertex -113.594 23.7825 12.7
      vertex -113.602 23.7886 12.7
    endloop
  endfacet
  facet normal 0 0 1
    outer loop
      vertex -113.605 23.7856 12.7
      vertex -113.767 23.5858 12.7
      vertex -113.594 23.7825 12.7
    endloop
  endfacet
  facet normal -0 0 1
    outer loop
      vertex -113.774 23.5929 12.7
      vertex -113.767 23.5858 12.7
      vertex -113.605 23.7856 12.7
    endloop
  endfacet
  facet normal 0 0 1
    outer loop
      vertex -113.967 23.4238 12.7
      vertex -113.767 23.5858 12.7
      vertex -113.774 23.5929 12.7
    endloop
  endfacet
  facet normal 0 0 1
    outer loop
      vertex -113.767 23.5858 12.7
      vertex -113.967 23.4238 12.7
      vertex -113.963 23.4133 12.7
    endloop
  endfacet
  facet normal -0 0 1
    outer loop
      vertex -113.969 23.4212 12.7
      vertex -113.963 23.4133 12.7
      vertex -113.967 23.4238 12.7
    endloop
  endfacet
  facet normal -0 0 1
    outer loop
      vertex -113.973 23.419 12.7
      vertex -113.963 23.4133 12.7
      vertex -113.969 23.4212 12.7
    endloop
  endfacet
  facet normal 0 0 1
    outer loop
      vertex -113.973 23.419 12.7
      vertex -114.181 23.268 12.7
      vertex -113.963 23.4133 12.7
    endloop
  endfacet
  facet normal -0 0 1
    outer loop
      vertex -114.186 23.2766 12.7
      vertex -114.181 23.268 12.7
      vertex -113.973 23.419 12.7
    endloop
  endfacet
  facet normal 0 0 1
    outer loop
      vertex -114.416 23.1632 12.7
      vertex -114.181 23.268 12.7
      vertex -114.186 23.2766 12.7
    endloop
  endfacet
  facet normal 0 0 1
    outer loop
      vertex -114.181 23.268 12.7
      vertex -114.416 23.1632 12.7
      vertex -114.416 23.1522 12.7
    endloop
  endfacet
  facet normal -0 0 1
    outer loop
      vertex -114.419 23.1615 12.7
      vertex -114.416 23.1522 12.7
      vertex -114.416 23.1632 12.7
    endloop
  endfacet
  facet normal 0 0 1
    outer loop
      vertex -114.662 23.0791 12.7
      vertex -114.416 23.1522 12.7
      vertex -114.419 23.1615 12.7
    endloop
  endfacet
  facet normal -0 0 1
    outer loop
      vertex -114.662 23.0791 12.7
      vertex -114.663 23.0681 12.7
      vertex -114.416 23.1522 12.7
    endloop
  endfacet
  facet normal -0 0 1
    outer loop
      vertex -114.666 23.0778 12.7
      vertex -114.663 23.0681 12.7
      vertex -114.662 23.0791 12.7
    endloop
  endfacet
  facet normal -0 0 1
    outer loop
      vertex -114.67 23.077 12.7
      vertex -114.663 23.0681 12.7
      vertex -114.666 23.0778 12.7
    endloop
  endfacet
  facet normal 0 0 1
    outer loop
      vertex -114.67 23.077 12.7
      vertex -114.92 23.0171 12.7
      vertex -114.663 23.0681 12.7
    endloop
  endfacet
  facet normal -0 0 1
    outer loop
      vertex -114.921 23.027 12.7
      vertex -114.92 23.0171 12.7
      vertex -114.67 23.077 12.7
    endloop
  endfacet
  facet normal -0 0 1
    outer loop
      vertex -114.925 23.0268 12.7
      vertex -114.92 23.0171 12.7
      vertex -114.921 23.027 12.7
    endloop
  endfacet
  facet normal 0 0 1
    outer loop
      vertex -115.181 23 12.7
      vertex -114.925 23.0268 12.7
      vertex -115.181 23.01 12.7
    endloop
  endfacet
  facet normal 0 0 1
    outer loop
      vertex -114.925 23.0268 12.7
      vertex -115.181 23 12.7
      vertex -114.92 23.0171 12.7
    endloop
  endfacet
  facet normal 0 0 1
    outer loop
      vertex -115.437 23.0268 12.7
      vertex -115.181 23 12.7
      vertex -115.181 23.01 12.7
    endloop
  endfacet
  facet normal 0 0 1
    outer loop
      vertex -115.442 23.0171 12.7
      vertex -115.437 23.0268 12.7
      vertex -115.441 23.027 12.7
    endloop
  endfacet
  facet normal 0 0 1
    outer loop
      vertex -115.437 23.0268 12.7
      vertex -115.442 23.0171 12.7
      vertex -115.181 23 12.7
    endloop
  endfacet
  facet normal 0 0 1
    outer loop
      vertex -115.692 23.077 12.7
      vertex -115.442 23.0171 12.7
      vertex -115.441 23.027 12.7
    endloop
  endfacet
  facet normal 0 0 1
    outer loop
      vertex -115.699 23.0681 12.7
      vertex -115.692 23.077 12.7
      vertex -115.696 23.0778 12.7
    endloop
  endfacet
  facet normal 0 0 1
    outer loop
      vertex -115.692 23.077 12.7
      vertex -115.699 23.0681 12.7
      vertex -115.442 23.0171 12.7
    endloop
  endfacet
  facet normal 0 0 1
    outer loop
      vertex -115.7 23.0791 12.7
      vertex -115.699 23.0681 12.7
      vertex -115.696 23.0778 12.7
    endloop
  endfacet
  facet normal -0 0 1
    outer loop
      vertex -115.946 23.1522 12.7
      vertex -115.7 23.0791 12.7
      vertex -115.942 23.1615 12.7
    endloop
  endfacet
  facet normal 0 0 1
    outer loop
      vertex -115.7 23.0791 12.7
      vertex -115.946 23.1522 12.7
      vertex -115.699 23.0681 12.7
    endloop
  endfacet
  facet normal 0 0 1
    outer loop
      vertex -115.946 23.1632 12.7
      vertex -115.946 23.1522 12.7
      vertex -115.942 23.1615 12.7
    endloop
  endfacet
  facet normal -0 0 1
    outer loop
      vertex -116.181 23.268 12.7
      vertex -115.946 23.1632 12.7
      vertex -116.176 23.2766 12.7
    endloop
  endfacet
  facet normal 0 0 1
    outer loop
      vertex -115.946 23.1632 12.7
      vertex -116.181 23.268 12.7
      vertex -115.946 23.1522 12.7
    endloop
  endfacet
  facet normal 0 0 1
    outer loop
      vertex -116.389 23.419 12.7
      vertex -116.181 23.268 12.7
      vertex -116.176 23.2766 12.7
    endloop
  endfacet
  facet normal 0 0 1
    outer loop
      vertex -116.398 23.4133 12.7
      vertex -116.389 23.419 12.7
      vertex -116.392 23.4212 12.7
    endloop
  endfacet
  facet normal 0 0 1
    outer loop
      vertex -116.389 23.419 12.7
      vertex -116.398 23.4133 12.7
      vertex -116.181 23.268 12.7
    endloop
  endfacet
  facet normal 0 0 1
    outer loop
      vertex -116.395 23.4238 12.7
      vertex -116.398 23.4133 12.7
      vertex -116.392 23.4212 12.7
    endloop
  endfacet
  facet normal -0 0 1
    outer loop
      vertex -116.595 23.5858 12.7
      vertex -116.395 23.4238 12.7
      vertex -116.588 23.5929 12.7
    endloop
  endfacet
  facet normal 0 0 1
    outer loop
      vertex -116.395 23.4238 12.7
      vertex -116.595 23.5858 12.7
      vertex -116.398 23.4133 12.7
    endloop
  endfacet
  facet normal 0 0 1
    outer loop
      vertex -116.757 23.7856 12.7
      vertex -116.595 23.5858 12.7
      vertex -116.588 23.5929 12.7
    endloop
  endfacet
  facet normal 0 0 1
    outer loop
      vertex -116.768 23.7825 12.7
      vertex -116.757 23.7856 12.7
      vertex -116.76 23.7886 12.7
    endloop
  endfacet
  facet normal 0 0 1
    outer loop
      vertex -116.757 23.7856 12.7
      vertex -116.768 23.7825 12.7
      vertex -116.595 23.5858 12.7
    endloop
  endfacet
  facet normal 0 0 1
    outer loop
      vertex -116.762 23.7918 12.7
      vertex -116.768 23.7825 12.7
      vertex -116.76 23.7886 12.7
    endloop
  endfacet
  facet normal -0 0 1
    outer loop
      vertex -116.913 24 12.7
      vertex -116.762 23.7918 12.7
      vertex -116.904 24.005 12.7
    endloop
  endfacet
  facet normal 0 0 1
    outer loop
      vertex -116.762 23.7918 12.7
      vertex -116.913 24 12.7
      vertex -116.768 23.7825 12.7
    endloop
  endfacet
  facet normal 0 0 1
    outer loop
      vertex -117.018 24.2349 12.7
      vertex -116.913 24 12.7
      vertex -116.904 24.005 12.7
    endloop
  endfacet
  facet normal 0 0 1
    outer loop
      vertex -117.029 24.2346 12.7
      vertex -117.018 24.2349 12.7
      vertex -117.019 24.2385 12.7
    endloop
  endfacet
  facet normal 0 0 1
    outer loop
      vertex -117.018 24.2349 12.7
      vertex -117.029 24.2346 12.7
      vertex -116.913 24 12.7
    endloop
  endfacet
  facet normal 0 0 1
    outer loop
      vertex -117.102 24.4812 12.7
      vertex -117.029 24.2346 12.7
      vertex -117.019 24.2385 12.7
    endloop
  endfacet
  facet normal -0 0 1
    outer loop
      vertex -117.113 24.4824 12.7
      vertex -117.102 24.4812 12.7
      vertex -117.103 24.485 12.7
    endloop
  endfacet
  facet normal 0 0 1
    outer loop
      vertex -117.102 24.4812 12.7
      vertex -117.113 24.4824 12.7
      vertex -117.029 24.2346 12.7
    endloop
  endfacet
  facet normal 0 0 1
    outer loop
      vertex -117.104 24.4888 12.7
      vertex -117.113 24.4824 12.7
      vertex -117.103 24.485 12.7
    endloop
  endfacet
  facet normal -0 0 1
    outer loop
      vertex -117.164 24.7389 12.7
      vertex -117.104 24.4888 12.7
      vertex -117.154 24.7403 12.7
    endloop
  endfacet
  facet normal 0 0 1
    outer loop
      vertex -117.104 24.4888 12.7
      vertex -117.164 24.7389 12.7
      vertex -117.113 24.4824 12.7
    endloop
  endfacet
  facet normal 0 0 1
    outer loop
      vertex -117.154 24.7442 12.7
      vertex -117.164 24.7389 12.7
      vertex -117.154 24.7403 12.7
    endloop
  endfacet
  facet normal -0 0 1
    outer loop
      vertex -117.181 25 12.7
      vertex -117.154 24.7442 12.7
      vertex -117.171 25 12.7
    endloop
  endfacet
  facet normal 0 0 1
    outer loop
      vertex -117.154 24.7442 12.7
      vertex -117.181 25 12.7
      vertex -117.164 24.7389 12.7
    endloop
  endfacet
  facet normal -0.706327 0.0469412 0.706327
    outer loop
      vertex -117.171 25 12.7
      vertex -116.681 25 13.19
      vertex -117.154 25.2558 12.7
    endloop
  endfacet
  facet normal -0.634547 0.313668 0.706373
    outer loop
      vertex -117.018 25.7651 12.7
      vertex -116.567 25.574 13.19
      vertex -116.48 25.75 13.19
    endloop
  endfacet
  facet normal -0.684311 0.190086 0.703979
    outer loop
      vertex -116.567 25.574 13.19
      vertex -117.018 25.7651 12.7
      vertex -117.019 25.7615 12.7
    endloop
  endfacet
  facet normal 0.532417 0.466936 0.706047
    outer loop
      vertex -114.12 26.0607 13.19
      vertex -113.605 26.2144 12.7
      vertex -113.774 26.4071 12.7
    endloop
  endfacet
  facet normal 0.670463 -0.226526 0.706517
    outer loop
      vertex -113.795 24.426 13.19
      vertex -113.342 24.2385 12.7
      vertex -113.26 24.4812 12.7
    endloop
  endfacet
  facet normal -0.313094 -0.634845 0.706359
    outer loop
      vertex -115.946 23.1632 12.7
      vertex -115.755 23.6142 13.19
      vertex -115.931 23.701 13.19
    endloop
  endfacet
  facet normal -0.276641 -0.65092 0.706946
    outer loop
      vertex -115.755 23.6142 13.19
      vertex -115.946 23.1632 12.7
      vertex -115.942 23.1615 12.7
    endloop
  endfacet
  facet normal -0.466671 0.532629 0.706063
    outer loop
      vertex -116.588 26.4071 12.7
      vertex -116.242 26.0607 13.19
      vertex -116.395 26.5762 12.7
    endloop
  endfacet
  facet normal -0.634547 -0.313668 0.706373
    outer loop
      vertex -116.567 24.426 13.19
      vertex -117.018 24.2349 12.7
      vertex -116.48 24.25 13.19
    endloop
  endfacet
  facet normal -0.684311 -0.190086 0.703979
    outer loop
      vertex -117.018 24.2349 12.7
      vertex -116.567 24.426 13.19
      vertex -117.019 24.2385 12.7
    endloop
  endfacet
  facet normal -0.589297 -0.392496 0.70617
    outer loop
      vertex -116.904 24.005 12.7
      vertex -116.762 23.7918 12.7
      vertex -116.48 24.25 13.19
    endloop
  endfacet
  facet normal 0.670463 0.226526 0.706517
    outer loop
      vertex -113.795 25.574 13.19
      vertex -113.26 25.5188 12.7
      vertex -113.342 25.7615 12.7
    endloop
  endfacet
  facet normal -0.393462 -0.588388 0.70639
    outer loop
      vertex -116.094 23.81 13.19
      vertex -116.389 23.419 12.7
      vertex -115.931 23.701 13.19
    endloop
  endfacet
  facet normal -0.418261 -0.570356 0.706931
    outer loop
      vertex -116.389 23.419 12.7
      vertex -116.094 23.81 13.19
      vertex -116.392 23.4212 12.7
    endloop
  endfacet
  facet normal -0.465759 -0.53312 0.706294
    outer loop
      vertex -116.395 23.4238 12.7
      vertex -116.094 23.81 13.19
      vertex -116.242 23.9393 13.19
    endloop
  endfacet
  facet normal -0.463588 -0.534909 0.706371
    outer loop
      vertex -116.094 23.81 13.19
      vertex -116.395 23.4238 12.7
      vertex -116.392 23.4212 12.7
    endloop
  endfacet
  facet normal -0.463588 0.534909 0.706371
    outer loop
      vertex -116.395 26.5762 12.7
      vertex -116.094 26.19 13.19
      vertex -116.392 26.5788 12.7
    endloop
  endfacet
  facet normal -0.465759 0.53312 0.706294
    outer loop
      vertex -116.094 26.19 13.19
      vertex -116.395 26.5762 12.7
      vertex -116.242 26.0607 13.19
    endloop
  endfacet
  facet normal 0.589297 -0.392496 0.70617
    outer loop
      vertex -113.882 24.25 13.19
      vertex -113.6 23.7918 12.7
      vertex -113.458 24.005 12.7
    endloop
  endfacet
  facet normal -0.228193 0.670179 0.706249
    outer loop
      vertex -115.942 26.8385 12.7
      vertex -115.755 26.3858 13.19
      vertex -115.7 26.9209 12.7
    endloop
  endfacet
  facet normal -0.313015 -0.634864 0.706378
    outer loop
      vertex -116.176 23.2766 12.7
      vertex -115.946 23.1632 12.7
      vertex -115.931 23.701 13.19
    endloop
  endfacet
  facet normal -0.634337 -0.314548 0.70617
    outer loop
      vertex -117.018 24.2349 12.7
      vertex -116.904 24.005 12.7
      vertex -116.48 24.25 13.19
    endloop
  endfacet
  facet normal 0 0 1
    outer loop
      vertex -113.694 25.1958 13.19
      vertex -113.694 24.8042 13.19
      vertex -113.681 25 13.19
    endloop
  endfacet
  facet normal 0 0 1
    outer loop
      vertex -113.732 25.3882 13.19
      vertex -113.694 24.8042 13.19
      vertex -113.694 25.1958 13.19
    endloop
  endfacet
  facet normal 0 0 1
    outer loop
      vertex -113.732 25.3882 13.19
      vertex -113.732 24.6118 13.19
      vertex -113.694 24.8042 13.19
    endloop
  endfacet
  facet normal 0 0 1
    outer loop
      vertex -113.795 25.574 13.19
      vertex -113.732 24.6118 13.19
      vertex -113.732 25.3882 13.19
    endloop
  endfacet
  facet normal 0 0 1
    outer loop
      vertex -113.795 25.574 13.19
      vertex -113.795 24.426 13.19
      vertex -113.732 24.6118 13.19
    endloop
  endfacet
  facet normal 0 0 1
    outer loop
      vertex -113.882 25.75 13.19
      vertex -113.795 24.426 13.19
      vertex -113.795 25.574 13.19
    endloop
  endfacet
  facet normal 0 0 1
    outer loop
      vertex -113.882 25.75 13.19
      vertex -113.882 24.25 13.19
      vertex -113.795 24.426 13.19
    endloop
  endfacet
  facet normal 0 0 1
    outer loop
      vertex -113.991 25.9131 13.19
      vertex -113.882 24.25 13.19
      vertex -113.882 25.75 13.19
    endloop
  endfacet
  facet normal 0 0 1
    outer loop
      vertex -113.991 25.9131 13.19
      vertex -113.991 24.0869 13.19
      vertex -113.882 24.25 13.19
    endloop
  endfacet
  facet normal 0 0 1
    outer loop
      vertex -114.12 26.0607 13.19
      vertex -113.991 24.0869 13.19
      vertex -113.991 25.9131 13.19
    endloop
  endfacet
  facet normal 0 0 1
    outer loop
      vertex -114.12 26.0607 13.19
      vertex -114.12 23.9393 13.19
      vertex -113.991 24.0869 13.19
    endloop
  endfacet
  facet normal 0 0 1
    outer loop
      vertex -114.268 26.19 13.19
      vertex -114.12 23.9393 13.19
      vertex -114.12 26.0607 13.19
    endloop
  endfacet
  facet normal 0 0 1
    outer loop
      vertex -114.268 26.19 13.19
      vertex -114.268 23.81 13.19
      vertex -114.12 23.9393 13.19
    endloop
  endfacet
  facet normal 0 0 1
    outer loop
      vertex -114.431 26.299 13.19
      vertex -114.268 23.81 13.19
      vertex -114.268 26.19 13.19
    endloop
  endfacet
  facet normal 0 0 1
    outer loop
      vertex -114.431 26.299 13.19
      vertex -114.431 23.701 13.19
      vertex -114.268 23.81 13.19
    endloop
  endfacet
  facet normal 0 0 1
    outer loop
      vertex -114.607 26.3858 13.19
      vertex -114.431 23.701 13.19
      vertex -114.431 26.299 13.19
    endloop
  endfacet
  facet normal 0 0 1
    outer loop
      vertex -114.607 26.3858 13.19
      vertex -114.607 23.6142 13.19
      vertex -114.431 23.701 13.19
    endloop
  endfacet
  facet normal 0 0 1
    outer loop
      vertex -114.793 26.4489 13.19
      vertex -114.607 23.6142 13.19
      vertex -114.607 26.3858 13.19
    endloop
  endfacet
  facet normal 0 0 1
    outer loop
      vertex -114.793 26.4489 13.19
      vertex -114.793 23.5511 13.19
      vertex -114.607 23.6142 13.19
    endloop
  endfacet
  facet normal 0 0 1
    outer loop
      vertex -114.985 26.4872 13.19
      vertex -114.793 23.5511 13.19
      vertex -114.793 26.4489 13.19
    endloop
  endfacet
  facet normal 0 0 1
    outer loop
      vertex -114.985 26.4872 13.19
      vertex -114.985 23.5128 13.19
      vertex -114.793 23.5511 13.19
    endloop
  endfacet
  facet normal 0 0 1
    outer loop
      vertex -115.181 26.5 13.19
      vertex -114.985 23.5128 13.19
      vertex -114.985 26.4872 13.19
    endloop
  endfacet
  facet normal 0 0 1
    outer loop
      vertex -115.181 26.5 13.19
      vertex -115.181 23.5 13.19
      vertex -114.985 23.5128 13.19
    endloop
  endfacet
  facet normal -0 0 1
    outer loop
      vertex -115.377 26.4872 13.19
      vertex -115.181 23.5 13.19
      vertex -115.181 26.5 13.19
    endloop
  endfacet
  facet normal 0 0 1
    outer loop
      vertex -115.377 26.4872 13.19
      vertex -115.377 23.5128 13.19
      vertex -115.181 23.5 13.19
    endloop
  endfacet
  facet normal -0 0 1
    outer loop
      vertex -115.569 26.4489 13.19
      vertex -115.377 23.5128 13.19
      vertex -115.377 26.4872 13.19
    endloop
  endfacet
  facet normal 0 0 1
    outer loop
      vertex -115.569 26.4489 13.19
      vertex -115.569 23.5511 13.19
      vertex -115.377 23.5128 13.19
    endloop
  endfacet
  facet normal -0 0 1
    outer loop
      vertex -115.755 26.3858 13.19
      vertex -115.569 23.5511 13.19
      vertex -115.569 26.4489 13.19
    endloop
  endfacet
  facet normal 0 0 1
    outer loop
      vertex -115.755 26.3858 13.19
      vertex -115.755 23.6142 13.19
      vertex -115.569 23.5511 13.19
    endloop
  endfacet
  facet normal -0 0 1
    outer loop
      vertex -115.931 26.299 13.19
      vertex -115.755 23.6142 13.19
      vertex -115.755 26.3858 13.19
    endloop
  endfacet
  facet normal 0 0 1
    outer loop
      vertex -115.931 26.299 13.19
      vertex -115.931 23.701 13.19
      vertex -115.755 23.6142 13.19
    endloop
  endfacet
  facet normal -0 0 1
    outer loop
      vertex -116.094 26.19 13.19
      vertex -115.931 23.701 13.19
      vertex -115.931 26.299 13.19
    endloop
  endfacet
  facet normal 0 0 1
    outer loop
      vertex -116.094 26.19 13.19
      vertex -116.094 23.81 13.19
      vertex -115.931 23.701 13.19
    endloop
  endfacet
  facet normal -0 0 1
    outer loop
      vertex -116.242 26.0607 13.19
      vertex -116.094 23.81 13.19
      vertex -116.094 26.19 13.19
    endloop
  endfacet
  facet normal 0 0 1
    outer loop
      vertex -116.242 26.0607 13.19
      vertex -116.242 23.9393 13.19
      vertex -116.094 23.81 13.19
    endloop
  endfacet
  facet normal -0 0 1
    outer loop
      vertex -116.371 25.9131 13.19
      vertex -116.242 23.9393 13.19
      vertex -116.242 26.0607 13.19
    endloop
  endfacet
  facet normal 0 0 1
    outer loop
      vertex -116.371 25.9131 13.19
      vertex -116.371 24.0869 13.19
      vertex -116.242 23.9393 13.19
    endloop
  endfacet
  facet normal -0 0 1
    outer loop
      vertex -116.48 25.75 13.19
      vertex -116.371 24.0869 13.19
      vertex -116.371 25.9131 13.19
    endloop
  endfacet
  facet normal 0 0 1
    outer loop
      vertex -116.48 25.75 13.19
      vertex -116.48 24.25 13.19
      vertex -116.371 24.0869 13.19
    endloop
  endfacet
  facet normal -0 0 1
    outer loop
      vertex -116.567 25.574 13.19
      vertex -116.48 24.25 13.19
      vertex -116.48 25.75 13.19
    endloop
  endfacet
  facet normal 0 0 1
    outer loop
      vertex -116.567 25.574 13.19
      vertex -116.567 24.426 13.19
      vertex -116.48 24.25 13.19
    endloop
  endfacet
  facet normal -0 0 1
    outer loop
      vertex -116.63 25.3882 13.19
      vertex -116.567 24.426 13.19
      vertex -116.567 25.574 13.19
    endloop
  endfacet
  facet normal 0 0 1
    outer loop
      vertex -116.63 25.3882 13.19
      vertex -116.63 24.6118 13.19
      vertex -116.567 24.426 13.19
    endloop
  endfacet
  facet normal -0 0 1
    outer loop
      vertex -116.668 25.1958 13.19
      vertex -116.63 24.6118 13.19
      vertex -116.63 25.3882 13.19
    endloop
  endfacet
  facet normal 0 0 1
    outer loop
      vertex -116.668 25.1958 13.19
      vertex -116.668 24.8042 13.19
      vertex -116.63 24.6118 13.19
    endloop
  endfacet
  facet normal 0 -0 1
    outer loop
      vertex -116.668 24.8042 13.19
      vertex -116.668 25.1958 13.19
      vertex -116.681 25 13.19
    endloop
  endfacet
  facet normal -0.589297 0.392496 0.70617
    outer loop
      vertex -116.904 25.995 12.7
      vertex -116.48 25.75 13.19
      vertex -116.762 26.2082 12.7
    endloop
  endfacet
  facet normal -0.694149 0.138002 0.706479
    outer loop
      vertex -117.154 25.2597 12.7
      vertex -116.668 25.1958 13.19
      vertex -117.104 25.5112 12.7
    endloop
  endfacet
  facet normal 0.138293 0.69423 0.706342
    outer loop
      vertex -114.985 26.4872 13.19
      vertex -114.67 26.923 12.7
      vertex -114.921 26.973 12.7
    endloop
  endfacet
  facet normal 0.706327 0.0469412 0.706327
    outer loop
      vertex -113.681 25 13.19
      vertex -113.191 25 12.7
      vertex -113.208 25.2558 12.7
    endloop
  endfacet
  facet normal -0.533008 0.465841 0.706325
    outer loop
      vertex -116.757 26.2144 12.7
      vertex -116.371 25.9131 13.19
      vertex -116.242 26.0607 13.19
    endloop
  endfacet
  facet normal -0.502048 0.502048 0.704199
    outer loop
      vertex -116.371 25.9131 13.19
      vertex -116.757 26.2144 12.7
      vertex -116.76 26.2114 12.7
    endloop
  endfacet
  facet normal 0.589297 0.392496 0.70617
    outer loop
      vertex -113.882 25.75 13.19
      vertex -113.458 25.995 12.7
      vertex -113.6 26.2082 12.7
    endloop
  endfacet
  facet normal 0.684037 0.18001 0.706887
    outer loop
      vertex -113.732 25.3882 13.19
      vertex -113.258 25.5112 12.7
      vertex -113.259 25.515 12.7
    endloop
  endfacet
  facet normal 0.694521 0.137171 0.706275
    outer loop
      vertex -113.258 25.5112 12.7
      vertex -113.732 25.3882 13.19
      vertex -113.694 25.1958 13.19
    endloop
  endfacet
  facet normal 0.313094 -0.634845 0.706359
    outer loop
      vertex -114.607 23.6142 13.19
      vertex -114.416 23.1632 12.7
      vertex -114.431 23.701 13.19
    endloop
  endfacet
  facet normal 0.349844 -0.617371 0.704601
    outer loop
      vertex -114.416 23.1632 12.7
      vertex -114.607 23.6142 13.19
      vertex -114.419 23.1615 12.7
    endloop
  endfacet
  facet normal -0.138469 0.694151 0.706385
    outer loop
      vertex -115.692 26.923 12.7
      vertex -115.569 26.4489 13.19
      vertex -115.377 26.4872 13.19
    endloop
  endfacet
  facet normal -0.138814 0.694072 0.706395
    outer loop
      vertex -115.569 26.4489 13.19
      vertex -115.692 26.923 12.7
      vertex -115.696 26.9222 12.7
    endloop
  endfacet
  facet normal -0.588471 -0.393276 0.706425
    outer loop
      vertex -116.762 23.7918 12.7
      vertex -116.371 24.0869 13.19
      vertex -116.48 24.25 13.19
    endloop
  endfacet
  facet normal -0.600869 -0.375543 0.705638
    outer loop
      vertex -116.371 24.0869 13.19
      vertex -116.762 23.7918 12.7
      vertex -116.76 23.7886 12.7
    endloop
  endfacet
  facet normal 0.684037 0.18001 0.706887
    outer loop
      vertex -113.26 25.5188 12.7
      vertex -113.732 25.3882 13.19
      vertex -113.259 25.515 12.7
    endloop
  endfacet
  facet normal 0.670382 0.227309 0.706341
    outer loop
      vertex -113.732 25.3882 13.19
      vertex -113.26 25.5188 12.7
      vertex -113.795 25.574 13.19
    endloop
  endfacet
  facet normal 0.694149 -0.138002 0.706479
    outer loop
      vertex -113.694 24.8042 13.19
      vertex -113.258 24.4888 12.7
      vertex -113.208 24.7403 12.7
    endloop
  endfacet
  facet normal 0.342593 0.622896 0.7033
    outer loop
      vertex -113.973 26.581 12.7
      vertex -114.268 26.19 13.19
      vertex -113.969 26.5788 12.7
    endloop
  endfacet
  facet normal 0.393462 0.588388 0.70639
    outer loop
      vertex -114.268 26.19 13.19
      vertex -113.973 26.581 12.7
      vertex -114.431 26.299 13.19
    endloop
  endfacet
  facet normal 0.532417 -0.466936 0.706047
    outer loop
      vertex -114.12 23.9393 13.19
      vertex -113.774 23.5929 12.7
      vertex -113.605 23.7856 12.7
    endloop
  endfacet
  facet normal -0.532417 0.466936 0.706047
    outer loop
      vertex -116.757 26.2144 12.7
      vertex -116.242 26.0607 13.19
      vertex -116.588 26.4071 12.7
    endloop
  endfacet
  facet normal 0.393405 0.588449 0.706371
    outer loop
      vertex -114.431 26.299 13.19
      vertex -113.973 26.581 12.7
      vertex -114.186 26.7234 12.7
    endloop
  endfacet
  facet normal -0.313015 0.634864 0.706378
    outer loop
      vertex -116.176 26.7234 12.7
      vertex -115.931 26.299 13.19
      vertex -115.946 26.8368 12.7
    endloop
  endfacet
  facet normal -0.670382 0.227309 0.706341
    outer loop
      vertex -117.102 25.5188 12.7
      vertex -116.63 25.3882 13.19
      vertex -116.567 25.574 13.19
    endloop
  endfacet
  facet normal -0.684037 0.18001 0.706887
    outer loop
      vertex -116.63 25.3882 13.19
      vertex -117.102 25.5188 12.7
      vertex -117.103 25.515 12.7
    endloop
  endfacet
  facet normal 0.466671 0.532629 0.706063
    outer loop
      vertex -114.12 26.0607 13.19
      vertex -113.774 26.4071 12.7
      vertex -113.967 26.5762 12.7
    endloop
  endfacet
  facet normal 0.706327 -0.0469412 0.706327
    outer loop
      vertex -113.681 25 13.19
      vertex -113.208 24.7442 12.7
      vertex -113.191 25 12.7
    endloop
  endfacet
  facet normal 0.227286 0.670272 0.706453
    outer loop
      vertex -114.662 26.9209 12.7
      vertex -114.607 26.3858 13.19
      vertex -114.419 26.8385 12.7
    endloop
  endfacet
  facet normal -0.706327 -0.0469412 0.706327
    outer loop
      vertex -117.171 25 12.7
      vertex -117.154 24.7442 12.7
      vertex -116.681 25 13.19
    endloop
  endfacet
  facet normal 0.694149 0.138002 0.706479
    outer loop
      vertex -113.694 25.1958 13.19
      vertex -113.208 25.2597 12.7
      vertex -113.258 25.5112 12.7
    endloop
  endfacet
  facet normal -0.634337 0.314548 0.70617
    outer loop
      vertex -117.018 25.7651 12.7
      vertex -116.48 25.75 13.19
      vertex -116.904 25.995 12.7
    endloop
  endfacet
  facet normal 0.138814 -0.694072 0.706395
    outer loop
      vertex -114.793 23.5511 13.19
      vertex -114.67 23.077 12.7
      vertex -114.666 23.0778 12.7
    endloop
  endfacet
  facet normal 0.138469 -0.694151 0.706385
    outer loop
      vertex -114.67 23.077 12.7
      vertex -114.793 23.5511 13.19
      vertex -114.985 23.5128 13.19
    endloop
  endfacet
  facet normal 0.466671 -0.532629 0.706063
    outer loop
      vertex -114.12 23.9393 13.19
      vertex -113.967 23.4238 12.7
      vertex -113.774 23.5929 12.7
    endloop
  endfacet
  facet normal -0.138469 -0.694151 0.706385
    outer loop
      vertex -115.569 23.5511 13.19
      vertex -115.692 23.077 12.7
      vertex -115.377 23.5128 13.19
    endloop
  endfacet
  facet normal -0.138814 -0.694072 0.706395
    outer loop
      vertex -115.692 23.077 12.7
      vertex -115.569 23.5511 13.19
      vertex -115.696 23.0778 12.7
    endloop
  endfacet
  facet normal -0.228193 -0.670179 0.706249
    outer loop
      vertex -115.942 23.1615 12.7
      vertex -115.7 23.0791 12.7
      vertex -115.755 23.6142 13.19
    endloop
  endfacet
  facet normal -0.393405 -0.588449 0.706371
    outer loop
      vertex -116.389 23.419 12.7
      vertex -116.176 23.2766 12.7
      vertex -115.931 23.701 13.19
    endloop
  endfacet
  facet normal 0.046354 0.706347 0.706347
    outer loop
      vertex -115.181 26.5 13.19
      vertex -114.925 26.9732 12.7
      vertex -115.181 26.99 12.7
    endloop
  endfacet
  facet normal -0.046354 0.706347 0.706347
    outer loop
      vertex -115.437 26.9732 12.7
      vertex -115.181 26.5 13.19
      vertex -115.181 26.99 12.7
    endloop
  endfacet
  facet normal -0.670188 -0.229195 0.705916
    outer loop
      vertex -117.102 24.4812 12.7
      vertex -117.019 24.2385 12.7
      vertex -116.567 24.426 13.19
    endloop
  endfacet
  facet normal 0.619985 -0.344436 0.70497
    outer loop
      vertex -113.795 24.426 13.19
      vertex -113.344 24.2349 12.7
      vertex -113.342 24.2385 12.7
    endloop
  endfacet
  facet normal 0.634547 -0.313668 0.706373
    outer loop
      vertex -113.344 24.2349 12.7
      vertex -113.795 24.426 13.19
      vertex -113.882 24.25 13.19
    endloop
  endfacet
  facet normal 0.138814 0.694072 0.706395
    outer loop
      vertex -114.67 26.923 12.7
      vertex -114.793 26.4489 13.19
      vertex -114.666 26.9222 12.7
    endloop
  endfacet
  facet normal 0.138469 0.694151 0.706385
    outer loop
      vertex -114.793 26.4489 13.19
      vertex -114.67 26.923 12.7
      vertex -114.985 26.4872 13.19
    endloop
  endfacet
  facet normal -0.670382 -0.227309 0.706341
    outer loop
      vertex -116.63 24.6118 13.19
      vertex -117.102 24.4812 12.7
      vertex -116.567 24.426 13.19
    endloop
  endfacet
  facet normal -0.684037 -0.18001 0.706887
    outer loop
      vertex -117.102 24.4812 12.7
      vertex -116.63 24.6118 13.19
      vertex -117.103 24.485 12.7
    endloop
  endfacet
  facet normal -0.218696 0.672909 0.706658
    outer loop
      vertex -115.7 26.9209 12.7
      vertex -115.569 26.4489 13.19
      vertex -115.696 26.9222 12.7
    endloop
  endfacet
  facet normal -0.227385 0.670262 0.706431
    outer loop
      vertex -115.569 26.4489 13.19
      vertex -115.7 26.9209 12.7
      vertex -115.755 26.3858 13.19
    endloop
  endfacet
  facet normal -0.466671 -0.532629 0.706063
    outer loop
      vertex -116.588 23.5929 12.7
      vertex -116.395 23.4238 12.7
      vertex -116.242 23.9393 13.19
    endloop
  endfacet
  facet normal 0.634337 0.314548 0.70617
    outer loop
      vertex -113.882 25.75 13.19
      vertex -113.344 25.7651 12.7
      vertex -113.458 25.995 12.7
    endloop
  endfacet
  facet normal 0.0353693 0.707386 0.705942
    outer loop
      vertex -114.925 26.9732 12.7
      vertex -114.985 26.4872 13.19
      vertex -114.921 26.973 12.7
    endloop
  endfacet
  facet normal 0.0461331 0.706413 0.706295
    outer loop
      vertex -114.985 26.4872 13.19
      vertex -114.925 26.9732 12.7
      vertex -115.181 26.5 13.19
    endloop
  endfacet
  facet normal 0.218696 0.672909 0.706658
    outer loop
      vertex -114.793 26.4489 13.19
      vertex -114.662 26.9209 12.7
      vertex -114.666 26.9222 12.7
    endloop
  endfacet
  facet normal 0.227385 0.670262 0.706431
    outer loop
      vertex -114.662 26.9209 12.7
      vertex -114.793 26.4489 13.19
      vertex -114.607 26.3858 13.19
    endloop
  endfacet
  facet normal -0.0461331 0.706413 0.706295
    outer loop
      vertex -115.437 26.9732 12.7
      vertex -115.377 26.4872 13.19
      vertex -115.181 26.5 13.19
    endloop
  endfacet
  facet normal -0.0353693 0.707386 0.705942
    outer loop
      vertex -115.377 26.4872 13.19
      vertex -115.437 26.9732 12.7
      vertex -115.441 26.973 12.7
    endloop
  endfacet
  facet normal 0.619985 0.344436 0.70497
    outer loop
      vertex -113.344 25.7651 12.7
      vertex -113.795 25.574 13.19
      vertex -113.342 25.7615 12.7
    endloop
  endfacet
  facet normal 0.634547 0.313668 0.706373
    outer loop
      vertex -113.795 25.574 13.19
      vertex -113.344 25.7651 12.7
      vertex -113.882 25.75 13.19
    endloop
  endfacet
  facet normal -0.0353693 -0.707386 0.705942
    outer loop
      vertex -115.437 23.0268 12.7
      vertex -115.377 23.5128 13.19
      vertex -115.441 23.027 12.7
    endloop
  endfacet
  facet normal -0.0461331 -0.706413 0.706295
    outer loop
      vertex -115.377 23.5128 13.19
      vertex -115.437 23.0268 12.7
      vertex -115.181 23.5 13.19
    endloop
  endfacet
  facet normal 0.0461331 -0.706413 0.706295
    outer loop
      vertex -114.925 23.0268 12.7
      vertex -114.985 23.5128 13.19
      vertex -115.181 23.5 13.19
    endloop
  endfacet
  facet normal 0.0353693 -0.707386 0.705942
    outer loop
      vertex -114.985 23.5128 13.19
      vertex -114.925 23.0268 12.7
      vertex -114.921 23.027 12.7
    endloop
  endfacet
  facet normal 0.342593 -0.622896 0.7033
    outer loop
      vertex -114.268 23.81 13.19
      vertex -113.973 23.419 12.7
      vertex -113.969 23.4212 12.7
    endloop
  endfacet
  facet normal 0.393462 -0.588388 0.70639
    outer loop
      vertex -113.973 23.419 12.7
      vertex -114.268 23.81 13.19
      vertex -114.431 23.701 13.19
    endloop
  endfacet
  facet normal 0.313015 -0.634864 0.706378
    outer loop
      vertex -114.431 23.701 13.19
      vertex -114.416 23.1632 12.7
      vertex -114.186 23.2766 12.7
    endloop
  endfacet
  facet normal 0.502048 -0.502048 0.704199
    outer loop
      vertex -113.991 24.0869 13.19
      vertex -113.605 23.7856 12.7
      vertex -113.602 23.7886 12.7
    endloop
  endfacet
  facet normal 0.533008 -0.465841 0.706325
    outer loop
      vertex -113.605 23.7856 12.7
      vertex -113.991 24.0869 13.19
      vertex -114.12 23.9393 13.19
    endloop
  endfacet
  facet normal 0.349844 0.617371 0.704601
    outer loop
      vertex -114.607 26.3858 13.19
      vertex -114.416 26.8368 12.7
      vertex -114.419 26.8385 12.7
    endloop
  endfacet
  facet normal 0.313094 0.634845 0.706359
    outer loop
      vertex -114.416 26.8368 12.7
      vertex -114.607 26.3858 13.19
      vertex -114.431 26.299 13.19
    endloop
  endfacet
  facet normal -0.393405 0.588449 0.706371
    outer loop
      vertex -116.389 26.581 12.7
      vertex -115.931 26.299 13.19
      vertex -116.176 26.7234 12.7
    endloop
  endfacet
  facet normal -0.600869 0.375543 0.705638
    outer loop
      vertex -116.762 26.2082 12.7
      vertex -116.371 25.9131 13.19
      vertex -116.76 26.2114 12.7
    endloop
  endfacet
  facet normal -0.588471 0.393276 0.706425
    outer loop
      vertex -116.371 25.9131 13.19
      vertex -116.762 26.2082 12.7
      vertex -116.48 25.75 13.19
    endloop
  endfacet
  facet normal -0.393462 0.588388 0.70639
    outer loop
      vertex -116.389 26.581 12.7
      vertex -116.094 26.19 13.19
      vertex -115.931 26.299 13.19
    endloop
  endfacet
  facet normal -0.418261 0.570356 0.706931
    outer loop
      vertex -116.094 26.19 13.19
      vertex -116.389 26.581 12.7
      vertex -116.392 26.5788 12.7
    endloop
  endfacet
  facet normal -0.684037 0.18001 0.706887
    outer loop
      vertex -117.104 25.5112 12.7
      vertex -116.63 25.3882 13.19
      vertex -117.103 25.515 12.7
    endloop
  endfacet
  facet normal -0.694521 0.137171 0.706275
    outer loop
      vertex -116.63 25.3882 13.19
      vertex -117.104 25.5112 12.7
      vertex -116.668 25.1958 13.19
    endloop
  endfacet
  facet normal -0.670188 0.229195 0.705916
    outer loop
      vertex -117.102 25.5188 12.7
      vertex -116.567 25.574 13.19
      vertex -117.019 25.7615 12.7
    endloop
  endfacet
  facet normal 0.046354 -0.706347 0.706347
    outer loop
      vertex -115.181 23.01 12.7
      vertex -114.925 23.0268 12.7
      vertex -115.181 23.5 13.19
    endloop
  endfacet
  facet normal -0.276641 0.65092 0.706946
    outer loop
      vertex -115.946 26.8368 12.7
      vertex -115.755 26.3858 13.19
      vertex -115.942 26.8385 12.7
    endloop
  endfacet
  facet normal -0.313094 0.634845 0.706359
    outer loop
      vertex -115.755 26.3858 13.19
      vertex -115.946 26.8368 12.7
      vertex -115.931 26.299 13.19
    endloop
  endfacet
  facet normal -0.532417 -0.466936 0.706047
    outer loop
      vertex -116.757 23.7856 12.7
      vertex -116.588 23.5929 12.7
      vertex -116.242 23.9393 13.19
    endloop
  endfacet
  facet normal -0.694149 -0.138002 0.706479
    outer loop
      vertex -117.154 24.7403 12.7
      vertex -117.104 24.4888 12.7
      vertex -116.668 24.8042 13.19
    endloop
  endfacet
  facet normal -0.706341 -0.046897 0.706317
    outer loop
      vertex -117.154 24.7442 12.7
      vertex -116.668 24.8042 13.19
      vertex -116.681 25 13.19
    endloop
  endfacet
  facet normal -0.709999 0 0.704203
    outer loop
      vertex -116.668 24.8042 13.19
      vertex -117.154 24.7442 12.7
      vertex -117.154 24.7403 12.7
    endloop
  endfacet
  facet normal -0.138293 0.69423 0.706342
    outer loop
      vertex -115.692 26.923 12.7
      vertex -115.377 26.4872 13.19
      vertex -115.441 26.973 12.7
    endloop
  endfacet
  facet normal 0.588471 -0.393276 0.706425
    outer loop
      vertex -113.991 24.0869 13.19
      vertex -113.6 23.7918 12.7
      vertex -113.882 24.25 13.19
    endloop
  endfacet
  facet normal 0.600869 -0.375543 0.705638
    outer loop
      vertex -113.6 23.7918 12.7
      vertex -113.991 24.0869 13.19
      vertex -113.602 23.7886 12.7
    endloop
  endfacet
  facet normal 0.634337 -0.314548 0.70617
    outer loop
      vertex -113.882 24.25 13.19
      vertex -113.458 24.005 12.7
      vertex -113.344 24.2349 12.7
    endloop
  endfacet
  facet normal 0.569665 0.438204 0.695313
    outer loop
      vertex -114.268 26.19 13.19
      vertex -113.967 26.5762 12.7
      vertex -113.969 26.5788 12.7
    endloop
  endfacet
  facet normal 0.465759 0.53312 0.706294
    outer loop
      vertex -113.967 26.5762 12.7
      vertex -114.268 26.19 13.19
      vertex -114.12 26.0607 13.19
    endloop
  endfacet
  facet normal 0.684037 -0.18001 0.706887
    outer loop
      vertex -113.732 24.6118 13.19
      vertex -113.26 24.4812 12.7
      vertex -113.259 24.485 12.7
    endloop
  endfacet
  facet normal 0.670382 -0.227309 0.706341
    outer loop
      vertex -113.26 24.4812 12.7
      vertex -113.732 24.6118 13.19
      vertex -113.795 24.426 13.19
    endloop
  endfacet
  facet normal 0.709999 0 0.704203
    outer loop
      vertex -113.694 25.1958 13.19
      vertex -113.208 25.2558 12.7
      vertex -113.208 25.2597 12.7
    endloop
  endfacet
  facet normal 0.706341 0.046897 0.706317
    outer loop
      vertex -113.208 25.2558 12.7
      vertex -113.694 25.1958 13.19
      vertex -113.681 25 13.19
    endloop
  endfacet
  facet normal 0.502048 0.502048 0.704199
    outer loop
      vertex -113.605 26.2144 12.7
      vertex -113.991 25.9131 13.19
      vertex -113.602 26.2114 12.7
    endloop
  endfacet
  facet normal 0.533008 0.465841 0.706325
    outer loop
      vertex -113.991 25.9131 13.19
      vertex -113.605 26.2144 12.7
      vertex -114.12 26.0607 13.19
    endloop
  endfacet
  facet normal 0.600869 0.375543 0.705638
    outer loop
      vertex -113.991 25.9131 13.19
      vertex -113.6 26.2082 12.7
      vertex -113.602 26.2114 12.7
    endloop
  endfacet
  facet normal 0.588471 0.393276 0.706425
    outer loop
      vertex -113.6 26.2082 12.7
      vertex -113.991 25.9131 13.19
      vertex -113.882 25.75 13.19
    endloop
  endfacet
  facet normal -0.046354 -0.706347 0.706347
    outer loop
      vertex -115.437 23.0268 12.7
      vertex -115.181 23.01 12.7
      vertex -115.181 23.5 13.19
    endloop
  endfacet
  facet normal 0.393405 -0.588449 0.706371
    outer loop
      vertex -114.431 23.701 13.19
      vertex -114.186 23.2766 12.7
      vertex -113.973 23.419 12.7
    endloop
  endfacet
  facet normal 0.138293 -0.69423 0.706342
    outer loop
      vertex -114.985 23.5128 13.19
      vertex -114.921 23.027 12.7
      vertex -114.67 23.077 12.7
    endloop
  endfacet
  facet normal -0.533008 -0.465841 0.706325
    outer loop
      vertex -116.371 24.0869 13.19
      vertex -116.757 23.7856 12.7
      vertex -116.242 23.9393 13.19
    endloop
  endfacet
  facet normal -0.502048 -0.502048 0.704199
    outer loop
      vertex -116.757 23.7856 12.7
      vertex -116.371 24.0869 13.19
      vertex -116.76 23.7886 12.7
    endloop
  endfacet
  facet normal 0.694521 -0.137171 0.706275
    outer loop
      vertex -113.732 24.6118 13.19
      vertex -113.258 24.4888 12.7
      vertex -113.694 24.8042 13.19
    endloop
  endfacet
  facet normal 0.684037 -0.18001 0.706887
    outer loop
      vertex -113.258 24.4888 12.7
      vertex -113.732 24.6118 13.19
      vertex -113.259 24.485 12.7
    endloop
  endfacet
  facet normal -0.138293 -0.69423 0.706342
    outer loop
      vertex -115.692 23.077 12.7
      vertex -115.441 23.027 12.7
      vertex -115.377 23.5128 13.19
    endloop
  endfacet
  facet normal -0.218696 -0.672909 0.706658
    outer loop
      vertex -115.569 23.5511 13.19
      vertex -115.7 23.0791 12.7
      vertex -115.696 23.0778 12.7
    endloop
  endfacet
  facet normal -0.227385 -0.670262 0.706431
    outer loop
      vertex -115.7 23.0791 12.7
      vertex -115.569 23.5511 13.19
      vertex -115.755 23.6142 13.19
    endloop
  endfacet
  facet normal -0.709999 0 0.704203
    outer loop
      vertex -117.154 25.2558 12.7
      vertex -116.668 25.1958 13.19
      vertex -117.154 25.2597 12.7
    endloop
  endfacet
  facet normal -0.706341 0.046897 0.706317
    outer loop
      vertex -116.668 25.1958 13.19
      vertex -117.154 25.2558 12.7
      vertex -116.681 25 13.19
    endloop
  endfacet
  facet normal -0.694521 -0.137171 0.706275
    outer loop
      vertex -117.104 24.4888 12.7
      vertex -116.63 24.6118 13.19
      vertex -116.668 24.8042 13.19
    endloop
  endfacet
  facet normal -0.684037 -0.18001 0.706887
    outer loop
      vertex -116.63 24.6118 13.19
      vertex -117.104 24.4888 12.7
      vertex -117.103 24.485 12.7
    endloop
  endfacet
  facet normal 0.313015 0.634864 0.706378
    outer loop
      vertex -114.431 26.299 13.19
      vertex -114.186 26.7234 12.7
      vertex -114.416 26.8368 12.7
    endloop
  endfacet
  facet normal 0.706341 -0.046897 0.706317
    outer loop
      vertex -113.694 24.8042 13.19
      vertex -113.208 24.7442 12.7
      vertex -113.681 25 13.19
    endloop
  endfacet
  facet normal 0.709999 0 0.704203
    outer loop
      vertex -113.208 24.7442 12.7
      vertex -113.694 24.8042 13.19
      vertex -113.208 24.7403 12.7
    endloop
  endfacet
  facet normal 0.465759 -0.53312 0.706294
    outer loop
      vertex -114.268 23.81 13.19
      vertex -113.967 23.4238 12.7
      vertex -114.12 23.9393 13.19
    endloop
  endfacet
  facet normal 0.569665 -0.438204 0.695313
    outer loop
      vertex -113.967 23.4238 12.7
      vertex -114.268 23.81 13.19
      vertex -113.969 23.4212 12.7
    endloop
  endfacet
  facet normal 0.227385 -0.670262 0.706431
    outer loop
      vertex -114.793 23.5511 13.19
      vertex -114.662 23.0791 12.7
      vertex -114.607 23.6142 13.19
    endloop
  endfacet
  facet normal 0.218696 -0.672909 0.706658
    outer loop
      vertex -114.662 23.0791 12.7
      vertex -114.793 23.5511 13.19
      vertex -114.666 23.0778 12.7
    endloop
  endfacet
  facet normal 0.227286 -0.670272 0.706453
    outer loop
      vertex -114.662 23.0791 12.7
      vertex -114.419 23.1615 12.7
      vertex -114.607 23.6142 13.19
    endloop
  endfacet
  facet normal -0.980801 0.195013 0
    outer loop
      vertex -137.164 25.2611 9.5
      vertex -137.113 25.5176 12.7
      vertex -137.113 25.5176 9.5
    endloop
  endfacet
  facet normal -0.980801 0.195013 0
    outer loop
      vertex -137.113 25.5176 12.7
      vertex -137.164 25.2611 9.5
      vertex -137.164 25.2611 12.7
    endloop
  endfacet
  facet normal -0.997887 0.0649716 0
    outer loop
      vertex -137.181 25 9.5
      vertex -137.164 25.2611 12.7
      vertex -137.164 25.2611 9.5
    endloop
  endfacet
  facet normal -0.997887 0.0649716 0
    outer loop
      vertex -137.164 25.2611 12.7
      vertex -137.181 25 9.5
      vertex -137.181 25 12.7
    endloop
  endfacet
  facet normal -0.0653771 0.997861 0
    outer loop
      vertex -135.181 27 9.5
      vertex -135.442 26.9829 12.7
      vertex -135.181 27 12.7
    endloop
  endfacet
  facet normal -0.0653771 0.997861 0
    outer loop
      vertex -135.442 26.9829 12.7
      vertex -135.181 27 9.5
      vertex -135.442 26.9829 9.5
    endloop
  endfacet
  facet normal 0.194648 0.980873 -0
    outer loop
      vertex -134.663 26.9319 9.5
      vertex -134.92 26.9829 12.7
      vertex -134.663 26.9319 12.7
    endloop
  endfacet
  facet normal 0.194648 0.980873 0
    outer loop
      vertex -134.92 26.9829 12.7
      vertex -134.663 26.9319 9.5
      vertex -134.92 26.9829 9.5
    endloop
  endfacet
  facet normal -0.556378 -0.830929 0
    outer loop
      vertex -136.398 23.4133 9.5
      vertex -136.181 23.268 12.7
      vertex -136.398 23.4133 12.7
    endloop
  endfacet
  facet normal -0.556378 -0.830929 -0
    outer loop
      vertex -136.181 23.268 12.7
      vertex -136.398 23.4133 9.5
      vertex -136.181 23.268 9.5
    endloop
  endfacet
  facet normal 0.896405 0.443235 0
    outer loop
      vertex -133.333 25.7654 12.7
      vertex -133.449 26 9.5
      vertex -133.449 26 12.7
    endloop
  endfacet
  facet normal 0.896405 0.443235 0
    outer loop
      vertex -133.449 26 9.5
      vertex -133.333 25.7654 12.7
      vertex -133.333 25.7654 9.5
    endloop
  endfacet
  facet normal 0.947066 0.321039 0
    outer loop
      vertex -133.249 25.5176 12.7
      vertex -133.333 25.7654 9.5
      vertex -133.333 25.7654 12.7
    endloop
  endfacet
  facet normal 0.947066 0.321039 0
    outer loop
      vertex -133.333 25.7654 9.5
      vertex -133.249 25.5176 12.7
      vertex -133.249 25.5176 9.5
    endloop
  endfacet
  facet normal 0.322315 0.946632 -0
    outer loop
      vertex -134.416 26.8478 9.5
      vertex -134.663 26.9319 12.7
      vertex -134.416 26.8478 12.7
    endloop
  endfacet
  facet normal 0.322315 0.946632 0
    outer loop
      vertex -134.663 26.9319 12.7
      vertex -134.416 26.8478 9.5
      vertex -134.663 26.9319 9.5
    endloop
  endfacet
  facet normal -0.997887 -0.0649716 0
    outer loop
      vertex -137.164 24.7389 9.5
      vertex -137.181 25 12.7
      vertex -137.181 25 9.5
    endloop
  endfacet
  facet normal -0.997887 -0.0649716 0
    outer loop
      vertex -137.181 25 12.7
      vertex -137.164 24.7389 9.5
      vertex -137.164 24.7389 12.7
    endloop
  endfacet
  facet normal 0.947066 -0.321039 0
    outer loop
      vertex -133.333 24.2346 12.7
      vertex -133.249 24.4824 9.5
      vertex -133.249 24.4824 12.7
    endloop
  endfacet
  facet normal 0.947066 -0.321039 0
    outer loop
      vertex -133.249 24.4824 9.5
      vertex -133.333 24.2346 12.7
      vertex -133.333 24.2346 9.5
    endloop
  endfacet
  facet normal 0.83205 0.5547 0
    outer loop
      vertex -133.449 26 12.7
      vertex -133.594 26.2175 9.5
      vertex -133.594 26.2175 12.7
    endloop
  endfacet
  facet normal 0.83205 0.5547 0
    outer loop
      vertex -133.594 26.2175 9.5
      vertex -133.449 26 12.7
      vertex -133.449 26 9.5
    endloop
  endfacet
  facet normal 0.980801 0.195013 0
    outer loop
      vertex -133.198 25.2611 12.7
      vertex -133.249 25.5176 9.5
      vertex -133.249 25.5176 12.7
    endloop
  endfacet
  facet normal 0.980801 0.195013 0
    outer loop
      vertex -133.249 25.5176 9.5
      vertex -133.198 25.2611 12.7
      vertex -133.198 25.2611 9.5
    endloop
  endfacet
  facet normal -0.947066 -0.321039 0
    outer loop
      vertex -137.029 24.2346 9.5
      vertex -137.113 24.4824 12.7
      vertex -137.113 24.4824 9.5
    endloop
  endfacet
  facet normal -0.947066 -0.321039 0
    outer loop
      vertex -137.113 24.4824 12.7
      vertex -137.029 24.2346 9.5
      vertex -137.029 24.2346 12.7
    endloop
  endfacet
  facet normal -0.658775 -0.75234 0
    outer loop
      vertex -136.595 23.5858 9.5
      vertex -136.398 23.4133 12.7
      vertex -136.595 23.5858 12.7
    endloop
  endfacet
  facet normal -0.658775 -0.75234 -0
    outer loop
      vertex -136.398 23.4133 12.7
      vertex -136.595 23.5858 9.5
      vertex -136.398 23.4133 9.5
    endloop
  endfacet
  facet normal -0.322315 0.946632 0
    outer loop
      vertex -135.699 26.9319 9.5
      vertex -135.946 26.8478 12.7
      vertex -135.699 26.9319 12.7
    endloop
  endfacet
  facet normal -0.322315 0.946632 0
    outer loop
      vertex -135.946 26.8478 12.7
      vertex -135.699 26.9319 9.5
      vertex -135.946 26.8478 9.5
    endloop
  endfacet
  facet normal 0.750895 -0.660421 0
    outer loop
      vertex -133.767 23.5858 12.7
      vertex -133.594 23.7825 9.5
      vertex -133.594 23.7825 12.7
    endloop
  endfacet
  facet normal 0.750895 -0.660421 0
    outer loop
      vertex -133.594 23.7825 9.5
      vertex -133.767 23.5858 12.7
      vertex -133.767 23.5858 9.5
    endloop
  endfacet
  facet normal 0.660671 0.750676 -0
    outer loop
      vertex -133.767 26.4142 9.5
      vertex -133.963 26.5867 12.7
      vertex -133.767 26.4142 12.7
    endloop
  endfacet
  facet normal 0.660671 0.750676 0
    outer loop
      vertex -133.963 26.5867 12.7
      vertex -133.767 26.4142 9.5
      vertex -133.963 26.5867 9.5
    endloop
  endfacet
  facet normal 0.997887 0.0649716 0
    outer loop
      vertex -133.181 25 12.7
      vertex -133.198 25.2611 9.5
      vertex -133.198 25.2611 12.7
    endloop
  endfacet
  facet normal 0.997887 0.0649716 0
    outer loop
      vertex -133.198 25.2611 9.5
      vertex -133.181 25 12.7
      vertex -133.181 25 9.5
    endloop
  endfacet
  facet normal -0.556378 0.830929 0
    outer loop
      vertex -136.181 26.732 9.5
      vertex -136.398 26.5867 12.7
      vertex -136.181 26.732 12.7
    endloop
  endfacet
  facet normal -0.556378 0.830929 0
    outer loop
      vertex -136.398 26.5867 12.7
      vertex -136.181 26.732 9.5
      vertex -136.398 26.5867 9.5
    endloop
  endfacet
  facet normal -0.83205 -0.5547 0
    outer loop
      vertex -136.768 23.7825 9.5
      vertex -136.913 24 12.7
      vertex -136.913 24 9.5
    endloop
  endfacet
  facet normal -0.83205 -0.5547 0
    outer loop
      vertex -136.913 24 12.7
      vertex -136.768 23.7825 9.5
      vertex -136.768 23.7825 12.7
    endloop
  endfacet
  facet normal -0.83205 0.5547 0
    outer loop
      vertex -136.913 26 9.5
      vertex -136.768 26.2175 12.7
      vertex -136.768 26.2175 9.5
    endloop
  endfacet
  facet normal -0.83205 0.5547 0
    outer loop
      vertex -136.768 26.2175 12.7
      vertex -136.913 26 9.5
      vertex -136.913 26 12.7
    endloop
  endfacet
  facet normal 0.750895 0.660421 0
    outer loop
      vertex -133.594 26.2175 12.7
      vertex -133.767 26.4142 9.5
      vertex -133.767 26.4142 12.7
    endloop
  endfacet
  facet normal 0.750895 0.660421 0
    outer loop
      vertex -133.767 26.4142 9.5
      vertex -133.594 26.2175 12.7
      vertex -133.594 26.2175 9.5
    endloop
  endfacet
  facet normal -0.322315 -0.946632 0
    outer loop
      vertex -135.946 23.1522 9.5
      vertex -135.699 23.0681 12.7
      vertex -135.946 23.1522 12.7
    endloop
  endfacet
  facet normal -0.322315 -0.946632 -0
    outer loop
      vertex -135.699 23.0681 12.7
      vertex -135.946 23.1522 9.5
      vertex -135.699 23.0681 9.5
    endloop
  endfacet
  facet normal -0.442015 -0.897008 0
    outer loop
      vertex -136.181 23.268 9.5
      vertex -135.946 23.1522 12.7
      vertex -136.181 23.268 12.7
    endloop
  endfacet
  facet normal -0.442015 -0.897008 -0
    outer loop
      vertex -135.946 23.1522 12.7
      vertex -136.181 23.268 9.5
      vertex -135.946 23.1522 9.5
    endloop
  endfacet
  facet normal -0.750895 0.660421 0
    outer loop
      vertex -136.768 26.2175 9.5
      vertex -136.595 26.4142 12.7
      vertex -136.595 26.4142 9.5
    endloop
  endfacet
  facet normal -0.750895 0.660421 0
    outer loop
      vertex -136.595 26.4142 12.7
      vertex -136.768 26.2175 9.5
      vertex -136.768 26.2175 12.7
    endloop
  endfacet
  facet normal -0.0653771 -0.997861 0
    outer loop
      vertex -135.442 23.0171 9.5
      vertex -135.181 23 12.7
      vertex -135.442 23.0171 12.7
    endloop
  endfacet
  facet normal -0.0653771 -0.997861 -0
    outer loop
      vertex -135.181 23 12.7
      vertex -135.442 23.0171 9.5
      vertex -135.181 23 9.5
    endloop
  endfacet
  facet normal -0.658775 0.75234 0
    outer loop
      vertex -136.398 26.5867 9.5
      vertex -136.595 26.4142 12.7
      vertex -136.398 26.5867 12.7
    endloop
  endfacet
  facet normal -0.658775 0.75234 0
    outer loop
      vertex -136.595 26.4142 12.7
      vertex -136.398 26.5867 9.5
      vertex -136.595 26.4142 9.5
    endloop
  endfacet
  facet normal 0.997887 -0.0649716 0
    outer loop
      vertex -133.198 24.7389 12.7
      vertex -133.181 25 9.5
      vertex -133.181 25 12.7
    endloop
  endfacet
  facet normal 0.997887 -0.0649716 0
    outer loop
      vertex -133.181 25 9.5
      vertex -133.198 24.7389 12.7
      vertex -133.198 24.7389 9.5
    endloop
  endfacet
  facet normal 0.660671 -0.750676 0
    outer loop
      vertex -133.963 23.4133 9.5
      vertex -133.767 23.5858 12.7
      vertex -133.963 23.4133 12.7
    endloop
  endfacet
  facet normal 0.660671 -0.750676 0
    outer loop
      vertex -133.767 23.5858 12.7
      vertex -133.963 23.4133 9.5
      vertex -133.767 23.5858 9.5
    endloop
  endfacet
  facet normal 0.554612 0.832109 -0
    outer loop
      vertex -133.963 26.5867 9.5
      vertex -134.181 26.732 12.7
      vertex -133.963 26.5867 12.7
    endloop
  endfacet
  facet normal 0.554612 0.832109 0
    outer loop
      vertex -134.181 26.732 12.7
      vertex -133.963 26.5867 9.5
      vertex -134.181 26.732 9.5
    endloop
  endfacet
  facet normal -0.896405 0.443235 0
    outer loop
      vertex -137.029 25.7654 9.5
      vertex -136.913 26 12.7
      vertex -136.913 26 9.5
    endloop
  endfacet
  facet normal -0.896405 0.443235 0
    outer loop
      vertex -136.913 26 12.7
      vertex -137.029 25.7654 9.5
      vertex -137.029 25.7654 12.7
    endloop
  endfacet
  facet normal 0.0653771 -0.997861 0
    outer loop
      vertex -135.181 23 9.5
      vertex -134.92 23.0171 12.7
      vertex -135.181 23 12.7
    endloop
  endfacet
  facet normal 0.0653771 -0.997861 0
    outer loop
      vertex -134.92 23.0171 12.7
      vertex -135.181 23 9.5
      vertex -134.92 23.0171 9.5
    endloop
  endfacet
  facet normal -0.194648 -0.980873 0
    outer loop
      vertex -135.699 23.0681 9.5
      vertex -135.442 23.0171 12.7
      vertex -135.699 23.0681 12.7
    endloop
  endfacet
  facet normal -0.194648 -0.980873 -0
    outer loop
      vertex -135.442 23.0171 12.7
      vertex -135.699 23.0681 9.5
      vertex -135.442 23.0171 9.5
    endloop
  endfacet
  facet normal -0.442015 0.897008 0
    outer loop
      vertex -135.946 26.8478 9.5
      vertex -136.181 26.732 12.7
      vertex -135.946 26.8478 12.7
    endloop
  endfacet
  facet normal -0.442015 0.897008 0
    outer loop
      vertex -136.181 26.732 12.7
      vertex -135.946 26.8478 9.5
      vertex -136.181 26.732 9.5
    endloop
  endfacet
  facet normal -0.896405 -0.443235 0
    outer loop
      vertex -136.913 24 9.5
      vertex -137.029 24.2346 12.7
      vertex -137.029 24.2346 9.5
    endloop
  endfacet
  facet normal -0.896405 -0.443235 0
    outer loop
      vertex -137.029 24.2346 12.7
      vertex -136.913 24 9.5
      vertex -136.913 24 12.7
    endloop
  endfacet
  facet normal -0.980801 -0.195013 0
    outer loop
      vertex -137.113 24.4824 9.5
      vertex -137.164 24.7389 12.7
      vertex -137.164 24.7389 9.5
    endloop
  endfacet
  facet normal -0.980801 -0.195013 0
    outer loop
      vertex -137.164 24.7389 12.7
      vertex -137.113 24.4824 9.5
      vertex -137.113 24.4824 12.7
    endloop
  endfacet
  facet normal 0.980801 -0.195013 0
    outer loop
      vertex -133.249 24.4824 12.7
      vertex -133.198 24.7389 9.5
      vertex -133.198 24.7389 12.7
    endloop
  endfacet
  facet normal 0.980801 -0.195013 0
    outer loop
      vertex -133.198 24.7389 9.5
      vertex -133.249 24.4824 12.7
      vertex -133.249 24.4824 9.5
    endloop
  endfacet
  facet normal 0.194648 -0.980873 0
    outer loop
      vertex -134.92 23.0171 9.5
      vertex -134.663 23.0681 12.7
      vertex -134.92 23.0171 12.7
    endloop
  endfacet
  facet normal 0.194648 -0.980873 0
    outer loop
      vertex -134.663 23.0681 12.7
      vertex -134.92 23.0171 9.5
      vertex -134.663 23.0681 9.5
    endloop
  endfacet
  facet normal -0.194648 0.980873 0
    outer loop
      vertex -135.442 26.9829 9.5
      vertex -135.699 26.9319 12.7
      vertex -135.442 26.9829 12.7
    endloop
  endfacet
  facet normal -0.194648 0.980873 0
    outer loop
      vertex -135.699 26.9319 12.7
      vertex -135.442 26.9829 9.5
      vertex -135.699 26.9319 9.5
    endloop
  endfacet
  facet normal -0.947066 0.321039 0
    outer loop
      vertex -137.113 25.5176 9.5
      vertex -137.029 25.7654 12.7
      vertex -137.029 25.7654 9.5
    endloop
  endfacet
  facet normal -0.947066 0.321039 0
    outer loop
      vertex -137.029 25.7654 12.7
      vertex -137.113 25.5176 9.5
      vertex -137.113 25.5176 12.7
    endloop
  endfacet
  facet normal -0.750895 -0.660421 0
    outer loop
      vertex -136.595 23.5858 9.5
      vertex -136.768 23.7825 12.7
      vertex -136.768 23.7825 9.5
    endloop
  endfacet
  facet normal -0.750895 -0.660421 0
    outer loop
      vertex -136.768 23.7825 12.7
      vertex -136.595 23.5858 9.5
      vertex -136.595 23.5858 12.7
    endloop
  endfacet
  facet normal 0.83205 -0.5547 0
    outer loop
      vertex -133.594 23.7825 12.7
      vertex -133.449 24 9.5
      vertex -133.449 24 12.7
    endloop
  endfacet
  facet normal 0.83205 -0.5547 0
    outer loop
      vertex -133.449 24 9.5
      vertex -133.594 23.7825 12.7
      vertex -133.594 23.7825 9.5
    endloop
  endfacet
  facet normal 0.0653771 0.997861 -0
    outer loop
      vertex -134.92 26.9829 9.5
      vertex -135.181 27 12.7
      vertex -134.92 26.9829 12.7
    endloop
  endfacet
  facet normal 0.0653771 0.997861 0
    outer loop
      vertex -135.181 27 12.7
      vertex -134.92 26.9829 9.5
      vertex -135.181 27 9.5
    endloop
  endfacet
  facet normal 0.322315 -0.946632 0
    outer loop
      vertex -134.663 23.0681 9.5
      vertex -134.416 23.1522 12.7
      vertex -134.663 23.0681 12.7
    endloop
  endfacet
  facet normal 0.322315 -0.946632 0
    outer loop
      vertex -134.416 23.1522 12.7
      vertex -134.663 23.0681 9.5
      vertex -134.416 23.1522 9.5
    endloop
  endfacet
  facet normal 0.442015 0.897008 -0
    outer loop
      vertex -134.181 26.732 9.5
      vertex -134.416 26.8478 12.7
      vertex -134.181 26.732 12.7
    endloop
  endfacet
  facet normal 0.442015 0.897008 0
    outer loop
      vertex -134.416 26.8478 12.7
      vertex -134.181 26.732 9.5
      vertex -134.416 26.8478 9.5
    endloop
  endfacet
  facet normal 0.442015 -0.897008 0
    outer loop
      vertex -134.416 23.1522 9.5
      vertex -134.181 23.268 12.7
      vertex -134.416 23.1522 12.7
    endloop
  endfacet
  facet normal 0.442015 -0.897008 0
    outer loop
      vertex -134.181 23.268 12.7
      vertex -134.416 23.1522 9.5
      vertex -134.181 23.268 9.5
    endloop
  endfacet
  facet normal 0.896405 -0.443235 0
    outer loop
      vertex -133.449 24 12.7
      vertex -133.333 24.2346 9.5
      vertex -133.333 24.2346 12.7
    endloop
  endfacet
  facet normal 0.896405 -0.443235 0
    outer loop
      vertex -133.333 24.2346 9.5
      vertex -133.449 24 12.7
      vertex -133.449 24 9.5
    endloop
  endfacet
  facet normal 0.554612 -0.832109 0
    outer loop
      vertex -134.181 23.268 9.5
      vertex -133.963 23.4133 12.7
      vertex -134.181 23.268 12.7
    endloop
  endfacet
  facet normal 0.554612 -0.832109 0
    outer loop
      vertex -133.963 23.4133 12.7
      vertex -134.181 23.268 9.5
      vertex -133.963 23.4133 9.5
    endloop
  endfacet
  facet normal -0 0 1
    outer loop
      vertex -133.208 25.2558 12.7
      vertex -133.181 25 12.7
      vertex -133.198 25.2611 12.7
    endloop
  endfacet
  facet normal 0 0 1
    outer loop
      vertex -133.181 25 12.7
      vertex -133.208 25.2558 12.7
      vertex -133.191 25 12.7
    endloop
  endfacet
  facet normal 0 0 1
    outer loop
      vertex -133.198 25.2611 12.7
      vertex -133.208 25.2597 12.7
      vertex -133.208 25.2558 12.7
    endloop
  endfacet
  facet normal -0 0 1
    outer loop
      vertex -133.258 25.5112 12.7
      vertex -133.198 25.2611 12.7
      vertex -133.249 25.5176 12.7
    endloop
  endfacet
  facet normal 0 0 1
    outer loop
      vertex -133.198 25.2611 12.7
      vertex -133.258 25.5112 12.7
      vertex -133.208 25.2597 12.7
    endloop
  endfacet
  facet normal 0 0 1
    outer loop
      vertex -133.249 25.5176 12.7
      vertex -133.259 25.515 12.7
      vertex -133.258 25.5112 12.7
    endloop
  endfacet
  facet normal 0 0 1
    outer loop
      vertex -133.249 25.5176 12.7
      vertex -133.26 25.5188 12.7
      vertex -133.259 25.515 12.7
    endloop
  endfacet
  facet normal 0 0 1
    outer loop
      vertex -133.333 25.7654 12.7
      vertex -133.26 25.5188 12.7
      vertex -133.249 25.5176 12.7
    endloop
  endfacet
  facet normal 0 0 1
    outer loop
      vertex -133.333 25.7654 12.7
      vertex -133.342 25.7615 12.7
      vertex -133.26 25.5188 12.7
    endloop
  endfacet
  facet normal 0 0 1
    outer loop
      vertex -133.333 25.7654 12.7
      vertex -133.344 25.7651 12.7
      vertex -133.342 25.7615 12.7
    endloop
  endfacet
  facet normal 0 0 1
    outer loop
      vertex -133.449 26 12.7
      vertex -133.344 25.7651 12.7
      vertex -133.333 25.7654 12.7
    endloop
  endfacet
  facet normal 0 0 1
    outer loop
      vertex -133.449 26 12.7
      vertex -133.458 25.995 12.7
      vertex -133.344 25.7651 12.7
    endloop
  endfacet
  facet normal -0 0 1
    outer loop
      vertex -133.6 26.2082 12.7
      vertex -133.449 26 12.7
      vertex -133.594 26.2175 12.7
    endloop
  endfacet
  facet normal 0 0 1
    outer loop
      vertex -133.449 26 12.7
      vertex -133.6 26.2082 12.7
      vertex -133.458 25.995 12.7
    endloop
  endfacet
  facet normal 0 0 1
    outer loop
      vertex -133.594 26.2175 12.7
      vertex -133.602 26.2114 12.7
      vertex -133.6 26.2082 12.7
    endloop
  endfacet
  facet normal 0 0 1
    outer loop
      vertex -133.594 26.2175 12.7
      vertex -133.605 26.2144 12.7
      vertex -133.602 26.2114 12.7
    endloop
  endfacet
  facet normal 0 0 1
    outer loop
      vertex -133.767 26.4142 12.7
      vertex -133.605 26.2144 12.7
      vertex -133.594 26.2175 12.7
    endloop
  endfacet
  facet normal 0 0 1
    outer loop
      vertex -133.767 26.4142 12.7
      vertex -133.774 26.4071 12.7
      vertex -133.605 26.2144 12.7
    endloop
  endfacet
  facet normal -0 0 1
    outer loop
      vertex -133.967 26.5762 12.7
      vertex -133.767 26.4142 12.7
      vertex -133.963 26.5867 12.7
    endloop
  endfacet
  facet normal 0 0 1
    outer loop
      vertex -133.767 26.4142 12.7
      vertex -133.967 26.5762 12.7
      vertex -133.774 26.4071 12.7
    endloop
  endfacet
  facet normal 0 0 1
    outer loop
      vertex -133.963 26.5867 12.7
      vertex -133.969 26.5788 12.7
      vertex -133.967 26.5762 12.7
    endloop
  endfacet
  facet normal 0 0 1
    outer loop
      vertex -133.963 26.5867 12.7
      vertex -133.973 26.581 12.7
      vertex -133.969 26.5788 12.7
    endloop
  endfacet
  facet normal 0 0 1
    outer loop
      vertex -134.181 26.732 12.7
      vertex -133.973 26.581 12.7
      vertex -133.963 26.5867 12.7
    endloop
  endfacet
  facet normal 0 0 1
    outer loop
      vertex -134.181 26.732 12.7
      vertex -134.186 26.7234 12.7
      vertex -133.973 26.581 12.7
    endloop
  endfacet
  facet normal -0 0 1
    outer loop
      vertex -134.416 26.8368 12.7
      vertex -134.181 26.732 12.7
      vertex -134.416 26.8478 12.7
    endloop
  endfacet
  facet normal 0 0 1
    outer loop
      vertex -134.181 26.732 12.7
      vertex -134.416 26.8368 12.7
      vertex -134.186 26.7234 12.7
    endloop
  endfacet
  facet normal 0 0 1
    outer loop
      vertex -134.416 26.8478 12.7
      vertex -134.419 26.8385 12.7
      vertex -134.416 26.8368 12.7
    endloop
  endfacet
  facet normal 0 0 1
    outer loop
      vertex -134.416 26.8478 12.7
      vertex -134.662 26.9209 12.7
      vertex -134.419 26.8385 12.7
    endloop
  endfacet
  facet normal 0 0 1
    outer loop
      vertex -134.663 26.9319 12.7
      vertex -134.662 26.9209 12.7
      vertex -134.416 26.8478 12.7
    endloop
  endfacet
  facet normal 0 0 1
    outer loop
      vertex -134.663 26.9319 12.7
      vertex -134.666 26.9222 12.7
      vertex -134.662 26.9209 12.7
    endloop
  endfacet
  facet normal 0 0 1
    outer loop
      vertex -134.663 26.9319 12.7
      vertex -134.67 26.923 12.7
      vertex -134.666 26.9222 12.7
    endloop
  endfacet
  facet normal 0 0 1
    outer loop
      vertex -134.92 26.9829 12.7
      vertex -134.67 26.923 12.7
      vertex -134.663 26.9319 12.7
    endloop
  endfacet
  facet normal 0 0 1
    outer loop
      vertex -134.92 26.9829 12.7
      vertex -134.921 26.973 12.7
      vertex -134.67 26.923 12.7
    endloop
  endfacet
  facet normal 0 0 1
    outer loop
      vertex -134.92 26.9829 12.7
      vertex -134.925 26.9732 12.7
      vertex -134.921 26.973 12.7
    endloop
  endfacet
  facet normal 0 0 1
    outer loop
      vertex -135.181 27 12.7
      vertex -134.925 26.9732 12.7
      vertex -134.92 26.9829 12.7
    endloop
  endfacet
  facet normal 0 0 1
    outer loop
      vertex -135.181 27 12.7
      vertex -135.181 26.99 12.7
      vertex -134.925 26.9732 12.7
    endloop
  endfacet
  facet normal 0 0 1
    outer loop
      vertex -135.181 27 12.7
      vertex -135.437 26.9732 12.7
      vertex -135.181 26.99 12.7
    endloop
  endfacet
  facet normal -0 0 1
    outer loop
      vertex -135.442 26.9829 12.7
      vertex -135.437 26.9732 12.7
      vertex -135.181 27 12.7
    endloop
  endfacet
  facet normal 0 0 1
    outer loop
      vertex -135.437 26.9732 12.7
      vertex -135.442 26.9829 12.7
      vertex -135.441 26.973 12.7
    endloop
  endfacet
  facet normal 0 0 1
    outer loop
      vertex -135.442 26.9829 12.7
      vertex -135.692 26.923 12.7
      vertex -135.441 26.973 12.7
    endloop
  endfacet
  facet normal -0 0 1
    outer loop
      vertex -135.699 26.9319 12.7
      vertex -135.692 26.923 12.7
      vertex -135.442 26.9829 12.7
    endloop
  endfacet
  facet normal 0 0 1
    outer loop
      vertex -135.692 26.923 12.7
      vertex -135.699 26.9319 12.7
      vertex -135.696 26.9222 12.7
    endloop
  endfacet
  facet normal 0 0 1
    outer loop
      vertex -135.699 26.9319 12.7
      vertex -135.7 26.9209 12.7
      vertex -135.696 26.9222 12.7
    endloop
  endfacet
  facet normal 0 0 1
    outer loop
      vertex -135.946 26.8478 12.7
      vertex -135.7 26.9209 12.7
      vertex -135.699 26.9319 12.7
    endloop
  endfacet
  facet normal 0 0 1
    outer loop
      vertex -135.7 26.9209 12.7
      vertex -135.946 26.8478 12.7
      vertex -135.942 26.8385 12.7
    endloop
  endfacet
  facet normal 0 0 1
    outer loop
      vertex -135.946 26.8478 12.7
      vertex -135.946 26.8368 12.7
      vertex -135.942 26.8385 12.7
    endloop
  endfacet
  facet normal 0 0 1
    outer loop
      vertex -136.181 26.732 12.7
      vertex -135.946 26.8368 12.7
      vertex -135.946 26.8478 12.7
    endloop
  endfacet
  facet normal 0 0 1
    outer loop
      vertex -135.946 26.8368 12.7
      vertex -136.181 26.732 12.7
      vertex -136.176 26.7234 12.7
    endloop
  endfacet
  facet normal 0 0 1
    outer loop
      vertex -136.181 26.732 12.7
      vertex -136.389 26.581 12.7
      vertex -136.176 26.7234 12.7
    endloop
  endfacet
  facet normal -0 0 1
    outer loop
      vertex -136.398 26.5867 12.7
      vertex -136.389 26.581 12.7
      vertex -136.181 26.732 12.7
    endloop
  endfacet
  facet normal 0 0 1
    outer loop
      vertex -136.389 26.581 12.7
      vertex -136.398 26.5867 12.7
      vertex -136.392 26.5788 12.7
    endloop
  endfacet
  facet normal 0 0 1
    outer loop
      vertex -136.398 26.5867 12.7
      vertex -136.395 26.5762 12.7
      vertex -136.392 26.5788 12.7
    endloop
  endfacet
  facet normal 0 0 1
    outer loop
      vertex -136.595 26.4142 12.7
      vertex -136.395 26.5762 12.7
      vertex -136.398 26.5867 12.7
    endloop
  endfacet
  facet normal 0 0 1
    outer loop
      vertex -136.395 26.5762 12.7
      vertex -136.595 26.4142 12.7
      vertex -136.588 26.4071 12.7
    endloop
  endfacet
  facet normal 0 0 1
    outer loop
      vertex -136.595 26.4142 12.7
      vertex -136.757 26.2144 12.7
      vertex -136.588 26.4071 12.7
    endloop
  endfacet
  facet normal -0 0 1
    outer loop
      vertex -136.768 26.2175 12.7
      vertex -136.757 26.2144 12.7
      vertex -136.595 26.4142 12.7
    endloop
  endfacet
  facet normal 0 0 1
    outer loop
      vertex -136.757 26.2144 12.7
      vertex -136.768 26.2175 12.7
      vertex -136.76 26.2114 12.7
    endloop
  endfacet
  facet normal 0 0 1
    outer loop
      vertex -136.768 26.2175 12.7
      vertex -136.762 26.2082 12.7
      vertex -136.76 26.2114 12.7
    endloop
  endfacet
  facet normal 0 0 1
    outer loop
      vertex -136.913 26 12.7
      vertex -136.762 26.2082 12.7
      vertex -136.768 26.2175 12.7
    endloop
  endfacet
  facet normal 0 0 1
    outer loop
      vertex -136.762 26.2082 12.7
      vertex -136.913 26 12.7
      vertex -136.904 25.995 12.7
    endloop
  endfacet
  facet normal 0 0 1
    outer loop
      vertex -136.913 26 12.7
      vertex -137.018 25.7651 12.7
      vertex -136.904 25.995 12.7
    endloop
  endfacet
  facet normal -0 0 1
    outer loop
      vertex -137.029 25.7654 12.7
      vertex -137.018 25.7651 12.7
      vertex -136.913 26 12.7
    endloop
  endfacet
  facet normal 0 0 1
    outer loop
      vertex -137.018 25.7651 12.7
      vertex -137.029 25.7654 12.7
      vertex -137.019 25.7615 12.7
    endloop
  endfacet
  facet normal 0 0 1
    outer loop
      vertex -137.029 25.7654 12.7
      vertex -137.102 25.5188 12.7
      vertex -137.019 25.7615 12.7
    endloop
  endfacet
  facet normal 0 0 1
    outer loop
      vertex -137.113 25.5176 12.7
      vertex -137.102 25.5188 12.7
      vertex -137.029 25.7654 12.7
    endloop
  endfacet
  facet normal 0 0 1
    outer loop
      vertex -137.102 25.5188 12.7
      vertex -137.113 25.5176 12.7
      vertex -137.103 25.515 12.7
    endloop
  endfacet
  facet normal 0 0 1
    outer loop
      vertex -137.113 25.5176 12.7
      vertex -137.104 25.5112 12.7
      vertex -137.103 25.515 12.7
    endloop
  endfacet
  facet normal 0 0 1
    outer loop
      vertex -137.164 25.2611 12.7
      vertex -137.104 25.5112 12.7
      vertex -137.113 25.5176 12.7
    endloop
  endfacet
  facet normal 0 0 1
    outer loop
      vertex -137.104 25.5112 12.7
      vertex -137.164 25.2611 12.7
      vertex -137.154 25.2597 12.7
    endloop
  endfacet
  facet normal 0 0 1
    outer loop
      vertex -137.164 25.2611 12.7
      vertex -137.154 25.2558 12.7
      vertex -137.154 25.2597 12.7
    endloop
  endfacet
  facet normal 0 0 1
    outer loop
      vertex -137.181 25 12.7
      vertex -137.154 25.2558 12.7
      vertex -137.164 25.2611 12.7
    endloop
  endfacet
  facet normal 0 0 1
    outer loop
      vertex -137.154 25.2558 12.7
      vertex -137.181 25 12.7
      vertex -137.171 25 12.7
    endloop
  endfacet
  facet normal 0 0 1
    outer loop
      vertex -133.208 24.7442 12.7
      vertex -133.181 25 12.7
      vertex -133.191 25 12.7
    endloop
  endfacet
  facet normal 0 0 1
    outer loop
      vertex -133.181 25 12.7
      vertex -133.208 24.7442 12.7
      vertex -133.198 24.7389 12.7
    endloop
  endfacet
  facet normal -0 0 1
    outer loop
      vertex -133.208 24.7403 12.7
      vertex -133.198 24.7389 12.7
      vertex -133.208 24.7442 12.7
    endloop
  endfacet
  facet normal 0 0 1
    outer loop
      vertex -133.258 24.4888 12.7
      vertex -133.198 24.7389 12.7
      vertex -133.208 24.7403 12.7
    endloop
  endfacet
  facet normal 0 0 1
    outer loop
      vertex -133.198 24.7389 12.7
      vertex -133.258 24.4888 12.7
      vertex -133.249 24.4824 12.7
    endloop
  endfacet
  facet normal -0 0 1
    outer loop
      vertex -133.259 24.485 12.7
      vertex -133.249 24.4824 12.7
      vertex -133.258 24.4888 12.7
    endloop
  endfacet
  facet normal 0 0 1
    outer loop
      vertex -133.26 24.4812 12.7
      vertex -133.249 24.4824 12.7
      vertex -133.259 24.485 12.7
    endloop
  endfacet
  facet normal -0 0 1
    outer loop
      vertex -133.26 24.4812 12.7
      vertex -133.333 24.2346 12.7
      vertex -133.249 24.4824 12.7
    endloop
  endfacet
  facet normal -0 0 1
    outer loop
      vertex -133.342 24.2385 12.7
      vertex -133.333 24.2346 12.7
      vertex -133.26 24.4812 12.7
    endloop
  endfacet
  facet normal -0 0 1
    outer loop
      vertex -133.344 24.2349 12.7
      vertex -133.333 24.2346 12.7
      vertex -133.342 24.2385 12.7
    endloop
  endfacet
  facet normal 0 0 1
    outer loop
      vertex -133.344 24.2349 12.7
      vertex -133.449 24 12.7
      vertex -133.333 24.2346 12.7
    endloop
  endfacet
  facet normal -0 0 1
    outer loop
      vertex -133.458 24.005 12.7
      vertex -133.449 24 12.7
      vertex -133.344 24.2349 12.7
    endloop
  endfacet
  facet normal 0 0 1
    outer loop
      vertex -133.6 23.7918 12.7
      vertex -133.449 24 12.7
      vertex -133.458 24.005 12.7
    endloop
  endfacet
  facet normal 0 0 1
    outer loop
      vertex -133.449 24 12.7
      vertex -133.6 23.7918 12.7
      vertex -133.594 23.7825 12.7
    endloop
  endfacet
  facet normal -0 0 1
    outer loop
      vertex -133.602 23.7886 12.7
      vertex -133.594 23.7825 12.7
      vertex -133.6 23.7918 12.7
    endloop
  endfacet
  facet normal -0 0 1
    outer loop
      vertex -133.605 23.7856 12.7
      vertex -133.594 23.7825 12.7
      vertex -133.602 23.7886 12.7
    endloop
  endfacet
  facet normal 0 0 1
    outer loop
      vertex -133.605 23.7856 12.7
      vertex -133.767 23.5858 12.7
      vertex -133.594 23.7825 12.7
    endloop
  endfacet
  facet normal -0 0 1
    outer loop
      vertex -133.774 23.5929 12.7
      vertex -133.767 23.5858 12.7
      vertex -133.605 23.7856 12.7
    endloop
  endfacet
  facet normal 0 0 1
    outer loop
      vertex -133.967 23.4238 12.7
      vertex -133.767 23.5858 12.7
      vertex -133.774 23.5929 12.7
    endloop
  endfacet
  facet normal 0 0 1
    outer loop
      vertex -133.767 23.5858 12.7
      vertex -133.967 23.4238 12.7
      vertex -133.963 23.4133 12.7
    endloop
  endfacet
  facet normal -0 0 1
    outer loop
      vertex -133.969 23.4212 12.7
      vertex -133.963 23.4133 12.7
      vertex -133.967 23.4238 12.7
    endloop
  endfacet
  facet normal -0 0 1
    outer loop
      vertex -133.973 23.419 12.7
      vertex -133.963 23.4133 12.7
      vertex -133.969 23.4212 12.7
    endloop
  endfacet
  facet normal 0 0 1
    outer loop
      vertex -133.973 23.419 12.7
      vertex -134.181 23.268 12.7
      vertex -133.963 23.4133 12.7
    endloop
  endfacet
  facet normal -0 0 1
    outer loop
      vertex -134.186 23.2766 12.7
      vertex -134.181 23.268 12.7
      vertex -133.973 23.419 12.7
    endloop
  endfacet
  facet normal 0 0 1
    outer loop
      vertex -134.416 23.1632 12.7
      vertex -134.181 23.268 12.7
      vertex -134.186 23.2766 12.7
    endloop
  endfacet
  facet normal 0 0 1
    outer loop
      vertex -134.181 23.268 12.7
      vertex -134.416 23.1632 12.7
      vertex -134.416 23.1522 12.7
    endloop
  endfacet
  facet normal -0 0 1
    outer loop
      vertex -134.419 23.1615 12.7
      vertex -134.416 23.1522 12.7
      vertex -134.416 23.1632 12.7
    endloop
  endfacet
  facet normal 0 0 1
    outer loop
      vertex -134.662 23.0791 12.7
      vertex -134.416 23.1522 12.7
      vertex -134.419 23.1615 12.7
    endloop
  endfacet
  facet normal -0 0 1
    outer loop
      vertex -134.662 23.0791 12.7
      vertex -134.663 23.0681 12.7
      vertex -134.416 23.1522 12.7
    endloop
  endfacet
  facet normal -0 0 1
    outer loop
      vertex -134.666 23.0778 12.7
      vertex -134.663 23.0681 12.7
      vertex -134.662 23.0791 12.7
    endloop
  endfacet
  facet normal -0 0 1
    outer loop
      vertex -134.67 23.077 12.7
      vertex -134.663 23.0681 12.7
      vertex -134.666 23.0778 12.7
    endloop
  endfacet
  facet normal 0 0 1
    outer loop
      vertex -134.67 23.077 12.7
      vertex -134.92 23.0171 12.7
      vertex -134.663 23.0681 12.7
    endloop
  endfacet
  facet normal -0 0 1
    outer loop
      vertex -134.921 23.027 12.7
      vertex -134.92 23.0171 12.7
      vertex -134.67 23.077 12.7
    endloop
  endfacet
  facet normal -0 0 1
    outer loop
      vertex -134.925 23.0268 12.7
      vertex -134.92 23.0171 12.7
      vertex -134.921 23.027 12.7
    endloop
  endfacet
  facet normal 0 0 1
    outer loop
      vertex -135.181 23 12.7
      vertex -134.925 23.0268 12.7
      vertex -135.181 23.01 12.7
    endloop
  endfacet
  facet normal 0 0 1
    outer loop
      vertex -134.925 23.0268 12.7
      vertex -135.181 23 12.7
      vertex -134.92 23.0171 12.7
    endloop
  endfacet
  facet normal 0 0 1
    outer loop
      vertex -135.437 23.0268 12.7
      vertex -135.181 23 12.7
      vertex -135.181 23.01 12.7
    endloop
  endfacet
  facet normal 0 0 1
    outer loop
      vertex -135.442 23.0171 12.7
      vertex -135.437 23.0268 12.7
      vertex -135.441 23.027 12.7
    endloop
  endfacet
  facet normal 0 0 1
    outer loop
      vertex -135.437 23.0268 12.7
      vertex -135.442 23.0171 12.7
      vertex -135.181 23 12.7
    endloop
  endfacet
  facet normal 0 0 1
    outer loop
      vertex -135.692 23.077 12.7
      vertex -135.442 23.0171 12.7
      vertex -135.441 23.027 12.7
    endloop
  endfacet
  facet normal 0 0 1
    outer loop
      vertex -135.699 23.0681 12.7
      vertex -135.692 23.077 12.7
      vertex -135.696 23.0778 12.7
    endloop
  endfacet
  facet normal 0 0 1
    outer loop
      vertex -135.692 23.077 12.7
      vertex -135.699 23.0681 12.7
      vertex -135.442 23.0171 12.7
    endloop
  endfacet
  facet normal 0 0 1
    outer loop
      vertex -135.7 23.0791 12.7
      vertex -135.699 23.0681 12.7
      vertex -135.696 23.0778 12.7
    endloop
  endfacet
  facet normal -0 0 1
    outer loop
      vertex -135.946 23.1522 12.7
      vertex -135.7 23.0791 12.7
      vertex -135.942 23.1615 12.7
    endloop
  endfacet
  facet normal 0 0 1
    outer loop
      vertex -135.7 23.0791 12.7
      vertex -135.946 23.1522 12.7
      vertex -135.699 23.0681 12.7
    endloop
  endfacet
  facet normal 0 0 1
    outer loop
      vertex -135.946 23.1632 12.7
      vertex -135.946 23.1522 12.7
      vertex -135.942 23.1615 12.7
    endloop
  endfacet
  facet normal -0 0 1
    outer loop
      vertex -136.181 23.268 12.7
      vertex -135.946 23.1632 12.7
      vertex -136.176 23.2766 12.7
    endloop
  endfacet
  facet normal 0 0 1
    outer loop
      vertex -135.946 23.1632 12.7
      vertex -136.181 23.268 12.7
      vertex -135.946 23.1522 12.7
    endloop
  endfacet
  facet normal 0 0 1
    outer loop
      vertex -136.389 23.419 12.7
      vertex -136.181 23.268 12.7
      vertex -136.176 23.2766 12.7
    endloop
  endfacet
  facet normal 0 0 1
    outer loop
      vertex -136.398 23.4133 12.7
      vertex -136.389 23.419 12.7
      vertex -136.392 23.4212 12.7
    endloop
  endfacet
  facet normal 0 0 1
    outer loop
      vertex -136.389 23.419 12.7
      vertex -136.398 23.4133 12.7
      vertex -136.181 23.268 12.7
    endloop
  endfacet
  facet normal 0 0 1
    outer loop
      vertex -136.395 23.4238 12.7
      vertex -136.398 23.4133 12.7
      vertex -136.392 23.4212 12.7
    endloop
  endfacet
  facet normal -0 0 1
    outer loop
      vertex -136.595 23.5858 12.7
      vertex -136.395 23.4238 12.7
      vertex -136.588 23.5929 12.7
    endloop
  endfacet
  facet normal 0 0 1
    outer loop
      vertex -136.395 23.4238 12.7
      vertex -136.595 23.5858 12.7
      vertex -136.398 23.4133 12.7
    endloop
  endfacet
  facet normal 0 0 1
    outer loop
      vertex -136.757 23.7856 12.7
      vertex -136.595 23.5858 12.7
      vertex -136.588 23.5929 12.7
    endloop
  endfacet
  facet normal 0 0 1
    outer loop
      vertex -136.768 23.7825 12.7
      vertex -136.757 23.7856 12.7
      vertex -136.76 23.7886 12.7
    endloop
  endfacet
  facet normal 0 0 1
    outer loop
      vertex -136.757 23.7856 12.7
      vertex -136.768 23.7825 12.7
      vertex -136.595 23.5858 12.7
    endloop
  endfacet
  facet normal 0 0 1
    outer loop
      vertex -136.762 23.7918 12.7
      vertex -136.768 23.7825 12.7
      vertex -136.76 23.7886 12.7
    endloop
  endfacet
  facet normal -0 0 1
    outer loop
      vertex -136.913 24 12.7
      vertex -136.762 23.7918 12.7
      vertex -136.904 24.005 12.7
    endloop
  endfacet
  facet normal 0 0 1
    outer loop
      vertex -136.762 23.7918 12.7
      vertex -136.913 24 12.7
      vertex -136.768 23.7825 12.7
    endloop
  endfacet
  facet normal 0 0 1
    outer loop
      vertex -137.018 24.2349 12.7
      vertex -136.913 24 12.7
      vertex -136.904 24.005 12.7
    endloop
  endfacet
  facet normal 0 0 1
    outer loop
      vertex -137.029 24.2346 12.7
      vertex -137.018 24.2349 12.7
      vertex -137.019 24.2385 12.7
    endloop
  endfacet
  facet normal 0 0 1
    outer loop
      vertex -137.018 24.2349 12.7
      vertex -137.029 24.2346 12.7
      vertex -136.913 24 12.7
    endloop
  endfacet
  facet normal 0 0 1
    outer loop
      vertex -137.102 24.4812 12.7
      vertex -137.029 24.2346 12.7
      vertex -137.019 24.2385 12.7
    endloop
  endfacet
  facet normal -0 0 1
    outer loop
      vertex -137.113 24.4824 12.7
      vertex -137.102 24.4812 12.7
      vertex -137.103 24.485 12.7
    endloop
  endfacet
  facet normal 0 0 1
    outer loop
      vertex -137.102 24.4812 12.7
      vertex -137.113 24.4824 12.7
      vertex -137.029 24.2346 12.7
    endloop
  endfacet
  facet normal 0 0 1
    outer loop
      vertex -137.104 24.4888 12.7
      vertex -137.113 24.4824 12.7
      vertex -137.103 24.485 12.7
    endloop
  endfacet
  facet normal -0 0 1
    outer loop
      vertex -137.164 24.7389 12.7
      vertex -137.104 24.4888 12.7
      vertex -137.154 24.7403 12.7
    endloop
  endfacet
  facet normal 0 0 1
    outer loop
      vertex -137.104 24.4888 12.7
      vertex -137.164 24.7389 12.7
      vertex -137.113 24.4824 12.7
    endloop
  endfacet
  facet normal 0 0 1
    outer loop
      vertex -137.154 24.7442 12.7
      vertex -137.164 24.7389 12.7
      vertex -137.154 24.7403 12.7
    endloop
  endfacet
  facet normal -0 0 1
    outer loop
      vertex -137.181 25 12.7
      vertex -137.154 24.7442 12.7
      vertex -137.171 25 12.7
    endloop
  endfacet
  facet normal 0 0 1
    outer loop
      vertex -137.154 24.7442 12.7
      vertex -137.181 25 12.7
      vertex -137.164 24.7389 12.7
    endloop
  endfacet
  facet normal -0.706327 0.0469412 0.706327
    outer loop
      vertex -137.171 25 12.7
      vertex -136.681 25 13.19
      vertex -137.154 25.2558 12.7
    endloop
  endfacet
  facet normal -0.634547 0.313668 0.706373
    outer loop
      vertex -137.018 25.7651 12.7
      vertex -136.567 25.574 13.19
      vertex -136.48 25.75 13.19
    endloop
  endfacet
  facet normal -0.684311 0.190086 0.703979
    outer loop
      vertex -136.567 25.574 13.19
      vertex -137.018 25.7651 12.7
      vertex -137.019 25.7615 12.7
    endloop
  endfacet
  facet normal 0.532417 0.466936 0.706047
    outer loop
      vertex -134.12 26.0607 13.19
      vertex -133.605 26.2144 12.7
      vertex -133.774 26.4071 12.7
    endloop
  endfacet
  facet normal 0.670463 -0.226526 0.706517
    outer loop
      vertex -133.795 24.426 13.19
      vertex -133.342 24.2385 12.7
      vertex -133.26 24.4812 12.7
    endloop
  endfacet
  facet normal -0.313094 -0.634845 0.706359
    outer loop
      vertex -135.946 23.1632 12.7
      vertex -135.755 23.6142 13.19
      vertex -135.931 23.701 13.19
    endloop
  endfacet
  facet normal -0.276641 -0.65092 0.706946
    outer loop
      vertex -135.755 23.6142 13.19
      vertex -135.946 23.1632 12.7
      vertex -135.942 23.1615 12.7
    endloop
  endfacet
  facet normal -0.466671 0.532629 0.706063
    outer loop
      vertex -136.588 26.4071 12.7
      vertex -136.242 26.0607 13.19
      vertex -136.395 26.5762 12.7
    endloop
  endfacet
  facet normal -0.634547 -0.313668 0.706373
    outer loop
      vertex -136.567 24.426 13.19
      vertex -137.018 24.2349 12.7
      vertex -136.48 24.25 13.19
    endloop
  endfacet
  facet normal -0.684311 -0.190086 0.703979
    outer loop
      vertex -137.018 24.2349 12.7
      vertex -136.567 24.426 13.19
      vertex -137.019 24.2385 12.7
    endloop
  endfacet
  facet normal -0.589297 -0.392496 0.70617
    outer loop
      vertex -136.904 24.005 12.7
      vertex -136.762 23.7918 12.7
      vertex -136.48 24.25 13.19
    endloop
  endfacet
  facet normal 0.670463 0.226526 0.706517
    outer loop
      vertex -133.795 25.574 13.19
      vertex -133.26 25.5188 12.7
      vertex -133.342 25.7615 12.7
    endloop
  endfacet
  facet normal -0.393462 -0.588388 0.70639
    outer loop
      vertex -136.094 23.81 13.19
      vertex -136.389 23.419 12.7
      vertex -135.931 23.701 13.19
    endloop
  endfacet
  facet normal -0.418261 -0.570356 0.706931
    outer loop
      vertex -136.389 23.419 12.7
      vertex -136.094 23.81 13.19
      vertex -136.392 23.4212 12.7
    endloop
  endfacet
  facet normal -0.465759 -0.53312 0.706294
    outer loop
      vertex -136.395 23.4238 12.7
      vertex -136.094 23.81 13.19
      vertex -136.242 23.9393 13.19
    endloop
  endfacet
  facet normal -0.463588 -0.534909 0.706371
    outer loop
      vertex -136.094 23.81 13.19
      vertex -136.395 23.4238 12.7
      vertex -136.392 23.4212 12.7
    endloop
  endfacet
  facet normal -0.463588 0.534909 0.706371
    outer loop
      vertex -136.395 26.5762 12.7
      vertex -136.094 26.19 13.19
      vertex -136.392 26.5788 12.7
    endloop
  endfacet
  facet normal -0.465759 0.53312 0.706294
    outer loop
      vertex -136.094 26.19 13.19
      vertex -136.395 26.5762 12.7
      vertex -136.242 26.0607 13.19
    endloop
  endfacet
  facet normal 0.589297 -0.392496 0.70617
    outer loop
      vertex -133.882 24.25 13.19
      vertex -133.6 23.7918 12.7
      vertex -133.458 24.005 12.7
    endloop
  endfacet
  facet normal -0.228193 0.670179 0.706249
    outer loop
      vertex -135.942 26.8385 12.7
      vertex -135.755 26.3858 13.19
      vertex -135.7 26.9209 12.7
    endloop
  endfacet
  facet normal -0.313015 -0.634864 0.706378
    outer loop
      vertex -136.176 23.2766 12.7
      vertex -135.946 23.1632 12.7
      vertex -135.931 23.701 13.19
    endloop
  endfacet
  facet normal -0.634337 -0.314548 0.70617
    outer loop
      vertex -137.018 24.2349 12.7
      vertex -136.904 24.005 12.7
      vertex -136.48 24.25 13.19
    endloop
  endfacet
  facet normal 0 0 1
    outer loop
      vertex -133.694 25.1958 13.19
      vertex -133.694 24.8042 13.19
      vertex -133.681 25 13.19
    endloop
  endfacet
  facet normal 0 0 1
    outer loop
      vertex -133.732 25.3882 13.19
      vertex -133.694 24.8042 13.19
      vertex -133.694 25.1958 13.19
    endloop
  endfacet
  facet normal 0 0 1
    outer loop
      vertex -133.732 25.3882 13.19
      vertex -133.732 24.6118 13.19
      vertex -133.694 24.8042 13.19
    endloop
  endfacet
  facet normal 0 0 1
    outer loop
      vertex -133.795 25.574 13.19
      vertex -133.732 24.6118 13.19
      vertex -133.732 25.3882 13.19
    endloop
  endfacet
  facet normal 0 0 1
    outer loop
      vertex -133.795 25.574 13.19
      vertex -133.795 24.426 13.19
      vertex -133.732 24.6118 13.19
    endloop
  endfacet
  facet normal 0 0 1
    outer loop
      vertex -133.882 25.75 13.19
      vertex -133.795 24.426 13.19
      vertex -133.795 25.574 13.19
    endloop
  endfacet
  facet normal 0 0 1
    outer loop
      vertex -133.882 25.75 13.19
      vertex -133.882 24.25 13.19
      vertex -133.795 24.426 13.19
    endloop
  endfacet
  facet normal 0 0 1
    outer loop
      vertex -133.991 25.9131 13.19
      vertex -133.882 24.25 13.19
      vertex -133.882 25.75 13.19
    endloop
  endfacet
  facet normal 0 0 1
    outer loop
      vertex -133.991 25.9131 13.19
      vertex -133.991 24.0869 13.19
      vertex -133.882 24.25 13.19
    endloop
  endfacet
  facet normal 0 0 1
    outer loop
      vertex -134.12 26.0607 13.19
      vertex -133.991 24.0869 13.19
      vertex -133.991 25.9131 13.19
    endloop
  endfacet
  facet normal 0 0 1
    outer loop
      vertex -134.12 26.0607 13.19
      vertex -134.12 23.9393 13.19
      vertex -133.991 24.0869 13.19
    endloop
  endfacet
  facet normal 0 0 1
    outer loop
      vertex -134.268 26.19 13.19
      vertex -134.12 23.9393 13.19
      vertex -134.12 26.0607 13.19
    endloop
  endfacet
  facet normal 0 0 1
    outer loop
      vertex -134.268 26.19 13.19
      vertex -134.268 23.81 13.19
      vertex -134.12 23.9393 13.19
    endloop
  endfacet
  facet normal 0 0 1
    outer loop
      vertex -134.431 26.299 13.19
      vertex -134.268 23.81 13.19
      vertex -134.268 26.19 13.19
    endloop
  endfacet
  facet normal 0 0 1
    outer loop
      vertex -134.431 26.299 13.19
      vertex -134.431 23.701 13.19
      vertex -134.268 23.81 13.19
    endloop
  endfacet
  facet normal 0 0 1
    outer loop
      vertex -134.607 26.3858 13.19
      vertex -134.431 23.701 13.19
      vertex -134.431 26.299 13.19
    endloop
  endfacet
  facet normal 0 0 1
    outer loop
      vertex -134.607 26.3858 13.19
      vertex -134.607 23.6142 13.19
      vertex -134.431 23.701 13.19
    endloop
  endfacet
  facet normal 0 0 1
    outer loop
      vertex -134.793 26.4489 13.19
      vertex -134.607 23.6142 13.19
      vertex -134.607 26.3858 13.19
    endloop
  endfacet
  facet normal 0 0 1
    outer loop
      vertex -134.793 26.4489 13.19
      vertex -134.793 23.5511 13.19
      vertex -134.607 23.6142 13.19
    endloop
  endfacet
  facet normal 0 0 1
    outer loop
      vertex -134.985 26.4872 13.19
      vertex -134.793 23.5511 13.19
      vertex -134.793 26.4489 13.19
    endloop
  endfacet
  facet normal 0 0 1
    outer loop
      vertex -134.985 26.4872 13.19
      vertex -134.985 23.5128 13.19
      vertex -134.793 23.5511 13.19
    endloop
  endfacet
  facet normal 0 0 1
    outer loop
      vertex -135.181 26.5 13.19
      vertex -134.985 23.5128 13.19
      vertex -134.985 26.4872 13.19
    endloop
  endfacet
  facet normal 0 0 1
    outer loop
      vertex -135.181 26.5 13.19
      vertex -135.181 23.5 13.19
      vertex -134.985 23.5128 13.19
    endloop
  endfacet
  facet normal -0 0 1
    outer loop
      vertex -135.377 26.4872 13.19
      vertex -135.181 23.5 13.19
      vertex -135.181 26.5 13.19
    endloop
  endfacet
  facet normal 0 0 1
    outer loop
      vertex -135.377 26.4872 13.19
      vertex -135.377 23.5128 13.19
      vertex -135.181 23.5 13.19
    endloop
  endfacet
  facet normal -0 0 1
    outer loop
      vertex -135.569 26.4489 13.19
      vertex -135.377 23.5128 13.19
      vertex -135.377 26.4872 13.19
    endloop
  endfacet
  facet normal 0 0 1
    outer loop
      vertex -135.569 26.4489 13.19
      vertex -135.569 23.5511 13.19
      vertex -135.377 23.5128 13.19
    endloop
  endfacet
  facet normal -0 0 1
    outer loop
      vertex -135.755 26.3858 13.19
      vertex -135.569 23.5511 13.19
      vertex -135.569 26.4489 13.19
    endloop
  endfacet
  facet normal 0 0 1
    outer loop
      vertex -135.755 26.3858 13.19
      vertex -135.755 23.6142 13.19
      vertex -135.569 23.5511 13.19
    endloop
  endfacet
  facet normal -0 0 1
    outer loop
      vertex -135.931 26.299 13.19
      vertex -135.755 23.6142 13.19
      vertex -135.755 26.3858 13.19
    endloop
  endfacet
  facet normal 0 0 1
    outer loop
      vertex -135.931 26.299 13.19
      vertex -135.931 23.701 13.19
      vertex -135.755 23.6142 13.19
    endloop
  endfacet
  facet normal -0 0 1
    outer loop
      vertex -136.094 26.19 13.19
      vertex -135.931 23.701 13.19
      vertex -135.931 26.299 13.19
    endloop
  endfacet
  facet normal 0 0 1
    outer loop
      vertex -136.094 26.19 13.19
      vertex -136.094 23.81 13.19
      vertex -135.931 23.701 13.19
    endloop
  endfacet
  facet normal -0 0 1
    outer loop
      vertex -136.242 26.0607 13.19
      vertex -136.094 23.81 13.19
      vertex -136.094 26.19 13.19
    endloop
  endfacet
  facet normal 0 0 1
    outer loop
      vertex -136.242 26.0607 13.19
      vertex -136.242 23.9393 13.19
      vertex -136.094 23.81 13.19
    endloop
  endfacet
  facet normal -0 0 1
    outer loop
      vertex -136.371 25.9131 13.19
      vertex -136.242 23.9393 13.19
      vertex -136.242 26.0607 13.19
    endloop
  endfacet
  facet normal 0 0 1
    outer loop
      vertex -136.371 25.9131 13.19
      vertex -136.371 24.0869 13.19
      vertex -136.242 23.9393 13.19
    endloop
  endfacet
  facet normal -0 0 1
    outer loop
      vertex -136.48 25.75 13.19
      vertex -136.371 24.0869 13.19
      vertex -136.371 25.9131 13.19
    endloop
  endfacet
  facet normal 0 0 1
    outer loop
      vertex -136.48 25.75 13.19
      vertex -136.48 24.25 13.19
      vertex -136.371 24.0869 13.19
    endloop
  endfacet
  facet normal -0 0 1
    outer loop
      vertex -136.567 25.574 13.19
      vertex -136.48 24.25 13.19
      vertex -136.48 25.75 13.19
    endloop
  endfacet
  facet normal 0 0 1
    outer loop
      vertex -136.567 25.574 13.19
      vertex -136.567 24.426 13.19
      vertex -136.48 24.25 13.19
    endloop
  endfacet
  facet normal -0 0 1
    outer loop
      vertex -136.63 25.3882 13.19
      vertex -136.567 24.426 13.19
      vertex -136.567 25.574 13.19
    endloop
  endfacet
  facet normal 0 0 1
    outer loop
      vertex -136.63 25.3882 13.19
      vertex -136.63 24.6118 13.19
      vertex -136.567 24.426 13.19
    endloop
  endfacet
  facet normal -0 0 1
    outer loop
      vertex -136.668 25.1958 13.19
      vertex -136.63 24.6118 13.19
      vertex -136.63 25.3882 13.19
    endloop
  endfacet
  facet normal 0 0 1
    outer loop
      vertex -136.668 25.1958 13.19
      vertex -136.668 24.8042 13.19
      vertex -136.63 24.6118 13.19
    endloop
  endfacet
  facet normal 0 -0 1
    outer loop
      vertex -136.668 24.8042 13.19
      vertex -136.668 25.1958 13.19
      vertex -136.681 25 13.19
    endloop
  endfacet
  facet normal -0.589297 0.392496 0.70617
    outer loop
      vertex -136.904 25.995 12.7
      vertex -136.48 25.75 13.19
      vertex -136.762 26.2082 12.7
    endloop
  endfacet
  facet normal -0.694149 0.138002 0.706479
    outer loop
      vertex -137.154 25.2597 12.7
      vertex -136.668 25.1958 13.19
      vertex -137.104 25.5112 12.7
    endloop
  endfacet
  facet normal 0.138293 0.69423 0.706342
    outer loop
      vertex -134.985 26.4872 13.19
      vertex -134.67 26.923 12.7
      vertex -134.921 26.973 12.7
    endloop
  endfacet
  facet normal 0.706327 0.0469412 0.706327
    outer loop
      vertex -133.681 25 13.19
      vertex -133.191 25 12.7
      vertex -133.208 25.2558 12.7
    endloop
  endfacet
  facet normal -0.533008 0.465841 0.706325
    outer loop
      vertex -136.757 26.2144 12.7
      vertex -136.371 25.9131 13.19
      vertex -136.242 26.0607 13.19
    endloop
  endfacet
  facet normal -0.502048 0.502048 0.704199
    outer loop
      vertex -136.371 25.9131 13.19
      vertex -136.757 26.2144 12.7
      vertex -136.76 26.2114 12.7
    endloop
  endfacet
  facet normal 0.589297 0.392496 0.70617
    outer loop
      vertex -133.882 25.75 13.19
      vertex -133.458 25.995 12.7
      vertex -133.6 26.2082 12.7
    endloop
  endfacet
  facet normal 0.684037 0.18001 0.706887
    outer loop
      vertex -133.732 25.3882 13.19
      vertex -133.258 25.5112 12.7
      vertex -133.259 25.515 12.7
    endloop
  endfacet
  facet normal 0.694521 0.137171 0.706275
    outer loop
      vertex -133.258 25.5112 12.7
      vertex -133.732 25.3882 13.19
      vertex -133.694 25.1958 13.19
    endloop
  endfacet
  facet normal 0.313094 -0.634845 0.706359
    outer loop
      vertex -134.607 23.6142 13.19
      vertex -134.416 23.1632 12.7
      vertex -134.431 23.701 13.19
    endloop
  endfacet
  facet normal 0.349844 -0.617371 0.704601
    outer loop
      vertex -134.416 23.1632 12.7
      vertex -134.607 23.6142 13.19
      vertex -134.419 23.1615 12.7
    endloop
  endfacet
  facet normal -0.138469 0.694151 0.706385
    outer loop
      vertex -135.692 26.923 12.7
      vertex -135.569 26.4489 13.19
      vertex -135.377 26.4872 13.19
    endloop
  endfacet
  facet normal -0.138814 0.694072 0.706395
    outer loop
      vertex -135.569 26.4489 13.19
      vertex -135.692 26.923 12.7
      vertex -135.696 26.9222 12.7
    endloop
  endfacet
  facet normal -0.588471 -0.393276 0.706425
    outer loop
      vertex -136.762 23.7918 12.7
      vertex -136.371 24.0869 13.19
      vertex -136.48 24.25 13.19
    endloop
  endfacet
  facet normal -0.600869 -0.375543 0.705638
    outer loop
      vertex -136.371 24.0869 13.19
      vertex -136.762 23.7918 12.7
      vertex -136.76 23.7886 12.7
    endloop
  endfacet
  facet normal 0.684037 0.18001 0.706887
    outer loop
      vertex -133.26 25.5188 12.7
      vertex -133.732 25.3882 13.19
      vertex -133.259 25.515 12.7
    endloop
  endfacet
  facet normal 0.670382 0.227309 0.706341
    outer loop
      vertex -133.732 25.3882 13.19
      vertex -133.26 25.5188 12.7
      vertex -133.795 25.574 13.19
    endloop
  endfacet
  facet normal 0.694149 -0.138002 0.706479
    outer loop
      vertex -133.694 24.8042 13.19
      vertex -133.258 24.4888 12.7
      vertex -133.208 24.7403 12.7
    endloop
  endfacet
  facet normal 0.342593 0.622896 0.7033
    outer loop
      vertex -133.973 26.581 12.7
      vertex -134.268 26.19 13.19
      vertex -133.969 26.5788 12.7
    endloop
  endfacet
  facet normal 0.393462 0.588388 0.70639
    outer loop
      vertex -134.268 26.19 13.19
      vertex -133.973 26.581 12.7
      vertex -134.431 26.299 13.19
    endloop
  endfacet
  facet normal 0.532417 -0.466936 0.706047
    outer loop
      vertex -134.12 23.9393 13.19
      vertex -133.774 23.5929 12.7
      vertex -133.605 23.7856 12.7
    endloop
  endfacet
  facet normal -0.532417 0.466936 0.706047
    outer loop
      vertex -136.757 26.2144 12.7
      vertex -136.242 26.0607 13.19
      vertex -136.588 26.4071 12.7
    endloop
  endfacet
  facet normal 0.393405 0.588449 0.706371
    outer loop
      vertex -134.431 26.299 13.19
      vertex -133.973 26.581 12.7
      vertex -134.186 26.7234 12.7
    endloop
  endfacet
  facet normal -0.313015 0.634864 0.706378
    outer loop
      vertex -136.176 26.7234 12.7
      vertex -135.931 26.299 13.19
      vertex -135.946 26.8368 12.7
    endloop
  endfacet
  facet normal -0.670382 0.227309 0.706341
    outer loop
      vertex -137.102 25.5188 12.7
      vertex -136.63 25.3882 13.19
      vertex -136.567 25.574 13.19
    endloop
  endfacet
  facet normal -0.684037 0.18001 0.706887
    outer loop
      vertex -136.63 25.3882 13.19
      vertex -137.102 25.5188 12.7
      vertex -137.103 25.515 12.7
    endloop
  endfacet
  facet normal 0.466671 0.532629 0.706063
    outer loop
      vertex -134.12 26.0607 13.19
      vertex -133.774 26.4071 12.7
      vertex -133.967 26.5762 12.7
    endloop
  endfacet
  facet normal 0.706327 -0.0469412 0.706327
    outer loop
      vertex -133.681 25 13.19
      vertex -133.208 24.7442 12.7
      vertex -133.191 25 12.7
    endloop
  endfacet
  facet normal 0.227286 0.670272 0.706453
    outer loop
      vertex -134.662 26.9209 12.7
      vertex -134.607 26.3858 13.19
      vertex -134.419 26.8385 12.7
    endloop
  endfacet
  facet normal -0.706327 -0.0469412 0.706327
    outer loop
      vertex -137.171 25 12.7
      vertex -137.154 24.7442 12.7
      vertex -136.681 25 13.19
    endloop
  endfacet
  facet normal 0.694149 0.138002 0.706479
    outer loop
      vertex -133.694 25.1958 13.19
      vertex -133.208 25.2597 12.7
      vertex -133.258 25.5112 12.7
    endloop
  endfacet
  facet normal -0.634337 0.314548 0.70617
    outer loop
      vertex -137.018 25.7651 12.7
      vertex -136.48 25.75 13.19
      vertex -136.904 25.995 12.7
    endloop
  endfacet
  facet normal 0.138814 -0.694072 0.706395
    outer loop
      vertex -134.793 23.5511 13.19
      vertex -134.67 23.077 12.7
      vertex -134.666 23.0778 12.7
    endloop
  endfacet
  facet normal 0.138469 -0.694151 0.706385
    outer loop
      vertex -134.67 23.077 12.7
      vertex -134.793 23.5511 13.19
      vertex -134.985 23.5128 13.19
    endloop
  endfacet
  facet normal 0.466671 -0.532629 0.706063
    outer loop
      vertex -134.12 23.9393 13.19
      vertex -133.967 23.4238 12.7
      vertex -133.774 23.5929 12.7
    endloop
  endfacet
  facet normal -0.138469 -0.694151 0.706385
    outer loop
      vertex -135.569 23.5511 13.19
      vertex -135.692 23.077 12.7
      vertex -135.377 23.5128 13.19
    endloop
  endfacet
  facet normal -0.138814 -0.694072 0.706395
    outer loop
      vertex -135.692 23.077 12.7
      vertex -135.569 23.5511 13.19
      vertex -135.696 23.0778 12.7
    endloop
  endfacet
  facet normal -0.228193 -0.670179 0.706249
    outer loop
      vertex -135.942 23.1615 12.7
      vertex -135.7 23.0791 12.7
      vertex -135.755 23.6142 13.19
    endloop
  endfacet
  facet normal -0.393405 -0.588449 0.706371
    outer loop
      vertex -136.389 23.419 12.7
      vertex -136.176 23.2766 12.7
      vertex -135.931 23.701 13.19
    endloop
  endfacet
  facet normal 0.046354 0.706347 0.706347
    outer loop
      vertex -135.181 26.5 13.19
      vertex -134.925 26.9732 12.7
      vertex -135.181 26.99 12.7
    endloop
  endfacet
  facet normal -0.046354 0.706347 0.706347
    outer loop
      vertex -135.437 26.9732 12.7
      vertex -135.181 26.5 13.19
      vertex -135.181 26.99 12.7
    endloop
  endfacet
  facet normal -0.670188 -0.229195 0.705916
    outer loop
      vertex -137.102 24.4812 12.7
      vertex -137.019 24.2385 12.7
      vertex -136.567 24.426 13.19
    endloop
  endfacet
  facet normal 0.619985 -0.344436 0.70497
    outer loop
      vertex -133.795 24.426 13.19
      vertex -133.344 24.2349 12.7
      vertex -133.342 24.2385 12.7
    endloop
  endfacet
  facet normal 0.634547 -0.313668 0.706373
    outer loop
      vertex -133.344 24.2349 12.7
      vertex -133.795 24.426 13.19
      vertex -133.882 24.25 13.19
    endloop
  endfacet
  facet normal 0.138814 0.694072 0.706395
    outer loop
      vertex -134.67 26.923 12.7
      vertex -134.793 26.4489 13.19
      vertex -134.666 26.9222 12.7
    endloop
  endfacet
  facet normal 0.138469 0.694151 0.706385
    outer loop
      vertex -134.793 26.4489 13.19
      vertex -134.67 26.923 12.7
      vertex -134.985 26.4872 13.19
    endloop
  endfacet
  facet normal -0.670382 -0.227309 0.706341
    outer loop
      vertex -136.63 24.6118 13.19
      vertex -137.102 24.4812 12.7
      vertex -136.567 24.426 13.19
    endloop
  endfacet
  facet normal -0.684037 -0.18001 0.706887
    outer loop
      vertex -137.102 24.4812 12.7
      vertex -136.63 24.6118 13.19
      vertex -137.103 24.485 12.7
    endloop
  endfacet
  facet normal -0.218696 0.672909 0.706658
    outer loop
      vertex -135.7 26.9209 12.7
      vertex -135.569 26.4489 13.19
      vertex -135.696 26.9222 12.7
    endloop
  endfacet
  facet normal -0.227385 0.670262 0.706431
    outer loop
      vertex -135.569 26.4489 13.19
      vertex -135.7 26.9209 12.7
      vertex -135.755 26.3858 13.19
    endloop
  endfacet
  facet normal -0.466671 -0.532629 0.706063
    outer loop
      vertex -136.588 23.5929 12.7
      vertex -136.395 23.4238 12.7
      vertex -136.242 23.9393 13.19
    endloop
  endfacet
  facet normal 0.634337 0.314548 0.70617
    outer loop
      vertex -133.882 25.75 13.19
      vertex -133.344 25.7651 12.7
      vertex -133.458 25.995 12.7
    endloop
  endfacet
  facet normal 0.0353693 0.707386 0.705942
    outer loop
      vertex -134.925 26.9732 12.7
      vertex -134.985 26.4872 13.19
      vertex -134.921 26.973 12.7
    endloop
  endfacet
  facet normal 0.0461331 0.706413 0.706295
    outer loop
      vertex -134.985 26.4872 13.19
      vertex -134.925 26.9732 12.7
      vertex -135.181 26.5 13.19
    endloop
  endfacet
  facet normal 0.218696 0.672909 0.706658
    outer loop
      vertex -134.793 26.4489 13.19
      vertex -134.662 26.9209 12.7
      vertex -134.666 26.9222 12.7
    endloop
  endfacet
  facet normal 0.227385 0.670262 0.706431
    outer loop
      vertex -134.662 26.9209 12.7
      vertex -134.793 26.4489 13.19
      vertex -134.607 26.3858 13.19
    endloop
  endfacet
  facet normal -0.0461331 0.706413 0.706295
    outer loop
      vertex -135.437 26.9732 12.7
      vertex -135.377 26.4872 13.19
      vertex -135.181 26.5 13.19
    endloop
  endfacet
  facet normal -0.0353693 0.707386 0.705942
    outer loop
      vertex -135.377 26.4872 13.19
      vertex -135.437 26.9732 12.7
      vertex -135.441 26.973 12.7
    endloop
  endfacet
  facet normal 0.619985 0.344436 0.70497
    outer loop
      vertex -133.344 25.7651 12.7
      vertex -133.795 25.574 13.19
      vertex -133.342 25.7615 12.7
    endloop
  endfacet
  facet normal 0.634547 0.313668 0.706373
    outer loop
      vertex -133.795 25.574 13.19
      vertex -133.344 25.7651 12.7
      vertex -133.882 25.75 13.19
    endloop
  endfacet
  facet normal -0.0353693 -0.707386 0.705942
    outer loop
      vertex -135.437 23.0268 12.7
      vertex -135.377 23.5128 13.19
      vertex -135.441 23.027 12.7
    endloop
  endfacet
  facet normal -0.0461331 -0.706413 0.706295
    outer loop
      vertex -135.377 23.5128 13.19
      vertex -135.437 23.0268 12.7
      vertex -135.181 23.5 13.19
    endloop
  endfacet
  facet normal 0.0461331 -0.706413 0.706295
    outer loop
      vertex -134.925 23.0268 12.7
      vertex -134.985 23.5128 13.19
      vertex -135.181 23.5 13.19
    endloop
  endfacet
  facet normal 0.0353693 -0.707386 0.705942
    outer loop
      vertex -134.985 23.5128 13.19
      vertex -134.925 23.0268 12.7
      vertex -134.921 23.027 12.7
    endloop
  endfacet
  facet normal 0.342593 -0.622896 0.7033
    outer loop
      vertex -134.268 23.81 13.19
      vertex -133.973 23.419 12.7
      vertex -133.969 23.4212 12.7
    endloop
  endfacet
  facet normal 0.393462 -0.588388 0.70639
    outer loop
      vertex -133.973 23.419 12.7
      vertex -134.268 23.81 13.19
      vertex -134.431 23.701 13.19
    endloop
  endfacet
  facet normal 0.313015 -0.634864 0.706378
    outer loop
      vertex -134.431 23.701 13.19
      vertex -134.416 23.1632 12.7
      vertex -134.186 23.2766 12.7
    endloop
  endfacet
  facet normal 0.502048 -0.502048 0.704199
    outer loop
      vertex -133.991 24.0869 13.19
      vertex -133.605 23.7856 12.7
      vertex -133.602 23.7886 12.7
    endloop
  endfacet
  facet normal 0.533008 -0.465841 0.706325
    outer loop
      vertex -133.605 23.7856 12.7
      vertex -133.991 24.0869 13.19
      vertex -134.12 23.9393 13.19
    endloop
  endfacet
  facet normal 0.349844 0.617371 0.704601
    outer loop
      vertex -134.607 26.3858 13.19
      vertex -134.416 26.8368 12.7
      vertex -134.419 26.8385 12.7
    endloop
  endfacet
  facet normal 0.313094 0.634845 0.706359
    outer loop
      vertex -134.416 26.8368 12.7
      vertex -134.607 26.3858 13.19
      vertex -134.431 26.299 13.19
    endloop
  endfacet
  facet normal -0.393405 0.588449 0.706371
    outer loop
      vertex -136.389 26.581 12.7
      vertex -135.931 26.299 13.19
      vertex -136.176 26.7234 12.7
    endloop
  endfacet
  facet normal -0.600869 0.375543 0.705638
    outer loop
      vertex -136.762 26.2082 12.7
      vertex -136.371 25.9131 13.19
      vertex -136.76 26.2114 12.7
    endloop
  endfacet
  facet normal -0.588471 0.393276 0.706425
    outer loop
      vertex -136.371 25.9131 13.19
      vertex -136.762 26.2082 12.7
      vertex -136.48 25.75 13.19
    endloop
  endfacet
  facet normal -0.393462 0.588388 0.70639
    outer loop
      vertex -136.389 26.581 12.7
      vertex -136.094 26.19 13.19
      vertex -135.931 26.299 13.19
    endloop
  endfacet
  facet normal -0.418261 0.570356 0.706931
    outer loop
      vertex -136.094 26.19 13.19
      vertex -136.389 26.581 12.7
      vertex -136.392 26.5788 12.7
    endloop
  endfacet
  facet normal -0.684037 0.18001 0.706887
    outer loop
      vertex -137.104 25.5112 12.7
      vertex -136.63 25.3882 13.19
      vertex -137.103 25.515 12.7
    endloop
  endfacet
  facet normal -0.694521 0.137171 0.706275
    outer loop
      vertex -136.63 25.3882 13.19
      vertex -137.104 25.5112 12.7
      vertex -136.668 25.1958 13.19
    endloop
  endfacet
  facet normal -0.670188 0.229195 0.705916
    outer loop
      vertex -137.102 25.5188 12.7
      vertex -136.567 25.574 13.19
      vertex -137.019 25.7615 12.7
    endloop
  endfacet
  facet normal 0.046354 -0.706347 0.706347
    outer loop
      vertex -135.181 23.01 12.7
      vertex -134.925 23.0268 12.7
      vertex -135.181 23.5 13.19
    endloop
  endfacet
  facet normal -0.276641 0.65092 0.706946
    outer loop
      vertex -135.946 26.8368 12.7
      vertex -135.755 26.3858 13.19
      vertex -135.942 26.8385 12.7
    endloop
  endfacet
  facet normal -0.313094 0.634845 0.706359
    outer loop
      vertex -135.755 26.3858 13.19
      vertex -135.946 26.8368 12.7
      vertex -135.931 26.299 13.19
    endloop
  endfacet
  facet normal -0.532417 -0.466936 0.706047
    outer loop
      vertex -136.757 23.7856 12.7
      vertex -136.588 23.5929 12.7
      vertex -136.242 23.9393 13.19
    endloop
  endfacet
  facet normal -0.694149 -0.138002 0.706479
    outer loop
      vertex -137.154 24.7403 12.7
      vertex -137.104 24.4888 12.7
      vertex -136.668 24.8042 13.19
    endloop
  endfacet
  facet normal -0.706341 -0.046897 0.706317
    outer loop
      vertex -137.154 24.7442 12.7
      vertex -136.668 24.8042 13.19
      vertex -136.681 25 13.19
    endloop
  endfacet
  facet normal -0.709999 0 0.704203
    outer loop
      vertex -136.668 24.8042 13.19
      vertex -137.154 24.7442 12.7
      vertex -137.154 24.7403 12.7
    endloop
  endfacet
  facet normal -0.138293 0.69423 0.706342
    outer loop
      vertex -135.692 26.923 12.7
      vertex -135.377 26.4872 13.19
      vertex -135.441 26.973 12.7
    endloop
  endfacet
  facet normal 0.588471 -0.393276 0.706425
    outer loop
      vertex -133.991 24.0869 13.19
      vertex -133.6 23.7918 12.7
      vertex -133.882 24.25 13.19
    endloop
  endfacet
  facet normal 0.600869 -0.375543 0.705638
    outer loop
      vertex -133.6 23.7918 12.7
      vertex -133.991 24.0869 13.19
      vertex -133.602 23.7886 12.7
    endloop
  endfacet
  facet normal 0.634337 -0.314548 0.70617
    outer loop
      vertex -133.882 24.25 13.19
      vertex -133.458 24.005 12.7
      vertex -133.344 24.2349 12.7
    endloop
  endfacet
  facet normal 0.569665 0.438204 0.695313
    outer loop
      vertex -134.268 26.19 13.19
      vertex -133.967 26.5762 12.7
      vertex -133.969 26.5788 12.7
    endloop
  endfacet
  facet normal 0.465759 0.53312 0.706294
    outer loop
      vertex -133.967 26.5762 12.7
      vertex -134.268 26.19 13.19
      vertex -134.12 26.0607 13.19
    endloop
  endfacet
  facet normal 0.684037 -0.18001 0.706887
    outer loop
      vertex -133.732 24.6118 13.19
      vertex -133.26 24.4812 12.7
      vertex -133.259 24.485 12.7
    endloop
  endfacet
  facet normal 0.670382 -0.227309 0.706341
    outer loop
      vertex -133.26 24.4812 12.7
      vertex -133.732 24.6118 13.19
      vertex -133.795 24.426 13.19
    endloop
  endfacet
  facet normal 0.709999 0 0.704203
    outer loop
      vertex -133.694 25.1958 13.19
      vertex -133.208 25.2558 12.7
      vertex -133.208 25.2597 12.7
    endloop
  endfacet
  facet normal 0.706341 0.046897 0.706317
    outer loop
      vertex -133.208 25.2558 12.7
      vertex -133.694 25.1958 13.19
      vertex -133.681 25 13.19
    endloop
  endfacet
  facet normal 0.502048 0.502048 0.704199
    outer loop
      vertex -133.605 26.2144 12.7
      vertex -133.991 25.9131 13.19
      vertex -133.602 26.2114 12.7
    endloop
  endfacet
  facet normal 0.533008 0.465841 0.706325
    outer loop
      vertex -133.991 25.9131 13.19
      vertex -133.605 26.2144 12.7
      vertex -134.12 26.0607 13.19
    endloop
  endfacet
  facet normal 0.600869 0.375543 0.705638
    outer loop
      vertex -133.991 25.9131 13.19
      vertex -133.6 26.2082 12.7
      vertex -133.602 26.2114 12.7
    endloop
  endfacet
  facet normal 0.588471 0.393276 0.706425
    outer loop
      vertex -133.6 26.2082 12.7
      vertex -133.991 25.9131 13.19
      vertex -133.882 25.75 13.19
    endloop
  endfacet
  facet normal -0.046354 -0.706347 0.706347
    outer loop
      vertex -135.437 23.0268 12.7
      vertex -135.181 23.01 12.7
      vertex -135.181 23.5 13.19
    endloop
  endfacet
  facet normal 0.393405 -0.588449 0.706371
    outer loop
      vertex -134.431 23.701 13.19
      vertex -134.186 23.2766 12.7
      vertex -133.973 23.419 12.7
    endloop
  endfacet
  facet normal 0.138293 -0.69423 0.706342
    outer loop
      vertex -134.985 23.5128 13.19
      vertex -134.921 23.027 12.7
      vertex -134.67 23.077 12.7
    endloop
  endfacet
  facet normal -0.533008 -0.465841 0.706325
    outer loop
      vertex -136.371 24.0869 13.19
      vertex -136.757 23.7856 12.7
      vertex -136.242 23.9393 13.19
    endloop
  endfacet
  facet normal -0.502048 -0.502048 0.704199
    outer loop
      vertex -136.757 23.7856 12.7
      vertex -136.371 24.0869 13.19
      vertex -136.76 23.7886 12.7
    endloop
  endfacet
  facet normal 0.694521 -0.137171 0.706275
    outer loop
      vertex -133.732 24.6118 13.19
      vertex -133.258 24.4888 12.7
      vertex -133.694 24.8042 13.19
    endloop
  endfacet
  facet normal 0.684037 -0.18001 0.706887
    outer loop
      vertex -133.258 24.4888 12.7
      vertex -133.732 24.6118 13.19
      vertex -133.259 24.485 12.7
    endloop
  endfacet
  facet normal -0.138293 -0.69423 0.706342
    outer loop
      vertex -135.692 23.077 12.7
      vertex -135.441 23.027 12.7
      vertex -135.377 23.5128 13.19
    endloop
  endfacet
  facet normal -0.218696 -0.672909 0.706658
    outer loop
      vertex -135.569 23.5511 13.19
      vertex -135.7 23.0791 12.7
      vertex -135.696 23.0778 12.7
    endloop
  endfacet
  facet normal -0.227385 -0.670262 0.706431
    outer loop
      vertex -135.7 23.0791 12.7
      vertex -135.569 23.5511 13.19
      vertex -135.755 23.6142 13.19
    endloop
  endfacet
  facet normal -0.709999 0 0.704203
    outer loop
      vertex -137.154 25.2558 12.7
      vertex -136.668 25.1958 13.19
      vertex -137.154 25.2597 12.7
    endloop
  endfacet
  facet normal -0.706341 0.046897 0.706317
    outer loop
      vertex -136.668 25.1958 13.19
      vertex -137.154 25.2558 12.7
      vertex -136.681 25 13.19
    endloop
  endfacet
  facet normal -0.694521 -0.137171 0.706275
    outer loop
      vertex -137.104 24.4888 12.7
      vertex -136.63 24.6118 13.19
      vertex -136.668 24.8042 13.19
    endloop
  endfacet
  facet normal -0.684037 -0.18001 0.706887
    outer loop
      vertex -136.63 24.6118 13.19
      vertex -137.104 24.4888 12.7
      vertex -137.103 24.485 12.7
    endloop
  endfacet
  facet normal 0.313015 0.634864 0.706378
    outer loop
      vertex -134.431 26.299 13.19
      vertex -134.186 26.7234 12.7
      vertex -134.416 26.8368 12.7
    endloop
  endfacet
  facet normal 0.706341 -0.046897 0.706317
    outer loop
      vertex -133.694 24.8042 13.19
      vertex -133.208 24.7442 12.7
      vertex -133.681 25 13.19
    endloop
  endfacet
  facet normal 0.709999 0 0.704203
    outer loop
      vertex -133.208 24.7442 12.7
      vertex -133.694 24.8042 13.19
      vertex -133.208 24.7403 12.7
    endloop
  endfacet
  facet normal 0.465759 -0.53312 0.706294
    outer loop
      vertex -134.268 23.81 13.19
      vertex -133.967 23.4238 12.7
      vertex -134.12 23.9393 13.19
    endloop
  endfacet
  facet normal 0.569665 -0.438204 0.695313
    outer loop
      vertex -133.967 23.4238 12.7
      vertex -134.268 23.81 13.19
      vertex -133.969 23.4212 12.7
    endloop
  endfacet
  facet normal 0.227385 -0.670262 0.706431
    outer loop
      vertex -134.793 23.5511 13.19
      vertex -134.662 23.0791 12.7
      vertex -134.607 23.6142 13.19
    endloop
  endfacet
  facet normal 0.218696 -0.672909 0.706658
    outer loop
      vertex -134.662 23.0791 12.7
      vertex -134.793 23.5511 13.19
      vertex -134.666 23.0778 12.7
    endloop
  endfacet
  facet normal 0.227286 -0.670272 0.706453
    outer loop
      vertex -134.662 23.0791 12.7
      vertex -134.419 23.1615 12.7
      vertex -134.607 23.6142 13.19
    endloop
  endfacet
  facet normal -0.980801 0.195013 0
    outer loop
      vertex -157.164 25.2611 9.5
      vertex -157.113 25.5176 12.7
      vertex -157.113 25.5176 9.5
    endloop
  endfacet
  facet normal -0.980801 0.195013 0
    outer loop
      vertex -157.113 25.5176 12.7
      vertex -157.164 25.2611 9.5
      vertex -157.164 25.2611 12.7
    endloop
  endfacet
  facet normal -0.997887 0.0649716 0
    outer loop
      vertex -157.181 25 9.5
      vertex -157.164 25.2611 12.7
      vertex -157.164 25.2611 9.5
    endloop
  endfacet
  facet normal -0.997887 0.0649716 0
    outer loop
      vertex -157.164 25.2611 12.7
      vertex -157.181 25 9.5
      vertex -157.181 25 12.7
    endloop
  endfacet
  facet normal -0.0653771 0.997861 0
    outer loop
      vertex -155.181 27 9.5
      vertex -155.442 26.9829 12.7
      vertex -155.181 27 12.7
    endloop
  endfacet
  facet normal -0.0653771 0.997861 0
    outer loop
      vertex -155.442 26.9829 12.7
      vertex -155.181 27 9.5
      vertex -155.442 26.9829 9.5
    endloop
  endfacet
  facet normal 0.194648 0.980873 -0
    outer loop
      vertex -154.663 26.9319 9.5
      vertex -154.92 26.9829 12.7
      vertex -154.663 26.9319 12.7
    endloop
  endfacet
  facet normal 0.194648 0.980873 0
    outer loop
      vertex -154.92 26.9829 12.7
      vertex -154.663 26.9319 9.5
      vertex -154.92 26.9829 9.5
    endloop
  endfacet
  facet normal -0.556378 -0.830929 0
    outer loop
      vertex -156.398 23.4133 9.5
      vertex -156.181 23.268 12.7
      vertex -156.398 23.4133 12.7
    endloop
  endfacet
  facet normal -0.556378 -0.830929 -0
    outer loop
      vertex -156.181 23.268 12.7
      vertex -156.398 23.4133 9.5
      vertex -156.181 23.268 9.5
    endloop
  endfacet
  facet normal 0.896405 0.443235 0
    outer loop
      vertex -153.333 25.7654 12.7
      vertex -153.449 26 9.5
      vertex -153.449 26 12.7
    endloop
  endfacet
  facet normal 0.896405 0.443235 0
    outer loop
      vertex -153.449 26 9.5
      vertex -153.333 25.7654 12.7
      vertex -153.333 25.7654 9.5
    endloop
  endfacet
  facet normal 0.947066 0.321039 0
    outer loop
      vertex -153.249 25.5176 12.7
      vertex -153.333 25.7654 9.5
      vertex -153.333 25.7654 12.7
    endloop
  endfacet
  facet normal 0.947066 0.321039 0
    outer loop
      vertex -153.333 25.7654 9.5
      vertex -153.249 25.5176 12.7
      vertex -153.249 25.5176 9.5
    endloop
  endfacet
  facet normal 0.322315 0.946632 -0
    outer loop
      vertex -154.416 26.8478 9.5
      vertex -154.663 26.9319 12.7
      vertex -154.416 26.8478 12.7
    endloop
  endfacet
  facet normal 0.322315 0.946632 0
    outer loop
      vertex -154.663 26.9319 12.7
      vertex -154.416 26.8478 9.5
      vertex -154.663 26.9319 9.5
    endloop
  endfacet
  facet normal -0.997887 -0.0649716 0
    outer loop
      vertex -157.164 24.7389 9.5
      vertex -157.181 25 12.7
      vertex -157.181 25 9.5
    endloop
  endfacet
  facet normal -0.997887 -0.0649716 0
    outer loop
      vertex -157.181 25 12.7
      vertex -157.164 24.7389 9.5
      vertex -157.164 24.7389 12.7
    endloop
  endfacet
  facet normal 0.947066 -0.321039 0
    outer loop
      vertex -153.333 24.2346 12.7
      vertex -153.249 24.4824 9.5
      vertex -153.249 24.4824 12.7
    endloop
  endfacet
  facet normal 0.947066 -0.321039 0
    outer loop
      vertex -153.249 24.4824 9.5
      vertex -153.333 24.2346 12.7
      vertex -153.333 24.2346 9.5
    endloop
  endfacet
  facet normal 0.83205 0.5547 0
    outer loop
      vertex -153.449 26 12.7
      vertex -153.594 26.2175 9.5
      vertex -153.594 26.2175 12.7
    endloop
  endfacet
  facet normal 0.83205 0.5547 0
    outer loop
      vertex -153.594 26.2175 9.5
      vertex -153.449 26 12.7
      vertex -153.449 26 9.5
    endloop
  endfacet
  facet normal 0.980801 0.195013 0
    outer loop
      vertex -153.198 25.2611 12.7
      vertex -153.249 25.5176 9.5
      vertex -153.249 25.5176 12.7
    endloop
  endfacet
  facet normal 0.980801 0.195013 0
    outer loop
      vertex -153.249 25.5176 9.5
      vertex -153.198 25.2611 12.7
      vertex -153.198 25.2611 9.5
    endloop
  endfacet
  facet normal -0.947066 -0.321039 0
    outer loop
      vertex -157.029 24.2346 9.5
      vertex -157.113 24.4824 12.7
      vertex -157.113 24.4824 9.5
    endloop
  endfacet
  facet normal -0.947066 -0.321039 0
    outer loop
      vertex -157.113 24.4824 12.7
      vertex -157.029 24.2346 9.5
      vertex -157.029 24.2346 12.7
    endloop
  endfacet
  facet normal -0.658775 -0.75234 0
    outer loop
      vertex -156.595 23.5858 9.5
      vertex -156.398 23.4133 12.7
      vertex -156.595 23.5858 12.7
    endloop
  endfacet
  facet normal -0.658775 -0.75234 -0
    outer loop
      vertex -156.398 23.4133 12.7
      vertex -156.595 23.5858 9.5
      vertex -156.398 23.4133 9.5
    endloop
  endfacet
  facet normal -0.322315 0.946632 0
    outer loop
      vertex -155.699 26.9319 9.5
      vertex -155.946 26.8478 12.7
      vertex -155.699 26.9319 12.7
    endloop
  endfacet
  facet normal -0.322315 0.946632 0
    outer loop
      vertex -155.946 26.8478 12.7
      vertex -155.699 26.9319 9.5
      vertex -155.946 26.8478 9.5
    endloop
  endfacet
  facet normal 0.750895 -0.660421 0
    outer loop
      vertex -153.767 23.5858 12.7
      vertex -153.594 23.7825 9.5
      vertex -153.594 23.7825 12.7
    endloop
  endfacet
  facet normal 0.750895 -0.660421 0
    outer loop
      vertex -153.594 23.7825 9.5
      vertex -153.767 23.5858 12.7
      vertex -153.767 23.5858 9.5
    endloop
  endfacet
  facet normal 0.660671 0.750676 -0
    outer loop
      vertex -153.767 26.4142 9.5
      vertex -153.963 26.5867 12.7
      vertex -153.767 26.4142 12.7
    endloop
  endfacet
  facet normal 0.660671 0.750676 0
    outer loop
      vertex -153.963 26.5867 12.7
      vertex -153.767 26.4142 9.5
      vertex -153.963 26.5867 9.5
    endloop
  endfacet
  facet normal 0.997887 0.0649716 0
    outer loop
      vertex -153.181 25 12.7
      vertex -153.198 25.2611 9.5
      vertex -153.198 25.2611 12.7
    endloop
  endfacet
  facet normal 0.997887 0.0649716 0
    outer loop
      vertex -153.198 25.2611 9.5
      vertex -153.181 25 12.7
      vertex -153.181 25 9.5
    endloop
  endfacet
  facet normal -0.556378 0.830929 0
    outer loop
      vertex -156.181 26.732 9.5
      vertex -156.398 26.5867 12.7
      vertex -156.181 26.732 12.7
    endloop
  endfacet
  facet normal -0.556378 0.830929 0
    outer loop
      vertex -156.398 26.5867 12.7
      vertex -156.181 26.732 9.5
      vertex -156.398 26.5867 9.5
    endloop
  endfacet
  facet normal -0.83205 -0.5547 0
    outer loop
      vertex -156.768 23.7825 9.5
      vertex -156.913 24 12.7
      vertex -156.913 24 9.5
    endloop
  endfacet
  facet normal -0.83205 -0.5547 0
    outer loop
      vertex -156.913 24 12.7
      vertex -156.768 23.7825 9.5
      vertex -156.768 23.7825 12.7
    endloop
  endfacet
  facet normal -0.83205 0.5547 0
    outer loop
      vertex -156.913 26 9.5
      vertex -156.768 26.2175 12.7
      vertex -156.768 26.2175 9.5
    endloop
  endfacet
  facet normal -0.83205 0.5547 0
    outer loop
      vertex -156.768 26.2175 12.7
      vertex -156.913 26 9.5
      vertex -156.913 26 12.7
    endloop
  endfacet
  facet normal 0.750895 0.660421 0
    outer loop
      vertex -153.594 26.2175 12.7
      vertex -153.767 26.4142 9.5
      vertex -153.767 26.4142 12.7
    endloop
  endfacet
  facet normal 0.750895 0.660421 0
    outer loop
      vertex -153.767 26.4142 9.5
      vertex -153.594 26.2175 12.7
      vertex -153.594 26.2175 9.5
    endloop
  endfacet
  facet normal -0.322315 -0.946632 0
    outer loop
      vertex -155.946 23.1522 9.5
      vertex -155.699 23.0681 12.7
      vertex -155.946 23.1522 12.7
    endloop
  endfacet
  facet normal -0.322315 -0.946632 -0
    outer loop
      vertex -155.699 23.0681 12.7
      vertex -155.946 23.1522 9.5
      vertex -155.699 23.0681 9.5
    endloop
  endfacet
  facet normal -0.442015 -0.897008 0
    outer loop
      vertex -156.181 23.268 9.5
      vertex -155.946 23.1522 12.7
      vertex -156.181 23.268 12.7
    endloop
  endfacet
  facet normal -0.442015 -0.897008 -0
    outer loop
      vertex -155.946 23.1522 12.7
      vertex -156.181 23.268 9.5
      vertex -155.946 23.1522 9.5
    endloop
  endfacet
  facet normal -0.750895 0.660421 0
    outer loop
      vertex -156.768 26.2175 9.5
      vertex -156.595 26.4142 12.7
      vertex -156.595 26.4142 9.5
    endloop
  endfacet
  facet normal -0.750895 0.660421 0
    outer loop
      vertex -156.595 26.4142 12.7
      vertex -156.768 26.2175 9.5
      vertex -156.768 26.2175 12.7
    endloop
  endfacet
  facet normal -0.0653771 -0.997861 0
    outer loop
      vertex -155.442 23.0171 9.5
      vertex -155.181 23 12.7
      vertex -155.442 23.0171 12.7
    endloop
  endfacet
  facet normal -0.0653771 -0.997861 -0
    outer loop
      vertex -155.181 23 12.7
      vertex -155.442 23.0171 9.5
      vertex -155.181 23 9.5
    endloop
  endfacet
  facet normal -0.658775 0.75234 0
    outer loop
      vertex -156.398 26.5867 9.5
      vertex -156.595 26.4142 12.7
      vertex -156.398 26.5867 12.7
    endloop
  endfacet
  facet normal -0.658775 0.75234 0
    outer loop
      vertex -156.595 26.4142 12.7
      vertex -156.398 26.5867 9.5
      vertex -156.595 26.4142 9.5
    endloop
  endfacet
  facet normal 0.997887 -0.0649716 0
    outer loop
      vertex -153.198 24.7389 12.7
      vertex -153.181 25 9.5
      vertex -153.181 25 12.7
    endloop
  endfacet
  facet normal 0.997887 -0.0649716 0
    outer loop
      vertex -153.181 25 9.5
      vertex -153.198 24.7389 12.7
      vertex -153.198 24.7389 9.5
    endloop
  endfacet
  facet normal 0.660671 -0.750676 0
    outer loop
      vertex -153.963 23.4133 9.5
      vertex -153.767 23.5858 12.7
      vertex -153.963 23.4133 12.7
    endloop
  endfacet
  facet normal 0.660671 -0.750676 0
    outer loop
      vertex -153.767 23.5858 12.7
      vertex -153.963 23.4133 9.5
      vertex -153.767 23.5858 9.5
    endloop
  endfacet
  facet normal 0.554612 0.832109 -0
    outer loop
      vertex -153.963 26.5867 9.5
      vertex -154.181 26.732 12.7
      vertex -153.963 26.5867 12.7
    endloop
  endfacet
  facet normal 0.554612 0.832109 0
    outer loop
      vertex -154.181 26.732 12.7
      vertex -153.963 26.5867 9.5
      vertex -154.181 26.732 9.5
    endloop
  endfacet
  facet normal -0.896405 0.443235 0
    outer loop
      vertex -157.029 25.7654 9.5
      vertex -156.913 26 12.7
      vertex -156.913 26 9.5
    endloop
  endfacet
  facet normal -0.896405 0.443235 0
    outer loop
      vertex -156.913 26 12.7
      vertex -157.029 25.7654 9.5
      vertex -157.029 25.7654 12.7
    endloop
  endfacet
  facet normal 0.0653771 -0.997861 0
    outer loop
      vertex -155.181 23 9.5
      vertex -154.92 23.0171 12.7
      vertex -155.181 23 12.7
    endloop
  endfacet
  facet normal 0.0653771 -0.997861 0
    outer loop
      vertex -154.92 23.0171 12.7
      vertex -155.181 23 9.5
      vertex -154.92 23.0171 9.5
    endloop
  endfacet
  facet normal -0.194648 -0.980873 0
    outer loop
      vertex -155.699 23.0681 9.5
      vertex -155.442 23.0171 12.7
      vertex -155.699 23.0681 12.7
    endloop
  endfacet
  facet normal -0.194648 -0.980873 -0
    outer loop
      vertex -155.442 23.0171 12.7
      vertex -155.699 23.0681 9.5
      vertex -155.442 23.0171 9.5
    endloop
  endfacet
  facet normal -0.442015 0.897008 0
    outer loop
      vertex -155.946 26.8478 9.5
      vertex -156.181 26.732 12.7
      vertex -155.946 26.8478 12.7
    endloop
  endfacet
  facet normal -0.442015 0.897008 0
    outer loop
      vertex -156.181 26.732 12.7
      vertex -155.946 26.8478 9.5
      vertex -156.181 26.732 9.5
    endloop
  endfacet
  facet normal -0.896405 -0.443235 0
    outer loop
      vertex -156.913 24 9.5
      vertex -157.029 24.2346 12.7
      vertex -157.029 24.2346 9.5
    endloop
  endfacet
  facet normal -0.896405 -0.443235 0
    outer loop
      vertex -157.029 24.2346 12.7
      vertex -156.913 24 9.5
      vertex -156.913 24 12.7
    endloop
  endfacet
  facet normal -0.980801 -0.195013 0
    outer loop
      vertex -157.113 24.4824 9.5
      vertex -157.164 24.7389 12.7
      vertex -157.164 24.7389 9.5
    endloop
  endfacet
  facet normal -0.980801 -0.195013 0
    outer loop
      vertex -157.164 24.7389 12.7
      vertex -157.113 24.4824 9.5
      vertex -157.113 24.4824 12.7
    endloop
  endfacet
  facet normal 0.980801 -0.195013 0
    outer loop
      vertex -153.249 24.4824 12.7
      vertex -153.198 24.7389 9.5
      vertex -153.198 24.7389 12.7
    endloop
  endfacet
  facet normal 0.980801 -0.195013 0
    outer loop
      vertex -153.198 24.7389 9.5
      vertex -153.249 24.4824 12.7
      vertex -153.249 24.4824 9.5
    endloop
  endfacet
  facet normal 0.194648 -0.980873 0
    outer loop
      vertex -154.92 23.0171 9.5
      vertex -154.663 23.0681 12.7
      vertex -154.92 23.0171 12.7
    endloop
  endfacet
  facet normal 0.194648 -0.980873 0
    outer loop
      vertex -154.663 23.0681 12.7
      vertex -154.92 23.0171 9.5
      vertex -154.663 23.0681 9.5
    endloop
  endfacet
  facet normal -0.194648 0.980873 0
    outer loop
      vertex -155.442 26.9829 9.5
      vertex -155.699 26.9319 12.7
      vertex -155.442 26.9829 12.7
    endloop
  endfacet
  facet normal -0.194648 0.980873 0
    outer loop
      vertex -155.699 26.9319 12.7
      vertex -155.442 26.9829 9.5
      vertex -155.699 26.9319 9.5
    endloop
  endfacet
  facet normal -0.947066 0.321039 0
    outer loop
      vertex -157.113 25.5176 9.5
      vertex -157.029 25.7654 12.7
      vertex -157.029 25.7654 9.5
    endloop
  endfacet
  facet normal -0.947066 0.321039 0
    outer loop
      vertex -157.029 25.7654 12.7
      vertex -157.113 25.5176 9.5
      vertex -157.113 25.5176 12.7
    endloop
  endfacet
  facet normal -0.750895 -0.660421 0
    outer loop
      vertex -156.595 23.5858 9.5
      vertex -156.768 23.7825 12.7
      vertex -156.768 23.7825 9.5
    endloop
  endfacet
  facet normal -0.750895 -0.660421 0
    outer loop
      vertex -156.768 23.7825 12.7
      vertex -156.595 23.5858 9.5
      vertex -156.595 23.5858 12.7
    endloop
  endfacet
  facet normal 0.83205 -0.5547 0
    outer loop
      vertex -153.594 23.7825 12.7
      vertex -153.449 24 9.5
      vertex -153.449 24 12.7
    endloop
  endfacet
  facet normal 0.83205 -0.5547 0
    outer loop
      vertex -153.449 24 9.5
      vertex -153.594 23.7825 12.7
      vertex -153.594 23.7825 9.5
    endloop
  endfacet
  facet normal 0.0653771 0.997861 -0
    outer loop
      vertex -154.92 26.9829 9.5
      vertex -155.181 27 12.7
      vertex -154.92 26.9829 12.7
    endloop
  endfacet
  facet normal 0.0653771 0.997861 0
    outer loop
      vertex -155.181 27 12.7
      vertex -154.92 26.9829 9.5
      vertex -155.181 27 9.5
    endloop
  endfacet
  facet normal 0.322315 -0.946632 0
    outer loop
      vertex -154.663 23.0681 9.5
      vertex -154.416 23.1522 12.7
      vertex -154.663 23.0681 12.7
    endloop
  endfacet
  facet normal 0.322315 -0.946632 0
    outer loop
      vertex -154.416 23.1522 12.7
      vertex -154.663 23.0681 9.5
      vertex -154.416 23.1522 9.5
    endloop
  endfacet
  facet normal 0.442015 0.897008 -0
    outer loop
      vertex -154.181 26.732 9.5
      vertex -154.416 26.8478 12.7
      vertex -154.181 26.732 12.7
    endloop
  endfacet
  facet normal 0.442015 0.897008 0
    outer loop
      vertex -154.416 26.8478 12.7
      vertex -154.181 26.732 9.5
      vertex -154.416 26.8478 9.5
    endloop
  endfacet
  facet normal 0.442015 -0.897008 0
    outer loop
      vertex -154.416 23.1522 9.5
      vertex -154.181 23.268 12.7
      vertex -154.416 23.1522 12.7
    endloop
  endfacet
  facet normal 0.442015 -0.897008 0
    outer loop
      vertex -154.181 23.268 12.7
      vertex -154.416 23.1522 9.5
      vertex -154.181 23.268 9.5
    endloop
  endfacet
  facet normal 0.896405 -0.443235 0
    outer loop
      vertex -153.449 24 12.7
      vertex -153.333 24.2346 9.5
      vertex -153.333 24.2346 12.7
    endloop
  endfacet
  facet normal 0.896405 -0.443235 0
    outer loop
      vertex -153.333 24.2346 9.5
      vertex -153.449 24 12.7
      vertex -153.449 24 9.5
    endloop
  endfacet
  facet normal 0.554612 -0.832109 0
    outer loop
      vertex -154.181 23.268 9.5
      vertex -153.963 23.4133 12.7
      vertex -154.181 23.268 12.7
    endloop
  endfacet
  facet normal 0.554612 -0.832109 0
    outer loop
      vertex -153.963 23.4133 12.7
      vertex -154.181 23.268 9.5
      vertex -153.963 23.4133 9.5
    endloop
  endfacet
  facet normal -0 0 1
    outer loop
      vertex -153.208 25.2558 12.7
      vertex -153.181 25 12.7
      vertex -153.198 25.2611 12.7
    endloop
  endfacet
  facet normal 0 0 1
    outer loop
      vertex -153.181 25 12.7
      vertex -153.208 25.2558 12.7
      vertex -153.191 25 12.7
    endloop
  endfacet
  facet normal 0 0 1
    outer loop
      vertex -153.198 25.2611 12.7
      vertex -153.208 25.2597 12.7
      vertex -153.208 25.2558 12.7
    endloop
  endfacet
  facet normal -0 0 1
    outer loop
      vertex -153.258 25.5112 12.7
      vertex -153.198 25.2611 12.7
      vertex -153.249 25.5176 12.7
    endloop
  endfacet
  facet normal 0 0 1
    outer loop
      vertex -153.198 25.2611 12.7
      vertex -153.258 25.5112 12.7
      vertex -153.208 25.2597 12.7
    endloop
  endfacet
  facet normal 0 0 1
    outer loop
      vertex -153.249 25.5176 12.7
      vertex -153.259 25.515 12.7
      vertex -153.258 25.5112 12.7
    endloop
  endfacet
  facet normal 0 0 1
    outer loop
      vertex -153.249 25.5176 12.7
      vertex -153.26 25.5188 12.7
      vertex -153.259 25.515 12.7
    endloop
  endfacet
  facet normal 0 0 1
    outer loop
      vertex -153.333 25.7654 12.7
      vertex -153.26 25.5188 12.7
      vertex -153.249 25.5176 12.7
    endloop
  endfacet
  facet normal 0 0 1
    outer loop
      vertex -153.333 25.7654 12.7
      vertex -153.342 25.7615 12.7
      vertex -153.26 25.5188 12.7
    endloop
  endfacet
  facet normal 0 0 1
    outer loop
      vertex -153.333 25.7654 12.7
      vertex -153.344 25.7651 12.7
      vertex -153.342 25.7615 12.7
    endloop
  endfacet
  facet normal 0 0 1
    outer loop
      vertex -153.449 26 12.7
      vertex -153.344 25.7651 12.7
      vertex -153.333 25.7654 12.7
    endloop
  endfacet
  facet normal 0 0 1
    outer loop
      vertex -153.449 26 12.7
      vertex -153.458 25.995 12.7
      vertex -153.344 25.7651 12.7
    endloop
  endfacet
  facet normal -0 0 1
    outer loop
      vertex -153.6 26.2082 12.7
      vertex -153.449 26 12.7
      vertex -153.594 26.2175 12.7
    endloop
  endfacet
  facet normal 0 0 1
    outer loop
      vertex -153.449 26 12.7
      vertex -153.6 26.2082 12.7
      vertex -153.458 25.995 12.7
    endloop
  endfacet
  facet normal 0 0 1
    outer loop
      vertex -153.594 26.2175 12.7
      vertex -153.602 26.2114 12.7
      vertex -153.6 26.2082 12.7
    endloop
  endfacet
  facet normal 0 0 1
    outer loop
      vertex -153.594 26.2175 12.7
      vertex -153.605 26.2144 12.7
      vertex -153.602 26.2114 12.7
    endloop
  endfacet
  facet normal 0 0 1
    outer loop
      vertex -153.767 26.4142 12.7
      vertex -153.605 26.2144 12.7
      vertex -153.594 26.2175 12.7
    endloop
  endfacet
  facet normal 0 0 1
    outer loop
      vertex -153.767 26.4142 12.7
      vertex -153.774 26.4071 12.7
      vertex -153.605 26.2144 12.7
    endloop
  endfacet
  facet normal -0 0 1
    outer loop
      vertex -153.967 26.5762 12.7
      vertex -153.767 26.4142 12.7
      vertex -153.963 26.5867 12.7
    endloop
  endfacet
  facet normal 0 0 1
    outer loop
      vertex -153.767 26.4142 12.7
      vertex -153.967 26.5762 12.7
      vertex -153.774 26.4071 12.7
    endloop
  endfacet
  facet normal 0 0 1
    outer loop
      vertex -153.963 26.5867 12.7
      vertex -153.969 26.5788 12.7
      vertex -153.967 26.5762 12.7
    endloop
  endfacet
  facet normal 0 0 1
    outer loop
      vertex -153.963 26.5867 12.7
      vertex -153.973 26.581 12.7
      vertex -153.969 26.5788 12.7
    endloop
  endfacet
  facet normal 0 0 1
    outer loop
      vertex -154.181 26.732 12.7
      vertex -153.973 26.581 12.7
      vertex -153.963 26.5867 12.7
    endloop
  endfacet
  facet normal 0 0 1
    outer loop
      vertex -154.181 26.732 12.7
      vertex -154.186 26.7234 12.7
      vertex -153.973 26.581 12.7
    endloop
  endfacet
  facet normal -0 0 1
    outer loop
      vertex -154.416 26.8368 12.7
      vertex -154.181 26.732 12.7
      vertex -154.416 26.8478 12.7
    endloop
  endfacet
  facet normal 0 0 1
    outer loop
      vertex -154.181 26.732 12.7
      vertex -154.416 26.8368 12.7
      vertex -154.186 26.7234 12.7
    endloop
  endfacet
  facet normal 0 0 1
    outer loop
      vertex -154.416 26.8478 12.7
      vertex -154.419 26.8385 12.7
      vertex -154.416 26.8368 12.7
    endloop
  endfacet
  facet normal 0 0 1
    outer loop
      vertex -154.416 26.8478 12.7
      vertex -154.662 26.9209 12.7
      vertex -154.419 26.8385 12.7
    endloop
  endfacet
  facet normal 0 0 1
    outer loop
      vertex -154.663 26.9319 12.7
      vertex -154.662 26.9209 12.7
      vertex -154.416 26.8478 12.7
    endloop
  endfacet
  facet normal 0 0 1
    outer loop
      vertex -154.663 26.9319 12.7
      vertex -154.666 26.9222 12.7
      vertex -154.662 26.9209 12.7
    endloop
  endfacet
  facet normal 0 0 1
    outer loop
      vertex -154.663 26.9319 12.7
      vertex -154.67 26.923 12.7
      vertex -154.666 26.9222 12.7
    endloop
  endfacet
  facet normal 0 0 1
    outer loop
      vertex -154.92 26.9829 12.7
      vertex -154.67 26.923 12.7
      vertex -154.663 26.9319 12.7
    endloop
  endfacet
  facet normal 0 0 1
    outer loop
      vertex -154.92 26.9829 12.7
      vertex -154.921 26.973 12.7
      vertex -154.67 26.923 12.7
    endloop
  endfacet
  facet normal 0 0 1
    outer loop
      vertex -154.92 26.9829 12.7
      vertex -154.925 26.9732 12.7
      vertex -154.921 26.973 12.7
    endloop
  endfacet
  facet normal 0 0 1
    outer loop
      vertex -155.181 27 12.7
      vertex -154.925 26.9732 12.7
      vertex -154.92 26.9829 12.7
    endloop
  endfacet
  facet normal 0 0 1
    outer loop
      vertex -155.181 27 12.7
      vertex -155.181 26.99 12.7
      vertex -154.925 26.9732 12.7
    endloop
  endfacet
  facet normal 0 0 1
    outer loop
      vertex -155.181 27 12.7
      vertex -155.437 26.9732 12.7
      vertex -155.181 26.99 12.7
    endloop
  endfacet
  facet normal -0 0 1
    outer loop
      vertex -155.442 26.9829 12.7
      vertex -155.437 26.9732 12.7
      vertex -155.181 27 12.7
    endloop
  endfacet
  facet normal 0 0 1
    outer loop
      vertex -155.437 26.9732 12.7
      vertex -155.442 26.9829 12.7
      vertex -155.441 26.973 12.7
    endloop
  endfacet
  facet normal 0 0 1
    outer loop
      vertex -155.442 26.9829 12.7
      vertex -155.692 26.923 12.7
      vertex -155.441 26.973 12.7
    endloop
  endfacet
  facet normal -0 0 1
    outer loop
      vertex -155.699 26.9319 12.7
      vertex -155.692 26.923 12.7
      vertex -155.442 26.9829 12.7
    endloop
  endfacet
  facet normal 0 0 1
    outer loop
      vertex -155.692 26.923 12.7
      vertex -155.699 26.9319 12.7
      vertex -155.696 26.9222 12.7
    endloop
  endfacet
  facet normal 0 0 1
    outer loop
      vertex -155.699 26.9319 12.7
      vertex -155.7 26.9209 12.7
      vertex -155.696 26.9222 12.7
    endloop
  endfacet
  facet normal 0 0 1
    outer loop
      vertex -155.946 26.8478 12.7
      vertex -155.7 26.9209 12.7
      vertex -155.699 26.9319 12.7
    endloop
  endfacet
  facet normal 0 0 1
    outer loop
      vertex -155.7 26.9209 12.7
      vertex -155.946 26.8478 12.7
      vertex -155.942 26.8385 12.7
    endloop
  endfacet
  facet normal 0 0 1
    outer loop
      vertex -155.946 26.8478 12.7
      vertex -155.946 26.8368 12.7
      vertex -155.942 26.8385 12.7
    endloop
  endfacet
  facet normal 0 0 1
    outer loop
      vertex -156.181 26.732 12.7
      vertex -155.946 26.8368 12.7
      vertex -155.946 26.8478 12.7
    endloop
  endfacet
  facet normal 0 0 1
    outer loop
      vertex -155.946 26.8368 12.7
      vertex -156.181 26.732 12.7
      vertex -156.176 26.7234 12.7
    endloop
  endfacet
  facet normal 0 0 1
    outer loop
      vertex -156.181 26.732 12.7
      vertex -156.389 26.581 12.7
      vertex -156.176 26.7234 12.7
    endloop
  endfacet
  facet normal -0 0 1
    outer loop
      vertex -156.398 26.5867 12.7
      vertex -156.389 26.581 12.7
      vertex -156.181 26.732 12.7
    endloop
  endfacet
  facet normal 0 0 1
    outer loop
      vertex -156.389 26.581 12.7
      vertex -156.398 26.5867 12.7
      vertex -156.392 26.5788 12.7
    endloop
  endfacet
  facet normal 0 0 1
    outer loop
      vertex -156.398 26.5867 12.7
      vertex -156.395 26.5762 12.7
      vertex -156.392 26.5788 12.7
    endloop
  endfacet
  facet normal 0 0 1
    outer loop
      vertex -156.595 26.4142 12.7
      vertex -156.395 26.5762 12.7
      vertex -156.398 26.5867 12.7
    endloop
  endfacet
  facet normal 0 0 1
    outer loop
      vertex -156.395 26.5762 12.7
      vertex -156.595 26.4142 12.7
      vertex -156.588 26.4071 12.7
    endloop
  endfacet
  facet normal 0 0 1
    outer loop
      vertex -156.595 26.4142 12.7
      vertex -156.757 26.2144 12.7
      vertex -156.588 26.4071 12.7
    endloop
  endfacet
  facet normal -0 0 1
    outer loop
      vertex -156.768 26.2175 12.7
      vertex -156.757 26.2144 12.7
      vertex -156.595 26.4142 12.7
    endloop
  endfacet
  facet normal 0 0 1
    outer loop
      vertex -156.757 26.2144 12.7
      vertex -156.768 26.2175 12.7
      vertex -156.76 26.2114 12.7
    endloop
  endfacet
  facet normal 0 0 1
    outer loop
      vertex -156.768 26.2175 12.7
      vertex -156.762 26.2082 12.7
      vertex -156.76 26.2114 12.7
    endloop
  endfacet
  facet normal 0 0 1
    outer loop
      vertex -156.913 26 12.7
      vertex -156.762 26.2082 12.7
      vertex -156.768 26.2175 12.7
    endloop
  endfacet
  facet normal 0 0 1
    outer loop
      vertex -156.762 26.2082 12.7
      vertex -156.913 26 12.7
      vertex -156.904 25.995 12.7
    endloop
  endfacet
  facet normal 0 0 1
    outer loop
      vertex -156.913 26 12.7
      vertex -157.018 25.7651 12.7
      vertex -156.904 25.995 12.7
    endloop
  endfacet
  facet normal -0 0 1
    outer loop
      vertex -157.029 25.7654 12.7
      vertex -157.018 25.7651 12.7
      vertex -156.913 26 12.7
    endloop
  endfacet
  facet normal 0 0 1
    outer loop
      vertex -157.018 25.7651 12.7
      vertex -157.029 25.7654 12.7
      vertex -157.019 25.7615 12.7
    endloop
  endfacet
  facet normal 0 0 1
    outer loop
      vertex -157.029 25.7654 12.7
      vertex -157.102 25.5188 12.7
      vertex -157.019 25.7615 12.7
    endloop
  endfacet
  facet normal 0 0 1
    outer loop
      vertex -157.113 25.5176 12.7
      vertex -157.102 25.5188 12.7
      vertex -157.029 25.7654 12.7
    endloop
  endfacet
  facet normal 0 0 1
    outer loop
      vertex -157.102 25.5188 12.7
      vertex -157.113 25.5176 12.7
      vertex -157.103 25.515 12.7
    endloop
  endfacet
  facet normal 0 0 1
    outer loop
      vertex -157.113 25.5176 12.7
      vertex -157.104 25.5112 12.7
      vertex -157.103 25.515 12.7
    endloop
  endfacet
  facet normal 0 0 1
    outer loop
      vertex -157.164 25.2611 12.7
      vertex -157.104 25.5112 12.7
      vertex -157.113 25.5176 12.7
    endloop
  endfacet
  facet normal 0 0 1
    outer loop
      vertex -157.104 25.5112 12.7
      vertex -157.164 25.2611 12.7
      vertex -157.154 25.2597 12.7
    endloop
  endfacet
  facet normal 0 0 1
    outer loop
      vertex -157.164 25.2611 12.7
      vertex -157.154 25.2558 12.7
      vertex -157.154 25.2597 12.7
    endloop
  endfacet
  facet normal 0 0 1
    outer loop
      vertex -157.181 25 12.7
      vertex -157.154 25.2558 12.7
      vertex -157.164 25.2611 12.7
    endloop
  endfacet
  facet normal 0 0 1
    outer loop
      vertex -157.154 25.2558 12.7
      vertex -157.181 25 12.7
      vertex -157.171 25 12.7
    endloop
  endfacet
  facet normal 0 0 1
    outer loop
      vertex -153.208 24.7442 12.7
      vertex -153.181 25 12.7
      vertex -153.191 25 12.7
    endloop
  endfacet
  facet normal 0 0 1
    outer loop
      vertex -153.181 25 12.7
      vertex -153.208 24.7442 12.7
      vertex -153.198 24.7389 12.7
    endloop
  endfacet
  facet normal -0 0 1
    outer loop
      vertex -153.208 24.7403 12.7
      vertex -153.198 24.7389 12.7
      vertex -153.208 24.7442 12.7
    endloop
  endfacet
  facet normal 0 0 1
    outer loop
      vertex -153.258 24.4888 12.7
      vertex -153.198 24.7389 12.7
      vertex -153.208 24.7403 12.7
    endloop
  endfacet
  facet normal 0 0 1
    outer loop
      vertex -153.198 24.7389 12.7
      vertex -153.258 24.4888 12.7
      vertex -153.249 24.4824 12.7
    endloop
  endfacet
  facet normal -0 0 1
    outer loop
      vertex -153.259 24.485 12.7
      vertex -153.249 24.4824 12.7
      vertex -153.258 24.4888 12.7
    endloop
  endfacet
  facet normal 0 0 1
    outer loop
      vertex -153.26 24.4812 12.7
      vertex -153.249 24.4824 12.7
      vertex -153.259 24.485 12.7
    endloop
  endfacet
  facet normal -0 0 1
    outer loop
      vertex -153.26 24.4812 12.7
      vertex -153.333 24.2346 12.7
      vertex -153.249 24.4824 12.7
    endloop
  endfacet
  facet normal -0 0 1
    outer loop
      vertex -153.342 24.2385 12.7
      vertex -153.333 24.2346 12.7
      vertex -153.26 24.4812 12.7
    endloop
  endfacet
  facet normal -0 0 1
    outer loop
      vertex -153.344 24.2349 12.7
      vertex -153.333 24.2346 12.7
      vertex -153.342 24.2385 12.7
    endloop
  endfacet
  facet normal 0 0 1
    outer loop
      vertex -153.344 24.2349 12.7
      vertex -153.449 24 12.7
      vertex -153.333 24.2346 12.7
    endloop
  endfacet
  facet normal -0 0 1
    outer loop
      vertex -153.458 24.005 12.7
      vertex -153.449 24 12.7
      vertex -153.344 24.2349 12.7
    endloop
  endfacet
  facet normal 0 0 1
    outer loop
      vertex -153.6 23.7918 12.7
      vertex -153.449 24 12.7
      vertex -153.458 24.005 12.7
    endloop
  endfacet
  facet normal 0 0 1
    outer loop
      vertex -153.449 24 12.7
      vertex -153.6 23.7918 12.7
      vertex -153.594 23.7825 12.7
    endloop
  endfacet
  facet normal -0 0 1
    outer loop
      vertex -153.602 23.7886 12.7
      vertex -153.594 23.7825 12.7
      vertex -153.6 23.7918 12.7
    endloop
  endfacet
  facet normal -0 0 1
    outer loop
      vertex -153.605 23.7856 12.7
      vertex -153.594 23.7825 12.7
      vertex -153.602 23.7886 12.7
    endloop
  endfacet
  facet normal 0 0 1
    outer loop
      vertex -153.605 23.7856 12.7
      vertex -153.767 23.5858 12.7
      vertex -153.594 23.7825 12.7
    endloop
  endfacet
  facet normal -0 0 1
    outer loop
      vertex -153.774 23.5929 12.7
      vertex -153.767 23.5858 12.7
      vertex -153.605 23.7856 12.7
    endloop
  endfacet
  facet normal 0 0 1
    outer loop
      vertex -153.967 23.4238 12.7
      vertex -153.767 23.5858 12.7
      vertex -153.774 23.5929 12.7
    endloop
  endfacet
  facet normal 0 0 1
    outer loop
      vertex -153.767 23.5858 12.7
      vertex -153.967 23.4238 12.7
      vertex -153.963 23.4133 12.7
    endloop
  endfacet
  facet normal -0 0 1
    outer loop
      vertex -153.969 23.4212 12.7
      vertex -153.963 23.4133 12.7
      vertex -153.967 23.4238 12.7
    endloop
  endfacet
  facet normal -0 0 1
    outer loop
      vertex -153.973 23.419 12.7
      vertex -153.963 23.4133 12.7
      vertex -153.969 23.4212 12.7
    endloop
  endfacet
  facet normal 0 0 1
    outer loop
      vertex -153.973 23.419 12.7
      vertex -154.181 23.268 12.7
      vertex -153.963 23.4133 12.7
    endloop
  endfacet
  facet normal -0 0 1
    outer loop
      vertex -154.186 23.2766 12.7
      vertex -154.181 23.268 12.7
      vertex -153.973 23.419 12.7
    endloop
  endfacet
  facet normal 0 0 1
    outer loop
      vertex -154.416 23.1632 12.7
      vertex -154.181 23.268 12.7
      vertex -154.186 23.2766 12.7
    endloop
  endfacet
  facet normal 0 0 1
    outer loop
      vertex -154.181 23.268 12.7
      vertex -154.416 23.1632 12.7
      vertex -154.416 23.1522 12.7
    endloop
  endfacet
  facet normal -0 0 1
    outer loop
      vertex -154.419 23.1615 12.7
      vertex -154.416 23.1522 12.7
      vertex -154.416 23.1632 12.7
    endloop
  endfacet
  facet normal 0 0 1
    outer loop
      vertex -154.662 23.0791 12.7
      vertex -154.416 23.1522 12.7
      vertex -154.419 23.1615 12.7
    endloop
  endfacet
  facet normal -0 0 1
    outer loop
      vertex -154.662 23.0791 12.7
      vertex -154.663 23.0681 12.7
      vertex -154.416 23.1522 12.7
    endloop
  endfacet
  facet normal -0 0 1
    outer loop
      vertex -154.666 23.0778 12.7
      vertex -154.663 23.0681 12.7
      vertex -154.662 23.0791 12.7
    endloop
  endfacet
  facet normal -0 0 1
    outer loop
      vertex -154.67 23.077 12.7
      vertex -154.663 23.0681 12.7
      vertex -154.666 23.0778 12.7
    endloop
  endfacet
  facet normal 0 0 1
    outer loop
      vertex -154.67 23.077 12.7
      vertex -154.92 23.0171 12.7
      vertex -154.663 23.0681 12.7
    endloop
  endfacet
  facet normal -0 0 1
    outer loop
      vertex -154.921 23.027 12.7
      vertex -154.92 23.0171 12.7
      vertex -154.67 23.077 12.7
    endloop
  endfacet
  facet normal -0 0 1
    outer loop
      vertex -154.925 23.0268 12.7
      vertex -154.92 23.0171 12.7
      vertex -154.921 23.027 12.7
    endloop
  endfacet
  facet normal 0 0 1
    outer loop
      vertex -155.181 23 12.7
      vertex -154.925 23.0268 12.7
      vertex -155.181 23.01 12.7
    endloop
  endfacet
  facet normal 0 0 1
    outer loop
      vertex -154.925 23.0268 12.7
      vertex -155.181 23 12.7
      vertex -154.92 23.0171 12.7
    endloop
  endfacet
  facet normal 0 0 1
    outer loop
      vertex -155.437 23.0268 12.7
      vertex -155.181 23 12.7
      vertex -155.181 23.01 12.7
    endloop
  endfacet
  facet normal 0 0 1
    outer loop
      vertex -155.442 23.0171 12.7
      vertex -155.437 23.0268 12.7
      vertex -155.441 23.027 12.7
    endloop
  endfacet
  facet normal 0 0 1
    outer loop
      vertex -155.437 23.0268 12.7
      vertex -155.442 23.0171 12.7
      vertex -155.181 23 12.7
    endloop
  endfacet
  facet normal 0 0 1
    outer loop
      vertex -155.692 23.077 12.7
      vertex -155.442 23.0171 12.7
      vertex -155.441 23.027 12.7
    endloop
  endfacet
  facet normal 0 0 1
    outer loop
      vertex -155.699 23.0681 12.7
      vertex -155.692 23.077 12.7
      vertex -155.696 23.0778 12.7
    endloop
  endfacet
  facet normal 0 0 1
    outer loop
      vertex -155.692 23.077 12.7
      vertex -155.699 23.0681 12.7
      vertex -155.442 23.0171 12.7
    endloop
  endfacet
  facet normal 0 0 1
    outer loop
      vertex -155.7 23.0791 12.7
      vertex -155.699 23.0681 12.7
      vertex -155.696 23.0778 12.7
    endloop
  endfacet
  facet normal -0 0 1
    outer loop
      vertex -155.946 23.1522 12.7
      vertex -155.7 23.0791 12.7
      vertex -155.942 23.1615 12.7
    endloop
  endfacet
  facet normal 0 0 1
    outer loop
      vertex -155.7 23.0791 12.7
      vertex -155.946 23.1522 12.7
      vertex -155.699 23.0681 12.7
    endloop
  endfacet
  facet normal 0 0 1
    outer loop
      vertex -155.946 23.1632 12.7
      vertex -155.946 23.1522 12.7
      vertex -155.942 23.1615 12.7
    endloop
  endfacet
  facet normal -0 0 1
    outer loop
      vertex -156.181 23.268 12.7
      vertex -155.946 23.1632 12.7
      vertex -156.176 23.2766 12.7
    endloop
  endfacet
  facet normal 0 0 1
    outer loop
      vertex -155.946 23.1632 12.7
      vertex -156.181 23.268 12.7
      vertex -155.946 23.1522 12.7
    endloop
  endfacet
  facet normal 0 0 1
    outer loop
      vertex -156.389 23.419 12.7
      vertex -156.181 23.268 12.7
      vertex -156.176 23.2766 12.7
    endloop
  endfacet
  facet normal 0 0 1
    outer loop
      vertex -156.398 23.4133 12.7
      vertex -156.389 23.419 12.7
      vertex -156.392 23.4212 12.7
    endloop
  endfacet
  facet normal 0 0 1
    outer loop
      vertex -156.389 23.419 12.7
      vertex -156.398 23.4133 12.7
      vertex -156.181 23.268 12.7
    endloop
  endfacet
  facet normal 0 0 1
    outer loop
      vertex -156.395 23.4238 12.7
      vertex -156.398 23.4133 12.7
      vertex -156.392 23.4212 12.7
    endloop
  endfacet
  facet normal -0 0 1
    outer loop
      vertex -156.595 23.5858 12.7
      vertex -156.395 23.4238 12.7
      vertex -156.588 23.5929 12.7
    endloop
  endfacet
  facet normal 0 0 1
    outer loop
      vertex -156.395 23.4238 12.7
      vertex -156.595 23.5858 12.7
      vertex -156.398 23.4133 12.7
    endloop
  endfacet
  facet normal 0 0 1
    outer loop
      vertex -156.757 23.7856 12.7
      vertex -156.595 23.5858 12.7
      vertex -156.588 23.5929 12.7
    endloop
  endfacet
  facet normal 0 0 1
    outer loop
      vertex -156.768 23.7825 12.7
      vertex -156.757 23.7856 12.7
      vertex -156.76 23.7886 12.7
    endloop
  endfacet
  facet normal 0 0 1
    outer loop
      vertex -156.757 23.7856 12.7
      vertex -156.768 23.7825 12.7
      vertex -156.595 23.5858 12.7
    endloop
  endfacet
  facet normal 0 0 1
    outer loop
      vertex -156.762 23.7918 12.7
      vertex -156.768 23.7825 12.7
      vertex -156.76 23.7886 12.7
    endloop
  endfacet
  facet normal -0 0 1
    outer loop
      vertex -156.913 24 12.7
      vertex -156.762 23.7918 12.7
      vertex -156.904 24.005 12.7
    endloop
  endfacet
  facet normal 0 0 1
    outer loop
      vertex -156.762 23.7918 12.7
      vertex -156.913 24 12.7
      vertex -156.768 23.7825 12.7
    endloop
  endfacet
  facet normal 0 0 1
    outer loop
      vertex -157.018 24.2349 12.7
      vertex -156.913 24 12.7
      vertex -156.904 24.005 12.7
    endloop
  endfacet
  facet normal 0 0 1
    outer loop
      vertex -157.029 24.2346 12.7
      vertex -157.018 24.2349 12.7
      vertex -157.019 24.2385 12.7
    endloop
  endfacet
  facet normal 0 0 1
    outer loop
      vertex -157.018 24.2349 12.7
      vertex -157.029 24.2346 12.7
      vertex -156.913 24 12.7
    endloop
  endfacet
  facet normal 0 0 1
    outer loop
      vertex -157.102 24.4812 12.7
      vertex -157.029 24.2346 12.7
      vertex -157.019 24.2385 12.7
    endloop
  endfacet
  facet normal -0 0 1
    outer loop
      vertex -157.113 24.4824 12.7
      vertex -157.102 24.4812 12.7
      vertex -157.103 24.485 12.7
    endloop
  endfacet
  facet normal 0 0 1
    outer loop
      vertex -157.102 24.4812 12.7
      vertex -157.113 24.4824 12.7
      vertex -157.029 24.2346 12.7
    endloop
  endfacet
  facet normal 0 0 1
    outer loop
      vertex -157.104 24.4888 12.7
      vertex -157.113 24.4824 12.7
      vertex -157.103 24.485 12.7
    endloop
  endfacet
  facet normal -0 0 1
    outer loop
      vertex -157.164 24.7389 12.7
      vertex -157.104 24.4888 12.7
      vertex -157.154 24.7403 12.7
    endloop
  endfacet
  facet normal 0 0 1
    outer loop
      vertex -157.104 24.4888 12.7
      vertex -157.164 24.7389 12.7
      vertex -157.113 24.4824 12.7
    endloop
  endfacet
  facet normal 0 0 1
    outer loop
      vertex -157.154 24.7442 12.7
      vertex -157.164 24.7389 12.7
      vertex -157.154 24.7403 12.7
    endloop
  endfacet
  facet normal -0 0 1
    outer loop
      vertex -157.181 25 12.7
      vertex -157.154 24.7442 12.7
      vertex -157.171 25 12.7
    endloop
  endfacet
  facet normal 0 0 1
    outer loop
      vertex -157.154 24.7442 12.7
      vertex -157.181 25 12.7
      vertex -157.164 24.7389 12.7
    endloop
  endfacet
  facet normal -0.706327 0.0469412 0.706327
    outer loop
      vertex -157.171 25 12.7
      vertex -156.681 25 13.19
      vertex -157.154 25.2558 12.7
    endloop
  endfacet
  facet normal -0.634547 0.313668 0.706373
    outer loop
      vertex -157.018 25.7651 12.7
      vertex -156.567 25.574 13.19
      vertex -156.48 25.75 13.19
    endloop
  endfacet
  facet normal -0.684311 0.190086 0.703979
    outer loop
      vertex -156.567 25.574 13.19
      vertex -157.018 25.7651 12.7
      vertex -157.019 25.7615 12.7
    endloop
  endfacet
  facet normal 0.532417 0.466936 0.706047
    outer loop
      vertex -154.12 26.0607 13.19
      vertex -153.605 26.2144 12.7
      vertex -153.774 26.4071 12.7
    endloop
  endfacet
  facet normal 0.670463 -0.226526 0.706517
    outer loop
      vertex -153.795 24.426 13.19
      vertex -153.342 24.2385 12.7
      vertex -153.26 24.4812 12.7
    endloop
  endfacet
  facet normal -0.313094 -0.634845 0.706359
    outer loop
      vertex -155.946 23.1632 12.7
      vertex -155.755 23.6142 13.19
      vertex -155.931 23.701 13.19
    endloop
  endfacet
  facet normal -0.276641 -0.65092 0.706946
    outer loop
      vertex -155.755 23.6142 13.19
      vertex -155.946 23.1632 12.7
      vertex -155.942 23.1615 12.7
    endloop
  endfacet
  facet normal -0.466671 0.532629 0.706063
    outer loop
      vertex -156.588 26.4071 12.7
      vertex -156.242 26.0607 13.19
      vertex -156.395 26.5762 12.7
    endloop
  endfacet
  facet normal -0.634547 -0.313668 0.706373
    outer loop
      vertex -156.567 24.426 13.19
      vertex -157.018 24.2349 12.7
      vertex -156.48 24.25 13.19
    endloop
  endfacet
  facet normal -0.684311 -0.190086 0.703979
    outer loop
      vertex -157.018 24.2349 12.7
      vertex -156.567 24.426 13.19
      vertex -157.019 24.2385 12.7
    endloop
  endfacet
  facet normal -0.589297 -0.392496 0.70617
    outer loop
      vertex -156.904 24.005 12.7
      vertex -156.762 23.7918 12.7
      vertex -156.48 24.25 13.19
    endloop
  endfacet
  facet normal 0.670463 0.226526 0.706517
    outer loop
      vertex -153.795 25.574 13.19
      vertex -153.26 25.5188 12.7
      vertex -153.342 25.7615 12.7
    endloop
  endfacet
  facet normal -0.393462 -0.588388 0.70639
    outer loop
      vertex -156.094 23.81 13.19
      vertex -156.389 23.419 12.7
      vertex -155.931 23.701 13.19
    endloop
  endfacet
  facet normal -0.418261 -0.570356 0.706931
    outer loop
      vertex -156.389 23.419 12.7
      vertex -156.094 23.81 13.19
      vertex -156.392 23.4212 12.7
    endloop
  endfacet
  facet normal -0.465759 -0.53312 0.706294
    outer loop
      vertex -156.395 23.4238 12.7
      vertex -156.094 23.81 13.19
      vertex -156.242 23.9393 13.19
    endloop
  endfacet
  facet normal -0.463588 -0.534909 0.706371
    outer loop
      vertex -156.094 23.81 13.19
      vertex -156.395 23.4238 12.7
      vertex -156.392 23.4212 12.7
    endloop
  endfacet
  facet normal -0.463588 0.534909 0.706371
    outer loop
      vertex -156.395 26.5762 12.7
      vertex -156.094 26.19 13.19
      vertex -156.392 26.5788 12.7
    endloop
  endfacet
  facet normal -0.465759 0.53312 0.706294
    outer loop
      vertex -156.094 26.19 13.19
      vertex -156.395 26.5762 12.7
      vertex -156.242 26.0607 13.19
    endloop
  endfacet
  facet normal 0.589297 -0.392496 0.70617
    outer loop
      vertex -153.882 24.25 13.19
      vertex -153.6 23.7918 12.7
      vertex -153.458 24.005 12.7
    endloop
  endfacet
  facet normal -0.228193 0.670179 0.706249
    outer loop
      vertex -155.942 26.8385 12.7
      vertex -155.755 26.3858 13.19
      vertex -155.7 26.9209 12.7
    endloop
  endfacet
  facet normal -0.313015 -0.634864 0.706378
    outer loop
      vertex -156.176 23.2766 12.7
      vertex -155.946 23.1632 12.7
      vertex -155.931 23.701 13.19
    endloop
  endfacet
  facet normal -0.634337 -0.314548 0.70617
    outer loop
      vertex -157.018 24.2349 12.7
      vertex -156.904 24.005 12.7
      vertex -156.48 24.25 13.19
    endloop
  endfacet
  facet normal 0 0 1
    outer loop
      vertex -153.694 25.1958 13.19
      vertex -153.694 24.8042 13.19
      vertex -153.681 25 13.19
    endloop
  endfacet
  facet normal 0 0 1
    outer loop
      vertex -153.732 25.3882 13.19
      vertex -153.694 24.8042 13.19
      vertex -153.694 25.1958 13.19
    endloop
  endfacet
  facet normal 0 0 1
    outer loop
      vertex -153.732 25.3882 13.19
      vertex -153.732 24.6118 13.19
      vertex -153.694 24.8042 13.19
    endloop
  endfacet
  facet normal 0 0 1
    outer loop
      vertex -153.795 25.574 13.19
      vertex -153.732 24.6118 13.19
      vertex -153.732 25.3882 13.19
    endloop
  endfacet
  facet normal 0 0 1
    outer loop
      vertex -153.795 25.574 13.19
      vertex -153.795 24.426 13.19
      vertex -153.732 24.6118 13.19
    endloop
  endfacet
  facet normal 0 0 1
    outer loop
      vertex -153.882 25.75 13.19
      vertex -153.795 24.426 13.19
      vertex -153.795 25.574 13.19
    endloop
  endfacet
  facet normal 0 0 1
    outer loop
      vertex -153.882 25.75 13.19
      vertex -153.882 24.25 13.19
      vertex -153.795 24.426 13.19
    endloop
  endfacet
  facet normal 0 0 1
    outer loop
      vertex -153.991 25.9131 13.19
      vertex -153.882 24.25 13.19
      vertex -153.882 25.75 13.19
    endloop
  endfacet
  facet normal 0 0 1
    outer loop
      vertex -153.991 25.9131 13.19
      vertex -153.991 24.0869 13.19
      vertex -153.882 24.25 13.19
    endloop
  endfacet
  facet normal 0 0 1
    outer loop
      vertex -154.12 26.0607 13.19
      vertex -153.991 24.0869 13.19
      vertex -153.991 25.9131 13.19
    endloop
  endfacet
  facet normal 0 0 1
    outer loop
      vertex -154.12 26.0607 13.19
      vertex -154.12 23.9393 13.19
      vertex -153.991 24.0869 13.19
    endloop
  endfacet
  facet normal 0 0 1
    outer loop
      vertex -154.268 26.19 13.19
      vertex -154.12 23.9393 13.19
      vertex -154.12 26.0607 13.19
    endloop
  endfacet
  facet normal 0 0 1
    outer loop
      vertex -154.268 26.19 13.19
      vertex -154.268 23.81 13.19
      vertex -154.12 23.9393 13.19
    endloop
  endfacet
  facet normal 0 0 1
    outer loop
      vertex -154.431 26.299 13.19
      vertex -154.268 23.81 13.19
      vertex -154.268 26.19 13.19
    endloop
  endfacet
  facet normal 0 0 1
    outer loop
      vertex -154.431 26.299 13.19
      vertex -154.431 23.701 13.19
      vertex -154.268 23.81 13.19
    endloop
  endfacet
  facet normal 0 0 1
    outer loop
      vertex -154.607 26.3858 13.19
      vertex -154.431 23.701 13.19
      vertex -154.431 26.299 13.19
    endloop
  endfacet
  facet normal 0 0 1
    outer loop
      vertex -154.607 26.3858 13.19
      vertex -154.607 23.6142 13.19
      vertex -154.431 23.701 13.19
    endloop
  endfacet
  facet normal 0 0 1
    outer loop
      vertex -154.793 26.4489 13.19
      vertex -154.607 23.6142 13.19
      vertex -154.607 26.3858 13.19
    endloop
  endfacet
  facet normal 0 0 1
    outer loop
      vertex -154.793 26.4489 13.19
      vertex -154.793 23.5511 13.19
      vertex -154.607 23.6142 13.19
    endloop
  endfacet
  facet normal 0 0 1
    outer loop
      vertex -154.985 26.4872 13.19
      vertex -154.793 23.5511 13.19
      vertex -154.793 26.4489 13.19
    endloop
  endfacet
  facet normal 0 0 1
    outer loop
      vertex -154.985 26.4872 13.19
      vertex -154.985 23.5128 13.19
      vertex -154.793 23.5511 13.19
    endloop
  endfacet
  facet normal 0 0 1
    outer loop
      vertex -155.181 26.5 13.19
      vertex -154.985 23.5128 13.19
      vertex -154.985 26.4872 13.19
    endloop
  endfacet
  facet normal 0 0 1
    outer loop
      vertex -155.181 26.5 13.19
      vertex -155.181 23.5 13.19
      vertex -154.985 23.5128 13.19
    endloop
  endfacet
  facet normal -0 0 1
    outer loop
      vertex -155.377 26.4872 13.19
      vertex -155.181 23.5 13.19
      vertex -155.181 26.5 13.19
    endloop
  endfacet
  facet normal 0 0 1
    outer loop
      vertex -155.377 26.4872 13.19
      vertex -155.377 23.5128 13.19
      vertex -155.181 23.5 13.19
    endloop
  endfacet
  facet normal -0 0 1
    outer loop
      vertex -155.569 26.4489 13.19
      vertex -155.377 23.5128 13.19
      vertex -155.377 26.4872 13.19
    endloop
  endfacet
  facet normal 0 0 1
    outer loop
      vertex -155.569 26.4489 13.19
      vertex -155.569 23.5511 13.19
      vertex -155.377 23.5128 13.19
    endloop
  endfacet
  facet normal -0 0 1
    outer loop
      vertex -155.755 26.3858 13.19
      vertex -155.569 23.5511 13.19
      vertex -155.569 26.4489 13.19
    endloop
  endfacet
  facet normal 0 0 1
    outer loop
      vertex -155.755 26.3858 13.19
      vertex -155.755 23.6142 13.19
      vertex -155.569 23.5511 13.19
    endloop
  endfacet
  facet normal -0 0 1
    outer loop
      vertex -155.931 26.299 13.19
      vertex -155.755 23.6142 13.19
      vertex -155.755 26.3858 13.19
    endloop
  endfacet
  facet normal 0 0 1
    outer loop
      vertex -155.931 26.299 13.19
      vertex -155.931 23.701 13.19
      vertex -155.755 23.6142 13.19
    endloop
  endfacet
  facet normal -0 0 1
    outer loop
      vertex -156.094 26.19 13.19
      vertex -155.931 23.701 13.19
      vertex -155.931 26.299 13.19
    endloop
  endfacet
  facet normal 0 0 1
    outer loop
      vertex -156.094 26.19 13.19
      vertex -156.094 23.81 13.19
      vertex -155.931 23.701 13.19
    endloop
  endfacet
  facet normal -0 0 1
    outer loop
      vertex -156.242 26.0607 13.19
      vertex -156.094 23.81 13.19
      vertex -156.094 26.19 13.19
    endloop
  endfacet
  facet normal 0 0 1
    outer loop
      vertex -156.242 26.0607 13.19
      vertex -156.242 23.9393 13.19
      vertex -156.094 23.81 13.19
    endloop
  endfacet
  facet normal -0 0 1
    outer loop
      vertex -156.371 25.9131 13.19
      vertex -156.242 23.9393 13.19
      vertex -156.242 26.0607 13.19
    endloop
  endfacet
  facet normal 0 0 1
    outer loop
      vertex -156.371 25.9131 13.19
      vertex -156.371 24.0869 13.19
      vertex -156.242 23.9393 13.19
    endloop
  endfacet
  facet normal -0 0 1
    outer loop
      vertex -156.48 25.75 13.19
      vertex -156.371 24.0869 13.19
      vertex -156.371 25.9131 13.19
    endloop
  endfacet
  facet normal 0 0 1
    outer loop
      vertex -156.48 25.75 13.19
      vertex -156.48 24.25 13.19
      vertex -156.371 24.0869 13.19
    endloop
  endfacet
  facet normal -0 0 1
    outer loop
      vertex -156.567 25.574 13.19
      vertex -156.48 24.25 13.19
      vertex -156.48 25.75 13.19
    endloop
  endfacet
  facet normal 0 0 1
    outer loop
      vertex -156.567 25.574 13.19
      vertex -156.567 24.426 13.19
      vertex -156.48 24.25 13.19
    endloop
  endfacet
  facet normal -0 0 1
    outer loop
      vertex -156.63 25.3882 13.19
      vertex -156.567 24.426 13.19
      vertex -156.567 25.574 13.19
    endloop
  endfacet
  facet normal 0 0 1
    outer loop
      vertex -156.63 25.3882 13.19
      vertex -156.63 24.6118 13.19
      vertex -156.567 24.426 13.19
    endloop
  endfacet
  facet normal -0 0 1
    outer loop
      vertex -156.668 25.1958 13.19
      vertex -156.63 24.6118 13.19
      vertex -156.63 25.3882 13.19
    endloop
  endfacet
  facet normal 0 0 1
    outer loop
      vertex -156.668 25.1958 13.19
      vertex -156.668 24.8042 13.19
      vertex -156.63 24.6118 13.19
    endloop
  endfacet
  facet normal 0 -0 1
    outer loop
      vertex -156.668 24.8042 13.19
      vertex -156.668 25.1958 13.19
      vertex -156.681 25 13.19
    endloop
  endfacet
  facet normal -0.589297 0.392496 0.70617
    outer loop
      vertex -156.904 25.995 12.7
      vertex -156.48 25.75 13.19
      vertex -156.762 26.2082 12.7
    endloop
  endfacet
  facet normal -0.694149 0.138002 0.706479
    outer loop
      vertex -157.154 25.2597 12.7
      vertex -156.668 25.1958 13.19
      vertex -157.104 25.5112 12.7
    endloop
  endfacet
  facet normal 0.138293 0.69423 0.706342
    outer loop
      vertex -154.985 26.4872 13.19
      vertex -154.67 26.923 12.7
      vertex -154.921 26.973 12.7
    endloop
  endfacet
  facet normal 0.706327 0.0469412 0.706327
    outer loop
      vertex -153.681 25 13.19
      vertex -153.191 25 12.7
      vertex -153.208 25.2558 12.7
    endloop
  endfacet
  facet normal -0.533008 0.465841 0.706325
    outer loop
      vertex -156.757 26.2144 12.7
      vertex -156.371 25.9131 13.19
      vertex -156.242 26.0607 13.19
    endloop
  endfacet
  facet normal -0.502048 0.502048 0.704199
    outer loop
      vertex -156.371 25.9131 13.19
      vertex -156.757 26.2144 12.7
      vertex -156.76 26.2114 12.7
    endloop
  endfacet
  facet normal 0.589297 0.392496 0.70617
    outer loop
      vertex -153.882 25.75 13.19
      vertex -153.458 25.995 12.7
      vertex -153.6 26.2082 12.7
    endloop
  endfacet
  facet normal 0.684037 0.18001 0.706887
    outer loop
      vertex -153.732 25.3882 13.19
      vertex -153.258 25.5112 12.7
      vertex -153.259 25.515 12.7
    endloop
  endfacet
  facet normal 0.694521 0.137171 0.706275
    outer loop
      vertex -153.258 25.5112 12.7
      vertex -153.732 25.3882 13.19
      vertex -153.694 25.1958 13.19
    endloop
  endfacet
  facet normal 0.313094 -0.634845 0.706359
    outer loop
      vertex -154.607 23.6142 13.19
      vertex -154.416 23.1632 12.7
      vertex -154.431 23.701 13.19
    endloop
  endfacet
  facet normal 0.349844 -0.617371 0.704601
    outer loop
      vertex -154.416 23.1632 12.7
      vertex -154.607 23.6142 13.19
      vertex -154.419 23.1615 12.7
    endloop
  endfacet
  facet normal -0.138469 0.694151 0.706385
    outer loop
      vertex -155.692 26.923 12.7
      vertex -155.569 26.4489 13.19
      vertex -155.377 26.4872 13.19
    endloop
  endfacet
  facet normal -0.138814 0.694072 0.706395
    outer loop
      vertex -155.569 26.4489 13.19
      vertex -155.692 26.923 12.7
      vertex -155.696 26.9222 12.7
    endloop
  endfacet
  facet normal -0.588471 -0.393276 0.706425
    outer loop
      vertex -156.762 23.7918 12.7
      vertex -156.371 24.0869 13.19
      vertex -156.48 24.25 13.19
    endloop
  endfacet
  facet normal -0.600869 -0.375543 0.705638
    outer loop
      vertex -156.371 24.0869 13.19
      vertex -156.762 23.7918 12.7
      vertex -156.76 23.7886 12.7
    endloop
  endfacet
  facet normal 0.684037 0.18001 0.706887
    outer loop
      vertex -153.26 25.5188 12.7
      vertex -153.732 25.3882 13.19
      vertex -153.259 25.515 12.7
    endloop
  endfacet
  facet normal 0.670382 0.227309 0.706341
    outer loop
      vertex -153.732 25.3882 13.19
      vertex -153.26 25.5188 12.7
      vertex -153.795 25.574 13.19
    endloop
  endfacet
  facet normal 0.694149 -0.138002 0.706479
    outer loop
      vertex -153.694 24.8042 13.19
      vertex -153.258 24.4888 12.7
      vertex -153.208 24.7403 12.7
    endloop
  endfacet
  facet normal 0.342593 0.622896 0.7033
    outer loop
      vertex -153.973 26.581 12.7
      vertex -154.268 26.19 13.19
      vertex -153.969 26.5788 12.7
    endloop
  endfacet
  facet normal 0.393462 0.588388 0.70639
    outer loop
      vertex -154.268 26.19 13.19
      vertex -153.973 26.581 12.7
      vertex -154.431 26.299 13.19
    endloop
  endfacet
  facet normal 0.532417 -0.466936 0.706047
    outer loop
      vertex -154.12 23.9393 13.19
      vertex -153.774 23.5929 12.7
      vertex -153.605 23.7856 12.7
    endloop
  endfacet
  facet normal -0.532417 0.466936 0.706047
    outer loop
      vertex -156.757 26.2144 12.7
      vertex -156.242 26.0607 13.19
      vertex -156.588 26.4071 12.7
    endloop
  endfacet
  facet normal 0.393405 0.588449 0.706371
    outer loop
      vertex -154.431 26.299 13.19
      vertex -153.973 26.581 12.7
      vertex -154.186 26.7234 12.7
    endloop
  endfacet
  facet normal -0.313015 0.634864 0.706378
    outer loop
      vertex -156.176 26.7234 12.7
      vertex -155.931 26.299 13.19
      vertex -155.946 26.8368 12.7
    endloop
  endfacet
  facet normal -0.670382 0.227309 0.706341
    outer loop
      vertex -157.102 25.5188 12.7
      vertex -156.63 25.3882 13.19
      vertex -156.567 25.574 13.19
    endloop
  endfacet
  facet normal -0.684037 0.18001 0.706887
    outer loop
      vertex -156.63 25.3882 13.19
      vertex -157.102 25.5188 12.7
      vertex -157.103 25.515 12.7
    endloop
  endfacet
  facet normal 0.466671 0.532629 0.706063
    outer loop
      vertex -154.12 26.0607 13.19
      vertex -153.774 26.4071 12.7
      vertex -153.967 26.5762 12.7
    endloop
  endfacet
  facet normal 0.706327 -0.0469412 0.706327
    outer loop
      vertex -153.681 25 13.19
      vertex -153.208 24.7442 12.7
      vertex -153.191 25 12.7
    endloop
  endfacet
  facet normal 0.227286 0.670272 0.706453
    outer loop
      vertex -154.662 26.9209 12.7
      vertex -154.607 26.3858 13.19
      vertex -154.419 26.8385 12.7
    endloop
  endfacet
  facet normal -0.706327 -0.0469412 0.706327
    outer loop
      vertex -157.171 25 12.7
      vertex -157.154 24.7442 12.7
      vertex -156.681 25 13.19
    endloop
  endfacet
  facet normal 0.694149 0.138002 0.706479
    outer loop
      vertex -153.694 25.1958 13.19
      vertex -153.208 25.2597 12.7
      vertex -153.258 25.5112 12.7
    endloop
  endfacet
  facet normal -0.634337 0.314548 0.70617
    outer loop
      vertex -157.018 25.7651 12.7
      vertex -156.48 25.75 13.19
      vertex -156.904 25.995 12.7
    endloop
  endfacet
  facet normal 0.138814 -0.694072 0.706395
    outer loop
      vertex -154.793 23.5511 13.19
      vertex -154.67 23.077 12.7
      vertex -154.666 23.0778 12.7
    endloop
  endfacet
  facet normal 0.138469 -0.694151 0.706385
    outer loop
      vertex -154.67 23.077 12.7
      vertex -154.793 23.5511 13.19
      vertex -154.985 23.5128 13.19
    endloop
  endfacet
  facet normal 0.466671 -0.532629 0.706063
    outer loop
      vertex -154.12 23.9393 13.19
      vertex -153.967 23.4238 12.7
      vertex -153.774 23.5929 12.7
    endloop
  endfacet
  facet normal -0.138469 -0.694151 0.706385
    outer loop
      vertex -155.569 23.5511 13.19
      vertex -155.692 23.077 12.7
      vertex -155.377 23.5128 13.19
    endloop
  endfacet
  facet normal -0.138814 -0.694072 0.706395
    outer loop
      vertex -155.692 23.077 12.7
      vertex -155.569 23.5511 13.19
      vertex -155.696 23.0778 12.7
    endloop
  endfacet
  facet normal -0.228193 -0.670179 0.706249
    outer loop
      vertex -155.942 23.1615 12.7
      vertex -155.7 23.0791 12.7
      vertex -155.755 23.6142 13.19
    endloop
  endfacet
  facet normal -0.393405 -0.588449 0.706371
    outer loop
      vertex -156.389 23.419 12.7
      vertex -156.176 23.2766 12.7
      vertex -155.931 23.701 13.19
    endloop
  endfacet
  facet normal 0.046354 0.706347 0.706347
    outer loop
      vertex -155.181 26.5 13.19
      vertex -154.925 26.9732 12.7
      vertex -155.181 26.99 12.7
    endloop
  endfacet
  facet normal -0.046354 0.706347 0.706347
    outer loop
      vertex -155.437 26.9732 12.7
      vertex -155.181 26.5 13.19
      vertex -155.181 26.99 12.7
    endloop
  endfacet
  facet normal -0.670188 -0.229195 0.705916
    outer loop
      vertex -157.102 24.4812 12.7
      vertex -157.019 24.2385 12.7
      vertex -156.567 24.426 13.19
    endloop
  endfacet
  facet normal 0.619985 -0.344436 0.70497
    outer loop
      vertex -153.795 24.426 13.19
      vertex -153.344 24.2349 12.7
      vertex -153.342 24.2385 12.7
    endloop
  endfacet
  facet normal 0.634547 -0.313668 0.706373
    outer loop
      vertex -153.344 24.2349 12.7
      vertex -153.795 24.426 13.19
      vertex -153.882 24.25 13.19
    endloop
  endfacet
  facet normal 0.138814 0.694072 0.706395
    outer loop
      vertex -154.67 26.923 12.7
      vertex -154.793 26.4489 13.19
      vertex -154.666 26.9222 12.7
    endloop
  endfacet
  facet normal 0.138469 0.694151 0.706385
    outer loop
      vertex -154.793 26.4489 13.19
      vertex -154.67 26.923 12.7
      vertex -154.985 26.4872 13.19
    endloop
  endfacet
  facet normal -0.670382 -0.227309 0.706341
    outer loop
      vertex -156.63 24.6118 13.19
      vertex -157.102 24.4812 12.7
      vertex -156.567 24.426 13.19
    endloop
  endfacet
  facet normal -0.684037 -0.18001 0.706887
    outer loop
      vertex -157.102 24.4812 12.7
      vertex -156.63 24.6118 13.19
      vertex -157.103 24.485 12.7
    endloop
  endfacet
  facet normal -0.218696 0.672909 0.706658
    outer loop
      vertex -155.7 26.9209 12.7
      vertex -155.569 26.4489 13.19
      vertex -155.696 26.9222 12.7
    endloop
  endfacet
  facet normal -0.227385 0.670262 0.706431
    outer loop
      vertex -155.569 26.4489 13.19
      vertex -155.7 26.9209 12.7
      vertex -155.755 26.3858 13.19
    endloop
  endfacet
  facet normal -0.466671 -0.532629 0.706063
    outer loop
      vertex -156.588 23.5929 12.7
      vertex -156.395 23.4238 12.7
      vertex -156.242 23.9393 13.19
    endloop
  endfacet
  facet normal 0.634337 0.314548 0.70617
    outer loop
      vertex -153.882 25.75 13.19
      vertex -153.344 25.7651 12.7
      vertex -153.458 25.995 12.7
    endloop
  endfacet
  facet normal 0.0353693 0.707386 0.705942
    outer loop
      vertex -154.925 26.9732 12.7
      vertex -154.985 26.4872 13.19
      vertex -154.921 26.973 12.7
    endloop
  endfacet
  facet normal 0.0461331 0.706413 0.706295
    outer loop
      vertex -154.985 26.4872 13.19
      vertex -154.925 26.9732 12.7
      vertex -155.181 26.5 13.19
    endloop
  endfacet
  facet normal 0.218696 0.672909 0.706658
    outer loop
      vertex -154.793 26.4489 13.19
      vertex -154.662 26.9209 12.7
      vertex -154.666 26.9222 12.7
    endloop
  endfacet
  facet normal 0.227385 0.670262 0.706431
    outer loop
      vertex -154.662 26.9209 12.7
      vertex -154.793 26.4489 13.19
      vertex -154.607 26.3858 13.19
    endloop
  endfacet
  facet normal -0.0461331 0.706413 0.706295
    outer loop
      vertex -155.437 26.9732 12.7
      vertex -155.377 26.4872 13.19
      vertex -155.181 26.5 13.19
    endloop
  endfacet
  facet normal -0.0353693 0.707386 0.705942
    outer loop
      vertex -155.377 26.4872 13.19
      vertex -155.437 26.9732 12.7
      vertex -155.441 26.973 12.7
    endloop
  endfacet
  facet normal 0.619985 0.344436 0.70497
    outer loop
      vertex -153.344 25.7651 12.7
      vertex -153.795 25.574 13.19
      vertex -153.342 25.7615 12.7
    endloop
  endfacet
  facet normal 0.634547 0.313668 0.706373
    outer loop
      vertex -153.795 25.574 13.19
      vertex -153.344 25.7651 12.7
      vertex -153.882 25.75 13.19
    endloop
  endfacet
  facet normal -0.0353693 -0.707386 0.705942
    outer loop
      vertex -155.437 23.0268 12.7
      vertex -155.377 23.5128 13.19
      vertex -155.441 23.027 12.7
    endloop
  endfacet
  facet normal -0.0461331 -0.706413 0.706295
    outer loop
      vertex -155.377 23.5128 13.19
      vertex -155.437 23.0268 12.7
      vertex -155.181 23.5 13.19
    endloop
  endfacet
  facet normal 0.0461331 -0.706413 0.706295
    outer loop
      vertex -154.925 23.0268 12.7
      vertex -154.985 23.5128 13.19
      vertex -155.181 23.5 13.19
    endloop
  endfacet
  facet normal 0.0353693 -0.707386 0.705942
    outer loop
      vertex -154.985 23.5128 13.19
      vertex -154.925 23.0268 12.7
      vertex -154.921 23.027 12.7
    endloop
  endfacet
  facet normal 0.342593 -0.622896 0.7033
    outer loop
      vertex -154.268 23.81 13.19
      vertex -153.973 23.419 12.7
      vertex -153.969 23.4212 12.7
    endloop
  endfacet
  facet normal 0.393462 -0.588388 0.70639
    outer loop
      vertex -153.973 23.419 12.7
      vertex -154.268 23.81 13.19
      vertex -154.431 23.701 13.19
    endloop
  endfacet
  facet normal 0.313015 -0.634864 0.706378
    outer loop
      vertex -154.431 23.701 13.19
      vertex -154.416 23.1632 12.7
      vertex -154.186 23.2766 12.7
    endloop
  endfacet
  facet normal 0.502048 -0.502048 0.704199
    outer loop
      vertex -153.991 24.0869 13.19
      vertex -153.605 23.7856 12.7
      vertex -153.602 23.7886 12.7
    endloop
  endfacet
  facet normal 0.533008 -0.465841 0.706325
    outer loop
      vertex -153.605 23.7856 12.7
      vertex -153.991 24.0869 13.19
      vertex -154.12 23.9393 13.19
    endloop
  endfacet
  facet normal 0.349844 0.617371 0.704601
    outer loop
      vertex -154.607 26.3858 13.19
      vertex -154.416 26.8368 12.7
      vertex -154.419 26.8385 12.7
    endloop
  endfacet
  facet normal 0.313094 0.634845 0.706359
    outer loop
      vertex -154.416 26.8368 12.7
      vertex -154.607 26.3858 13.19
      vertex -154.431 26.299 13.19
    endloop
  endfacet
  facet normal -0.393405 0.588449 0.706371
    outer loop
      vertex -156.389 26.581 12.7
      vertex -155.931 26.299 13.19
      vertex -156.176 26.7234 12.7
    endloop
  endfacet
  facet normal -0.600869 0.375543 0.705638
    outer loop
      vertex -156.762 26.2082 12.7
      vertex -156.371 25.9131 13.19
      vertex -156.76 26.2114 12.7
    endloop
  endfacet
  facet normal -0.588471 0.393276 0.706425
    outer loop
      vertex -156.371 25.9131 13.19
      vertex -156.762 26.2082 12.7
      vertex -156.48 25.75 13.19
    endloop
  endfacet
  facet normal -0.393462 0.588388 0.70639
    outer loop
      vertex -156.389 26.581 12.7
      vertex -156.094 26.19 13.19
      vertex -155.931 26.299 13.19
    endloop
  endfacet
  facet normal -0.418261 0.570356 0.706931
    outer loop
      vertex -156.094 26.19 13.19
      vertex -156.389 26.581 12.7
      vertex -156.392 26.5788 12.7
    endloop
  endfacet
  facet normal -0.684037 0.18001 0.706887
    outer loop
      vertex -157.104 25.5112 12.7
      vertex -156.63 25.3882 13.19
      vertex -157.103 25.515 12.7
    endloop
  endfacet
  facet normal -0.694521 0.137171 0.706275
    outer loop
      vertex -156.63 25.3882 13.19
      vertex -157.104 25.5112 12.7
      vertex -156.668 25.1958 13.19
    endloop
  endfacet
  facet normal -0.670188 0.229195 0.705916
    outer loop
      vertex -157.102 25.5188 12.7
      vertex -156.567 25.574 13.19
      vertex -157.019 25.7615 12.7
    endloop
  endfacet
  facet normal 0.046354 -0.706347 0.706347
    outer loop
      vertex -155.181 23.01 12.7
      vertex -154.925 23.0268 12.7
      vertex -155.181 23.5 13.19
    endloop
  endfacet
  facet normal -0.276641 0.65092 0.706946
    outer loop
      vertex -155.946 26.8368 12.7
      vertex -155.755 26.3858 13.19
      vertex -155.942 26.8385 12.7
    endloop
  endfacet
  facet normal -0.313094 0.634845 0.706359
    outer loop
      vertex -155.755 26.3858 13.19
      vertex -155.946 26.8368 12.7
      vertex -155.931 26.299 13.19
    endloop
  endfacet
  facet normal -0.532417 -0.466936 0.706047
    outer loop
      vertex -156.757 23.7856 12.7
      vertex -156.588 23.5929 12.7
      vertex -156.242 23.9393 13.19
    endloop
  endfacet
  facet normal -0.694149 -0.138002 0.706479
    outer loop
      vertex -157.154 24.7403 12.7
      vertex -157.104 24.4888 12.7
      vertex -156.668 24.8042 13.19
    endloop
  endfacet
  facet normal -0.706341 -0.046897 0.706317
    outer loop
      vertex -157.154 24.7442 12.7
      vertex -156.668 24.8042 13.19
      vertex -156.681 25 13.19
    endloop
  endfacet
  facet normal -0.709999 0 0.704203
    outer loop
      vertex -156.668 24.8042 13.19
      vertex -157.154 24.7442 12.7
      vertex -157.154 24.7403 12.7
    endloop
  endfacet
  facet normal -0.138293 0.69423 0.706342
    outer loop
      vertex -155.692 26.923 12.7
      vertex -155.377 26.4872 13.19
      vertex -155.441 26.973 12.7
    endloop
  endfacet
  facet normal 0.588471 -0.393276 0.706425
    outer loop
      vertex -153.991 24.0869 13.19
      vertex -153.6 23.7918 12.7
      vertex -153.882 24.25 13.19
    endloop
  endfacet
  facet normal 0.600869 -0.375543 0.705638
    outer loop
      vertex -153.6 23.7918 12.7
      vertex -153.991 24.0869 13.19
      vertex -153.602 23.7886 12.7
    endloop
  endfacet
  facet normal 0.634337 -0.314548 0.70617
    outer loop
      vertex -153.882 24.25 13.19
      vertex -153.458 24.005 12.7
      vertex -153.344 24.2349 12.7
    endloop
  endfacet
  facet normal 0.569665 0.438204 0.695313
    outer loop
      vertex -154.268 26.19 13.19
      vertex -153.967 26.5762 12.7
      vertex -153.969 26.5788 12.7
    endloop
  endfacet
  facet normal 0.465759 0.53312 0.706294
    outer loop
      vertex -153.967 26.5762 12.7
      vertex -154.268 26.19 13.19
      vertex -154.12 26.0607 13.19
    endloop
  endfacet
  facet normal 0.684037 -0.18001 0.706887
    outer loop
      vertex -153.732 24.6118 13.19
      vertex -153.26 24.4812 12.7
      vertex -153.259 24.485 12.7
    endloop
  endfacet
  facet normal 0.670382 -0.227309 0.706341
    outer loop
      vertex -153.26 24.4812 12.7
      vertex -153.732 24.6118 13.19
      vertex -153.795 24.426 13.19
    endloop
  endfacet
  facet normal 0.709999 0 0.704203
    outer loop
      vertex -153.694 25.1958 13.19
      vertex -153.208 25.2558 12.7
      vertex -153.208 25.2597 12.7
    endloop
  endfacet
  facet normal 0.706341 0.046897 0.706317
    outer loop
      vertex -153.208 25.2558 12.7
      vertex -153.694 25.1958 13.19
      vertex -153.681 25 13.19
    endloop
  endfacet
  facet normal 0.502048 0.502048 0.704199
    outer loop
      vertex -153.605 26.2144 12.7
      vertex -153.991 25.9131 13.19
      vertex -153.602 26.2114 12.7
    endloop
  endfacet
  facet normal 0.533008 0.465841 0.706325
    outer loop
      vertex -153.991 25.9131 13.19
      vertex -153.605 26.2144 12.7
      vertex -154.12 26.0607 13.19
    endloop
  endfacet
  facet normal 0.600869 0.375543 0.705638
    outer loop
      vertex -153.991 25.9131 13.19
      vertex -153.6 26.2082 12.7
      vertex -153.602 26.2114 12.7
    endloop
  endfacet
  facet normal 0.588471 0.393276 0.706425
    outer loop
      vertex -153.6 26.2082 12.7
      vertex -153.991 25.9131 13.19
      vertex -153.882 25.75 13.19
    endloop
  endfacet
  facet normal -0.046354 -0.706347 0.706347
    outer loop
      vertex -155.437 23.0268 12.7
      vertex -155.181 23.01 12.7
      vertex -155.181 23.5 13.19
    endloop
  endfacet
  facet normal 0.393405 -0.588449 0.706371
    outer loop
      vertex -154.431 23.701 13.19
      vertex -154.186 23.2766 12.7
      vertex -153.973 23.419 12.7
    endloop
  endfacet
  facet normal 0.138293 -0.69423 0.706342
    outer loop
      vertex -154.985 23.5128 13.19
      vertex -154.921 23.027 12.7
      vertex -154.67 23.077 12.7
    endloop
  endfacet
  facet normal -0.533008 -0.465841 0.706325
    outer loop
      vertex -156.371 24.0869 13.19
      vertex -156.757 23.7856 12.7
      vertex -156.242 23.9393 13.19
    endloop
  endfacet
  facet normal -0.502048 -0.502048 0.704199
    outer loop
      vertex -156.757 23.7856 12.7
      vertex -156.371 24.0869 13.19
      vertex -156.76 23.7886 12.7
    endloop
  endfacet
  facet normal 0.694521 -0.137171 0.706275
    outer loop
      vertex -153.732 24.6118 13.19
      vertex -153.258 24.4888 12.7
      vertex -153.694 24.8042 13.19
    endloop
  endfacet
  facet normal 0.684037 -0.18001 0.706887
    outer loop
      vertex -153.258 24.4888 12.7
      vertex -153.732 24.6118 13.19
      vertex -153.259 24.485 12.7
    endloop
  endfacet
  facet normal -0.138293 -0.69423 0.706342
    outer loop
      vertex -155.692 23.077 12.7
      vertex -155.441 23.027 12.7
      vertex -155.377 23.5128 13.19
    endloop
  endfacet
  facet normal -0.218696 -0.672909 0.706658
    outer loop
      vertex -155.569 23.5511 13.19
      vertex -155.7 23.0791 12.7
      vertex -155.696 23.0778 12.7
    endloop
  endfacet
  facet normal -0.227385 -0.670262 0.706431
    outer loop
      vertex -155.7 23.0791 12.7
      vertex -155.569 23.5511 13.19
      vertex -155.755 23.6142 13.19
    endloop
  endfacet
  facet normal -0.709999 0 0.704203
    outer loop
      vertex -157.154 25.2558 12.7
      vertex -156.668 25.1958 13.19
      vertex -157.154 25.2597 12.7
    endloop
  endfacet
  facet normal -0.706341 0.046897 0.706317
    outer loop
      vertex -156.668 25.1958 13.19
      vertex -157.154 25.2558 12.7
      vertex -156.681 25 13.19
    endloop
  endfacet
  facet normal -0.694521 -0.137171 0.706275
    outer loop
      vertex -157.104 24.4888 12.7
      vertex -156.63 24.6118 13.19
      vertex -156.668 24.8042 13.19
    endloop
  endfacet
  facet normal -0.684037 -0.18001 0.706887
    outer loop
      vertex -156.63 24.6118 13.19
      vertex -157.104 24.4888 12.7
      vertex -157.103 24.485 12.7
    endloop
  endfacet
  facet normal 0.313015 0.634864 0.706378
    outer loop
      vertex -154.431 26.299 13.19
      vertex -154.186 26.7234 12.7
      vertex -154.416 26.8368 12.7
    endloop
  endfacet
  facet normal 0.706341 -0.046897 0.706317
    outer loop
      vertex -153.694 24.8042 13.19
      vertex -153.208 24.7442 12.7
      vertex -153.681 25 13.19
    endloop
  endfacet
  facet normal 0.709999 0 0.704203
    outer loop
      vertex -153.208 24.7442 12.7
      vertex -153.694 24.8042 13.19
      vertex -153.208 24.7403 12.7
    endloop
  endfacet
  facet normal 0.465759 -0.53312 0.706294
    outer loop
      vertex -154.268 23.81 13.19
      vertex -153.967 23.4238 12.7
      vertex -154.12 23.9393 13.19
    endloop
  endfacet
  facet normal 0.569665 -0.438204 0.695313
    outer loop
      vertex -153.967 23.4238 12.7
      vertex -154.268 23.81 13.19
      vertex -153.969 23.4212 12.7
    endloop
  endfacet
  facet normal 0.227385 -0.670262 0.706431
    outer loop
      vertex -154.793 23.5511 13.19
      vertex -154.662 23.0791 12.7
      vertex -154.607 23.6142 13.19
    endloop
  endfacet
  facet normal 0.218696 -0.672909 0.706658
    outer loop
      vertex -154.662 23.0791 12.7
      vertex -154.793 23.5511 13.19
      vertex -154.666 23.0778 12.7
    endloop
  endfacet
  facet normal 0.227286 -0.670272 0.706453
    outer loop
      vertex -154.662 23.0791 12.7
      vertex -154.419 23.1615 12.7
      vertex -154.607 23.6142 13.19
    endloop
  endfacet
  facet normal -0.980801 0.195013 0
    outer loop
      vertex -177.164 25.2611 9.5
      vertex -177.113 25.5176 12.7
      vertex -177.113 25.5176 9.5
    endloop
  endfacet
  facet normal -0.980801 0.195013 0
    outer loop
      vertex -177.113 25.5176 12.7
      vertex -177.164 25.2611 9.5
      vertex -177.164 25.2611 12.7
    endloop
  endfacet
  facet normal -0.997887 0.0649716 0
    outer loop
      vertex -177.181 25 9.5
      vertex -177.164 25.2611 12.7
      vertex -177.164 25.2611 9.5
    endloop
  endfacet
  facet normal -0.997887 0.0649716 0
    outer loop
      vertex -177.164 25.2611 12.7
      vertex -177.181 25 9.5
      vertex -177.181 25 12.7
    endloop
  endfacet
  facet normal -0.0653771 0.997861 0
    outer loop
      vertex -175.181 27 9.5
      vertex -175.442 26.9829 12.7
      vertex -175.181 27 12.7
    endloop
  endfacet
  facet normal -0.0653771 0.997861 0
    outer loop
      vertex -175.442 26.9829 12.7
      vertex -175.181 27 9.5
      vertex -175.442 26.9829 9.5
    endloop
  endfacet
  facet normal 0.194648 0.980873 -0
    outer loop
      vertex -174.663 26.9319 9.5
      vertex -174.92 26.9829 12.7
      vertex -174.663 26.9319 12.7
    endloop
  endfacet
  facet normal 0.194648 0.980873 0
    outer loop
      vertex -174.92 26.9829 12.7
      vertex -174.663 26.9319 9.5
      vertex -174.92 26.9829 9.5
    endloop
  endfacet
  facet normal -0.556378 -0.830929 0
    outer loop
      vertex -176.398 23.4133 9.5
      vertex -176.181 23.268 12.7
      vertex -176.398 23.4133 12.7
    endloop
  endfacet
  facet normal -0.556378 -0.830929 -0
    outer loop
      vertex -176.181 23.268 12.7
      vertex -176.398 23.4133 9.5
      vertex -176.181 23.268 9.5
    endloop
  endfacet
  facet normal 0.896405 0.443235 0
    outer loop
      vertex -173.333 25.7654 12.7
      vertex -173.449 26 9.5
      vertex -173.449 26 12.7
    endloop
  endfacet
  facet normal 0.896405 0.443235 0
    outer loop
      vertex -173.449 26 9.5
      vertex -173.333 25.7654 12.7
      vertex -173.333 25.7654 9.5
    endloop
  endfacet
  facet normal 0.947066 0.321039 0
    outer loop
      vertex -173.249 25.5176 12.7
      vertex -173.333 25.7654 9.5
      vertex -173.333 25.7654 12.7
    endloop
  endfacet
  facet normal 0.947066 0.321039 0
    outer loop
      vertex -173.333 25.7654 9.5
      vertex -173.249 25.5176 12.7
      vertex -173.249 25.5176 9.5
    endloop
  endfacet
  facet normal 0.322315 0.946632 -0
    outer loop
      vertex -174.416 26.8478 9.5
      vertex -174.663 26.9319 12.7
      vertex -174.416 26.8478 12.7
    endloop
  endfacet
  facet normal 0.322315 0.946632 0
    outer loop
      vertex -174.663 26.9319 12.7
      vertex -174.416 26.8478 9.5
      vertex -174.663 26.9319 9.5
    endloop
  endfacet
  facet normal -0.997887 -0.0649716 0
    outer loop
      vertex -177.164 24.7389 9.5
      vertex -177.181 25 12.7
      vertex -177.181 25 9.5
    endloop
  endfacet
  facet normal -0.997887 -0.0649716 0
    outer loop
      vertex -177.181 25 12.7
      vertex -177.164 24.7389 9.5
      vertex -177.164 24.7389 12.7
    endloop
  endfacet
  facet normal 0.947066 -0.321039 0
    outer loop
      vertex -173.333 24.2346 12.7
      vertex -173.249 24.4824 9.5
      vertex -173.249 24.4824 12.7
    endloop
  endfacet
  facet normal 0.947066 -0.321039 0
    outer loop
      vertex -173.249 24.4824 9.5
      vertex -173.333 24.2346 12.7
      vertex -173.333 24.2346 9.5
    endloop
  endfacet
  facet normal 0.83205 0.5547 0
    outer loop
      vertex -173.449 26 12.7
      vertex -173.594 26.2175 9.5
      vertex -173.594 26.2175 12.7
    endloop
  endfacet
  facet normal 0.83205 0.5547 0
    outer loop
      vertex -173.594 26.2175 9.5
      vertex -173.449 26 12.7
      vertex -173.449 26 9.5
    endloop
  endfacet
  facet normal 0.980801 0.195013 0
    outer loop
      vertex -173.198 25.2611 12.7
      vertex -173.249 25.5176 9.5
      vertex -173.249 25.5176 12.7
    endloop
  endfacet
  facet normal 0.980801 0.195013 0
    outer loop
      vertex -173.249 25.5176 9.5
      vertex -173.198 25.2611 12.7
      vertex -173.198 25.2611 9.5
    endloop
  endfacet
  facet normal -0.947066 -0.321039 0
    outer loop
      vertex -177.029 24.2346 9.5
      vertex -177.113 24.4824 12.7
      vertex -177.113 24.4824 9.5
    endloop
  endfacet
  facet normal -0.947066 -0.321039 0
    outer loop
      vertex -177.113 24.4824 12.7
      vertex -177.029 24.2346 9.5
      vertex -177.029 24.2346 12.7
    endloop
  endfacet
  facet normal -0.658775 -0.75234 0
    outer loop
      vertex -176.595 23.5858 9.5
      vertex -176.398 23.4133 12.7
      vertex -176.595 23.5858 12.7
    endloop
  endfacet
  facet normal -0.658775 -0.75234 -0
    outer loop
      vertex -176.398 23.4133 12.7
      vertex -176.595 23.5858 9.5
      vertex -176.398 23.4133 9.5
    endloop
  endfacet
  facet normal -0.322315 0.946632 0
    outer loop
      vertex -175.699 26.9319 9.5
      vertex -175.946 26.8478 12.7
      vertex -175.699 26.9319 12.7
    endloop
  endfacet
  facet normal -0.322315 0.946632 0
    outer loop
      vertex -175.946 26.8478 12.7
      vertex -175.699 26.9319 9.5
      vertex -175.946 26.8478 9.5
    endloop
  endfacet
  facet normal 0.750895 -0.660421 0
    outer loop
      vertex -173.767 23.5858 12.7
      vertex -173.594 23.7825 9.5
      vertex -173.594 23.7825 12.7
    endloop
  endfacet
  facet normal 0.750895 -0.660421 0
    outer loop
      vertex -173.594 23.7825 9.5
      vertex -173.767 23.5858 12.7
      vertex -173.767 23.5858 9.5
    endloop
  endfacet
  facet normal 0.660671 0.750676 -0
    outer loop
      vertex -173.767 26.4142 9.5
      vertex -173.963 26.5867 12.7
      vertex -173.767 26.4142 12.7
    endloop
  endfacet
  facet normal 0.660671 0.750676 0
    outer loop
      vertex -173.963 26.5867 12.7
      vertex -173.767 26.4142 9.5
      vertex -173.963 26.5867 9.5
    endloop
  endfacet
  facet normal 0.997887 0.0649716 0
    outer loop
      vertex -173.181 25 12.7
      vertex -173.198 25.2611 9.5
      vertex -173.198 25.2611 12.7
    endloop
  endfacet
  facet normal 0.997887 0.0649716 0
    outer loop
      vertex -173.198 25.2611 9.5
      vertex -173.181 25 12.7
      vertex -173.181 25 9.5
    endloop
  endfacet
  facet normal -0.556378 0.830929 0
    outer loop
      vertex -176.181 26.732 9.5
      vertex -176.398 26.5867 12.7
      vertex -176.181 26.732 12.7
    endloop
  endfacet
  facet normal -0.556378 0.830929 0
    outer loop
      vertex -176.398 26.5867 12.7
      vertex -176.181 26.732 9.5
      vertex -176.398 26.5867 9.5
    endloop
  endfacet
  facet normal -0.83205 -0.5547 0
    outer loop
      vertex -176.768 23.7825 9.5
      vertex -176.913 24 12.7
      vertex -176.913 24 9.5
    endloop
  endfacet
  facet normal -0.83205 -0.5547 0
    outer loop
      vertex -176.913 24 12.7
      vertex -176.768 23.7825 9.5
      vertex -176.768 23.7825 12.7
    endloop
  endfacet
  facet normal -0.83205 0.5547 0
    outer loop
      vertex -176.913 26 9.5
      vertex -176.768 26.2175 12.7
      vertex -176.768 26.2175 9.5
    endloop
  endfacet
  facet normal -0.83205 0.5547 0
    outer loop
      vertex -176.768 26.2175 12.7
      vertex -176.913 26 9.5
      vertex -176.913 26 12.7
    endloop
  endfacet
  facet normal 0.750895 0.660421 0
    outer loop
      vertex -173.594 26.2175 12.7
      vertex -173.767 26.4142 9.5
      vertex -173.767 26.4142 12.7
    endloop
  endfacet
  facet normal 0.750895 0.660421 0
    outer loop
      vertex -173.767 26.4142 9.5
      vertex -173.594 26.2175 12.7
      vertex -173.594 26.2175 9.5
    endloop
  endfacet
  facet normal -0.322315 -0.946632 0
    outer loop
      vertex -175.946 23.1522 9.5
      vertex -175.699 23.0681 12.7
      vertex -175.946 23.1522 12.7
    endloop
  endfacet
  facet normal -0.322315 -0.946632 -0
    outer loop
      vertex -175.699 23.0681 12.7
      vertex -175.946 23.1522 9.5
      vertex -175.699 23.0681 9.5
    endloop
  endfacet
  facet normal -0.442015 -0.897008 0
    outer loop
      vertex -176.181 23.268 9.5
      vertex -175.946 23.1522 12.7
      vertex -176.181 23.268 12.7
    endloop
  endfacet
  facet normal -0.442015 -0.897008 -0
    outer loop
      vertex -175.946 23.1522 12.7
      vertex -176.181 23.268 9.5
      vertex -175.946 23.1522 9.5
    endloop
  endfacet
  facet normal -0.750895 0.660421 0
    outer loop
      vertex -176.768 26.2175 9.5
      vertex -176.595 26.4142 12.7
      vertex -176.595 26.4142 9.5
    endloop
  endfacet
  facet normal -0.750895 0.660421 0
    outer loop
      vertex -176.595 26.4142 12.7
      vertex -176.768 26.2175 9.5
      vertex -176.768 26.2175 12.7
    endloop
  endfacet
  facet normal -0.0653771 -0.997861 0
    outer loop
      vertex -175.442 23.0171 9.5
      vertex -175.181 23 12.7
      vertex -175.442 23.0171 12.7
    endloop
  endfacet
  facet normal -0.0653771 -0.997861 -0
    outer loop
      vertex -175.181 23 12.7
      vertex -175.442 23.0171 9.5
      vertex -175.181 23 9.5
    endloop
  endfacet
  facet normal -0.658775 0.75234 0
    outer loop
      vertex -176.398 26.5867 9.5
      vertex -176.595 26.4142 12.7
      vertex -176.398 26.5867 12.7
    endloop
  endfacet
  facet normal -0.658775 0.75234 0
    outer loop
      vertex -176.595 26.4142 12.7
      vertex -176.398 26.5867 9.5
      vertex -176.595 26.4142 9.5
    endloop
  endfacet
  facet normal 0.997887 -0.0649716 0
    outer loop
      vertex -173.198 24.7389 12.7
      vertex -173.181 25 9.5
      vertex -173.181 25 12.7
    endloop
  endfacet
  facet normal 0.997887 -0.0649716 0
    outer loop
      vertex -173.181 25 9.5
      vertex -173.198 24.7389 12.7
      vertex -173.198 24.7389 9.5
    endloop
  endfacet
  facet normal 0.660671 -0.750676 0
    outer loop
      vertex -173.963 23.4133 9.5
      vertex -173.767 23.5858 12.7
      vertex -173.963 23.4133 12.7
    endloop
  endfacet
  facet normal 0.660671 -0.750676 0
    outer loop
      vertex -173.767 23.5858 12.7
      vertex -173.963 23.4133 9.5
      vertex -173.767 23.5858 9.5
    endloop
  endfacet
  facet normal 0.554612 0.832109 -0
    outer loop
      vertex -173.963 26.5867 9.5
      vertex -174.181 26.732 12.7
      vertex -173.963 26.5867 12.7
    endloop
  endfacet
  facet normal 0.554612 0.832109 0
    outer loop
      vertex -174.181 26.732 12.7
      vertex -173.963 26.5867 9.5
      vertex -174.181 26.732 9.5
    endloop
  endfacet
  facet normal -0.896405 0.443235 0
    outer loop
      vertex -177.029 25.7654 9.5
      vertex -176.913 26 12.7
      vertex -176.913 26 9.5
    endloop
  endfacet
  facet normal -0.896405 0.443235 0
    outer loop
      vertex -176.913 26 12.7
      vertex -177.029 25.7654 9.5
      vertex -177.029 25.7654 12.7
    endloop
  endfacet
  facet normal 0.0653771 -0.997861 0
    outer loop
      vertex -175.181 23 9.5
      vertex -174.92 23.0171 12.7
      vertex -175.181 23 12.7
    endloop
  endfacet
  facet normal 0.0653771 -0.997861 0
    outer loop
      vertex -174.92 23.0171 12.7
      vertex -175.181 23 9.5
      vertex -174.92 23.0171 9.5
    endloop
  endfacet
  facet normal -0.194648 -0.980873 0
    outer loop
      vertex -175.699 23.0681 9.5
      vertex -175.442 23.0171 12.7
      vertex -175.699 23.0681 12.7
    endloop
  endfacet
  facet normal -0.194648 -0.980873 -0
    outer loop
      vertex -175.442 23.0171 12.7
      vertex -175.699 23.0681 9.5
      vertex -175.442 23.0171 9.5
    endloop
  endfacet
  facet normal -0.442015 0.897008 0
    outer loop
      vertex -175.946 26.8478 9.5
      vertex -176.181 26.732 12.7
      vertex -175.946 26.8478 12.7
    endloop
  endfacet
  facet normal -0.442015 0.897008 0
    outer loop
      vertex -176.181 26.732 12.7
      vertex -175.946 26.8478 9.5
      vertex -176.181 26.732 9.5
    endloop
  endfacet
  facet normal -0.896405 -0.443235 0
    outer loop
      vertex -176.913 24 9.5
      vertex -177.029 24.2346 12.7
      vertex -177.029 24.2346 9.5
    endloop
  endfacet
  facet normal -0.896405 -0.443235 0
    outer loop
      vertex -177.029 24.2346 12.7
      vertex -176.913 24 9.5
      vertex -176.913 24 12.7
    endloop
  endfacet
  facet normal -0.980801 -0.195013 0
    outer loop
      vertex -177.113 24.4824 9.5
      vertex -177.164 24.7389 12.7
      vertex -177.164 24.7389 9.5
    endloop
  endfacet
  facet normal -0.980801 -0.195013 0
    outer loop
      vertex -177.164 24.7389 12.7
      vertex -177.113 24.4824 9.5
      vertex -177.113 24.4824 12.7
    endloop
  endfacet
  facet normal 0.980801 -0.195013 0
    outer loop
      vertex -173.249 24.4824 12.7
      vertex -173.198 24.7389 9.5
      vertex -173.198 24.7389 12.7
    endloop
  endfacet
  facet normal 0.980801 -0.195013 0
    outer loop
      vertex -173.198 24.7389 9.5
      vertex -173.249 24.4824 12.7
      vertex -173.249 24.4824 9.5
    endloop
  endfacet
  facet normal 0.194648 -0.980873 0
    outer loop
      vertex -174.92 23.0171 9.5
      vertex -174.663 23.0681 12.7
      vertex -174.92 23.0171 12.7
    endloop
  endfacet
  facet normal 0.194648 -0.980873 0
    outer loop
      vertex -174.663 23.0681 12.7
      vertex -174.92 23.0171 9.5
      vertex -174.663 23.0681 9.5
    endloop
  endfacet
  facet normal -0.194648 0.980873 0
    outer loop
      vertex -175.442 26.9829 9.5
      vertex -175.699 26.9319 12.7
      vertex -175.442 26.9829 12.7
    endloop
  endfacet
  facet normal -0.194648 0.980873 0
    outer loop
      vertex -175.699 26.9319 12.7
      vertex -175.442 26.9829 9.5
      vertex -175.699 26.9319 9.5
    endloop
  endfacet
  facet normal -0.947066 0.321039 0
    outer loop
      vertex -177.113 25.5176 9.5
      vertex -177.029 25.7654 12.7
      vertex -177.029 25.7654 9.5
    endloop
  endfacet
  facet normal -0.947066 0.321039 0
    outer loop
      vertex -177.029 25.7654 12.7
      vertex -177.113 25.5176 9.5
      vertex -177.113 25.5176 12.7
    endloop
  endfacet
  facet normal -0.750895 -0.660421 0
    outer loop
      vertex -176.595 23.5858 9.5
      vertex -176.768 23.7825 12.7
      vertex -176.768 23.7825 9.5
    endloop
  endfacet
  facet normal -0.750895 -0.660421 0
    outer loop
      vertex -176.768 23.7825 12.7
      vertex -176.595 23.5858 9.5
      vertex -176.595 23.5858 12.7
    endloop
  endfacet
  facet normal 0.83205 -0.5547 0
    outer loop
      vertex -173.594 23.7825 12.7
      vertex -173.449 24 9.5
      vertex -173.449 24 12.7
    endloop
  endfacet
  facet normal 0.83205 -0.5547 0
    outer loop
      vertex -173.449 24 9.5
      vertex -173.594 23.7825 12.7
      vertex -173.594 23.7825 9.5
    endloop
  endfacet
  facet normal 0.0653771 0.997861 -0
    outer loop
      vertex -174.92 26.9829 9.5
      vertex -175.181 27 12.7
      vertex -174.92 26.9829 12.7
    endloop
  endfacet
  facet normal 0.0653771 0.997861 0
    outer loop
      vertex -175.181 27 12.7
      vertex -174.92 26.9829 9.5
      vertex -175.181 27 9.5
    endloop
  endfacet
  facet normal 0.322315 -0.946632 0
    outer loop
      vertex -174.663 23.0681 9.5
      vertex -174.416 23.1522 12.7
      vertex -174.663 23.0681 12.7
    endloop
  endfacet
  facet normal 0.322315 -0.946632 0
    outer loop
      vertex -174.416 23.1522 12.7
      vertex -174.663 23.0681 9.5
      vertex -174.416 23.1522 9.5
    endloop
  endfacet
  facet normal 0.442015 0.897008 -0
    outer loop
      vertex -174.181 26.732 9.5
      vertex -174.416 26.8478 12.7
      vertex -174.181 26.732 12.7
    endloop
  endfacet
  facet normal 0.442015 0.897008 0
    outer loop
      vertex -174.416 26.8478 12.7
      vertex -174.181 26.732 9.5
      vertex -174.416 26.8478 9.5
    endloop
  endfacet
  facet normal 0.442015 -0.897008 0
    outer loop
      vertex -174.416 23.1522 9.5
      vertex -174.181 23.268 12.7
      vertex -174.416 23.1522 12.7
    endloop
  endfacet
  facet normal 0.442015 -0.897008 0
    outer loop
      vertex -174.181 23.268 12.7
      vertex -174.416 23.1522 9.5
      vertex -174.181 23.268 9.5
    endloop
  endfacet
  facet normal 0.896405 -0.443235 0
    outer loop
      vertex -173.449 24 12.7
      vertex -173.333 24.2346 9.5
      vertex -173.333 24.2346 12.7
    endloop
  endfacet
  facet normal 0.896405 -0.443235 0
    outer loop
      vertex -173.333 24.2346 9.5
      vertex -173.449 24 12.7
      vertex -173.449 24 9.5
    endloop
  endfacet
  facet normal 0.554612 -0.832109 0
    outer loop
      vertex -174.181 23.268 9.5
      vertex -173.963 23.4133 12.7
      vertex -174.181 23.268 12.7
    endloop
  endfacet
  facet normal 0.554612 -0.832109 0
    outer loop
      vertex -173.963 23.4133 12.7
      vertex -174.181 23.268 9.5
      vertex -173.963 23.4133 9.5
    endloop
  endfacet
  facet normal -0 0 1
    outer loop
      vertex -173.208 25.2558 12.7
      vertex -173.181 25 12.7
      vertex -173.198 25.2611 12.7
    endloop
  endfacet
  facet normal 0 0 1
    outer loop
      vertex -173.181 25 12.7
      vertex -173.208 25.2558 12.7
      vertex -173.191 25 12.7
    endloop
  endfacet
  facet normal 0 0 1
    outer loop
      vertex -173.198 25.2611 12.7
      vertex -173.208 25.2597 12.7
      vertex -173.208 25.2558 12.7
    endloop
  endfacet
  facet normal -0 0 1
    outer loop
      vertex -173.258 25.5112 12.7
      vertex -173.198 25.2611 12.7
      vertex -173.249 25.5176 12.7
    endloop
  endfacet
  facet normal 0 0 1
    outer loop
      vertex -173.198 25.2611 12.7
      vertex -173.258 25.5112 12.7
      vertex -173.208 25.2597 12.7
    endloop
  endfacet
  facet normal 0 0 1
    outer loop
      vertex -173.249 25.5176 12.7
      vertex -173.259 25.515 12.7
      vertex -173.258 25.5112 12.7
    endloop
  endfacet
  facet normal 0 0 1
    outer loop
      vertex -173.249 25.5176 12.7
      vertex -173.26 25.5188 12.7
      vertex -173.259 25.515 12.7
    endloop
  endfacet
  facet normal 0 0 1
    outer loop
      vertex -173.333 25.7654 12.7
      vertex -173.26 25.5188 12.7
      vertex -173.249 25.5176 12.7
    endloop
  endfacet
  facet normal 0 0 1
    outer loop
      vertex -173.333 25.7654 12.7
      vertex -173.342 25.7615 12.7
      vertex -173.26 25.5188 12.7
    endloop
  endfacet
  facet normal 0 0 1
    outer loop
      vertex -173.333 25.7654 12.7
      vertex -173.344 25.7651 12.7
      vertex -173.342 25.7615 12.7
    endloop
  endfacet
  facet normal 0 0 1
    outer loop
      vertex -173.449 26 12.7
      vertex -173.344 25.7651 12.7
      vertex -173.333 25.7654 12.7
    endloop
  endfacet
  facet normal 0 0 1
    outer loop
      vertex -173.449 26 12.7
      vertex -173.458 25.995 12.7
      vertex -173.344 25.7651 12.7
    endloop
  endfacet
  facet normal -0 0 1
    outer loop
      vertex -173.6 26.2082 12.7
      vertex -173.449 26 12.7
      vertex -173.594 26.2175 12.7
    endloop
  endfacet
  facet normal 0 0 1
    outer loop
      vertex -173.449 26 12.7
      vertex -173.6 26.2082 12.7
      vertex -173.458 25.995 12.7
    endloop
  endfacet
  facet normal 0 0 1
    outer loop
      vertex -173.594 26.2175 12.7
      vertex -173.602 26.2114 12.7
      vertex -173.6 26.2082 12.7
    endloop
  endfacet
  facet normal 0 0 1
    outer loop
      vertex -173.594 26.2175 12.7
      vertex -173.605 26.2144 12.7
      vertex -173.602 26.2114 12.7
    endloop
  endfacet
  facet normal 0 0 1
    outer loop
      vertex -173.767 26.4142 12.7
      vertex -173.605 26.2144 12.7
      vertex -173.594 26.2175 12.7
    endloop
  endfacet
  facet normal 0 0 1
    outer loop
      vertex -173.767 26.4142 12.7
      vertex -173.774 26.4071 12.7
      vertex -173.605 26.2144 12.7
    endloop
  endfacet
  facet normal -0 0 1
    outer loop
      vertex -173.967 26.5762 12.7
      vertex -173.767 26.4142 12.7
      vertex -173.963 26.5867 12.7
    endloop
  endfacet
  facet normal 0 0 1
    outer loop
      vertex -173.767 26.4142 12.7
      vertex -173.967 26.5762 12.7
      vertex -173.774 26.4071 12.7
    endloop
  endfacet
  facet normal 0 0 1
    outer loop
      vertex -173.963 26.5867 12.7
      vertex -173.969 26.5788 12.7
      vertex -173.967 26.5762 12.7
    endloop
  endfacet
  facet normal 0 0 1
    outer loop
      vertex -173.963 26.5867 12.7
      vertex -173.973 26.581 12.7
      vertex -173.969 26.5788 12.7
    endloop
  endfacet
  facet normal 0 0 1
    outer loop
      vertex -174.181 26.732 12.7
      vertex -173.973 26.581 12.7
      vertex -173.963 26.5867 12.7
    endloop
  endfacet
  facet normal 0 0 1
    outer loop
      vertex -174.181 26.732 12.7
      vertex -174.186 26.7234 12.7
      vertex -173.973 26.581 12.7
    endloop
  endfacet
  facet normal -0 0 1
    outer loop
      vertex -174.416 26.8368 12.7
      vertex -174.181 26.732 12.7
      vertex -174.416 26.8478 12.7
    endloop
  endfacet
  facet normal 0 0 1
    outer loop
      vertex -174.181 26.732 12.7
      vertex -174.416 26.8368 12.7
      vertex -174.186 26.7234 12.7
    endloop
  endfacet
  facet normal 0 0 1
    outer loop
      vertex -174.416 26.8478 12.7
      vertex -174.419 26.8385 12.7
      vertex -174.416 26.8368 12.7
    endloop
  endfacet
  facet normal 0 0 1
    outer loop
      vertex -174.416 26.8478 12.7
      vertex -174.662 26.9209 12.7
      vertex -174.419 26.8385 12.7
    endloop
  endfacet
  facet normal 0 0 1
    outer loop
      vertex -174.663 26.9319 12.7
      vertex -174.662 26.9209 12.7
      vertex -174.416 26.8478 12.7
    endloop
  endfacet
  facet normal 0 0 1
    outer loop
      vertex -174.663 26.9319 12.7
      vertex -174.666 26.9222 12.7
      vertex -174.662 26.9209 12.7
    endloop
  endfacet
  facet normal 0 0 1
    outer loop
      vertex -174.663 26.9319 12.7
      vertex -174.67 26.923 12.7
      vertex -174.666 26.9222 12.7
    endloop
  endfacet
  facet normal 0 0 1
    outer loop
      vertex -174.92 26.9829 12.7
      vertex -174.67 26.923 12.7
      vertex -174.663 26.9319 12.7
    endloop
  endfacet
  facet normal 0 0 1
    outer loop
      vertex -174.92 26.9829 12.7
      vertex -174.921 26.973 12.7
      vertex -174.67 26.923 12.7
    endloop
  endfacet
  facet normal 0 0 1
    outer loop
      vertex -174.92 26.9829 12.7
      vertex -174.925 26.9732 12.7
      vertex -174.921 26.973 12.7
    endloop
  endfacet
  facet normal 0 0 1
    outer loop
      vertex -175.181 27 12.7
      vertex -174.925 26.9732 12.7
      vertex -174.92 26.9829 12.7
    endloop
  endfacet
  facet normal 0 0 1
    outer loop
      vertex -175.181 27 12.7
      vertex -175.181 26.99 12.7
      vertex -174.925 26.9732 12.7
    endloop
  endfacet
  facet normal 0 0 1
    outer loop
      vertex -175.181 27 12.7
      vertex -175.437 26.9732 12.7
      vertex -175.181 26.99 12.7
    endloop
  endfacet
  facet normal -0 0 1
    outer loop
      vertex -175.442 26.9829 12.7
      vertex -175.437 26.9732 12.7
      vertex -175.181 27 12.7
    endloop
  endfacet
  facet normal 0 0 1
    outer loop
      vertex -175.437 26.9732 12.7
      vertex -175.442 26.9829 12.7
      vertex -175.441 26.973 12.7
    endloop
  endfacet
  facet normal 0 0 1
    outer loop
      vertex -175.442 26.9829 12.7
      vertex -175.692 26.923 12.7
      vertex -175.441 26.973 12.7
    endloop
  endfacet
  facet normal -0 0 1
    outer loop
      vertex -175.699 26.9319 12.7
      vertex -175.692 26.923 12.7
      vertex -175.442 26.9829 12.7
    endloop
  endfacet
  facet normal 0 0 1
    outer loop
      vertex -175.692 26.923 12.7
      vertex -175.699 26.9319 12.7
      vertex -175.696 26.9222 12.7
    endloop
  endfacet
  facet normal 0 0 1
    outer loop
      vertex -175.699 26.9319 12.7
      vertex -175.7 26.9209 12.7
      vertex -175.696 26.9222 12.7
    endloop
  endfacet
  facet normal 0 0 1
    outer loop
      vertex -175.946 26.8478 12.7
      vertex -175.7 26.9209 12.7
      vertex -175.699 26.9319 12.7
    endloop
  endfacet
  facet normal 0 0 1
    outer loop
      vertex -175.7 26.9209 12.7
      vertex -175.946 26.8478 12.7
      vertex -175.942 26.8385 12.7
    endloop
  endfacet
  facet normal 0 0 1
    outer loop
      vertex -175.946 26.8478 12.7
      vertex -175.946 26.8368 12.7
      vertex -175.942 26.8385 12.7
    endloop
  endfacet
  facet normal 0 0 1
    outer loop
      vertex -176.181 26.732 12.7
      vertex -175.946 26.8368 12.7
      vertex -175.946 26.8478 12.7
    endloop
  endfacet
  facet normal 0 0 1
    outer loop
      vertex -175.946 26.8368 12.7
      vertex -176.181 26.732 12.7
      vertex -176.176 26.7234 12.7
    endloop
  endfacet
  facet normal 0 0 1
    outer loop
      vertex -176.181 26.732 12.7
      vertex -176.389 26.581 12.7
      vertex -176.176 26.7234 12.7
    endloop
  endfacet
  facet normal -0 0 1
    outer loop
      vertex -176.398 26.5867 12.7
      vertex -176.389 26.581 12.7
      vertex -176.181 26.732 12.7
    endloop
  endfacet
  facet normal 0 0 1
    outer loop
      vertex -176.389 26.581 12.7
      vertex -176.398 26.5867 12.7
      vertex -176.392 26.5788 12.7
    endloop
  endfacet
  facet normal 0 0 1
    outer loop
      vertex -176.398 26.5867 12.7
      vertex -176.395 26.5762 12.7
      vertex -176.392 26.5788 12.7
    endloop
  endfacet
  facet normal 0 0 1
    outer loop
      vertex -176.595 26.4142 12.7
      vertex -176.395 26.5762 12.7
      vertex -176.398 26.5867 12.7
    endloop
  endfacet
  facet normal 0 0 1
    outer loop
      vertex -176.395 26.5762 12.7
      vertex -176.595 26.4142 12.7
      vertex -176.588 26.4071 12.7
    endloop
  endfacet
  facet normal 0 0 1
    outer loop
      vertex -176.595 26.4142 12.7
      vertex -176.757 26.2144 12.7
      vertex -176.588 26.4071 12.7
    endloop
  endfacet
  facet normal -0 0 1
    outer loop
      vertex -176.768 26.2175 12.7
      vertex -176.757 26.2144 12.7
      vertex -176.595 26.4142 12.7
    endloop
  endfacet
  facet normal 0 0 1
    outer loop
      vertex -176.757 26.2144 12.7
      vertex -176.768 26.2175 12.7
      vertex -176.76 26.2114 12.7
    endloop
  endfacet
  facet normal 0 0 1
    outer loop
      vertex -176.768 26.2175 12.7
      vertex -176.762 26.2082 12.7
      vertex -176.76 26.2114 12.7
    endloop
  endfacet
  facet normal 0 0 1
    outer loop
      vertex -176.913 26 12.7
      vertex -176.762 26.2082 12.7
      vertex -176.768 26.2175 12.7
    endloop
  endfacet
  facet normal 0 0 1
    outer loop
      vertex -176.762 26.2082 12.7
      vertex -176.913 26 12.7
      vertex -176.904 25.995 12.7
    endloop
  endfacet
  facet normal 0 0 1
    outer loop
      vertex -176.913 26 12.7
      vertex -177.018 25.7651 12.7
      vertex -176.904 25.995 12.7
    endloop
  endfacet
  facet normal -0 0 1
    outer loop
      vertex -177.029 25.7654 12.7
      vertex -177.018 25.7651 12.7
      vertex -176.913 26 12.7
    endloop
  endfacet
  facet normal 0 0 1
    outer loop
      vertex -177.018 25.7651 12.7
      vertex -177.029 25.7654 12.7
      vertex -177.019 25.7615 12.7
    endloop
  endfacet
  facet normal 0 0 1
    outer loop
      vertex -177.029 25.7654 12.7
      vertex -177.102 25.5188 12.7
      vertex -177.019 25.7615 12.7
    endloop
  endfacet
  facet normal 0 0 1
    outer loop
      vertex -177.113 25.5176 12.7
      vertex -177.102 25.5188 12.7
      vertex -177.029 25.7654 12.7
    endloop
  endfacet
  facet normal 0 0 1
    outer loop
      vertex -177.102 25.5188 12.7
      vertex -177.113 25.5176 12.7
      vertex -177.103 25.515 12.7
    endloop
  endfacet
  facet normal 0 0 1
    outer loop
      vertex -177.113 25.5176 12.7
      vertex -177.104 25.5112 12.7
      vertex -177.103 25.515 12.7
    endloop
  endfacet
  facet normal 0 0 1
    outer loop
      vertex -177.164 25.2611 12.7
      vertex -177.104 25.5112 12.7
      vertex -177.113 25.5176 12.7
    endloop
  endfacet
  facet normal 0 0 1
    outer loop
      vertex -177.104 25.5112 12.7
      vertex -177.164 25.2611 12.7
      vertex -177.154 25.2597 12.7
    endloop
  endfacet
  facet normal 0 0 1
    outer loop
      vertex -177.164 25.2611 12.7
      vertex -177.154 25.2558 12.7
      vertex -177.154 25.2597 12.7
    endloop
  endfacet
  facet normal 0 0 1
    outer loop
      vertex -177.181 25 12.7
      vertex -177.154 25.2558 12.7
      vertex -177.164 25.2611 12.7
    endloop
  endfacet
  facet normal 0 0 1
    outer loop
      vertex -177.154 25.2558 12.7
      vertex -177.181 25 12.7
      vertex -177.171 25 12.7
    endloop
  endfacet
  facet normal 0 0 1
    outer loop
      vertex -173.208 24.7442 12.7
      vertex -173.181 25 12.7
      vertex -173.191 25 12.7
    endloop
  endfacet
  facet normal 0 0 1
    outer loop
      vertex -173.181 25 12.7
      vertex -173.208 24.7442 12.7
      vertex -173.198 24.7389 12.7
    endloop
  endfacet
  facet normal -0 0 1
    outer loop
      vertex -173.208 24.7403 12.7
      vertex -173.198 24.7389 12.7
      vertex -173.208 24.7442 12.7
    endloop
  endfacet
  facet normal 0 0 1
    outer loop
      vertex -173.258 24.4888 12.7
      vertex -173.198 24.7389 12.7
      vertex -173.208 24.7403 12.7
    endloop
  endfacet
  facet normal 0 0 1
    outer loop
      vertex -173.198 24.7389 12.7
      vertex -173.258 24.4888 12.7
      vertex -173.249 24.4824 12.7
    endloop
  endfacet
  facet normal -0 0 1
    outer loop
      vertex -173.259 24.485 12.7
      vertex -173.249 24.4824 12.7
      vertex -173.258 24.4888 12.7
    endloop
  endfacet
  facet normal 0 0 1
    outer loop
      vertex -173.26 24.4812 12.7
      vertex -173.249 24.4824 12.7
      vertex -173.259 24.485 12.7
    endloop
  endfacet
  facet normal -0 0 1
    outer loop
      vertex -173.26 24.4812 12.7
      vertex -173.333 24.2346 12.7
      vertex -173.249 24.4824 12.7
    endloop
  endfacet
  facet normal -0 0 1
    outer loop
      vertex -173.342 24.2385 12.7
      vertex -173.333 24.2346 12.7
      vertex -173.26 24.4812 12.7
    endloop
  endfacet
  facet normal -0 0 1
    outer loop
      vertex -173.344 24.2349 12.7
      vertex -173.333 24.2346 12.7
      vertex -173.342 24.2385 12.7
    endloop
  endfacet
  facet normal 0 0 1
    outer loop
      vertex -173.344 24.2349 12.7
      vertex -173.449 24 12.7
      vertex -173.333 24.2346 12.7
    endloop
  endfacet
  facet normal -0 0 1
    outer loop
      vertex -173.458 24.005 12.7
      vertex -173.449 24 12.7
      vertex -173.344 24.2349 12.7
    endloop
  endfacet
  facet normal 0 0 1
    outer loop
      vertex -173.6 23.7918 12.7
      vertex -173.449 24 12.7
      vertex -173.458 24.005 12.7
    endloop
  endfacet
  facet normal 0 0 1
    outer loop
      vertex -173.449 24 12.7
      vertex -173.6 23.7918 12.7
      vertex -173.594 23.7825 12.7
    endloop
  endfacet
  facet normal -0 0 1
    outer loop
      vertex -173.602 23.7886 12.7
      vertex -173.594 23.7825 12.7
      vertex -173.6 23.7918 12.7
    endloop
  endfacet
  facet normal -0 0 1
    outer loop
      vertex -173.605 23.7856 12.7
      vertex -173.594 23.7825 12.7
      vertex -173.602 23.7886 12.7
    endloop
  endfacet
  facet normal 0 0 1
    outer loop
      vertex -173.605 23.7856 12.7
      vertex -173.767 23.5858 12.7
      vertex -173.594 23.7825 12.7
    endloop
  endfacet
  facet normal -0 0 1
    outer loop
      vertex -173.774 23.5929 12.7
      vertex -173.767 23.5858 12.7
      vertex -173.605 23.7856 12.7
    endloop
  endfacet
  facet normal 0 0 1
    outer loop
      vertex -173.967 23.4238 12.7
      vertex -173.767 23.5858 12.7
      vertex -173.774 23.5929 12.7
    endloop
  endfacet
  facet normal 0 0 1
    outer loop
      vertex -173.767 23.5858 12.7
      vertex -173.967 23.4238 12.7
      vertex -173.963 23.4133 12.7
    endloop
  endfacet
  facet normal -0 0 1
    outer loop
      vertex -173.969 23.4212 12.7
      vertex -173.963 23.4133 12.7
      vertex -173.967 23.4238 12.7
    endloop
  endfacet
  facet normal -0 0 1
    outer loop
      vertex -173.973 23.419 12.7
      vertex -173.963 23.4133 12.7
      vertex -173.969 23.4212 12.7
    endloop
  endfacet
  facet normal 0 0 1
    outer loop
      vertex -173.973 23.419 12.7
      vertex -174.181 23.268 12.7
      vertex -173.963 23.4133 12.7
    endloop
  endfacet
  facet normal -0 0 1
    outer loop
      vertex -174.186 23.2766 12.7
      vertex -174.181 23.268 12.7
      vertex -173.973 23.419 12.7
    endloop
  endfacet
  facet normal 0 0 1
    outer loop
      vertex -174.416 23.1632 12.7
      vertex -174.181 23.268 12.7
      vertex -174.186 23.2766 12.7
    endloop
  endfacet
  facet normal 0 0 1
    outer loop
      vertex -174.181 23.268 12.7
      vertex -174.416 23.1632 12.7
      vertex -174.416 23.1522 12.7
    endloop
  endfacet
  facet normal -0 0 1
    outer loop
      vertex -174.419 23.1615 12.7
      vertex -174.416 23.1522 12.7
      vertex -174.416 23.1632 12.7
    endloop
  endfacet
  facet normal 0 0 1
    outer loop
      vertex -174.662 23.0791 12.7
      vertex -174.416 23.1522 12.7
      vertex -174.419 23.1615 12.7
    endloop
  endfacet
  facet normal -0 0 1
    outer loop
      vertex -174.662 23.0791 12.7
      vertex -174.663 23.0681 12.7
      vertex -174.416 23.1522 12.7
    endloop
  endfacet
  facet normal -0 0 1
    outer loop
      vertex -174.666 23.0778 12.7
      vertex -174.663 23.0681 12.7
      vertex -174.662 23.0791 12.7
    endloop
  endfacet
  facet normal -0 0 1
    outer loop
      vertex -174.67 23.077 12.7
      vertex -174.663 23.0681 12.7
      vertex -174.666 23.0778 12.7
    endloop
  endfacet
  facet normal 0 0 1
    outer loop
      vertex -174.67 23.077 12.7
      vertex -174.92 23.0171 12.7
      vertex -174.663 23.0681 12.7
    endloop
  endfacet
  facet normal -0 0 1
    outer loop
      vertex -174.921 23.027 12.7
      vertex -174.92 23.0171 12.7
      vertex -174.67 23.077 12.7
    endloop
  endfacet
  facet normal -0 0 1
    outer loop
      vertex -174.925 23.0268 12.7
      vertex -174.92 23.0171 12.7
      vertex -174.921 23.027 12.7
    endloop
  endfacet
  facet normal 0 0 1
    outer loop
      vertex -175.181 23 12.7
      vertex -174.925 23.0268 12.7
      vertex -175.181 23.01 12.7
    endloop
  endfacet
  facet normal 0 0 1
    outer loop
      vertex -174.925 23.0268 12.7
      vertex -175.181 23 12.7
      vertex -174.92 23.0171 12.7
    endloop
  endfacet
  facet normal 0 0 1
    outer loop
      vertex -175.437 23.0268 12.7
      vertex -175.181 23 12.7
      vertex -175.181 23.01 12.7
    endloop
  endfacet
  facet normal 0 0 1
    outer loop
      vertex -175.442 23.0171 12.7
      vertex -175.437 23.0268 12.7
      vertex -175.441 23.027 12.7
    endloop
  endfacet
  facet normal 0 0 1
    outer loop
      vertex -175.437 23.0268 12.7
      vertex -175.442 23.0171 12.7
      vertex -175.181 23 12.7
    endloop
  endfacet
  facet normal 0 0 1
    outer loop
      vertex -175.692 23.077 12.7
      vertex -175.442 23.0171 12.7
      vertex -175.441 23.027 12.7
    endloop
  endfacet
  facet normal 0 0 1
    outer loop
      vertex -175.699 23.0681 12.7
      vertex -175.692 23.077 12.7
      vertex -175.696 23.0778 12.7
    endloop
  endfacet
  facet normal 0 0 1
    outer loop
      vertex -175.692 23.077 12.7
      vertex -175.699 23.0681 12.7
      vertex -175.442 23.0171 12.7
    endloop
  endfacet
  facet normal 0 0 1
    outer loop
      vertex -175.7 23.0791 12.7
      vertex -175.699 23.0681 12.7
      vertex -175.696 23.0778 12.7
    endloop
  endfacet
  facet normal -0 0 1
    outer loop
      vertex -175.946 23.1522 12.7
      vertex -175.7 23.0791 12.7
      vertex -175.942 23.1615 12.7
    endloop
  endfacet
  facet normal 0 0 1
    outer loop
      vertex -175.7 23.0791 12.7
      vertex -175.946 23.1522 12.7
      vertex -175.699 23.0681 12.7
    endloop
  endfacet
  facet normal 0 0 1
    outer loop
      vertex -175.946 23.1632 12.7
      vertex -175.946 23.1522 12.7
      vertex -175.942 23.1615 12.7
    endloop
  endfacet
  facet normal -0 0 1
    outer loop
      vertex -176.181 23.268 12.7
      vertex -175.946 23.1632 12.7
      vertex -176.176 23.2766 12.7
    endloop
  endfacet
  facet normal 0 0 1
    outer loop
      vertex -175.946 23.1632 12.7
      vertex -176.181 23.268 12.7
      vertex -175.946 23.1522 12.7
    endloop
  endfacet
  facet normal 0 0 1
    outer loop
      vertex -176.389 23.419 12.7
      vertex -176.181 23.268 12.7
      vertex -176.176 23.2766 12.7
    endloop
  endfacet
  facet normal 0 0 1
    outer loop
      vertex -176.398 23.4133 12.7
      vertex -176.389 23.419 12.7
      vertex -176.392 23.4212 12.7
    endloop
  endfacet
  facet normal 0 0 1
    outer loop
      vertex -176.389 23.419 12.7
      vertex -176.398 23.4133 12.7
      vertex -176.181 23.268 12.7
    endloop
  endfacet
  facet normal 0 0 1
    outer loop
      vertex -176.395 23.4238 12.7
      vertex -176.398 23.4133 12.7
      vertex -176.392 23.4212 12.7
    endloop
  endfacet
  facet normal -0 0 1
    outer loop
      vertex -176.595 23.5858 12.7
      vertex -176.395 23.4238 12.7
      vertex -176.588 23.5929 12.7
    endloop
  endfacet
  facet normal 0 0 1
    outer loop
      vertex -176.395 23.4238 12.7
      vertex -176.595 23.5858 12.7
      vertex -176.398 23.4133 12.7
    endloop
  endfacet
  facet normal 0 0 1
    outer loop
      vertex -176.757 23.7856 12.7
      vertex -176.595 23.5858 12.7
      vertex -176.588 23.5929 12.7
    endloop
  endfacet
  facet normal 0 0 1
    outer loop
      vertex -176.768 23.7825 12.7
      vertex -176.757 23.7856 12.7
      vertex -176.76 23.7886 12.7
    endloop
  endfacet
  facet normal 0 0 1
    outer loop
      vertex -176.757 23.7856 12.7
      vertex -176.768 23.7825 12.7
      vertex -176.595 23.5858 12.7
    endloop
  endfacet
  facet normal 0 0 1
    outer loop
      vertex -176.762 23.7918 12.7
      vertex -176.768 23.7825 12.7
      vertex -176.76 23.7886 12.7
    endloop
  endfacet
  facet normal -0 0 1
    outer loop
      vertex -176.913 24 12.7
      vertex -176.762 23.7918 12.7
      vertex -176.904 24.005 12.7
    endloop
  endfacet
  facet normal 0 0 1
    outer loop
      vertex -176.762 23.7918 12.7
      vertex -176.913 24 12.7
      vertex -176.768 23.7825 12.7
    endloop
  endfacet
  facet normal 0 0 1
    outer loop
      vertex -177.018 24.2349 12.7
      vertex -176.913 24 12.7
      vertex -176.904 24.005 12.7
    endloop
  endfacet
  facet normal 0 0 1
    outer loop
      vertex -177.029 24.2346 12.7
      vertex -177.018 24.2349 12.7
      vertex -177.019 24.2385 12.7
    endloop
  endfacet
  facet normal 0 0 1
    outer loop
      vertex -177.018 24.2349 12.7
      vertex -177.029 24.2346 12.7
      vertex -176.913 24 12.7
    endloop
  endfacet
  facet normal 0 0 1
    outer loop
      vertex -177.102 24.4812 12.7
      vertex -177.029 24.2346 12.7
      vertex -177.019 24.2385 12.7
    endloop
  endfacet
  facet normal -0 0 1
    outer loop
      vertex -177.113 24.4824 12.7
      vertex -177.102 24.4812 12.7
      vertex -177.103 24.485 12.7
    endloop
  endfacet
  facet normal 0 0 1
    outer loop
      vertex -177.102 24.4812 12.7
      vertex -177.113 24.4824 12.7
      vertex -177.029 24.2346 12.7
    endloop
  endfacet
  facet normal 0 0 1
    outer loop
      vertex -177.104 24.4888 12.7
      vertex -177.113 24.4824 12.7
      vertex -177.103 24.485 12.7
    endloop
  endfacet
  facet normal -0 0 1
    outer loop
      vertex -177.164 24.7389 12.7
      vertex -177.104 24.4888 12.7
      vertex -177.154 24.7403 12.7
    endloop
  endfacet
  facet normal 0 0 1
    outer loop
      vertex -177.104 24.4888 12.7
      vertex -177.164 24.7389 12.7
      vertex -177.113 24.4824 12.7
    endloop
  endfacet
  facet normal 0 0 1
    outer loop
      vertex -177.154 24.7442 12.7
      vertex -177.164 24.7389 12.7
      vertex -177.154 24.7403 12.7
    endloop
  endfacet
  facet normal -0 0 1
    outer loop
      vertex -177.181 25 12.7
      vertex -177.154 24.7442 12.7
      vertex -177.171 25 12.7
    endloop
  endfacet
  facet normal 0 0 1
    outer loop
      vertex -177.154 24.7442 12.7
      vertex -177.181 25 12.7
      vertex -177.164 24.7389 12.7
    endloop
  endfacet
  facet normal -0.706327 0.0469412 0.706327
    outer loop
      vertex -177.171 25 12.7
      vertex -176.681 25 13.19
      vertex -177.154 25.2558 12.7
    endloop
  endfacet
  facet normal -0.634547 0.313668 0.706373
    outer loop
      vertex -177.018 25.7651 12.7
      vertex -176.567 25.574 13.19
      vertex -176.48 25.75 13.19
    endloop
  endfacet
  facet normal -0.684311 0.190086 0.703979
    outer loop
      vertex -176.567 25.574 13.19
      vertex -177.018 25.7651 12.7
      vertex -177.019 25.7615 12.7
    endloop
  endfacet
  facet normal 0.532417 0.466936 0.706047
    outer loop
      vertex -174.12 26.0607 13.19
      vertex -173.605 26.2144 12.7
      vertex -173.774 26.4071 12.7
    endloop
  endfacet
  facet normal 0.670463 -0.226526 0.706517
    outer loop
      vertex -173.795 24.426 13.19
      vertex -173.342 24.2385 12.7
      vertex -173.26 24.4812 12.7
    endloop
  endfacet
  facet normal -0.313094 -0.634845 0.706359
    outer loop
      vertex -175.946 23.1632 12.7
      vertex -175.755 23.6142 13.19
      vertex -175.931 23.701 13.19
    endloop
  endfacet
  facet normal -0.276641 -0.65092 0.706946
    outer loop
      vertex -175.755 23.6142 13.19
      vertex -175.946 23.1632 12.7
      vertex -175.942 23.1615 12.7
    endloop
  endfacet
  facet normal -0.466671 0.532629 0.706063
    outer loop
      vertex -176.588 26.4071 12.7
      vertex -176.242 26.0607 13.19
      vertex -176.395 26.5762 12.7
    endloop
  endfacet
  facet normal -0.634547 -0.313668 0.706373
    outer loop
      vertex -176.567 24.426 13.19
      vertex -177.018 24.2349 12.7
      vertex -176.48 24.25 13.19
    endloop
  endfacet
  facet normal -0.684311 -0.190086 0.703979
    outer loop
      vertex -177.018 24.2349 12.7
      vertex -176.567 24.426 13.19
      vertex -177.019 24.2385 12.7
    endloop
  endfacet
  facet normal -0.589297 -0.392496 0.70617
    outer loop
      vertex -176.904 24.005 12.7
      vertex -176.762 23.7918 12.7
      vertex -176.48 24.25 13.19
    endloop
  endfacet
  facet normal 0.670463 0.226526 0.706517
    outer loop
      vertex -173.795 25.574 13.19
      vertex -173.26 25.5188 12.7
      vertex -173.342 25.7615 12.7
    endloop
  endfacet
  facet normal -0.393462 -0.588388 0.70639
    outer loop
      vertex -176.094 23.81 13.19
      vertex -176.389 23.419 12.7
      vertex -175.931 23.701 13.19
    endloop
  endfacet
  facet normal -0.418261 -0.570356 0.706931
    outer loop
      vertex -176.389 23.419 12.7
      vertex -176.094 23.81 13.19
      vertex -176.392 23.4212 12.7
    endloop
  endfacet
  facet normal -0.465759 -0.53312 0.706294
    outer loop
      vertex -176.395 23.4238 12.7
      vertex -176.094 23.81 13.19
      vertex -176.242 23.9393 13.19
    endloop
  endfacet
  facet normal -0.463588 -0.534909 0.706371
    outer loop
      vertex -176.094 23.81 13.19
      vertex -176.395 23.4238 12.7
      vertex -176.392 23.4212 12.7
    endloop
  endfacet
  facet normal -0.463588 0.534909 0.706371
    outer loop
      vertex -176.395 26.5762 12.7
      vertex -176.094 26.19 13.19
      vertex -176.392 26.5788 12.7
    endloop
  endfacet
  facet normal -0.465759 0.53312 0.706294
    outer loop
      vertex -176.094 26.19 13.19
      vertex -176.395 26.5762 12.7
      vertex -176.242 26.0607 13.19
    endloop
  endfacet
  facet normal 0.589297 -0.392496 0.70617
    outer loop
      vertex -173.882 24.25 13.19
      vertex -173.6 23.7918 12.7
      vertex -173.458 24.005 12.7
    endloop
  endfacet
  facet normal -0.228193 0.670179 0.706249
    outer loop
      vertex -175.942 26.8385 12.7
      vertex -175.755 26.3858 13.19
      vertex -175.7 26.9209 12.7
    endloop
  endfacet
  facet normal -0.313015 -0.634864 0.706378
    outer loop
      vertex -176.176 23.2766 12.7
      vertex -175.946 23.1632 12.7
      vertex -175.931 23.701 13.19
    endloop
  endfacet
  facet normal -0.634337 -0.314548 0.70617
    outer loop
      vertex -177.018 24.2349 12.7
      vertex -176.904 24.005 12.7
      vertex -176.48 24.25 13.19
    endloop
  endfacet
  facet normal 0 0 1
    outer loop
      vertex -173.694 25.1958 13.19
      vertex -173.694 24.8042 13.19
      vertex -173.681 25 13.19
    endloop
  endfacet
  facet normal 0 0 1
    outer loop
      vertex -173.732 25.3882 13.19
      vertex -173.694 24.8042 13.19
      vertex -173.694 25.1958 13.19
    endloop
  endfacet
  facet normal 0 0 1
    outer loop
      vertex -173.732 25.3882 13.19
      vertex -173.732 24.6118 13.19
      vertex -173.694 24.8042 13.19
    endloop
  endfacet
  facet normal 0 0 1
    outer loop
      vertex -173.795 25.574 13.19
      vertex -173.732 24.6118 13.19
      vertex -173.732 25.3882 13.19
    endloop
  endfacet
  facet normal 0 0 1
    outer loop
      vertex -173.795 25.574 13.19
      vertex -173.795 24.426 13.19
      vertex -173.732 24.6118 13.19
    endloop
  endfacet
  facet normal 0 0 1
    outer loop
      vertex -173.882 25.75 13.19
      vertex -173.795 24.426 13.19
      vertex -173.795 25.574 13.19
    endloop
  endfacet
  facet normal 0 0 1
    outer loop
      vertex -173.882 25.75 13.19
      vertex -173.882 24.25 13.19
      vertex -173.795 24.426 13.19
    endloop
  endfacet
  facet normal 0 0 1
    outer loop
      vertex -173.991 25.9131 13.19
      vertex -173.882 24.25 13.19
      vertex -173.882 25.75 13.19
    endloop
  endfacet
  facet normal 0 0 1
    outer loop
      vertex -173.991 25.9131 13.19
      vertex -173.991 24.0869 13.19
      vertex -173.882 24.25 13.19
    endloop
  endfacet
  facet normal 0 0 1
    outer loop
      vertex -174.12 26.0607 13.19
      vertex -173.991 24.0869 13.19
      vertex -173.991 25.9131 13.19
    endloop
  endfacet
  facet normal 0 0 1
    outer loop
      vertex -174.12 26.0607 13.19
      vertex -174.12 23.9393 13.19
      vertex -173.991 24.0869 13.19
    endloop
  endfacet
  facet normal 0 0 1
    outer loop
      vertex -174.268 26.19 13.19
      vertex -174.12 23.9393 13.19
      vertex -174.12 26.0607 13.19
    endloop
  endfacet
  facet normal 0 0 1
    outer loop
      vertex -174.268 26.19 13.19
      vertex -174.268 23.81 13.19
      vertex -174.12 23.9393 13.19
    endloop
  endfacet
  facet normal 0 0 1
    outer loop
      vertex -174.431 26.299 13.19
      vertex -174.268 23.81 13.19
      vertex -174.268 26.19 13.19
    endloop
  endfacet
  facet normal 0 0 1
    outer loop
      vertex -174.431 26.299 13.19
      vertex -174.431 23.701 13.19
      vertex -174.268 23.81 13.19
    endloop
  endfacet
  facet normal 0 0 1
    outer loop
      vertex -174.607 26.3858 13.19
      vertex -174.431 23.701 13.19
      vertex -174.431 26.299 13.19
    endloop
  endfacet
  facet normal 0 0 1
    outer loop
      vertex -174.607 26.3858 13.19
      vertex -174.607 23.6142 13.19
      vertex -174.431 23.701 13.19
    endloop
  endfacet
  facet normal 0 0 1
    outer loop
      vertex -174.793 26.4489 13.19
      vertex -174.607 23.6142 13.19
      vertex -174.607 26.3858 13.19
    endloop
  endfacet
  facet normal 0 0 1
    outer loop
      vertex -174.793 26.4489 13.19
      vertex -174.793 23.5511 13.19
      vertex -174.607 23.6142 13.19
    endloop
  endfacet
  facet normal 0 0 1
    outer loop
      vertex -174.985 26.4872 13.19
      vertex -174.793 23.5511 13.19
      vertex -174.793 26.4489 13.19
    endloop
  endfacet
  facet normal 0 0 1
    outer loop
      vertex -174.985 26.4872 13.19
      vertex -174.985 23.5128 13.19
      vertex -174.793 23.5511 13.19
    endloop
  endfacet
  facet normal 0 0 1
    outer loop
      vertex -175.181 26.5 13.19
      vertex -174.985 23.5128 13.19
      vertex -174.985 26.4872 13.19
    endloop
  endfacet
  facet normal 0 0 1
    outer loop
      vertex -175.181 26.5 13.19
      vertex -175.181 23.5 13.19
      vertex -174.985 23.5128 13.19
    endloop
  endfacet
  facet normal -0 0 1
    outer loop
      vertex -175.377 26.4872 13.19
      vertex -175.181 23.5 13.19
      vertex -175.181 26.5 13.19
    endloop
  endfacet
  facet normal 0 0 1
    outer loop
      vertex -175.377 26.4872 13.19
      vertex -175.377 23.5128 13.19
      vertex -175.181 23.5 13.19
    endloop
  endfacet
  facet normal -0 0 1
    outer loop
      vertex -175.569 26.4489 13.19
      vertex -175.377 23.5128 13.19
      vertex -175.377 26.4872 13.19
    endloop
  endfacet
  facet normal 0 0 1
    outer loop
      vertex -175.569 26.4489 13.19
      vertex -175.569 23.5511 13.19
      vertex -175.377 23.5128 13.19
    endloop
  endfacet
  facet normal -0 0 1
    outer loop
      vertex -175.755 26.3858 13.19
      vertex -175.569 23.5511 13.19
      vertex -175.569 26.4489 13.19
    endloop
  endfacet
  facet normal 0 0 1
    outer loop
      vertex -175.755 26.3858 13.19
      vertex -175.755 23.6142 13.19
      vertex -175.569 23.5511 13.19
    endloop
  endfacet
  facet normal -0 0 1
    outer loop
      vertex -175.931 26.299 13.19
      vertex -175.755 23.6142 13.19
      vertex -175.755 26.3858 13.19
    endloop
  endfacet
  facet normal 0 0 1
    outer loop
      vertex -175.931 26.299 13.19
      vertex -175.931 23.701 13.19
      vertex -175.755 23.6142 13.19
    endloop
  endfacet
  facet normal -0 0 1
    outer loop
      vertex -176.094 26.19 13.19
      vertex -175.931 23.701 13.19
      vertex -175.931 26.299 13.19
    endloop
  endfacet
  facet normal 0 0 1
    outer loop
      vertex -176.094 26.19 13.19
      vertex -176.094 23.81 13.19
      vertex -175.931 23.701 13.19
    endloop
  endfacet
  facet normal -0 0 1
    outer loop
      vertex -176.242 26.0607 13.19
      vertex -176.094 23.81 13.19
      vertex -176.094 26.19 13.19
    endloop
  endfacet
  facet normal 0 0 1
    outer loop
      vertex -176.242 26.0607 13.19
      vertex -176.242 23.9393 13.19
      vertex -176.094 23.81 13.19
    endloop
  endfacet
  facet normal -0 0 1
    outer loop
      vertex -176.371 25.9131 13.19
      vertex -176.242 23.9393 13.19
      vertex -176.242 26.0607 13.19
    endloop
  endfacet
  facet normal 0 0 1
    outer loop
      vertex -176.371 25.9131 13.19
      vertex -176.371 24.0869 13.19
      vertex -176.242 23.9393 13.19
    endloop
  endfacet
  facet normal -0 0 1
    outer loop
      vertex -176.48 25.75 13.19
      vertex -176.371 24.0869 13.19
      vertex -176.371 25.9131 13.19
    endloop
  endfacet
  facet normal 0 0 1
    outer loop
      vertex -176.48 25.75 13.19
      vertex -176.48 24.25 13.19
      vertex -176.371 24.0869 13.19
    endloop
  endfacet
  facet normal -0 0 1
    outer loop
      vertex -176.567 25.574 13.19
      vertex -176.48 24.25 13.19
      vertex -176.48 25.75 13.19
    endloop
  endfacet
  facet normal 0 0 1
    outer loop
      vertex -176.567 25.574 13.19
      vertex -176.567 24.426 13.19
      vertex -176.48 24.25 13.19
    endloop
  endfacet
  facet normal -0 0 1
    outer loop
      vertex -176.63 25.3882 13.19
      vertex -176.567 24.426 13.19
      vertex -176.567 25.574 13.19
    endloop
  endfacet
  facet normal 0 0 1
    outer loop
      vertex -176.63 25.3882 13.19
      vertex -176.63 24.6118 13.19
      vertex -176.567 24.426 13.19
    endloop
  endfacet
  facet normal -0 0 1
    outer loop
      vertex -176.668 25.1958 13.19
      vertex -176.63 24.6118 13.19
      vertex -176.63 25.3882 13.19
    endloop
  endfacet
  facet normal 0 0 1
    outer loop
      vertex -176.668 25.1958 13.19
      vertex -176.668 24.8042 13.19
      vertex -176.63 24.6118 13.19
    endloop
  endfacet
  facet normal 0 -0 1
    outer loop
      vertex -176.668 24.8042 13.19
      vertex -176.668 25.1958 13.19
      vertex -176.681 25 13.19
    endloop
  endfacet
  facet normal -0.589297 0.392496 0.70617
    outer loop
      vertex -176.904 25.995 12.7
      vertex -176.48 25.75 13.19
      vertex -176.762 26.2082 12.7
    endloop
  endfacet
  facet normal -0.694149 0.138002 0.706479
    outer loop
      vertex -177.154 25.2597 12.7
      vertex -176.668 25.1958 13.19
      vertex -177.104 25.5112 12.7
    endloop
  endfacet
  facet normal 0.138293 0.69423 0.706342
    outer loop
      vertex -174.985 26.4872 13.19
      vertex -174.67 26.923 12.7
      vertex -174.921 26.973 12.7
    endloop
  endfacet
  facet normal 0.706327 0.0469412 0.706327
    outer loop
      vertex -173.681 25 13.19
      vertex -173.191 25 12.7
      vertex -173.208 25.2558 12.7
    endloop
  endfacet
  facet normal -0.533008 0.465841 0.706325
    outer loop
      vertex -176.757 26.2144 12.7
      vertex -176.371 25.9131 13.19
      vertex -176.242 26.0607 13.19
    endloop
  endfacet
  facet normal -0.502048 0.502048 0.704199
    outer loop
      vertex -176.371 25.9131 13.19
      vertex -176.757 26.2144 12.7
      vertex -176.76 26.2114 12.7
    endloop
  endfacet
  facet normal 0.589297 0.392496 0.70617
    outer loop
      vertex -173.882 25.75 13.19
      vertex -173.458 25.995 12.7
      vertex -173.6 26.2082 12.7
    endloop
  endfacet
  facet normal 0.684037 0.18001 0.706887
    outer loop
      vertex -173.732 25.3882 13.19
      vertex -173.258 25.5112 12.7
      vertex -173.259 25.515 12.7
    endloop
  endfacet
  facet normal 0.694521 0.137171 0.706275
    outer loop
      vertex -173.258 25.5112 12.7
      vertex -173.732 25.3882 13.19
      vertex -173.694 25.1958 13.19
    endloop
  endfacet
  facet normal 0.313094 -0.634845 0.706359
    outer loop
      vertex -174.607 23.6142 13.19
      vertex -174.416 23.1632 12.7
      vertex -174.431 23.701 13.19
    endloop
  endfacet
  facet normal 0.349844 -0.617371 0.704601
    outer loop
      vertex -174.416 23.1632 12.7
      vertex -174.607 23.6142 13.19
      vertex -174.419 23.1615 12.7
    endloop
  endfacet
  facet normal -0.138469 0.694151 0.706385
    outer loop
      vertex -175.692 26.923 12.7
      vertex -175.569 26.4489 13.19
      vertex -175.377 26.4872 13.19
    endloop
  endfacet
  facet normal -0.138814 0.694072 0.706395
    outer loop
      vertex -175.569 26.4489 13.19
      vertex -175.692 26.923 12.7
      vertex -175.696 26.9222 12.7
    endloop
  endfacet
  facet normal -0.588471 -0.393276 0.706425
    outer loop
      vertex -176.762 23.7918 12.7
      vertex -176.371 24.0869 13.19
      vertex -176.48 24.25 13.19
    endloop
  endfacet
  facet normal -0.600869 -0.375543 0.705638
    outer loop
      vertex -176.371 24.0869 13.19
      vertex -176.762 23.7918 12.7
      vertex -176.76 23.7886 12.7
    endloop
  endfacet
  facet normal 0.684037 0.18001 0.706887
    outer loop
      vertex -173.26 25.5188 12.7
      vertex -173.732 25.3882 13.19
      vertex -173.259 25.515 12.7
    endloop
  endfacet
  facet normal 0.670382 0.227309 0.706341
    outer loop
      vertex -173.732 25.3882 13.19
      vertex -173.26 25.5188 12.7
      vertex -173.795 25.574 13.19
    endloop
  endfacet
  facet normal 0.694149 -0.138002 0.706479
    outer loop
      vertex -173.694 24.8042 13.19
      vertex -173.258 24.4888 12.7
      vertex -173.208 24.7403 12.7
    endloop
  endfacet
  facet normal 0.342593 0.622896 0.7033
    outer loop
      vertex -173.973 26.581 12.7
      vertex -174.268 26.19 13.19
      vertex -173.969 26.5788 12.7
    endloop
  endfacet
  facet normal 0.393462 0.588388 0.70639
    outer loop
      vertex -174.268 26.19 13.19
      vertex -173.973 26.581 12.7
      vertex -174.431 26.299 13.19
    endloop
  endfacet
  facet normal 0.532417 -0.466936 0.706047
    outer loop
      vertex -174.12 23.9393 13.19
      vertex -173.774 23.5929 12.7
      vertex -173.605 23.7856 12.7
    endloop
  endfacet
  facet normal -0.532417 0.466936 0.706047
    outer loop
      vertex -176.757 26.2144 12.7
      vertex -176.242 26.0607 13.19
      vertex -176.588 26.4071 12.7
    endloop
  endfacet
  facet normal 0.393405 0.588449 0.706371
    outer loop
      vertex -174.431 26.299 13.19
      vertex -173.973 26.581 12.7
      vertex -174.186 26.7234 12.7
    endloop
  endfacet
  facet normal -0.313015 0.634864 0.706378
    outer loop
      vertex -176.176 26.7234 12.7
      vertex -175.931 26.299 13.19
      vertex -175.946 26.8368 12.7
    endloop
  endfacet
  facet normal -0.670382 0.227309 0.706341
    outer loop
      vertex -177.102 25.5188 12.7
      vertex -176.63 25.3882 13.19
      vertex -176.567 25.574 13.19
    endloop
  endfacet
  facet normal -0.684037 0.18001 0.706887
    outer loop
      vertex -176.63 25.3882 13.19
      vertex -177.102 25.5188 12.7
      vertex -177.103 25.515 12.7
    endloop
  endfacet
  facet normal 0.466671 0.532629 0.706063
    outer loop
      vertex -174.12 26.0607 13.19
      vertex -173.774 26.4071 12.7
      vertex -173.967 26.5762 12.7
    endloop
  endfacet
  facet normal 0.706327 -0.0469412 0.706327
    outer loop
      vertex -173.681 25 13.19
      vertex -173.208 24.7442 12.7
      vertex -173.191 25 12.7
    endloop
  endfacet
  facet normal 0.227286 0.670272 0.706453
    outer loop
      vertex -174.662 26.9209 12.7
      vertex -174.607 26.3858 13.19
      vertex -174.419 26.8385 12.7
    endloop
  endfacet
  facet normal -0.706327 -0.0469412 0.706327
    outer loop
      vertex -177.171 25 12.7
      vertex -177.154 24.7442 12.7
      vertex -176.681 25 13.19
    endloop
  endfacet
  facet normal 0.694149 0.138002 0.706479
    outer loop
      vertex -173.694 25.1958 13.19
      vertex -173.208 25.2597 12.7
      vertex -173.258 25.5112 12.7
    endloop
  endfacet
  facet normal -0.634337 0.314548 0.70617
    outer loop
      vertex -177.018 25.7651 12.7
      vertex -176.48 25.75 13.19
      vertex -176.904 25.995 12.7
    endloop
  endfacet
  facet normal 0.138814 -0.694072 0.706395
    outer loop
      vertex -174.793 23.5511 13.19
      vertex -174.67 23.077 12.7
      vertex -174.666 23.0778 12.7
    endloop
  endfacet
  facet normal 0.138469 -0.694151 0.706385
    outer loop
      vertex -174.67 23.077 12.7
      vertex -174.793 23.5511 13.19
      vertex -174.985 23.5128 13.19
    endloop
  endfacet
  facet normal 0.466671 -0.532629 0.706063
    outer loop
      vertex -174.12 23.9393 13.19
      vertex -173.967 23.4238 12.7
      vertex -173.774 23.5929 12.7
    endloop
  endfacet
  facet normal -0.138469 -0.694151 0.706385
    outer loop
      vertex -175.569 23.5511 13.19
      vertex -175.692 23.077 12.7
      vertex -175.377 23.5128 13.19
    endloop
  endfacet
  facet normal -0.138814 -0.694072 0.706395
    outer loop
      vertex -175.692 23.077 12.7
      vertex -175.569 23.5511 13.19
      vertex -175.696 23.0778 12.7
    endloop
  endfacet
  facet normal -0.228193 -0.670179 0.706249
    outer loop
      vertex -175.942 23.1615 12.7
      vertex -175.7 23.0791 12.7
      vertex -175.755 23.6142 13.19
    endloop
  endfacet
  facet normal -0.393405 -0.588449 0.706371
    outer loop
      vertex -176.389 23.419 12.7
      vertex -176.176 23.2766 12.7
      vertex -175.931 23.701 13.19
    endloop
  endfacet
  facet normal 0.046354 0.706347 0.706347
    outer loop
      vertex -175.181 26.5 13.19
      vertex -174.925 26.9732 12.7
      vertex -175.181 26.99 12.7
    endloop
  endfacet
  facet normal -0.046354 0.706347 0.706347
    outer loop
      vertex -175.437 26.9732 12.7
      vertex -175.181 26.5 13.19
      vertex -175.181 26.99 12.7
    endloop
  endfacet
  facet normal -0.670188 -0.229195 0.705916
    outer loop
      vertex -177.102 24.4812 12.7
      vertex -177.019 24.2385 12.7
      vertex -176.567 24.426 13.19
    endloop
  endfacet
  facet normal 0.619985 -0.344436 0.70497
    outer loop
      vertex -173.795 24.426 13.19
      vertex -173.344 24.2349 12.7
      vertex -173.342 24.2385 12.7
    endloop
  endfacet
  facet normal 0.634547 -0.313668 0.706373
    outer loop
      vertex -173.344 24.2349 12.7
      vertex -173.795 24.426 13.19
      vertex -173.882 24.25 13.19
    endloop
  endfacet
  facet normal 0.138814 0.694072 0.706395
    outer loop
      vertex -174.67 26.923 12.7
      vertex -174.793 26.4489 13.19
      vertex -174.666 26.9222 12.7
    endloop
  endfacet
  facet normal 0.138469 0.694151 0.706385
    outer loop
      vertex -174.793 26.4489 13.19
      vertex -174.67 26.923 12.7
      vertex -174.985 26.4872 13.19
    endloop
  endfacet
  facet normal -0.670382 -0.227309 0.706341
    outer loop
      vertex -176.63 24.6118 13.19
      vertex -177.102 24.4812 12.7
      vertex -176.567 24.426 13.19
    endloop
  endfacet
  facet normal -0.684037 -0.18001 0.706887
    outer loop
      vertex -177.102 24.4812 12.7
      vertex -176.63 24.6118 13.19
      vertex -177.103 24.485 12.7
    endloop
  endfacet
  facet normal -0.218696 0.672909 0.706658
    outer loop
      vertex -175.7 26.9209 12.7
      vertex -175.569 26.4489 13.19
      vertex -175.696 26.9222 12.7
    endloop
  endfacet
  facet normal -0.227385 0.670262 0.706431
    outer loop
      vertex -175.569 26.4489 13.19
      vertex -175.7 26.9209 12.7
      vertex -175.755 26.3858 13.19
    endloop
  endfacet
  facet normal -0.466671 -0.532629 0.706063
    outer loop
      vertex -176.588 23.5929 12.7
      vertex -176.395 23.4238 12.7
      vertex -176.242 23.9393 13.19
    endloop
  endfacet
  facet normal 0.634337 0.314548 0.70617
    outer loop
      vertex -173.882 25.75 13.19
      vertex -173.344 25.7651 12.7
      vertex -173.458 25.995 12.7
    endloop
  endfacet
  facet normal 0.0353693 0.707386 0.705942
    outer loop
      vertex -174.925 26.9732 12.7
      vertex -174.985 26.4872 13.19
      vertex -174.921 26.973 12.7
    endloop
  endfacet
  facet normal 0.0461331 0.706413 0.706295
    outer loop
      vertex -174.985 26.4872 13.19
      vertex -174.925 26.9732 12.7
      vertex -175.181 26.5 13.19
    endloop
  endfacet
  facet normal 0.218696 0.672909 0.706658
    outer loop
      vertex -174.793 26.4489 13.19
      vertex -174.662 26.9209 12.7
      vertex -174.666 26.9222 12.7
    endloop
  endfacet
  facet normal 0.227385 0.670262 0.706431
    outer loop
      vertex -174.662 26.9209 12.7
      vertex -174.793 26.4489 13.19
      vertex -174.607 26.3858 13.19
    endloop
  endfacet
  facet normal -0.0461331 0.706413 0.706295
    outer loop
      vertex -175.437 26.9732 12.7
      vertex -175.377 26.4872 13.19
      vertex -175.181 26.5 13.19
    endloop
  endfacet
  facet normal -0.0353693 0.707386 0.705942
    outer loop
      vertex -175.377 26.4872 13.19
      vertex -175.437 26.9732 12.7
      vertex -175.441 26.973 12.7
    endloop
  endfacet
  facet normal 0.619985 0.344436 0.70497
    outer loop
      vertex -173.344 25.7651 12.7
      vertex -173.795 25.574 13.19
      vertex -173.342 25.7615 12.7
    endloop
  endfacet
  facet normal 0.634547 0.313668 0.706373
    outer loop
      vertex -173.795 25.574 13.19
      vertex -173.344 25.7651 12.7
      vertex -173.882 25.75 13.19
    endloop
  endfacet
  facet normal -0.0353693 -0.707386 0.705942
    outer loop
      vertex -175.437 23.0268 12.7
      vertex -175.377 23.5128 13.19
      vertex -175.441 23.027 12.7
    endloop
  endfacet
  facet normal -0.0461331 -0.706413 0.706295
    outer loop
      vertex -175.377 23.5128 13.19
      vertex -175.437 23.0268 12.7
      vertex -175.181 23.5 13.19
    endloop
  endfacet
  facet normal 0.0461331 -0.706413 0.706295
    outer loop
      vertex -174.925 23.0268 12.7
      vertex -174.985 23.5128 13.19
      vertex -175.181 23.5 13.19
    endloop
  endfacet
  facet normal 0.0353693 -0.707386 0.705942
    outer loop
      vertex -174.985 23.5128 13.19
      vertex -174.925 23.0268 12.7
      vertex -174.921 23.027 12.7
    endloop
  endfacet
  facet normal 0.342593 -0.622896 0.7033
    outer loop
      vertex -174.268 23.81 13.19
      vertex -173.973 23.419 12.7
      vertex -173.969 23.4212 12.7
    endloop
  endfacet
  facet normal 0.393462 -0.588388 0.70639
    outer loop
      vertex -173.973 23.419 12.7
      vertex -174.268 23.81 13.19
      vertex -174.431 23.701 13.19
    endloop
  endfacet
  facet normal 0.313015 -0.634864 0.706378
    outer loop
      vertex -174.431 23.701 13.19
      vertex -174.416 23.1632 12.7
      vertex -174.186 23.2766 12.7
    endloop
  endfacet
  facet normal 0.502048 -0.502048 0.704199
    outer loop
      vertex -173.991 24.0869 13.19
      vertex -173.605 23.7856 12.7
      vertex -173.602 23.7886 12.7
    endloop
  endfacet
  facet normal 0.533008 -0.465841 0.706325
    outer loop
      vertex -173.605 23.7856 12.7
      vertex -173.991 24.0869 13.19
      vertex -174.12 23.9393 13.19
    endloop
  endfacet
  facet normal 0.349844 0.617371 0.704601
    outer loop
      vertex -174.607 26.3858 13.19
      vertex -174.416 26.8368 12.7
      vertex -174.419 26.8385 12.7
    endloop
  endfacet
  facet normal 0.313094 0.634845 0.706359
    outer loop
      vertex -174.416 26.8368 12.7
      vertex -174.607 26.3858 13.19
      vertex -174.431 26.299 13.19
    endloop
  endfacet
  facet normal -0.393405 0.588449 0.706371
    outer loop
      vertex -176.389 26.581 12.7
      vertex -175.931 26.299 13.19
      vertex -176.176 26.7234 12.7
    endloop
  endfacet
  facet normal -0.600869 0.375543 0.705638
    outer loop
      vertex -176.762 26.2082 12.7
      vertex -176.371 25.9131 13.19
      vertex -176.76 26.2114 12.7
    endloop
  endfacet
  facet normal -0.588471 0.393276 0.706425
    outer loop
      vertex -176.371 25.9131 13.19
      vertex -176.762 26.2082 12.7
      vertex -176.48 25.75 13.19
    endloop
  endfacet
  facet normal -0.393462 0.588388 0.70639
    outer loop
      vertex -176.389 26.581 12.7
      vertex -176.094 26.19 13.19
      vertex -175.931 26.299 13.19
    endloop
  endfacet
  facet normal -0.418261 0.570356 0.706931
    outer loop
      vertex -176.094 26.19 13.19
      vertex -176.389 26.581 12.7
      vertex -176.392 26.5788 12.7
    endloop
  endfacet
  facet normal -0.684037 0.18001 0.706887
    outer loop
      vertex -177.104 25.5112 12.7
      vertex -176.63 25.3882 13.19
      vertex -177.103 25.515 12.7
    endloop
  endfacet
  facet normal -0.694521 0.137171 0.706275
    outer loop
      vertex -176.63 25.3882 13.19
      vertex -177.104 25.5112 12.7
      vertex -176.668 25.1958 13.19
    endloop
  endfacet
  facet normal -0.670188 0.229195 0.705916
    outer loop
      vertex -177.102 25.5188 12.7
      vertex -176.567 25.574 13.19
      vertex -177.019 25.7615 12.7
    endloop
  endfacet
  facet normal 0.046354 -0.706347 0.706347
    outer loop
      vertex -175.181 23.01 12.7
      vertex -174.925 23.0268 12.7
      vertex -175.181 23.5 13.19
    endloop
  endfacet
  facet normal -0.276641 0.65092 0.706946
    outer loop
      vertex -175.946 26.8368 12.7
      vertex -175.755 26.3858 13.19
      vertex -175.942 26.8385 12.7
    endloop
  endfacet
  facet normal -0.313094 0.634845 0.706359
    outer loop
      vertex -175.755 26.3858 13.19
      vertex -175.946 26.8368 12.7
      vertex -175.931 26.299 13.19
    endloop
  endfacet
  facet normal -0.532417 -0.466936 0.706047
    outer loop
      vertex -176.757 23.7856 12.7
      vertex -176.588 23.5929 12.7
      vertex -176.242 23.9393 13.19
    endloop
  endfacet
  facet normal -0.694149 -0.138002 0.706479
    outer loop
      vertex -177.154 24.7403 12.7
      vertex -177.104 24.4888 12.7
      vertex -176.668 24.8042 13.19
    endloop
  endfacet
  facet normal -0.706341 -0.046897 0.706317
    outer loop
      vertex -177.154 24.7442 12.7
      vertex -176.668 24.8042 13.19
      vertex -176.681 25 13.19
    endloop
  endfacet
  facet normal -0.709999 0 0.704203
    outer loop
      vertex -176.668 24.8042 13.19
      vertex -177.154 24.7442 12.7
      vertex -177.154 24.7403 12.7
    endloop
  endfacet
  facet normal -0.138293 0.69423 0.706342
    outer loop
      vertex -175.692 26.923 12.7
      vertex -175.377 26.4872 13.19
      vertex -175.441 26.973 12.7
    endloop
  endfacet
  facet normal 0.588471 -0.393276 0.706425
    outer loop
      vertex -173.991 24.0869 13.19
      vertex -173.6 23.7918 12.7
      vertex -173.882 24.25 13.19
    endloop
  endfacet
  facet normal 0.600869 -0.375543 0.705638
    outer loop
      vertex -173.6 23.7918 12.7
      vertex -173.991 24.0869 13.19
      vertex -173.602 23.7886 12.7
    endloop
  endfacet
  facet normal 0.634337 -0.314548 0.70617
    outer loop
      vertex -173.882 24.25 13.19
      vertex -173.458 24.005 12.7
      vertex -173.344 24.2349 12.7
    endloop
  endfacet
  facet normal 0.569665 0.438204 0.695313
    outer loop
      vertex -174.268 26.19 13.19
      vertex -173.967 26.5762 12.7
      vertex -173.969 26.5788 12.7
    endloop
  endfacet
  facet normal 0.465759 0.53312 0.706294
    outer loop
      vertex -173.967 26.5762 12.7
      vertex -174.268 26.19 13.19
      vertex -174.12 26.0607 13.19
    endloop
  endfacet
  facet normal 0.684037 -0.18001 0.706887
    outer loop
      vertex -173.732 24.6118 13.19
      vertex -173.26 24.4812 12.7
      vertex -173.259 24.485 12.7
    endloop
  endfacet
  facet normal 0.670382 -0.227309 0.706341
    outer loop
      vertex -173.26 24.4812 12.7
      vertex -173.732 24.6118 13.19
      vertex -173.795 24.426 13.19
    endloop
  endfacet
  facet normal 0.709999 0 0.704203
    outer loop
      vertex -173.694 25.1958 13.19
      vertex -173.208 25.2558 12.7
      vertex -173.208 25.2597 12.7
    endloop
  endfacet
  facet normal 0.706341 0.046897 0.706317
    outer loop
      vertex -173.208 25.2558 12.7
      vertex -173.694 25.1958 13.19
      vertex -173.681 25 13.19
    endloop
  endfacet
  facet normal 0.502048 0.502048 0.704199
    outer loop
      vertex -173.605 26.2144 12.7
      vertex -173.991 25.9131 13.19
      vertex -173.602 26.2114 12.7
    endloop
  endfacet
  facet normal 0.533008 0.465841 0.706325
    outer loop
      vertex -173.991 25.9131 13.19
      vertex -173.605 26.2144 12.7
      vertex -174.12 26.0607 13.19
    endloop
  endfacet
  facet normal 0.600869 0.375543 0.705638
    outer loop
      vertex -173.991 25.9131 13.19
      vertex -173.6 26.2082 12.7
      vertex -173.602 26.2114 12.7
    endloop
  endfacet
  facet normal 0.588471 0.393276 0.706425
    outer loop
      vertex -173.6 26.2082 12.7
      vertex -173.991 25.9131 13.19
      vertex -173.882 25.75 13.19
    endloop
  endfacet
  facet normal -0.046354 -0.706347 0.706347
    outer loop
      vertex -175.437 23.0268 12.7
      vertex -175.181 23.01 12.7
      vertex -175.181 23.5 13.19
    endloop
  endfacet
  facet normal 0.393405 -0.588449 0.706371
    outer loop
      vertex -174.431 23.701 13.19
      vertex -174.186 23.2766 12.7
      vertex -173.973 23.419 12.7
    endloop
  endfacet
  facet normal 0.138293 -0.69423 0.706342
    outer loop
      vertex -174.985 23.5128 13.19
      vertex -174.921 23.027 12.7
      vertex -174.67 23.077 12.7
    endloop
  endfacet
  facet normal -0.533008 -0.465841 0.706325
    outer loop
      vertex -176.371 24.0869 13.19
      vertex -176.757 23.7856 12.7
      vertex -176.242 23.9393 13.19
    endloop
  endfacet
  facet normal -0.502048 -0.502048 0.704199
    outer loop
      vertex -176.757 23.7856 12.7
      vertex -176.371 24.0869 13.19
      vertex -176.76 23.7886 12.7
    endloop
  endfacet
  facet normal 0.694521 -0.137171 0.706275
    outer loop
      vertex -173.732 24.6118 13.19
      vertex -173.258 24.4888 12.7
      vertex -173.694 24.8042 13.19
    endloop
  endfacet
  facet normal 0.684037 -0.18001 0.706887
    outer loop
      vertex -173.258 24.4888 12.7
      vertex -173.732 24.6118 13.19
      vertex -173.259 24.485 12.7
    endloop
  endfacet
  facet normal -0.138293 -0.69423 0.706342
    outer loop
      vertex -175.692 23.077 12.7
      vertex -175.441 23.027 12.7
      vertex -175.377 23.5128 13.19
    endloop
  endfacet
  facet normal -0.218696 -0.672909 0.706658
    outer loop
      vertex -175.569 23.5511 13.19
      vertex -175.7 23.0791 12.7
      vertex -175.696 23.0778 12.7
    endloop
  endfacet
  facet normal -0.227385 -0.670262 0.706431
    outer loop
      vertex -175.7 23.0791 12.7
      vertex -175.569 23.5511 13.19
      vertex -175.755 23.6142 13.19
    endloop
  endfacet
  facet normal -0.709999 0 0.704203
    outer loop
      vertex -177.154 25.2558 12.7
      vertex -176.668 25.1958 13.19
      vertex -177.154 25.2597 12.7
    endloop
  endfacet
  facet normal -0.706341 0.046897 0.706317
    outer loop
      vertex -176.668 25.1958 13.19
      vertex -177.154 25.2558 12.7
      vertex -176.681 25 13.19
    endloop
  endfacet
  facet normal -0.694521 -0.137171 0.706275
    outer loop
      vertex -177.104 24.4888 12.7
      vertex -176.63 24.6118 13.19
      vertex -176.668 24.8042 13.19
    endloop
  endfacet
  facet normal -0.684037 -0.18001 0.706887
    outer loop
      vertex -176.63 24.6118 13.19
      vertex -177.104 24.4888 12.7
      vertex -177.103 24.485 12.7
    endloop
  endfacet
  facet normal 0.313015 0.634864 0.706378
    outer loop
      vertex -174.431 26.299 13.19
      vertex -174.186 26.7234 12.7
      vertex -174.416 26.8368 12.7
    endloop
  endfacet
  facet normal 0.706341 -0.046897 0.706317
    outer loop
      vertex -173.694 24.8042 13.19
      vertex -173.208 24.7442 12.7
      vertex -173.681 25 13.19
    endloop
  endfacet
  facet normal 0.709999 0 0.704203
    outer loop
      vertex -173.208 24.7442 12.7
      vertex -173.694 24.8042 13.19
      vertex -173.208 24.7403 12.7
    endloop
  endfacet
  facet normal 0.465759 -0.53312 0.706294
    outer loop
      vertex -174.268 23.81 13.19
      vertex -173.967 23.4238 12.7
      vertex -174.12 23.9393 13.19
    endloop
  endfacet
  facet normal 0.569665 -0.438204 0.695313
    outer loop
      vertex -173.967 23.4238 12.7
      vertex -174.268 23.81 13.19
      vertex -173.969 23.4212 12.7
    endloop
  endfacet
  facet normal 0.227385 -0.670262 0.706431
    outer loop
      vertex -174.793 23.5511 13.19
      vertex -174.662 23.0791 12.7
      vertex -174.607 23.6142 13.19
    endloop
  endfacet
  facet normal 0.218696 -0.672909 0.706658
    outer loop
      vertex -174.662 23.0791 12.7
      vertex -174.793 23.5511 13.19
      vertex -174.666 23.0778 12.7
    endloop
  endfacet
  facet normal 0.227286 -0.670272 0.706453
    outer loop
      vertex -174.662 23.0791 12.7
      vertex -174.419 23.1615 12.7
      vertex -174.607 23.6142 13.19
    endloop
  endfacet
  facet normal -0.980801 0.195013 0
    outer loop
      vertex -197.164 25.2611 9.5
      vertex -197.113 25.5176 12.7
      vertex -197.113 25.5176 9.5
    endloop
  endfacet
  facet normal -0.980801 0.195013 0
    outer loop
      vertex -197.113 25.5176 12.7
      vertex -197.164 25.2611 9.5
      vertex -197.164 25.2611 12.7
    endloop
  endfacet
  facet normal -0.997887 0.0649716 0
    outer loop
      vertex -197.181 25 9.5
      vertex -197.164 25.2611 12.7
      vertex -197.164 25.2611 9.5
    endloop
  endfacet
  facet normal -0.997887 0.0649716 0
    outer loop
      vertex -197.164 25.2611 12.7
      vertex -197.181 25 9.5
      vertex -197.181 25 12.7
    endloop
  endfacet
  facet normal -0.0653771 0.997861 0
    outer loop
      vertex -195.181 27 9.5
      vertex -195.442 26.9829 12.7
      vertex -195.181 27 12.7
    endloop
  endfacet
  facet normal -0.0653771 0.997861 0
    outer loop
      vertex -195.442 26.9829 12.7
      vertex -195.181 27 9.5
      vertex -195.442 26.9829 9.5
    endloop
  endfacet
  facet normal 0.194648 0.980873 -0
    outer loop
      vertex -194.663 26.9319 9.5
      vertex -194.92 26.9829 12.7
      vertex -194.663 26.9319 12.7
    endloop
  endfacet
  facet normal 0.194648 0.980873 0
    outer loop
      vertex -194.92 26.9829 12.7
      vertex -194.663 26.9319 9.5
      vertex -194.92 26.9829 9.5
    endloop
  endfacet
  facet normal -0.556378 -0.830929 0
    outer loop
      vertex -196.398 23.4133 9.5
      vertex -196.181 23.268 12.7
      vertex -196.398 23.4133 12.7
    endloop
  endfacet
  facet normal -0.556378 -0.830929 -0
    outer loop
      vertex -196.181 23.268 12.7
      vertex -196.398 23.4133 9.5
      vertex -196.181 23.268 9.5
    endloop
  endfacet
  facet normal 0.896405 0.443235 0
    outer loop
      vertex -193.333 25.7654 12.7
      vertex -193.449 26 9.5
      vertex -193.449 26 12.7
    endloop
  endfacet
  facet normal 0.896405 0.443235 0
    outer loop
      vertex -193.449 26 9.5
      vertex -193.333 25.7654 12.7
      vertex -193.333 25.7654 9.5
    endloop
  endfacet
  facet normal 0.947066 0.321039 0
    outer loop
      vertex -193.249 25.5176 12.7
      vertex -193.333 25.7654 9.5
      vertex -193.333 25.7654 12.7
    endloop
  endfacet
  facet normal 0.947066 0.321039 0
    outer loop
      vertex -193.333 25.7654 9.5
      vertex -193.249 25.5176 12.7
      vertex -193.249 25.5176 9.5
    endloop
  endfacet
  facet normal 0.322315 0.946632 -0
    outer loop
      vertex -194.416 26.8478 9.5
      vertex -194.663 26.9319 12.7
      vertex -194.416 26.8478 12.7
    endloop
  endfacet
  facet normal 0.322315 0.946632 0
    outer loop
      vertex -194.663 26.9319 12.7
      vertex -194.416 26.8478 9.5
      vertex -194.663 26.9319 9.5
    endloop
  endfacet
  facet normal -0.997887 -0.0649716 0
    outer loop
      vertex -197.164 24.7389 9.5
      vertex -197.181 25 12.7
      vertex -197.181 25 9.5
    endloop
  endfacet
  facet normal -0.997887 -0.0649716 0
    outer loop
      vertex -197.181 25 12.7
      vertex -197.164 24.7389 9.5
      vertex -197.164 24.7389 12.7
    endloop
  endfacet
  facet normal 0.947066 -0.321039 0
    outer loop
      vertex -193.333 24.2346 12.7
      vertex -193.249 24.4824 9.5
      vertex -193.249 24.4824 12.7
    endloop
  endfacet
  facet normal 0.947066 -0.321039 0
    outer loop
      vertex -193.249 24.4824 9.5
      vertex -193.333 24.2346 12.7
      vertex -193.333 24.2346 9.5
    endloop
  endfacet
  facet normal 0.83205 0.5547 0
    outer loop
      vertex -193.449 26 12.7
      vertex -193.594 26.2175 9.5
      vertex -193.594 26.2175 12.7
    endloop
  endfacet
  facet normal 0.83205 0.5547 0
    outer loop
      vertex -193.594 26.2175 9.5
      vertex -193.449 26 12.7
      vertex -193.449 26 9.5
    endloop
  endfacet
  facet normal 0.980801 0.195013 0
    outer loop
      vertex -193.198 25.2611 12.7
      vertex -193.249 25.5176 9.5
      vertex -193.249 25.5176 12.7
    endloop
  endfacet
  facet normal 0.980801 0.195013 0
    outer loop
      vertex -193.249 25.5176 9.5
      vertex -193.198 25.2611 12.7
      vertex -193.198 25.2611 9.5
    endloop
  endfacet
  facet normal -0.947066 -0.321039 0
    outer loop
      vertex -197.029 24.2346 9.5
      vertex -197.113 24.4824 12.7
      vertex -197.113 24.4824 9.5
    endloop
  endfacet
  facet normal -0.947066 -0.321039 0
    outer loop
      vertex -197.113 24.4824 12.7
      vertex -197.029 24.2346 9.5
      vertex -197.029 24.2346 12.7
    endloop
  endfacet
  facet normal -0.658775 -0.75234 0
    outer loop
      vertex -196.595 23.5858 9.5
      vertex -196.398 23.4133 12.7
      vertex -196.595 23.5858 12.7
    endloop
  endfacet
  facet normal -0.658775 -0.75234 -0
    outer loop
      vertex -196.398 23.4133 12.7
      vertex -196.595 23.5858 9.5
      vertex -196.398 23.4133 9.5
    endloop
  endfacet
  facet normal -0.322315 0.946632 0
    outer loop
      vertex -195.699 26.9319 9.5
      vertex -195.946 26.8478 12.7
      vertex -195.699 26.9319 12.7
    endloop
  endfacet
  facet normal -0.322315 0.946632 0
    outer loop
      vertex -195.946 26.8478 12.7
      vertex -195.699 26.9319 9.5
      vertex -195.946 26.8478 9.5
    endloop
  endfacet
  facet normal 0.750895 -0.660421 0
    outer loop
      vertex -193.767 23.5858 12.7
      vertex -193.594 23.7825 9.5
      vertex -193.594 23.7825 12.7
    endloop
  endfacet
  facet normal 0.750895 -0.660421 0
    outer loop
      vertex -193.594 23.7825 9.5
      vertex -193.767 23.5858 12.7
      vertex -193.767 23.5858 9.5
    endloop
  endfacet
  facet normal 0.660671 0.750676 -0
    outer loop
      vertex -193.767 26.4142 9.5
      vertex -193.963 26.5867 12.7
      vertex -193.767 26.4142 12.7
    endloop
  endfacet
  facet normal 0.660671 0.750676 0
    outer loop
      vertex -193.963 26.5867 12.7
      vertex -193.767 26.4142 9.5
      vertex -193.963 26.5867 9.5
    endloop
  endfacet
  facet normal 0.997887 0.0649716 0
    outer loop
      vertex -193.181 25 12.7
      vertex -193.198 25.2611 9.5
      vertex -193.198 25.2611 12.7
    endloop
  endfacet
  facet normal 0.997887 0.0649716 0
    outer loop
      vertex -193.198 25.2611 9.5
      vertex -193.181 25 12.7
      vertex -193.181 25 9.5
    endloop
  endfacet
  facet normal -0.556378 0.830929 0
    outer loop
      vertex -196.181 26.732 9.5
      vertex -196.398 26.5867 12.7
      vertex -196.181 26.732 12.7
    endloop
  endfacet
  facet normal -0.556378 0.830929 0
    outer loop
      vertex -196.398 26.5867 12.7
      vertex -196.181 26.732 9.5
      vertex -196.398 26.5867 9.5
    endloop
  endfacet
  facet normal -0.83205 -0.5547 0
    outer loop
      vertex -196.768 23.7825 9.5
      vertex -196.913 24 12.7
      vertex -196.913 24 9.5
    endloop
  endfacet
  facet normal -0.83205 -0.5547 0
    outer loop
      vertex -196.913 24 12.7
      vertex -196.768 23.7825 9.5
      vertex -196.768 23.7825 12.7
    endloop
  endfacet
  facet normal -0.83205 0.5547 0
    outer loop
      vertex -196.913 26 9.5
      vertex -196.768 26.2175 12.7
      vertex -196.768 26.2175 9.5
    endloop
  endfacet
  facet normal -0.83205 0.5547 0
    outer loop
      vertex -196.768 26.2175 12.7
      vertex -196.913 26 9.5
      vertex -196.913 26 12.7
    endloop
  endfacet
  facet normal 0.750895 0.660421 0
    outer loop
      vertex -193.594 26.2175 12.7
      vertex -193.767 26.4142 9.5
      vertex -193.767 26.4142 12.7
    endloop
  endfacet
  facet normal 0.750895 0.660421 0
    outer loop
      vertex -193.767 26.4142 9.5
      vertex -193.594 26.2175 12.7
      vertex -193.594 26.2175 9.5
    endloop
  endfacet
  facet normal -0.322315 -0.946632 0
    outer loop
      vertex -195.946 23.1522 9.5
      vertex -195.699 23.0681 12.7
      vertex -195.946 23.1522 12.7
    endloop
  endfacet
  facet normal -0.322315 -0.946632 -0
    outer loop
      vertex -195.699 23.0681 12.7
      vertex -195.946 23.1522 9.5
      vertex -195.699 23.0681 9.5
    endloop
  endfacet
  facet normal -0.442015 -0.897008 0
    outer loop
      vertex -196.181 23.268 9.5
      vertex -195.946 23.1522 12.7
      vertex -196.181 23.268 12.7
    endloop
  endfacet
  facet normal -0.442015 -0.897008 -0
    outer loop
      vertex -195.946 23.1522 12.7
      vertex -196.181 23.268 9.5
      vertex -195.946 23.1522 9.5
    endloop
  endfacet
  facet normal -0.750895 0.660421 0
    outer loop
      vertex -196.768 26.2175 9.5
      vertex -196.595 26.4142 12.7
      vertex -196.595 26.4142 9.5
    endloop
  endfacet
  facet normal -0.750895 0.660421 0
    outer loop
      vertex -196.595 26.4142 12.7
      vertex -196.768 26.2175 9.5
      vertex -196.768 26.2175 12.7
    endloop
  endfacet
  facet normal -0.0653771 -0.997861 0
    outer loop
      vertex -195.442 23.0171 9.5
      vertex -195.181 23 12.7
      vertex -195.442 23.0171 12.7
    endloop
  endfacet
  facet normal -0.0653771 -0.997861 -0
    outer loop
      vertex -195.181 23 12.7
      vertex -195.442 23.0171 9.5
      vertex -195.181 23 9.5
    endloop
  endfacet
  facet normal -0.658775 0.75234 0
    outer loop
      vertex -196.398 26.5867 9.5
      vertex -196.595 26.4142 12.7
      vertex -196.398 26.5867 12.7
    endloop
  endfacet
  facet normal -0.658775 0.75234 0
    outer loop
      vertex -196.595 26.4142 12.7
      vertex -196.398 26.5867 9.5
      vertex -196.595 26.4142 9.5
    endloop
  endfacet
  facet normal 0.997887 -0.0649716 0
    outer loop
      vertex -193.198 24.7389 12.7
      vertex -193.181 25 9.5
      vertex -193.181 25 12.7
    endloop
  endfacet
  facet normal 0.997887 -0.0649716 0
    outer loop
      vertex -193.181 25 9.5
      vertex -193.198 24.7389 12.7
      vertex -193.198 24.7389 9.5
    endloop
  endfacet
  facet normal 0.660671 -0.750676 0
    outer loop
      vertex -193.963 23.4133 9.5
      vertex -193.767 23.5858 12.7
      vertex -193.963 23.4133 12.7
    endloop
  endfacet
  facet normal 0.660671 -0.750676 0
    outer loop
      vertex -193.767 23.5858 12.7
      vertex -193.963 23.4133 9.5
      vertex -193.767 23.5858 9.5
    endloop
  endfacet
  facet normal 0.554612 0.832109 -0
    outer loop
      vertex -193.963 26.5867 9.5
      vertex -194.181 26.732 12.7
      vertex -193.963 26.5867 12.7
    endloop
  endfacet
  facet normal 0.554612 0.832109 0
    outer loop
      vertex -194.181 26.732 12.7
      vertex -193.963 26.5867 9.5
      vertex -194.181 26.732 9.5
    endloop
  endfacet
  facet normal -0.896405 0.443235 0
    outer loop
      vertex -197.029 25.7654 9.5
      vertex -196.913 26 12.7
      vertex -196.913 26 9.5
    endloop
  endfacet
  facet normal -0.896405 0.443235 0
    outer loop
      vertex -196.913 26 12.7
      vertex -197.029 25.7654 9.5
      vertex -197.029 25.7654 12.7
    endloop
  endfacet
  facet normal 0.0653771 -0.997861 0
    outer loop
      vertex -195.181 23 9.5
      vertex -194.92 23.0171 12.7
      vertex -195.181 23 12.7
    endloop
  endfacet
  facet normal 0.0653771 -0.997861 0
    outer loop
      vertex -194.92 23.0171 12.7
      vertex -195.181 23 9.5
      vertex -194.92 23.0171 9.5
    endloop
  endfacet
  facet normal -0.194648 -0.980873 0
    outer loop
      vertex -195.699 23.0681 9.5
      vertex -195.442 23.0171 12.7
      vertex -195.699 23.0681 12.7
    endloop
  endfacet
  facet normal -0.194648 -0.980873 -0
    outer loop
      vertex -195.442 23.0171 12.7
      vertex -195.699 23.0681 9.5
      vertex -195.442 23.0171 9.5
    endloop
  endfacet
  facet normal -0.442015 0.897008 0
    outer loop
      vertex -195.946 26.8478 9.5
      vertex -196.181 26.732 12.7
      vertex -195.946 26.8478 12.7
    endloop
  endfacet
  facet normal -0.442015 0.897008 0
    outer loop
      vertex -196.181 26.732 12.7
      vertex -195.946 26.8478 9.5
      vertex -196.181 26.732 9.5
    endloop
  endfacet
  facet normal -0.896405 -0.443235 0
    outer loop
      vertex -196.913 24 9.5
      vertex -197.029 24.2346 12.7
      vertex -197.029 24.2346 9.5
    endloop
  endfacet
  facet normal -0.896405 -0.443235 0
    outer loop
      vertex -197.029 24.2346 12.7
      vertex -196.913 24 9.5
      vertex -196.913 24 12.7
    endloop
  endfacet
  facet normal -0.980801 -0.195013 0
    outer loop
      vertex -197.113 24.4824 9.5
      vertex -197.164 24.7389 12.7
      vertex -197.164 24.7389 9.5
    endloop
  endfacet
  facet normal -0.980801 -0.195013 0
    outer loop
      vertex -197.164 24.7389 12.7
      vertex -197.113 24.4824 9.5
      vertex -197.113 24.4824 12.7
    endloop
  endfacet
  facet normal 0.980801 -0.195013 0
    outer loop
      vertex -193.249 24.4824 12.7
      vertex -193.198 24.7389 9.5
      vertex -193.198 24.7389 12.7
    endloop
  endfacet
  facet normal 0.980801 -0.195013 0
    outer loop
      vertex -193.198 24.7389 9.5
      vertex -193.249 24.4824 12.7
      vertex -193.249 24.4824 9.5
    endloop
  endfacet
  facet normal 0.194648 -0.980873 0
    outer loop
      vertex -194.92 23.0171 9.5
      vertex -194.663 23.0681 12.7
      vertex -194.92 23.0171 12.7
    endloop
  endfacet
  facet normal 0.194648 -0.980873 0
    outer loop
      vertex -194.663 23.0681 12.7
      vertex -194.92 23.0171 9.5
      vertex -194.663 23.0681 9.5
    endloop
  endfacet
  facet normal -0.194648 0.980873 0
    outer loop
      vertex -195.442 26.9829 9.5
      vertex -195.699 26.9319 12.7
      vertex -195.442 26.9829 12.7
    endloop
  endfacet
  facet normal -0.194648 0.980873 0
    outer loop
      vertex -195.699 26.9319 12.7
      vertex -195.442 26.9829 9.5
      vertex -195.699 26.9319 9.5
    endloop
  endfacet
  facet normal -0.947066 0.321039 0
    outer loop
      vertex -197.113 25.5176 9.5
      vertex -197.029 25.7654 12.7
      vertex -197.029 25.7654 9.5
    endloop
  endfacet
  facet normal -0.947066 0.321039 0
    outer loop
      vertex -197.029 25.7654 12.7
      vertex -197.113 25.5176 9.5
      vertex -197.113 25.5176 12.7
    endloop
  endfacet
  facet normal -0.750895 -0.660421 0
    outer loop
      vertex -196.595 23.5858 9.5
      vertex -196.768 23.7825 12.7
      vertex -196.768 23.7825 9.5
    endloop
  endfacet
  facet normal -0.750895 -0.660421 0
    outer loop
      vertex -196.768 23.7825 12.7
      vertex -196.595 23.5858 9.5
      vertex -196.595 23.5858 12.7
    endloop
  endfacet
  facet normal 0.83205 -0.5547 0
    outer loop
      vertex -193.594 23.7825 12.7
      vertex -193.449 24 9.5
      vertex -193.449 24 12.7
    endloop
  endfacet
  facet normal 0.83205 -0.5547 0
    outer loop
      vertex -193.449 24 9.5
      vertex -193.594 23.7825 12.7
      vertex -193.594 23.7825 9.5
    endloop
  endfacet
  facet normal 0.0653771 0.997861 -0
    outer loop
      vertex -194.92 26.9829 9.5
      vertex -195.181 27 12.7
      vertex -194.92 26.9829 12.7
    endloop
  endfacet
  facet normal 0.0653771 0.997861 0
    outer loop
      vertex -195.181 27 12.7
      vertex -194.92 26.9829 9.5
      vertex -195.181 27 9.5
    endloop
  endfacet
  facet normal 0.322315 -0.946632 0
    outer loop
      vertex -194.663 23.0681 9.5
      vertex -194.416 23.1522 12.7
      vertex -194.663 23.0681 12.7
    endloop
  endfacet
  facet normal 0.322315 -0.946632 0
    outer loop
      vertex -194.416 23.1522 12.7
      vertex -194.663 23.0681 9.5
      vertex -194.416 23.1522 9.5
    endloop
  endfacet
  facet normal 0.442015 0.897008 -0
    outer loop
      vertex -194.181 26.732 9.5
      vertex -194.416 26.8478 12.7
      vertex -194.181 26.732 12.7
    endloop
  endfacet
  facet normal 0.442015 0.897008 0
    outer loop
      vertex -194.416 26.8478 12.7
      vertex -194.181 26.732 9.5
      vertex -194.416 26.8478 9.5
    endloop
  endfacet
  facet normal 0.442015 -0.897008 0
    outer loop
      vertex -194.416 23.1522 9.5
      vertex -194.181 23.268 12.7
      vertex -194.416 23.1522 12.7
    endloop
  endfacet
  facet normal 0.442015 -0.897008 0
    outer loop
      vertex -194.181 23.268 12.7
      vertex -194.416 23.1522 9.5
      vertex -194.181 23.268 9.5
    endloop
  endfacet
  facet normal 0.896405 -0.443235 0
    outer loop
      vertex -193.449 24 12.7
      vertex -193.333 24.2346 9.5
      vertex -193.333 24.2346 12.7
    endloop
  endfacet
  facet normal 0.896405 -0.443235 0
    outer loop
      vertex -193.333 24.2346 9.5
      vertex -193.449 24 12.7
      vertex -193.449 24 9.5
    endloop
  endfacet
  facet normal 0.554612 -0.832109 0
    outer loop
      vertex -194.181 23.268 9.5
      vertex -193.963 23.4133 12.7
      vertex -194.181 23.268 12.7
    endloop
  endfacet
  facet normal 0.554612 -0.832109 0
    outer loop
      vertex -193.963 23.4133 12.7
      vertex -194.181 23.268 9.5
      vertex -193.963 23.4133 9.5
    endloop
  endfacet
  facet normal -0 0 1
    outer loop
      vertex -193.208 25.2558 12.7
      vertex -193.181 25 12.7
      vertex -193.198 25.2611 12.7
    endloop
  endfacet
  facet normal 0 0 1
    outer loop
      vertex -193.181 25 12.7
      vertex -193.208 25.2558 12.7
      vertex -193.191 25 12.7
    endloop
  endfacet
  facet normal 0 0 1
    outer loop
      vertex -193.198 25.2611 12.7
      vertex -193.208 25.2597 12.7
      vertex -193.208 25.2558 12.7
    endloop
  endfacet
  facet normal -0 0 1
    outer loop
      vertex -193.258 25.5112 12.7
      vertex -193.198 25.2611 12.7
      vertex -193.249 25.5176 12.7
    endloop
  endfacet
  facet normal 0 0 1
    outer loop
      vertex -193.198 25.2611 12.7
      vertex -193.258 25.5112 12.7
      vertex -193.208 25.2597 12.7
    endloop
  endfacet
  facet normal 0 0 1
    outer loop
      vertex -193.249 25.5176 12.7
      vertex -193.259 25.515 12.7
      vertex -193.258 25.5112 12.7
    endloop
  endfacet
  facet normal 0 0 1
    outer loop
      vertex -193.249 25.5176 12.7
      vertex -193.26 25.5188 12.7
      vertex -193.259 25.515 12.7
    endloop
  endfacet
  facet normal 0 0 1
    outer loop
      vertex -193.333 25.7654 12.7
      vertex -193.26 25.5188 12.7
      vertex -193.249 25.5176 12.7
    endloop
  endfacet
  facet normal 0 0 1
    outer loop
      vertex -193.333 25.7654 12.7
      vertex -193.342 25.7615 12.7
      vertex -193.26 25.5188 12.7
    endloop
  endfacet
  facet normal 0 0 1
    outer loop
      vertex -193.333 25.7654 12.7
      vertex -193.344 25.7651 12.7
      vertex -193.342 25.7615 12.7
    endloop
  endfacet
  facet normal 0 0 1
    outer loop
      vertex -193.449 26 12.7
      vertex -193.344 25.7651 12.7
      vertex -193.333 25.7654 12.7
    endloop
  endfacet
  facet normal 0 0 1
    outer loop
      vertex -193.449 26 12.7
      vertex -193.458 25.995 12.7
      vertex -193.344 25.7651 12.7
    endloop
  endfacet
  facet normal -0 0 1
    outer loop
      vertex -193.6 26.2082 12.7
      vertex -193.449 26 12.7
      vertex -193.594 26.2175 12.7
    endloop
  endfacet
  facet normal 0 0 1
    outer loop
      vertex -193.449 26 12.7
      vertex -193.6 26.2082 12.7
      vertex -193.458 25.995 12.7
    endloop
  endfacet
  facet normal 0 0 1
    outer loop
      vertex -193.594 26.2175 12.7
      vertex -193.602 26.2114 12.7
      vertex -193.6 26.2082 12.7
    endloop
  endfacet
  facet normal 0 0 1
    outer loop
      vertex -193.594 26.2175 12.7
      vertex -193.605 26.2144 12.7
      vertex -193.602 26.2114 12.7
    endloop
  endfacet
  facet normal 0 0 1
    outer loop
      vertex -193.767 26.4142 12.7
      vertex -193.605 26.2144 12.7
      vertex -193.594 26.2175 12.7
    endloop
  endfacet
  facet normal 0 0 1
    outer loop
      vertex -193.767 26.4142 12.7
      vertex -193.774 26.4071 12.7
      vertex -193.605 26.2144 12.7
    endloop
  endfacet
  facet normal -0 0 1
    outer loop
      vertex -193.967 26.5762 12.7
      vertex -193.767 26.4142 12.7
      vertex -193.963 26.5867 12.7
    endloop
  endfacet
  facet normal 0 0 1
    outer loop
      vertex -193.767 26.4142 12.7
      vertex -193.967 26.5762 12.7
      vertex -193.774 26.4071 12.7
    endloop
  endfacet
  facet normal 0 0 1
    outer loop
      vertex -193.963 26.5867 12.7
      vertex -193.969 26.5788 12.7
      vertex -193.967 26.5762 12.7
    endloop
  endfacet
  facet normal 0 0 1
    outer loop
      vertex -193.963 26.5867 12.7
      vertex -193.973 26.581 12.7
      vertex -193.969 26.5788 12.7
    endloop
  endfacet
  facet normal 0 0 1
    outer loop
      vertex -194.181 26.732 12.7
      vertex -193.973 26.581 12.7
      vertex -193.963 26.5867 12.7
    endloop
  endfacet
  facet normal 0 0 1
    outer loop
      vertex -194.181 26.732 12.7
      vertex -194.186 26.7234 12.7
      vertex -193.973 26.581 12.7
    endloop
  endfacet
  facet normal -0 0 1
    outer loop
      vertex -194.416 26.8368 12.7
      vertex -194.181 26.732 12.7
      vertex -194.416 26.8478 12.7
    endloop
  endfacet
  facet normal 0 0 1
    outer loop
      vertex -194.181 26.732 12.7
      vertex -194.416 26.8368 12.7
      vertex -194.186 26.7234 12.7
    endloop
  endfacet
  facet normal 0 0 1
    outer loop
      vertex -194.416 26.8478 12.7
      vertex -194.419 26.8385 12.7
      vertex -194.416 26.8368 12.7
    endloop
  endfacet
  facet normal 0 0 1
    outer loop
      vertex -194.416 26.8478 12.7
      vertex -194.662 26.9209 12.7
      vertex -194.419 26.8385 12.7
    endloop
  endfacet
  facet normal 0 0 1
    outer loop
      vertex -194.663 26.9319 12.7
      vertex -194.662 26.9209 12.7
      vertex -194.416 26.8478 12.7
    endloop
  endfacet
  facet normal 0 0 1
    outer loop
      vertex -194.663 26.9319 12.7
      vertex -194.666 26.9222 12.7
      vertex -194.662 26.9209 12.7
    endloop
  endfacet
  facet normal 0 0 1
    outer loop
      vertex -194.663 26.9319 12.7
      vertex -194.67 26.923 12.7
      vertex -194.666 26.9222 12.7
    endloop
  endfacet
  facet normal 0 0 1
    outer loop
      vertex -194.92 26.9829 12.7
      vertex -194.67 26.923 12.7
      vertex -194.663 26.9319 12.7
    endloop
  endfacet
  facet normal 0 0 1
    outer loop
      vertex -194.92 26.9829 12.7
      vertex -194.921 26.973 12.7
      vertex -194.67 26.923 12.7
    endloop
  endfacet
  facet normal 0 0 1
    outer loop
      vertex -194.92 26.9829 12.7
      vertex -194.925 26.9732 12.7
      vertex -194.921 26.973 12.7
    endloop
  endfacet
  facet normal 0 0 1
    outer loop
      vertex -195.181 27 12.7
      vertex -194.925 26.9732 12.7
      vertex -194.92 26.9829 12.7
    endloop
  endfacet
  facet normal 0 0 1
    outer loop
      vertex -195.181 27 12.7
      vertex -195.181 26.99 12.7
      vertex -194.925 26.9732 12.7
    endloop
  endfacet
  facet normal 0 0 1
    outer loop
      vertex -195.181 27 12.7
      vertex -195.437 26.9732 12.7
      vertex -195.181 26.99 12.7
    endloop
  endfacet
  facet normal -0 0 1
    outer loop
      vertex -195.442 26.9829 12.7
      vertex -195.437 26.9732 12.7
      vertex -195.181 27 12.7
    endloop
  endfacet
  facet normal 0 0 1
    outer loop
      vertex -195.437 26.9732 12.7
      vertex -195.442 26.9829 12.7
      vertex -195.441 26.973 12.7
    endloop
  endfacet
  facet normal 0 0 1
    outer loop
      vertex -195.442 26.9829 12.7
      vertex -195.692 26.923 12.7
      vertex -195.441 26.973 12.7
    endloop
  endfacet
  facet normal -0 0 1
    outer loop
      vertex -195.699 26.9319 12.7
      vertex -195.692 26.923 12.7
      vertex -195.442 26.9829 12.7
    endloop
  endfacet
  facet normal 0 0 1
    outer loop
      vertex -195.692 26.923 12.7
      vertex -195.699 26.9319 12.7
      vertex -195.696 26.9222 12.7
    endloop
  endfacet
  facet normal 0 0 1
    outer loop
      vertex -195.699 26.9319 12.7
      vertex -195.7 26.9209 12.7
      vertex -195.696 26.9222 12.7
    endloop
  endfacet
  facet normal 0 0 1
    outer loop
      vertex -195.946 26.8478 12.7
      vertex -195.7 26.9209 12.7
      vertex -195.699 26.9319 12.7
    endloop
  endfacet
  facet normal 0 0 1
    outer loop
      vertex -195.7 26.9209 12.7
      vertex -195.946 26.8478 12.7
      vertex -195.942 26.8385 12.7
    endloop
  endfacet
  facet normal 0 0 1
    outer loop
      vertex -195.946 26.8478 12.7
      vertex -195.946 26.8368 12.7
      vertex -195.942 26.8385 12.7
    endloop
  endfacet
  facet normal 0 0 1
    outer loop
      vertex -196.181 26.732 12.7
      vertex -195.946 26.8368 12.7
      vertex -195.946 26.8478 12.7
    endloop
  endfacet
  facet normal 0 0 1
    outer loop
      vertex -195.946 26.8368 12.7
      vertex -196.181 26.732 12.7
      vertex -196.176 26.7234 12.7
    endloop
  endfacet
  facet normal 0 0 1
    outer loop
      vertex -196.181 26.732 12.7
      vertex -196.389 26.581 12.7
      vertex -196.176 26.7234 12.7
    endloop
  endfacet
  facet normal -0 0 1
    outer loop
      vertex -196.398 26.5867 12.7
      vertex -196.389 26.581 12.7
      vertex -196.181 26.732 12.7
    endloop
  endfacet
  facet normal 0 0 1
    outer loop
      vertex -196.389 26.581 12.7
      vertex -196.398 26.5867 12.7
      vertex -196.392 26.5788 12.7
    endloop
  endfacet
  facet normal 0 0 1
    outer loop
      vertex -196.398 26.5867 12.7
      vertex -196.395 26.5762 12.7
      vertex -196.392 26.5788 12.7
    endloop
  endfacet
  facet normal 0 0 1
    outer loop
      vertex -196.595 26.4142 12.7
      vertex -196.395 26.5762 12.7
      vertex -196.398 26.5867 12.7
    endloop
  endfacet
  facet normal 0 0 1
    outer loop
      vertex -196.395 26.5762 12.7
      vertex -196.595 26.4142 12.7
      vertex -196.588 26.4071 12.7
    endloop
  endfacet
  facet normal 0 0 1
    outer loop
      vertex -196.595 26.4142 12.7
      vertex -196.757 26.2144 12.7
      vertex -196.588 26.4071 12.7
    endloop
  endfacet
  facet normal -0 0 1
    outer loop
      vertex -196.768 26.2175 12.7
      vertex -196.757 26.2144 12.7
      vertex -196.595 26.4142 12.7
    endloop
  endfacet
  facet normal 0 0 1
    outer loop
      vertex -196.757 26.2144 12.7
      vertex -196.768 26.2175 12.7
      vertex -196.76 26.2114 12.7
    endloop
  endfacet
  facet normal 0 0 1
    outer loop
      vertex -196.768 26.2175 12.7
      vertex -196.762 26.2082 12.7
      vertex -196.76 26.2114 12.7
    endloop
  endfacet
  facet normal 0 0 1
    outer loop
      vertex -196.913 26 12.7
      vertex -196.762 26.2082 12.7
      vertex -196.768 26.2175 12.7
    endloop
  endfacet
  facet normal 0 0 1
    outer loop
      vertex -196.762 26.2082 12.7
      vertex -196.913 26 12.7
      vertex -196.904 25.995 12.7
    endloop
  endfacet
  facet normal 0 0 1
    outer loop
      vertex -196.913 26 12.7
      vertex -197.018 25.7651 12.7
      vertex -196.904 25.995 12.7
    endloop
  endfacet
  facet normal -0 0 1
    outer loop
      vertex -197.029 25.7654 12.7
      vertex -197.018 25.7651 12.7
      vertex -196.913 26 12.7
    endloop
  endfacet
  facet normal 0 0 1
    outer loop
      vertex -197.018 25.7651 12.7
      vertex -197.029 25.7654 12.7
      vertex -197.019 25.7615 12.7
    endloop
  endfacet
  facet normal 0 0 1
    outer loop
      vertex -197.029 25.7654 12.7
      vertex -197.102 25.5188 12.7
      vertex -197.019 25.7615 12.7
    endloop
  endfacet
  facet normal 0 0 1
    outer loop
      vertex -197.113 25.5176 12.7
      vertex -197.102 25.5188 12.7
      vertex -197.029 25.7654 12.7
    endloop
  endfacet
  facet normal 0 0 1
    outer loop
      vertex -197.102 25.5188 12.7
      vertex -197.113 25.5176 12.7
      vertex -197.103 25.515 12.7
    endloop
  endfacet
  facet normal 0 0 1
    outer loop
      vertex -197.113 25.5176 12.7
      vertex -197.104 25.5112 12.7
      vertex -197.103 25.515 12.7
    endloop
  endfacet
  facet normal 0 0 1
    outer loop
      vertex -197.164 25.2611 12.7
      vertex -197.104 25.5112 12.7
      vertex -197.113 25.5176 12.7
    endloop
  endfacet
  facet normal 0 0 1
    outer loop
      vertex -197.104 25.5112 12.7
      vertex -197.164 25.2611 12.7
      vertex -197.154 25.2597 12.7
    endloop
  endfacet
  facet normal 0 0 1
    outer loop
      vertex -197.164 25.2611 12.7
      vertex -197.154 25.2558 12.7
      vertex -197.154 25.2597 12.7
    endloop
  endfacet
  facet normal 0 0 1
    outer loop
      vertex -197.181 25 12.7
      vertex -197.154 25.2558 12.7
      vertex -197.164 25.2611 12.7
    endloop
  endfacet
  facet normal 0 0 1
    outer loop
      vertex -197.154 25.2558 12.7
      vertex -197.181 25 12.7
      vertex -197.171 25 12.7
    endloop
  endfacet
  facet normal 0 0 1
    outer loop
      vertex -193.208 24.7442 12.7
      vertex -193.181 25 12.7
      vertex -193.191 25 12.7
    endloop
  endfacet
  facet normal 0 0 1
    outer loop
      vertex -193.181 25 12.7
      vertex -193.208 24.7442 12.7
      vertex -193.198 24.7389 12.7
    endloop
  endfacet
  facet normal -0 0 1
    outer loop
      vertex -193.208 24.7403 12.7
      vertex -193.198 24.7389 12.7
      vertex -193.208 24.7442 12.7
    endloop
  endfacet
  facet normal 0 0 1
    outer loop
      vertex -193.258 24.4888 12.7
      vertex -193.198 24.7389 12.7
      vertex -193.208 24.7403 12.7
    endloop
  endfacet
  facet normal 0 0 1
    outer loop
      vertex -193.198 24.7389 12.7
      vertex -193.258 24.4888 12.7
      vertex -193.249 24.4824 12.7
    endloop
  endfacet
  facet normal -0 0 1
    outer loop
      vertex -193.259 24.485 12.7
      vertex -193.249 24.4824 12.7
      vertex -193.258 24.4888 12.7
    endloop
  endfacet
  facet normal 0 0 1
    outer loop
      vertex -193.26 24.4812 12.7
      vertex -193.249 24.4824 12.7
      vertex -193.259 24.485 12.7
    endloop
  endfacet
  facet normal -0 0 1
    outer loop
      vertex -193.26 24.4812 12.7
      vertex -193.333 24.2346 12.7
      vertex -193.249 24.4824 12.7
    endloop
  endfacet
  facet normal -0 0 1
    outer loop
      vertex -193.342 24.2385 12.7
      vertex -193.333 24.2346 12.7
      vertex -193.26 24.4812 12.7
    endloop
  endfacet
  facet normal -0 0 1
    outer loop
      vertex -193.344 24.2349 12.7
      vertex -193.333 24.2346 12.7
      vertex -193.342 24.2385 12.7
    endloop
  endfacet
  facet normal 0 0 1
    outer loop
      vertex -193.344 24.2349 12.7
      vertex -193.449 24 12.7
      vertex -193.333 24.2346 12.7
    endloop
  endfacet
  facet normal -0 0 1
    outer loop
      vertex -193.458 24.005 12.7
      vertex -193.449 24 12.7
      vertex -193.344 24.2349 12.7
    endloop
  endfacet
  facet normal 0 0 1
    outer loop
      vertex -193.6 23.7918 12.7
      vertex -193.449 24 12.7
      vertex -193.458 24.005 12.7
    endloop
  endfacet
  facet normal 0 0 1
    outer loop
      vertex -193.449 24 12.7
      vertex -193.6 23.7918 12.7
      vertex -193.594 23.7825 12.7
    endloop
  endfacet
  facet normal -0 0 1
    outer loop
      vertex -193.602 23.7886 12.7
      vertex -193.594 23.7825 12.7
      vertex -193.6 23.7918 12.7
    endloop
  endfacet
  facet normal -0 0 1
    outer loop
      vertex -193.605 23.7856 12.7
      vertex -193.594 23.7825 12.7
      vertex -193.602 23.7886 12.7
    endloop
  endfacet
  facet normal 0 0 1
    outer loop
      vertex -193.605 23.7856 12.7
      vertex -193.767 23.5858 12.7
      vertex -193.594 23.7825 12.7
    endloop
  endfacet
  facet normal -0 0 1
    outer loop
      vertex -193.774 23.5929 12.7
      vertex -193.767 23.5858 12.7
      vertex -193.605 23.7856 12.7
    endloop
  endfacet
  facet normal 0 0 1
    outer loop
      vertex -193.967 23.4238 12.7
      vertex -193.767 23.5858 12.7
      vertex -193.774 23.5929 12.7
    endloop
  endfacet
  facet normal 0 0 1
    outer loop
      vertex -193.767 23.5858 12.7
      vertex -193.967 23.4238 12.7
      vertex -193.963 23.4133 12.7
    endloop
  endfacet
  facet normal -0 0 1
    outer loop
      vertex -193.969 23.4212 12.7
      vertex -193.963 23.4133 12.7
      vertex -193.967 23.4238 12.7
    endloop
  endfacet
  facet normal -0 0 1
    outer loop
      vertex -193.973 23.419 12.7
      vertex -193.963 23.4133 12.7
      vertex -193.969 23.4212 12.7
    endloop
  endfacet
  facet normal 0 0 1
    outer loop
      vertex -193.973 23.419 12.7
      vertex -194.181 23.268 12.7
      vertex -193.963 23.4133 12.7
    endloop
  endfacet
  facet normal -0 0 1
    outer loop
      vertex -194.186 23.2766 12.7
      vertex -194.181 23.268 12.7
      vertex -193.973 23.419 12.7
    endloop
  endfacet
  facet normal 0 0 1
    outer loop
      vertex -194.416 23.1632 12.7
      vertex -194.181 23.268 12.7
      vertex -194.186 23.2766 12.7
    endloop
  endfacet
  facet normal 0 0 1
    outer loop
      vertex -194.181 23.268 12.7
      vertex -194.416 23.1632 12.7
      vertex -194.416 23.1522 12.7
    endloop
  endfacet
  facet normal -0 0 1
    outer loop
      vertex -194.419 23.1615 12.7
      vertex -194.416 23.1522 12.7
      vertex -194.416 23.1632 12.7
    endloop
  endfacet
  facet normal 0 0 1
    outer loop
      vertex -194.662 23.0791 12.7
      vertex -194.416 23.1522 12.7
      vertex -194.419 23.1615 12.7
    endloop
  endfacet
  facet normal -0 0 1
    outer loop
      vertex -194.662 23.0791 12.7
      vertex -194.663 23.0681 12.7
      vertex -194.416 23.1522 12.7
    endloop
  endfacet
  facet normal -0 0 1
    outer loop
      vertex -194.666 23.0778 12.7
      vertex -194.663 23.0681 12.7
      vertex -194.662 23.0791 12.7
    endloop
  endfacet
  facet normal -0 0 1
    outer loop
      vertex -194.67 23.077 12.7
      vertex -194.663 23.0681 12.7
      vertex -194.666 23.0778 12.7
    endloop
  endfacet
  facet normal 0 0 1
    outer loop
      vertex -194.67 23.077 12.7
      vertex -194.92 23.0171 12.7
      vertex -194.663 23.0681 12.7
    endloop
  endfacet
  facet normal -0 0 1
    outer loop
      vertex -194.921 23.027 12.7
      vertex -194.92 23.0171 12.7
      vertex -194.67 23.077 12.7
    endloop
  endfacet
  facet normal -0 0 1
    outer loop
      vertex -194.925 23.0268 12.7
      vertex -194.92 23.0171 12.7
      vertex -194.921 23.027 12.7
    endloop
  endfacet
  facet normal 0 0 1
    outer loop
      vertex -195.181 23 12.7
      vertex -194.925 23.0268 12.7
      vertex -195.181 23.01 12.7
    endloop
  endfacet
  facet normal 0 0 1
    outer loop
      vertex -194.925 23.0268 12.7
      vertex -195.181 23 12.7
      vertex -194.92 23.0171 12.7
    endloop
  endfacet
  facet normal 0 0 1
    outer loop
      vertex -195.437 23.0268 12.7
      vertex -195.181 23 12.7
      vertex -195.181 23.01 12.7
    endloop
  endfacet
  facet normal 0 0 1
    outer loop
      vertex -195.442 23.0171 12.7
      vertex -195.437 23.0268 12.7
      vertex -195.441 23.027 12.7
    endloop
  endfacet
  facet normal 0 0 1
    outer loop
      vertex -195.437 23.0268 12.7
      vertex -195.442 23.0171 12.7
      vertex -195.181 23 12.7
    endloop
  endfacet
  facet normal 0 0 1
    outer loop
      vertex -195.692 23.077 12.7
      vertex -195.442 23.0171 12.7
      vertex -195.441 23.027 12.7
    endloop
  endfacet
  facet normal 0 0 1
    outer loop
      vertex -195.699 23.0681 12.7
      vertex -195.692 23.077 12.7
      vertex -195.696 23.0778 12.7
    endloop
  endfacet
  facet normal 0 0 1
    outer loop
      vertex -195.692 23.077 12.7
      vertex -195.699 23.0681 12.7
      vertex -195.442 23.0171 12.7
    endloop
  endfacet
  facet normal 0 0 1
    outer loop
      vertex -195.7 23.0791 12.7
      vertex -195.699 23.0681 12.7
      vertex -195.696 23.0778 12.7
    endloop
  endfacet
  facet normal -0 0 1
    outer loop
      vertex -195.946 23.1522 12.7
      vertex -195.7 23.0791 12.7
      vertex -195.942 23.1615 12.7
    endloop
  endfacet
  facet normal 0 0 1
    outer loop
      vertex -195.7 23.0791 12.7
      vertex -195.946 23.1522 12.7
      vertex -195.699 23.0681 12.7
    endloop
  endfacet
  facet normal 0 0 1
    outer loop
      vertex -195.946 23.1632 12.7
      vertex -195.946 23.1522 12.7
      vertex -195.942 23.1615 12.7
    endloop
  endfacet
  facet normal -0 0 1
    outer loop
      vertex -196.181 23.268 12.7
      vertex -195.946 23.1632 12.7
      vertex -196.176 23.2766 12.7
    endloop
  endfacet
  facet normal 0 0 1
    outer loop
      vertex -195.946 23.1632 12.7
      vertex -196.181 23.268 12.7
      vertex -195.946 23.1522 12.7
    endloop
  endfacet
  facet normal 0 0 1
    outer loop
      vertex -196.389 23.419 12.7
      vertex -196.181 23.268 12.7
      vertex -196.176 23.2766 12.7
    endloop
  endfacet
  facet normal 0 0 1
    outer loop
      vertex -196.398 23.4133 12.7
      vertex -196.389 23.419 12.7
      vertex -196.392 23.4212 12.7
    endloop
  endfacet
  facet normal 0 0 1
    outer loop
      vertex -196.389 23.419 12.7
      vertex -196.398 23.4133 12.7
      vertex -196.181 23.268 12.7
    endloop
  endfacet
  facet normal 0 0 1
    outer loop
      vertex -196.395 23.4238 12.7
      vertex -196.398 23.4133 12.7
      vertex -196.392 23.4212 12.7
    endloop
  endfacet
  facet normal -0 0 1
    outer loop
      vertex -196.595 23.5858 12.7
      vertex -196.395 23.4238 12.7
      vertex -196.588 23.5929 12.7
    endloop
  endfacet
  facet normal 0 0 1
    outer loop
      vertex -196.395 23.4238 12.7
      vertex -196.595 23.5858 12.7
      vertex -196.398 23.4133 12.7
    endloop
  endfacet
  facet normal 0 0 1
    outer loop
      vertex -196.757 23.7856 12.7
      vertex -196.595 23.5858 12.7
      vertex -196.588 23.5929 12.7
    endloop
  endfacet
  facet normal 0 0 1
    outer loop
      vertex -196.768 23.7825 12.7
      vertex -196.757 23.7856 12.7
      vertex -196.76 23.7886 12.7
    endloop
  endfacet
  facet normal 0 0 1
    outer loop
      vertex -196.757 23.7856 12.7
      vertex -196.768 23.7825 12.7
      vertex -196.595 23.5858 12.7
    endloop
  endfacet
  facet normal 0 0 1
    outer loop
      vertex -196.762 23.7918 12.7
      vertex -196.768 23.7825 12.7
      vertex -196.76 23.7886 12.7
    endloop
  endfacet
  facet normal -0 0 1
    outer loop
      vertex -196.913 24 12.7
      vertex -196.762 23.7918 12.7
      vertex -196.904 24.005 12.7
    endloop
  endfacet
  facet normal 0 0 1
    outer loop
      vertex -196.762 23.7918 12.7
      vertex -196.913 24 12.7
      vertex -196.768 23.7825 12.7
    endloop
  endfacet
  facet normal 0 0 1
    outer loop
      vertex -197.018 24.2349 12.7
      vertex -196.913 24 12.7
      vertex -196.904 24.005 12.7
    endloop
  endfacet
  facet normal 0 0 1
    outer loop
      vertex -197.029 24.2346 12.7
      vertex -197.018 24.2349 12.7
      vertex -197.019 24.2385 12.7
    endloop
  endfacet
  facet normal 0 0 1
    outer loop
      vertex -197.018 24.2349 12.7
      vertex -197.029 24.2346 12.7
      vertex -196.913 24 12.7
    endloop
  endfacet
  facet normal 0 0 1
    outer loop
      vertex -197.102 24.4812 12.7
      vertex -197.029 24.2346 12.7
      vertex -197.019 24.2385 12.7
    endloop
  endfacet
  facet normal -0 0 1
    outer loop
      vertex -197.113 24.4824 12.7
      vertex -197.102 24.4812 12.7
      vertex -197.103 24.485 12.7
    endloop
  endfacet
  facet normal 0 0 1
    outer loop
      vertex -197.102 24.4812 12.7
      vertex -197.113 24.4824 12.7
      vertex -197.029 24.2346 12.7
    endloop
  endfacet
  facet normal 0 0 1
    outer loop
      vertex -197.104 24.4888 12.7
      vertex -197.113 24.4824 12.7
      vertex -197.103 24.485 12.7
    endloop
  endfacet
  facet normal -0 0 1
    outer loop
      vertex -197.164 24.7389 12.7
      vertex -197.104 24.4888 12.7
      vertex -197.154 24.7403 12.7
    endloop
  endfacet
  facet normal 0 0 1
    outer loop
      vertex -197.104 24.4888 12.7
      vertex -197.164 24.7389 12.7
      vertex -197.113 24.4824 12.7
    endloop
  endfacet
  facet normal 0 0 1
    outer loop
      vertex -197.154 24.7442 12.7
      vertex -197.164 24.7389 12.7
      vertex -197.154 24.7403 12.7
    endloop
  endfacet
  facet normal -0 0 1
    outer loop
      vertex -197.181 25 12.7
      vertex -197.154 24.7442 12.7
      vertex -197.171 25 12.7
    endloop
  endfacet
  facet normal 0 0 1
    outer loop
      vertex -197.154 24.7442 12.7
      vertex -197.181 25 12.7
      vertex -197.164 24.7389 12.7
    endloop
  endfacet
  facet normal -0.706327 0.0469412 0.706327
    outer loop
      vertex -197.171 25 12.7
      vertex -196.681 25 13.19
      vertex -197.154 25.2558 12.7
    endloop
  endfacet
  facet normal -0.634547 0.313668 0.706373
    outer loop
      vertex -197.018 25.7651 12.7
      vertex -196.567 25.574 13.19
      vertex -196.48 25.75 13.19
    endloop
  endfacet
  facet normal -0.684311 0.190086 0.703979
    outer loop
      vertex -196.567 25.574 13.19
      vertex -197.018 25.7651 12.7
      vertex -197.019 25.7615 12.7
    endloop
  endfacet
  facet normal 0.532417 0.466936 0.706047
    outer loop
      vertex -194.12 26.0607 13.19
      vertex -193.605 26.2144 12.7
      vertex -193.774 26.4071 12.7
    endloop
  endfacet
  facet normal 0.670463 -0.226526 0.706517
    outer loop
      vertex -193.795 24.426 13.19
      vertex -193.342 24.2385 12.7
      vertex -193.26 24.4812 12.7
    endloop
  endfacet
  facet normal -0.313094 -0.634845 0.706359
    outer loop
      vertex -195.946 23.1632 12.7
      vertex -195.755 23.6142 13.19
      vertex -195.931 23.701 13.19
    endloop
  endfacet
  facet normal -0.276641 -0.65092 0.706946
    outer loop
      vertex -195.755 23.6142 13.19
      vertex -195.946 23.1632 12.7
      vertex -195.942 23.1615 12.7
    endloop
  endfacet
  facet normal -0.466671 0.532629 0.706063
    outer loop
      vertex -196.588 26.4071 12.7
      vertex -196.242 26.0607 13.19
      vertex -196.395 26.5762 12.7
    endloop
  endfacet
  facet normal -0.634547 -0.313668 0.706373
    outer loop
      vertex -196.567 24.426 13.19
      vertex -197.018 24.2349 12.7
      vertex -196.48 24.25 13.19
    endloop
  endfacet
  facet normal -0.684311 -0.190086 0.703979
    outer loop
      vertex -197.018 24.2349 12.7
      vertex -196.567 24.426 13.19
      vertex -197.019 24.2385 12.7
    endloop
  endfacet
  facet normal -0.589297 -0.392496 0.70617
    outer loop
      vertex -196.904 24.005 12.7
      vertex -196.762 23.7918 12.7
      vertex -196.48 24.25 13.19
    endloop
  endfacet
  facet normal 0.670463 0.226526 0.706517
    outer loop
      vertex -193.795 25.574 13.19
      vertex -193.26 25.5188 12.7
      vertex -193.342 25.7615 12.7
    endloop
  endfacet
  facet normal -0.393462 -0.588388 0.70639
    outer loop
      vertex -196.094 23.81 13.19
      vertex -196.389 23.419 12.7
      vertex -195.931 23.701 13.19
    endloop
  endfacet
  facet normal -0.418261 -0.570356 0.706931
    outer loop
      vertex -196.389 23.419 12.7
      vertex -196.094 23.81 13.19
      vertex -196.392 23.4212 12.7
    endloop
  endfacet
  facet normal -0.465759 -0.53312 0.706294
    outer loop
      vertex -196.395 23.4238 12.7
      vertex -196.094 23.81 13.19
      vertex -196.242 23.9393 13.19
    endloop
  endfacet
  facet normal -0.463588 -0.534909 0.706371
    outer loop
      vertex -196.094 23.81 13.19
      vertex -196.395 23.4238 12.7
      vertex -196.392 23.4212 12.7
    endloop
  endfacet
  facet normal -0.463588 0.534909 0.706371
    outer loop
      vertex -196.395 26.5762 12.7
      vertex -196.094 26.19 13.19
      vertex -196.392 26.5788 12.7
    endloop
  endfacet
  facet normal -0.465759 0.53312 0.706294
    outer loop
      vertex -196.094 26.19 13.19
      vertex -196.395 26.5762 12.7
      vertex -196.242 26.0607 13.19
    endloop
  endfacet
  facet normal 0.589297 -0.392496 0.70617
    outer loop
      vertex -193.882 24.25 13.19
      vertex -193.6 23.7918 12.7
      vertex -193.458 24.005 12.7
    endloop
  endfacet
  facet normal -0.228193 0.670179 0.706249
    outer loop
      vertex -195.942 26.8385 12.7
      vertex -195.755 26.3858 13.19
      vertex -195.7 26.9209 12.7
    endloop
  endfacet
  facet normal -0.313015 -0.634864 0.706378
    outer loop
      vertex -196.176 23.2766 12.7
      vertex -195.946 23.1632 12.7
      vertex -195.931 23.701 13.19
    endloop
  endfacet
  facet normal -0.634337 -0.314548 0.70617
    outer loop
      vertex -197.018 24.2349 12.7
      vertex -196.904 24.005 12.7
      vertex -196.48 24.25 13.19
    endloop
  endfacet
  facet normal 0 0 1
    outer loop
      vertex -193.694 25.1958 13.19
      vertex -193.694 24.8042 13.19
      vertex -193.681 25 13.19
    endloop
  endfacet
  facet normal 0 0 1
    outer loop
      vertex -193.732 25.3882 13.19
      vertex -193.694 24.8042 13.19
      vertex -193.694 25.1958 13.19
    endloop
  endfacet
  facet normal 0 0 1
    outer loop
      vertex -193.732 25.3882 13.19
      vertex -193.732 24.6118 13.19
      vertex -193.694 24.8042 13.19
    endloop
  endfacet
  facet normal 0 0 1
    outer loop
      vertex -193.795 25.574 13.19
      vertex -193.732 24.6118 13.19
      vertex -193.732 25.3882 13.19
    endloop
  endfacet
  facet normal 0 0 1
    outer loop
      vertex -193.795 25.574 13.19
      vertex -193.795 24.426 13.19
      vertex -193.732 24.6118 13.19
    endloop
  endfacet
  facet normal 0 0 1
    outer loop
      vertex -193.882 25.75 13.19
      vertex -193.795 24.426 13.19
      vertex -193.795 25.574 13.19
    endloop
  endfacet
  facet normal 0 0 1
    outer loop
      vertex -193.882 25.75 13.19
      vertex -193.882 24.25 13.19
      vertex -193.795 24.426 13.19
    endloop
  endfacet
  facet normal 0 0 1
    outer loop
      vertex -193.991 25.9131 13.19
      vertex -193.882 24.25 13.19
      vertex -193.882 25.75 13.19
    endloop
  endfacet
  facet normal 0 0 1
    outer loop
      vertex -193.991 25.9131 13.19
      vertex -193.991 24.0869 13.19
      vertex -193.882 24.25 13.19
    endloop
  endfacet
  facet normal 0 0 1
    outer loop
      vertex -194.12 26.0607 13.19
      vertex -193.991 24.0869 13.19
      vertex -193.991 25.9131 13.19
    endloop
  endfacet
  facet normal 0 0 1
    outer loop
      vertex -194.12 26.0607 13.19
      vertex -194.12 23.9393 13.19
      vertex -193.991 24.0869 13.19
    endloop
  endfacet
  facet normal 0 0 1
    outer loop
      vertex -194.268 26.19 13.19
      vertex -194.12 23.9393 13.19
      vertex -194.12 26.0607 13.19
    endloop
  endfacet
  facet normal 0 0 1
    outer loop
      vertex -194.268 26.19 13.19
      vertex -194.268 23.81 13.19
      vertex -194.12 23.9393 13.19
    endloop
  endfacet
  facet normal 0 0 1
    outer loop
      vertex -194.431 26.299 13.19
      vertex -194.268 23.81 13.19
      vertex -194.268 26.19 13.19
    endloop
  endfacet
  facet normal 0 0 1
    outer loop
      vertex -194.431 26.299 13.19
      vertex -194.431 23.701 13.19
      vertex -194.268 23.81 13.19
    endloop
  endfacet
  facet normal 0 0 1
    outer loop
      vertex -194.607 26.3858 13.19
      vertex -194.431 23.701 13.19
      vertex -194.431 26.299 13.19
    endloop
  endfacet
  facet normal 0 0 1
    outer loop
      vertex -194.607 26.3858 13.19
      vertex -194.607 23.6142 13.19
      vertex -194.431 23.701 13.19
    endloop
  endfacet
  facet normal 0 0 1
    outer loop
      vertex -194.793 26.4489 13.19
      vertex -194.607 23.6142 13.19
      vertex -194.607 26.3858 13.19
    endloop
  endfacet
  facet normal 0 0 1
    outer loop
      vertex -194.793 26.4489 13.19
      vertex -194.793 23.5511 13.19
      vertex -194.607 23.6142 13.19
    endloop
  endfacet
  facet normal 0 0 1
    outer loop
      vertex -194.985 26.4872 13.19
      vertex -194.793 23.5511 13.19
      vertex -194.793 26.4489 13.19
    endloop
  endfacet
  facet normal 0 0 1
    outer loop
      vertex -194.985 26.4872 13.19
      vertex -194.985 23.5128 13.19
      vertex -194.793 23.5511 13.19
    endloop
  endfacet
  facet normal 0 0 1
    outer loop
      vertex -195.181 26.5 13.19
      vertex -194.985 23.5128 13.19
      vertex -194.985 26.4872 13.19
    endloop
  endfacet
  facet normal 0 0 1
    outer loop
      vertex -195.181 26.5 13.19
      vertex -195.181 23.5 13.19
      vertex -194.985 23.5128 13.19
    endloop
  endfacet
  facet normal -0 0 1
    outer loop
      vertex -195.377 26.4872 13.19
      vertex -195.181 23.5 13.19
      vertex -195.181 26.5 13.19
    endloop
  endfacet
  facet normal 0 0 1
    outer loop
      vertex -195.377 26.4872 13.19
      vertex -195.377 23.5128 13.19
      vertex -195.181 23.5 13.19
    endloop
  endfacet
  facet normal -0 0 1
    outer loop
      vertex -195.569 26.4489 13.19
      vertex -195.377 23.5128 13.19
      vertex -195.377 26.4872 13.19
    endloop
  endfacet
  facet normal 0 0 1
    outer loop
      vertex -195.569 26.4489 13.19
      vertex -195.569 23.5511 13.19
      vertex -195.377 23.5128 13.19
    endloop
  endfacet
  facet normal -0 0 1
    outer loop
      vertex -195.755 26.3858 13.19
      vertex -195.569 23.5511 13.19
      vertex -195.569 26.4489 13.19
    endloop
  endfacet
  facet normal 0 0 1
    outer loop
      vertex -195.755 26.3858 13.19
      vertex -195.755 23.6142 13.19
      vertex -195.569 23.5511 13.19
    endloop
  endfacet
  facet normal -0 0 1
    outer loop
      vertex -195.931 26.299 13.19
      vertex -195.755 23.6142 13.19
      vertex -195.755 26.3858 13.19
    endloop
  endfacet
  facet normal 0 0 1
    outer loop
      vertex -195.931 26.299 13.19
      vertex -195.931 23.701 13.19
      vertex -195.755 23.6142 13.19
    endloop
  endfacet
  facet normal -0 0 1
    outer loop
      vertex -196.094 26.19 13.19
      vertex -195.931 23.701 13.19
      vertex -195.931 26.299 13.19
    endloop
  endfacet
  facet normal 0 0 1
    outer loop
      vertex -196.094 26.19 13.19
      vertex -196.094 23.81 13.19
      vertex -195.931 23.701 13.19
    endloop
  endfacet
  facet normal -0 0 1
    outer loop
      vertex -196.242 26.0607 13.19
      vertex -196.094 23.81 13.19
      vertex -196.094 26.19 13.19
    endloop
  endfacet
  facet normal 0 0 1
    outer loop
      vertex -196.242 26.0607 13.19
      vertex -196.242 23.9393 13.19
      vertex -196.094 23.81 13.19
    endloop
  endfacet
  facet normal -0 0 1
    outer loop
      vertex -196.371 25.9131 13.19
      vertex -196.242 23.9393 13.19
      vertex -196.242 26.0607 13.19
    endloop
  endfacet
  facet normal 0 0 1
    outer loop
      vertex -196.371 25.9131 13.19
      vertex -196.371 24.0869 13.19
      vertex -196.242 23.9393 13.19
    endloop
  endfacet
  facet normal -0 0 1
    outer loop
      vertex -196.48 25.75 13.19
      vertex -196.371 24.0869 13.19
      vertex -196.371 25.9131 13.19
    endloop
  endfacet
  facet normal 0 0 1
    outer loop
      vertex -196.48 25.75 13.19
      vertex -196.48 24.25 13.19
      vertex -196.371 24.0869 13.19
    endloop
  endfacet
  facet normal -0 0 1
    outer loop
      vertex -196.567 25.574 13.19
      vertex -196.48 24.25 13.19
      vertex -196.48 25.75 13.19
    endloop
  endfacet
  facet normal 0 0 1
    outer loop
      vertex -196.567 25.574 13.19
      vertex -196.567 24.426 13.19
      vertex -196.48 24.25 13.19
    endloop
  endfacet
  facet normal -0 0 1
    outer loop
      vertex -196.63 25.3882 13.19
      vertex -196.567 24.426 13.19
      vertex -196.567 25.574 13.19
    endloop
  endfacet
  facet normal 0 0 1
    outer loop
      vertex -196.63 25.3882 13.19
      vertex -196.63 24.6118 13.19
      vertex -196.567 24.426 13.19
    endloop
  endfacet
  facet normal -0 0 1
    outer loop
      vertex -196.668 25.1958 13.19
      vertex -196.63 24.6118 13.19
      vertex -196.63 25.3882 13.19
    endloop
  endfacet
  facet normal 0 0 1
    outer loop
      vertex -196.668 25.1958 13.19
      vertex -196.668 24.8042 13.19
      vertex -196.63 24.6118 13.19
    endloop
  endfacet
  facet normal 0 -0 1
    outer loop
      vertex -196.668 24.8042 13.19
      vertex -196.668 25.1958 13.19
      vertex -196.681 25 13.19
    endloop
  endfacet
  facet normal -0.589297 0.392496 0.70617
    outer loop
      vertex -196.904 25.995 12.7
      vertex -196.48 25.75 13.19
      vertex -196.762 26.2082 12.7
    endloop
  endfacet
  facet normal -0.694149 0.138002 0.706479
    outer loop
      vertex -197.154 25.2597 12.7
      vertex -196.668 25.1958 13.19
      vertex -197.104 25.5112 12.7
    endloop
  endfacet
  facet normal 0.138293 0.69423 0.706342
    outer loop
      vertex -194.985 26.4872 13.19
      vertex -194.67 26.923 12.7
      vertex -194.921 26.973 12.7
    endloop
  endfacet
  facet normal 0.706327 0.0469412 0.706327
    outer loop
      vertex -193.681 25 13.19
      vertex -193.191 25 12.7
      vertex -193.208 25.2558 12.7
    endloop
  endfacet
  facet normal -0.533008 0.465841 0.706325
    outer loop
      vertex -196.757 26.2144 12.7
      vertex -196.371 25.9131 13.19
      vertex -196.242 26.0607 13.19
    endloop
  endfacet
  facet normal -0.502048 0.502048 0.704199
    outer loop
      vertex -196.371 25.9131 13.19
      vertex -196.757 26.2144 12.7
      vertex -196.76 26.2114 12.7
    endloop
  endfacet
  facet normal 0.589297 0.392496 0.70617
    outer loop
      vertex -193.882 25.75 13.19
      vertex -193.458 25.995 12.7
      vertex -193.6 26.2082 12.7
    endloop
  endfacet
  facet normal 0.684037 0.18001 0.706887
    outer loop
      vertex -193.732 25.3882 13.19
      vertex -193.258 25.5112 12.7
      vertex -193.259 25.515 12.7
    endloop
  endfacet
  facet normal 0.694521 0.137171 0.706275
    outer loop
      vertex -193.258 25.5112 12.7
      vertex -193.732 25.3882 13.19
      vertex -193.694 25.1958 13.19
    endloop
  endfacet
  facet normal 0.313094 -0.634845 0.706359
    outer loop
      vertex -194.607 23.6142 13.19
      vertex -194.416 23.1632 12.7
      vertex -194.431 23.701 13.19
    endloop
  endfacet
  facet normal 0.349844 -0.617371 0.704601
    outer loop
      vertex -194.416 23.1632 12.7
      vertex -194.607 23.6142 13.19
      vertex -194.419 23.1615 12.7
    endloop
  endfacet
  facet normal -0.138469 0.694151 0.706385
    outer loop
      vertex -195.692 26.923 12.7
      vertex -195.569 26.4489 13.19
      vertex -195.377 26.4872 13.19
    endloop
  endfacet
  facet normal -0.138814 0.694072 0.706395
    outer loop
      vertex -195.569 26.4489 13.19
      vertex -195.692 26.923 12.7
      vertex -195.696 26.9222 12.7
    endloop
  endfacet
  facet normal -0.588471 -0.393276 0.706425
    outer loop
      vertex -196.762 23.7918 12.7
      vertex -196.371 24.0869 13.19
      vertex -196.48 24.25 13.19
    endloop
  endfacet
  facet normal -0.600869 -0.375543 0.705638
    outer loop
      vertex -196.371 24.0869 13.19
      vertex -196.762 23.7918 12.7
      vertex -196.76 23.7886 12.7
    endloop
  endfacet
  facet normal 0.684037 0.18001 0.706887
    outer loop
      vertex -193.26 25.5188 12.7
      vertex -193.732 25.3882 13.19
      vertex -193.259 25.515 12.7
    endloop
  endfacet
  facet normal 0.670382 0.227309 0.706341
    outer loop
      vertex -193.732 25.3882 13.19
      vertex -193.26 25.5188 12.7
      vertex -193.795 25.574 13.19
    endloop
  endfacet
  facet normal 0.694149 -0.138002 0.706479
    outer loop
      vertex -193.694 24.8042 13.19
      vertex -193.258 24.4888 12.7
      vertex -193.208 24.7403 12.7
    endloop
  endfacet
  facet normal 0.342593 0.622896 0.7033
    outer loop
      vertex -193.973 26.581 12.7
      vertex -194.268 26.19 13.19
      vertex -193.969 26.5788 12.7
    endloop
  endfacet
  facet normal 0.393462 0.588388 0.70639
    outer loop
      vertex -194.268 26.19 13.19
      vertex -193.973 26.581 12.7
      vertex -194.431 26.299 13.19
    endloop
  endfacet
  facet normal 0.532417 -0.466936 0.706047
    outer loop
      vertex -194.12 23.9393 13.19
      vertex -193.774 23.5929 12.7
      vertex -193.605 23.7856 12.7
    endloop
  endfacet
  facet normal -0.532417 0.466936 0.706047
    outer loop
      vertex -196.757 26.2144 12.7
      vertex -196.242 26.0607 13.19
      vertex -196.588 26.4071 12.7
    endloop
  endfacet
  facet normal 0.393405 0.588449 0.706371
    outer loop
      vertex -194.431 26.299 13.19
      vertex -193.973 26.581 12.7
      vertex -194.186 26.7234 12.7
    endloop
  endfacet
  facet normal -0.313015 0.634864 0.706378
    outer loop
      vertex -196.176 26.7234 12.7
      vertex -195.931 26.299 13.19
      vertex -195.946 26.8368 12.7
    endloop
  endfacet
  facet normal -0.670382 0.227309 0.706341
    outer loop
      vertex -197.102 25.5188 12.7
      vertex -196.63 25.3882 13.19
      vertex -196.567 25.574 13.19
    endloop
  endfacet
  facet normal -0.684037 0.18001 0.706887
    outer loop
      vertex -196.63 25.3882 13.19
      vertex -197.102 25.5188 12.7
      vertex -197.103 25.515 12.7
    endloop
  endfacet
  facet normal 0.466671 0.532629 0.706063
    outer loop
      vertex -194.12 26.0607 13.19
      vertex -193.774 26.4071 12.7
      vertex -193.967 26.5762 12.7
    endloop
  endfacet
  facet normal 0.706327 -0.0469412 0.706327
    outer loop
      vertex -193.681 25 13.19
      vertex -193.208 24.7442 12.7
      vertex -193.191 25 12.7
    endloop
  endfacet
  facet normal 0.227286 0.670272 0.706453
    outer loop
      vertex -194.662 26.9209 12.7
      vertex -194.607 26.3858 13.19
      vertex -194.419 26.8385 12.7
    endloop
  endfacet
  facet normal -0.706327 -0.0469412 0.706327
    outer loop
      vertex -197.171 25 12.7
      vertex -197.154 24.7442 12.7
      vertex -196.681 25 13.19
    endloop
  endfacet
  facet normal 0.694149 0.138002 0.706479
    outer loop
      vertex -193.694 25.1958 13.19
      vertex -193.208 25.2597 12.7
      vertex -193.258 25.5112 12.7
    endloop
  endfacet
  facet normal -0.634337 0.314548 0.70617
    outer loop
      vertex -197.018 25.7651 12.7
      vertex -196.48 25.75 13.19
      vertex -196.904 25.995 12.7
    endloop
  endfacet
  facet normal 0.138814 -0.694072 0.706395
    outer loop
      vertex -194.793 23.5511 13.19
      vertex -194.67 23.077 12.7
      vertex -194.666 23.0778 12.7
    endloop
  endfacet
  facet normal 0.138469 -0.694151 0.706385
    outer loop
      vertex -194.67 23.077 12.7
      vertex -194.793 23.5511 13.19
      vertex -194.985 23.5128 13.19
    endloop
  endfacet
  facet normal 0.466671 -0.532629 0.706063
    outer loop
      vertex -194.12 23.9393 13.19
      vertex -193.967 23.4238 12.7
      vertex -193.774 23.5929 12.7
    endloop
  endfacet
  facet normal -0.138469 -0.694151 0.706385
    outer loop
      vertex -195.569 23.5511 13.19
      vertex -195.692 23.077 12.7
      vertex -195.377 23.5128 13.19
    endloop
  endfacet
  facet normal -0.138814 -0.694072 0.706395
    outer loop
      vertex -195.692 23.077 12.7
      vertex -195.569 23.5511 13.19
      vertex -195.696 23.0778 12.7
    endloop
  endfacet
  facet normal -0.228193 -0.670179 0.706249
    outer loop
      vertex -195.942 23.1615 12.7
      vertex -195.7 23.0791 12.7
      vertex -195.755 23.6142 13.19
    endloop
  endfacet
  facet normal -0.393405 -0.588449 0.706371
    outer loop
      vertex -196.389 23.419 12.7
      vertex -196.176 23.2766 12.7
      vertex -195.931 23.701 13.19
    endloop
  endfacet
  facet normal 0.046354 0.706347 0.706347
    outer loop
      vertex -195.181 26.5 13.19
      vertex -194.925 26.9732 12.7
      vertex -195.181 26.99 12.7
    endloop
  endfacet
  facet normal -0.046354 0.706347 0.706347
    outer loop
      vertex -195.437 26.9732 12.7
      vertex -195.181 26.5 13.19
      vertex -195.181 26.99 12.7
    endloop
  endfacet
  facet normal -0.670188 -0.229195 0.705916
    outer loop
      vertex -197.102 24.4812 12.7
      vertex -197.019 24.2385 12.7
      vertex -196.567 24.426 13.19
    endloop
  endfacet
  facet normal 0.619985 -0.344436 0.70497
    outer loop
      vertex -193.795 24.426 13.19
      vertex -193.344 24.2349 12.7
      vertex -193.342 24.2385 12.7
    endloop
  endfacet
  facet normal 0.634547 -0.313668 0.706373
    outer loop
      vertex -193.344 24.2349 12.7
      vertex -193.795 24.426 13.19
      vertex -193.882 24.25 13.19
    endloop
  endfacet
  facet normal 0.138814 0.694072 0.706395
    outer loop
      vertex -194.67 26.923 12.7
      vertex -194.793 26.4489 13.19
      vertex -194.666 26.9222 12.7
    endloop
  endfacet
  facet normal 0.138469 0.694151 0.706385
    outer loop
      vertex -194.793 26.4489 13.19
      vertex -194.67 26.923 12.7
      vertex -194.985 26.4872 13.19
    endloop
  endfacet
  facet normal -0.670382 -0.227309 0.706341
    outer loop
      vertex -196.63 24.6118 13.19
      vertex -197.102 24.4812 12.7
      vertex -196.567 24.426 13.19
    endloop
  endfacet
  facet normal -0.684037 -0.18001 0.706887
    outer loop
      vertex -197.102 24.4812 12.7
      vertex -196.63 24.6118 13.19
      vertex -197.103 24.485 12.7
    endloop
  endfacet
  facet normal -0.218696 0.672909 0.706658
    outer loop
      vertex -195.7 26.9209 12.7
      vertex -195.569 26.4489 13.19
      vertex -195.696 26.9222 12.7
    endloop
  endfacet
  facet normal -0.227385 0.670262 0.706431
    outer loop
      vertex -195.569 26.4489 13.19
      vertex -195.7 26.9209 12.7
      vertex -195.755 26.3858 13.19
    endloop
  endfacet
  facet normal -0.466671 -0.532629 0.706063
    outer loop
      vertex -196.588 23.5929 12.7
      vertex -196.395 23.4238 12.7
      vertex -196.242 23.9393 13.19
    endloop
  endfacet
  facet normal 0.634337 0.314548 0.70617
    outer loop
      vertex -193.882 25.75 13.19
      vertex -193.344 25.7651 12.7
      vertex -193.458 25.995 12.7
    endloop
  endfacet
  facet normal 0.0353693 0.707386 0.705942
    outer loop
      vertex -194.925 26.9732 12.7
      vertex -194.985 26.4872 13.19
      vertex -194.921 26.973 12.7
    endloop
  endfacet
  facet normal 0.0461331 0.706413 0.706295
    outer loop
      vertex -194.985 26.4872 13.19
      vertex -194.925 26.9732 12.7
      vertex -195.181 26.5 13.19
    endloop
  endfacet
  facet normal 0.218696 0.672909 0.706658
    outer loop
      vertex -194.793 26.4489 13.19
      vertex -194.662 26.9209 12.7
      vertex -194.666 26.9222 12.7
    endloop
  endfacet
  facet normal 0.227385 0.670262 0.706431
    outer loop
      vertex -194.662 26.9209 12.7
      vertex -194.793 26.4489 13.19
      vertex -194.607 26.3858 13.19
    endloop
  endfacet
  facet normal -0.0461331 0.706413 0.706295
    outer loop
      vertex -195.437 26.9732 12.7
      vertex -195.377 26.4872 13.19
      vertex -195.181 26.5 13.19
    endloop
  endfacet
  facet normal -0.0353693 0.707386 0.705942
    outer loop
      vertex -195.377 26.4872 13.19
      vertex -195.437 26.9732 12.7
      vertex -195.441 26.973 12.7
    endloop
  endfacet
  facet normal 0.619985 0.344436 0.70497
    outer loop
      vertex -193.344 25.7651 12.7
      vertex -193.795 25.574 13.19
      vertex -193.342 25.7615 12.7
    endloop
  endfacet
  facet normal 0.634547 0.313668 0.706373
    outer loop
      vertex -193.795 25.574 13.19
      vertex -193.344 25.7651 12.7
      vertex -193.882 25.75 13.19
    endloop
  endfacet
  facet normal -0.0353693 -0.707386 0.705942
    outer loop
      vertex -195.437 23.0268 12.7
      vertex -195.377 23.5128 13.19
      vertex -195.441 23.027 12.7
    endloop
  endfacet
  facet normal -0.0461331 -0.706413 0.706295
    outer loop
      vertex -195.377 23.5128 13.19
      vertex -195.437 23.0268 12.7
      vertex -195.181 23.5 13.19
    endloop
  endfacet
  facet normal 0.0461331 -0.706413 0.706295
    outer loop
      vertex -194.925 23.0268 12.7
      vertex -194.985 23.5128 13.19
      vertex -195.181 23.5 13.19
    endloop
  endfacet
  facet normal 0.0353693 -0.707386 0.705942
    outer loop
      vertex -194.985 23.5128 13.19
      vertex -194.925 23.0268 12.7
      vertex -194.921 23.027 12.7
    endloop
  endfacet
  facet normal 0.342593 -0.622896 0.7033
    outer loop
      vertex -194.268 23.81 13.19
      vertex -193.973 23.419 12.7
      vertex -193.969 23.4212 12.7
    endloop
  endfacet
  facet normal 0.393462 -0.588388 0.70639
    outer loop
      vertex -193.973 23.419 12.7
      vertex -194.268 23.81 13.19
      vertex -194.431 23.701 13.19
    endloop
  endfacet
  facet normal 0.313015 -0.634864 0.706378
    outer loop
      vertex -194.431 23.701 13.19
      vertex -194.416 23.1632 12.7
      vertex -194.186 23.2766 12.7
    endloop
  endfacet
  facet normal 0.502048 -0.502048 0.704199
    outer loop
      vertex -193.991 24.0869 13.19
      vertex -193.605 23.7856 12.7
      vertex -193.602 23.7886 12.7
    endloop
  endfacet
  facet normal 0.533008 -0.465841 0.706325
    outer loop
      vertex -193.605 23.7856 12.7
      vertex -193.991 24.0869 13.19
      vertex -194.12 23.9393 13.19
    endloop
  endfacet
  facet normal 0.349844 0.617371 0.704601
    outer loop
      vertex -194.607 26.3858 13.19
      vertex -194.416 26.8368 12.7
      vertex -194.419 26.8385 12.7
    endloop
  endfacet
  facet normal 0.313094 0.634845 0.706359
    outer loop
      vertex -194.416 26.8368 12.7
      vertex -194.607 26.3858 13.19
      vertex -194.431 26.299 13.19
    endloop
  endfacet
  facet normal -0.393405 0.588449 0.706371
    outer loop
      vertex -196.389 26.581 12.7
      vertex -195.931 26.299 13.19
      vertex -196.176 26.7234 12.7
    endloop
  endfacet
  facet normal -0.600869 0.375543 0.705638
    outer loop
      vertex -196.762 26.2082 12.7
      vertex -196.371 25.9131 13.19
      vertex -196.76 26.2114 12.7
    endloop
  endfacet
  facet normal -0.588471 0.393276 0.706425
    outer loop
      vertex -196.371 25.9131 13.19
      vertex -196.762 26.2082 12.7
      vertex -196.48 25.75 13.19
    endloop
  endfacet
  facet normal -0.393462 0.588388 0.70639
    outer loop
      vertex -196.389 26.581 12.7
      vertex -196.094 26.19 13.19
      vertex -195.931 26.299 13.19
    endloop
  endfacet
  facet normal -0.418261 0.570356 0.706931
    outer loop
      vertex -196.094 26.19 13.19
      vertex -196.389 26.581 12.7
      vertex -196.392 26.5788 12.7
    endloop
  endfacet
  facet normal -0.684037 0.18001 0.706887
    outer loop
      vertex -197.104 25.5112 12.7
      vertex -196.63 25.3882 13.19
      vertex -197.103 25.515 12.7
    endloop
  endfacet
  facet normal -0.694521 0.137171 0.706275
    outer loop
      vertex -196.63 25.3882 13.19
      vertex -197.104 25.5112 12.7
      vertex -196.668 25.1958 13.19
    endloop
  endfacet
  facet normal -0.670188 0.229195 0.705916
    outer loop
      vertex -197.102 25.5188 12.7
      vertex -196.567 25.574 13.19
      vertex -197.019 25.7615 12.7
    endloop
  endfacet
  facet normal 0.046354 -0.706347 0.706347
    outer loop
      vertex -195.181 23.01 12.7
      vertex -194.925 23.0268 12.7
      vertex -195.181 23.5 13.19
    endloop
  endfacet
  facet normal -0.276641 0.65092 0.706946
    outer loop
      vertex -195.946 26.8368 12.7
      vertex -195.755 26.3858 13.19
      vertex -195.942 26.8385 12.7
    endloop
  endfacet
  facet normal -0.313094 0.634845 0.706359
    outer loop
      vertex -195.755 26.3858 13.19
      vertex -195.946 26.8368 12.7
      vertex -195.931 26.299 13.19
    endloop
  endfacet
  facet normal -0.532417 -0.466936 0.706047
    outer loop
      vertex -196.757 23.7856 12.7
      vertex -196.588 23.5929 12.7
      vertex -196.242 23.9393 13.19
    endloop
  endfacet
  facet normal -0.694149 -0.138002 0.706479
    outer loop
      vertex -197.154 24.7403 12.7
      vertex -197.104 24.4888 12.7
      vertex -196.668 24.8042 13.19
    endloop
  endfacet
  facet normal -0.706341 -0.046897 0.706317
    outer loop
      vertex -197.154 24.7442 12.7
      vertex -196.668 24.8042 13.19
      vertex -196.681 25 13.19
    endloop
  endfacet
  facet normal -0.709999 0 0.704203
    outer loop
      vertex -196.668 24.8042 13.19
      vertex -197.154 24.7442 12.7
      vertex -197.154 24.7403 12.7
    endloop
  endfacet
  facet normal -0.138293 0.69423 0.706342
    outer loop
      vertex -195.692 26.923 12.7
      vertex -195.377 26.4872 13.19
      vertex -195.441 26.973 12.7
    endloop
  endfacet
  facet normal 0.588471 -0.393276 0.706425
    outer loop
      vertex -193.991 24.0869 13.19
      vertex -193.6 23.7918 12.7
      vertex -193.882 24.25 13.19
    endloop
  endfacet
  facet normal 0.600869 -0.375543 0.705638
    outer loop
      vertex -193.6 23.7918 12.7
      vertex -193.991 24.0869 13.19
      vertex -193.602 23.7886 12.7
    endloop
  endfacet
  facet normal 0.634337 -0.314548 0.70617
    outer loop
      vertex -193.882 24.25 13.19
      vertex -193.458 24.005 12.7
      vertex -193.344 24.2349 12.7
    endloop
  endfacet
  facet normal 0.569665 0.438204 0.695313
    outer loop
      vertex -194.268 26.19 13.19
      vertex -193.967 26.5762 12.7
      vertex -193.969 26.5788 12.7
    endloop
  endfacet
  facet normal 0.465759 0.53312 0.706294
    outer loop
      vertex -193.967 26.5762 12.7
      vertex -194.268 26.19 13.19
      vertex -194.12 26.0607 13.19
    endloop
  endfacet
  facet normal 0.684037 -0.18001 0.706887
    outer loop
      vertex -193.732 24.6118 13.19
      vertex -193.26 24.4812 12.7
      vertex -193.259 24.485 12.7
    endloop
  endfacet
  facet normal 0.670382 -0.227309 0.706341
    outer loop
      vertex -193.26 24.4812 12.7
      vertex -193.732 24.6118 13.19
      vertex -193.795 24.426 13.19
    endloop
  endfacet
  facet normal 0.709999 0 0.704203
    outer loop
      vertex -193.694 25.1958 13.19
      vertex -193.208 25.2558 12.7
      vertex -193.208 25.2597 12.7
    endloop
  endfacet
  facet normal 0.706341 0.046897 0.706317
    outer loop
      vertex -193.208 25.2558 12.7
      vertex -193.694 25.1958 13.19
      vertex -193.681 25 13.19
    endloop
  endfacet
  facet normal 0.502048 0.502048 0.704199
    outer loop
      vertex -193.605 26.2144 12.7
      vertex -193.991 25.9131 13.19
      vertex -193.602 26.2114 12.7
    endloop
  endfacet
  facet normal 0.533008 0.465841 0.706325
    outer loop
      vertex -193.991 25.9131 13.19
      vertex -193.605 26.2144 12.7
      vertex -194.12 26.0607 13.19
    endloop
  endfacet
  facet normal 0.600869 0.375543 0.705638
    outer loop
      vertex -193.991 25.9131 13.19
      vertex -193.6 26.2082 12.7
      vertex -193.602 26.2114 12.7
    endloop
  endfacet
  facet normal 0.588471 0.393276 0.706425
    outer loop
      vertex -193.6 26.2082 12.7
      vertex -193.991 25.9131 13.19
      vertex -193.882 25.75 13.19
    endloop
  endfacet
  facet normal -0.046354 -0.706347 0.706347
    outer loop
      vertex -195.437 23.0268 12.7
      vertex -195.181 23.01 12.7
      vertex -195.181 23.5 13.19
    endloop
  endfacet
  facet normal 0.393405 -0.588449 0.706371
    outer loop
      vertex -194.431 23.701 13.19
      vertex -194.186 23.2766 12.7
      vertex -193.973 23.419 12.7
    endloop
  endfacet
  facet normal 0.138293 -0.69423 0.706342
    outer loop
      vertex -194.985 23.5128 13.19
      vertex -194.921 23.027 12.7
      vertex -194.67 23.077 12.7
    endloop
  endfacet
  facet normal -0.533008 -0.465841 0.706325
    outer loop
      vertex -196.371 24.0869 13.19
      vertex -196.757 23.7856 12.7
      vertex -196.242 23.9393 13.19
    endloop
  endfacet
  facet normal -0.502048 -0.502048 0.704199
    outer loop
      vertex -196.757 23.7856 12.7
      vertex -196.371 24.0869 13.19
      vertex -196.76 23.7886 12.7
    endloop
  endfacet
  facet normal 0.694521 -0.137171 0.706275
    outer loop
      vertex -193.732 24.6118 13.19
      vertex -193.258 24.4888 12.7
      vertex -193.694 24.8042 13.19
    endloop
  endfacet
  facet normal 0.684037 -0.18001 0.706887
    outer loop
      vertex -193.258 24.4888 12.7
      vertex -193.732 24.6118 13.19
      vertex -193.259 24.485 12.7
    endloop
  endfacet
  facet normal -0.138293 -0.69423 0.706342
    outer loop
      vertex -195.692 23.077 12.7
      vertex -195.441 23.027 12.7
      vertex -195.377 23.5128 13.19
    endloop
  endfacet
  facet normal -0.218696 -0.672909 0.706658
    outer loop
      vertex -195.569 23.5511 13.19
      vertex -195.7 23.0791 12.7
      vertex -195.696 23.0778 12.7
    endloop
  endfacet
  facet normal -0.227385 -0.670262 0.706431
    outer loop
      vertex -195.7 23.0791 12.7
      vertex -195.569 23.5511 13.19
      vertex -195.755 23.6142 13.19
    endloop
  endfacet
  facet normal -0.709999 0 0.704203
    outer loop
      vertex -197.154 25.2558 12.7
      vertex -196.668 25.1958 13.19
      vertex -197.154 25.2597 12.7
    endloop
  endfacet
  facet normal -0.706341 0.046897 0.706317
    outer loop
      vertex -196.668 25.1958 13.19
      vertex -197.154 25.2558 12.7
      vertex -196.681 25 13.19
    endloop
  endfacet
  facet normal -0.694521 -0.137171 0.706275
    outer loop
      vertex -197.104 24.4888 12.7
      vertex -196.63 24.6118 13.19
      vertex -196.668 24.8042 13.19
    endloop
  endfacet
  facet normal -0.684037 -0.18001 0.706887
    outer loop
      vertex -196.63 24.6118 13.19
      vertex -197.104 24.4888 12.7
      vertex -197.103 24.485 12.7
    endloop
  endfacet
  facet normal 0.313015 0.634864 0.706378
    outer loop
      vertex -194.431 26.299 13.19
      vertex -194.186 26.7234 12.7
      vertex -194.416 26.8368 12.7
    endloop
  endfacet
  facet normal 0.706341 -0.046897 0.706317
    outer loop
      vertex -193.694 24.8042 13.19
      vertex -193.208 24.7442 12.7
      vertex -193.681 25 13.19
    endloop
  endfacet
  facet normal 0.709999 0 0.704203
    outer loop
      vertex -193.208 24.7442 12.7
      vertex -193.694 24.8042 13.19
      vertex -193.208 24.7403 12.7
    endloop
  endfacet
  facet normal 0.465759 -0.53312 0.706294
    outer loop
      vertex -194.268 23.81 13.19
      vertex -193.967 23.4238 12.7
      vertex -194.12 23.9393 13.19
    endloop
  endfacet
  facet normal 0.569665 -0.438204 0.695313
    outer loop
      vertex -193.967 23.4238 12.7
      vertex -194.268 23.81 13.19
      vertex -193.969 23.4212 12.7
    endloop
  endfacet
  facet normal 0.227385 -0.670262 0.706431
    outer loop
      vertex -194.793 23.5511 13.19
      vertex -194.662 23.0791 12.7
      vertex -194.607 23.6142 13.19
    endloop
  endfacet
  facet normal 0.218696 -0.672909 0.706658
    outer loop
      vertex -194.662 23.0791 12.7
      vertex -194.793 23.5511 13.19
      vertex -194.666 23.0778 12.7
    endloop
  endfacet
  facet normal 0.227286 -0.670272 0.706453
    outer loop
      vertex -194.662 23.0791 12.7
      vertex -194.419 23.1615 12.7
      vertex -194.607 23.6142 13.19
    endloop
  endfacet
  facet normal -0.980801 0.195013 0
    outer loop
      vertex -217.164 25.2611 9.5
      vertex -217.113 25.5176 12.7
      vertex -217.113 25.5176 9.5
    endloop
  endfacet
  facet normal -0.980801 0.195013 0
    outer loop
      vertex -217.113 25.5176 12.7
      vertex -217.164 25.2611 9.5
      vertex -217.164 25.2611 12.7
    endloop
  endfacet
  facet normal -0.997887 0.0649716 0
    outer loop
      vertex -217.181 25 9.5
      vertex -217.164 25.2611 12.7
      vertex -217.164 25.2611 9.5
    endloop
  endfacet
  facet normal -0.997887 0.0649716 0
    outer loop
      vertex -217.164 25.2611 12.7
      vertex -217.181 25 9.5
      vertex -217.181 25 12.7
    endloop
  endfacet
  facet normal -0.0653771 0.997861 0
    outer loop
      vertex -215.181 27 9.5
      vertex -215.442 26.9829 12.7
      vertex -215.181 27 12.7
    endloop
  endfacet
  facet normal -0.0653771 0.997861 0
    outer loop
      vertex -215.442 26.9829 12.7
      vertex -215.181 27 9.5
      vertex -215.442 26.9829 9.5
    endloop
  endfacet
  facet normal 0.194648 0.980873 -0
    outer loop
      vertex -214.663 26.9319 9.5
      vertex -214.92 26.9829 12.7
      vertex -214.663 26.9319 12.7
    endloop
  endfacet
  facet normal 0.194648 0.980873 0
    outer loop
      vertex -214.92 26.9829 12.7
      vertex -214.663 26.9319 9.5
      vertex -214.92 26.9829 9.5
    endloop
  endfacet
  facet normal -0.556378 -0.830929 0
    outer loop
      vertex -216.398 23.4133 9.5
      vertex -216.181 23.268 12.7
      vertex -216.398 23.4133 12.7
    endloop
  endfacet
  facet normal -0.556378 -0.830929 -0
    outer loop
      vertex -216.181 23.268 12.7
      vertex -216.398 23.4133 9.5
      vertex -216.181 23.268 9.5
    endloop
  endfacet
  facet normal 0.896405 0.443235 0
    outer loop
      vertex -213.333 25.7654 12.7
      vertex -213.449 26 9.5
      vertex -213.449 26 12.7
    endloop
  endfacet
  facet normal 0.896405 0.443235 0
    outer loop
      vertex -213.449 26 9.5
      vertex -213.333 25.7654 12.7
      vertex -213.333 25.7654 9.5
    endloop
  endfacet
  facet normal 0.947066 0.321039 0
    outer loop
      vertex -213.249 25.5176 12.7
      vertex -213.333 25.7654 9.5
      vertex -213.333 25.7654 12.7
    endloop
  endfacet
  facet normal 0.947066 0.321039 0
    outer loop
      vertex -213.333 25.7654 9.5
      vertex -213.249 25.5176 12.7
      vertex -213.249 25.5176 9.5
    endloop
  endfacet
  facet normal 0.322315 0.946632 -0
    outer loop
      vertex -214.416 26.8478 9.5
      vertex -214.663 26.9319 12.7
      vertex -214.416 26.8478 12.7
    endloop
  endfacet
  facet normal 0.322315 0.946632 0
    outer loop
      vertex -214.663 26.9319 12.7
      vertex -214.416 26.8478 9.5
      vertex -214.663 26.9319 9.5
    endloop
  endfacet
  facet normal -0.997887 -0.0649716 0
    outer loop
      vertex -217.164 24.7389 9.5
      vertex -217.181 25 12.7
      vertex -217.181 25 9.5
    endloop
  endfacet
  facet normal -0.997887 -0.0649716 0
    outer loop
      vertex -217.181 25 12.7
      vertex -217.164 24.7389 9.5
      vertex -217.164 24.7389 12.7
    endloop
  endfacet
  facet normal 0.947066 -0.321039 0
    outer loop
      vertex -213.333 24.2346 12.7
      vertex -213.249 24.4824 9.5
      vertex -213.249 24.4824 12.7
    endloop
  endfacet
  facet normal 0.947066 -0.321039 0
    outer loop
      vertex -213.249 24.4824 9.5
      vertex -213.333 24.2346 12.7
      vertex -213.333 24.2346 9.5
    endloop
  endfacet
  facet normal 0.83205 0.5547 0
    outer loop
      vertex -213.449 26 12.7
      vertex -213.594 26.2175 9.5
      vertex -213.594 26.2175 12.7
    endloop
  endfacet
  facet normal 0.83205 0.5547 0
    outer loop
      vertex -213.594 26.2175 9.5
      vertex -213.449 26 12.7
      vertex -213.449 26 9.5
    endloop
  endfacet
  facet normal 0.980801 0.195013 0
    outer loop
      vertex -213.198 25.2611 12.7
      vertex -213.249 25.5176 9.5
      vertex -213.249 25.5176 12.7
    endloop
  endfacet
  facet normal 0.980801 0.195013 0
    outer loop
      vertex -213.249 25.5176 9.5
      vertex -213.198 25.2611 12.7
      vertex -213.198 25.2611 9.5
    endloop
  endfacet
  facet normal -0.947066 -0.321039 0
    outer loop
      vertex -217.029 24.2346 9.5
      vertex -217.113 24.4824 12.7
      vertex -217.113 24.4824 9.5
    endloop
  endfacet
  facet normal -0.947066 -0.321039 0
    outer loop
      vertex -217.113 24.4824 12.7
      vertex -217.029 24.2346 9.5
      vertex -217.029 24.2346 12.7
    endloop
  endfacet
  facet normal -0.658775 -0.75234 0
    outer loop
      vertex -216.595 23.5858 9.5
      vertex -216.398 23.4133 12.7
      vertex -216.595 23.5858 12.7
    endloop
  endfacet
  facet normal -0.658775 -0.75234 -0
    outer loop
      vertex -216.398 23.4133 12.7
      vertex -216.595 23.5858 9.5
      vertex -216.398 23.4133 9.5
    endloop
  endfacet
  facet normal -0.322315 0.946632 0
    outer loop
      vertex -215.699 26.9319 9.5
      vertex -215.946 26.8478 12.7
      vertex -215.699 26.9319 12.7
    endloop
  endfacet
  facet normal -0.322315 0.946632 0
    outer loop
      vertex -215.946 26.8478 12.7
      vertex -215.699 26.9319 9.5
      vertex -215.946 26.8478 9.5
    endloop
  endfacet
  facet normal 0.750895 -0.660421 0
    outer loop
      vertex -213.767 23.5858 12.7
      vertex -213.594 23.7825 9.5
      vertex -213.594 23.7825 12.7
    endloop
  endfacet
  facet normal 0.750895 -0.660421 0
    outer loop
      vertex -213.594 23.7825 9.5
      vertex -213.767 23.5858 12.7
      vertex -213.767 23.5858 9.5
    endloop
  endfacet
  facet normal 0.660671 0.750676 -0
    outer loop
      vertex -213.767 26.4142 9.5
      vertex -213.963 26.5867 12.7
      vertex -213.767 26.4142 12.7
    endloop
  endfacet
  facet normal 0.660671 0.750676 0
    outer loop
      vertex -213.963 26.5867 12.7
      vertex -213.767 26.4142 9.5
      vertex -213.963 26.5867 9.5
    endloop
  endfacet
  facet normal 0.997887 0.0649716 0
    outer loop
      vertex -213.181 25 12.7
      vertex -213.198 25.2611 9.5
      vertex -213.198 25.2611 12.7
    endloop
  endfacet
  facet normal 0.997887 0.0649716 0
    outer loop
      vertex -213.198 25.2611 9.5
      vertex -213.181 25 12.7
      vertex -213.181 25 9.5
    endloop
  endfacet
  facet normal -0.556378 0.830929 0
    outer loop
      vertex -216.181 26.732 9.5
      vertex -216.398 26.5867 12.7
      vertex -216.181 26.732 12.7
    endloop
  endfacet
  facet normal -0.556378 0.830929 0
    outer loop
      vertex -216.398 26.5867 12.7
      vertex -216.181 26.732 9.5
      vertex -216.398 26.5867 9.5
    endloop
  endfacet
  facet normal -0.83205 -0.5547 0
    outer loop
      vertex -216.768 23.7825 9.5
      vertex -216.913 24 12.7
      vertex -216.913 24 9.5
    endloop
  endfacet
  facet normal -0.83205 -0.5547 0
    outer loop
      vertex -216.913 24 12.7
      vertex -216.768 23.7825 9.5
      vertex -216.768 23.7825 12.7
    endloop
  endfacet
  facet normal -0.83205 0.5547 0
    outer loop
      vertex -216.913 26 9.5
      vertex -216.768 26.2175 12.7
      vertex -216.768 26.2175 9.5
    endloop
  endfacet
  facet normal -0.83205 0.5547 0
    outer loop
      vertex -216.768 26.2175 12.7
      vertex -216.913 26 9.5
      vertex -216.913 26 12.7
    endloop
  endfacet
  facet normal 0.750895 0.660421 0
    outer loop
      vertex -213.594 26.2175 12.7
      vertex -213.767 26.4142 9.5
      vertex -213.767 26.4142 12.7
    endloop
  endfacet
  facet normal 0.750895 0.660421 0
    outer loop
      vertex -213.767 26.4142 9.5
      vertex -213.594 26.2175 12.7
      vertex -213.594 26.2175 9.5
    endloop
  endfacet
  facet normal -0.322315 -0.946632 0
    outer loop
      vertex -215.946 23.1522 9.5
      vertex -215.699 23.0681 12.7
      vertex -215.946 23.1522 12.7
    endloop
  endfacet
  facet normal -0.322315 -0.946632 -0
    outer loop
      vertex -215.699 23.0681 12.7
      vertex -215.946 23.1522 9.5
      vertex -215.699 23.0681 9.5
    endloop
  endfacet
  facet normal -0.442015 -0.897008 0
    outer loop
      vertex -216.181 23.268 9.5
      vertex -215.946 23.1522 12.7
      vertex -216.181 23.268 12.7
    endloop
  endfacet
  facet normal -0.442015 -0.897008 -0
    outer loop
      vertex -215.946 23.1522 12.7
      vertex -216.181 23.268 9.5
      vertex -215.946 23.1522 9.5
    endloop
  endfacet
  facet normal -0.750895 0.660421 0
    outer loop
      vertex -216.768 26.2175 9.5
      vertex -216.595 26.4142 12.7
      vertex -216.595 26.4142 9.5
    endloop
  endfacet
  facet normal -0.750895 0.660421 0
    outer loop
      vertex -216.595 26.4142 12.7
      vertex -216.768 26.2175 9.5
      vertex -216.768 26.2175 12.7
    endloop
  endfacet
  facet normal -0.0653771 -0.997861 0
    outer loop
      vertex -215.442 23.0171 9.5
      vertex -215.181 23 12.7
      vertex -215.442 23.0171 12.7
    endloop
  endfacet
  facet normal -0.0653771 -0.997861 -0
    outer loop
      vertex -215.181 23 12.7
      vertex -215.442 23.0171 9.5
      vertex -215.181 23 9.5
    endloop
  endfacet
  facet normal -0.658775 0.75234 0
    outer loop
      vertex -216.398 26.5867 9.5
      vertex -216.595 26.4142 12.7
      vertex -216.398 26.5867 12.7
    endloop
  endfacet
  facet normal -0.658775 0.75234 0
    outer loop
      vertex -216.595 26.4142 12.7
      vertex -216.398 26.5867 9.5
      vertex -216.595 26.4142 9.5
    endloop
  endfacet
  facet normal 0.997887 -0.0649716 0
    outer loop
      vertex -213.198 24.7389 12.7
      vertex -213.181 25 9.5
      vertex -213.181 25 12.7
    endloop
  endfacet
  facet normal 0.997887 -0.0649716 0
    outer loop
      vertex -213.181 25 9.5
      vertex -213.198 24.7389 12.7
      vertex -213.198 24.7389 9.5
    endloop
  endfacet
  facet normal 0.660671 -0.750676 0
    outer loop
      vertex -213.963 23.4133 9.5
      vertex -213.767 23.5858 12.7
      vertex -213.963 23.4133 12.7
    endloop
  endfacet
  facet normal 0.660671 -0.750676 0
    outer loop
      vertex -213.767 23.5858 12.7
      vertex -213.963 23.4133 9.5
      vertex -213.767 23.5858 9.5
    endloop
  endfacet
  facet normal 0.554612 0.832109 -0
    outer loop
      vertex -213.963 26.5867 9.5
      vertex -214.181 26.732 12.7
      vertex -213.963 26.5867 12.7
    endloop
  endfacet
  facet normal 0.554612 0.832109 0
    outer loop
      vertex -214.181 26.732 12.7
      vertex -213.963 26.5867 9.5
      vertex -214.181 26.732 9.5
    endloop
  endfacet
  facet normal -0.896405 0.443235 0
    outer loop
      vertex -217.029 25.7654 9.5
      vertex -216.913 26 12.7
      vertex -216.913 26 9.5
    endloop
  endfacet
  facet normal -0.896405 0.443235 0
    outer loop
      vertex -216.913 26 12.7
      vertex -217.029 25.7654 9.5
      vertex -217.029 25.7654 12.7
    endloop
  endfacet
  facet normal 0.0653771 -0.997861 0
    outer loop
      vertex -215.181 23 9.5
      vertex -214.92 23.0171 12.7
      vertex -215.181 23 12.7
    endloop
  endfacet
  facet normal 0.0653771 -0.997861 0
    outer loop
      vertex -214.92 23.0171 12.7
      vertex -215.181 23 9.5
      vertex -214.92 23.0171 9.5
    endloop
  endfacet
  facet normal -0.194648 -0.980873 0
    outer loop
      vertex -215.699 23.0681 9.5
      vertex -215.442 23.0171 12.7
      vertex -215.699 23.0681 12.7
    endloop
  endfacet
  facet normal -0.194648 -0.980873 -0
    outer loop
      vertex -215.442 23.0171 12.7
      vertex -215.699 23.0681 9.5
      vertex -215.442 23.0171 9.5
    endloop
  endfacet
  facet normal -0.442015 0.897008 0
    outer loop
      vertex -215.946 26.8478 9.5
      vertex -216.181 26.732 12.7
      vertex -215.946 26.8478 12.7
    endloop
  endfacet
  facet normal -0.442015 0.897008 0
    outer loop
      vertex -216.181 26.732 12.7
      vertex -215.946 26.8478 9.5
      vertex -216.181 26.732 9.5
    endloop
  endfacet
  facet normal -0.896405 -0.443235 0
    outer loop
      vertex -216.913 24 9.5
      vertex -217.029 24.2346 12.7
      vertex -217.029 24.2346 9.5
    endloop
  endfacet
  facet normal -0.896405 -0.443235 0
    outer loop
      vertex -217.029 24.2346 12.7
      vertex -216.913 24 9.5
      vertex -216.913 24 12.7
    endloop
  endfacet
  facet normal -0.980801 -0.195013 0
    outer loop
      vertex -217.113 24.4824 9.5
      vertex -217.164 24.7389 12.7
      vertex -217.164 24.7389 9.5
    endloop
  endfacet
  facet normal -0.980801 -0.195013 0
    outer loop
      vertex -217.164 24.7389 12.7
      vertex -217.113 24.4824 9.5
      vertex -217.113 24.4824 12.7
    endloop
  endfacet
  facet normal 0.980801 -0.195013 0
    outer loop
      vertex -213.249 24.4824 12.7
      vertex -213.198 24.7389 9.5
      vertex -213.198 24.7389 12.7
    endloop
  endfacet
  facet normal 0.980801 -0.195013 0
    outer loop
      vertex -213.198 24.7389 9.5
      vertex -213.249 24.4824 12.7
      vertex -213.249 24.4824 9.5
    endloop
  endfacet
  facet normal 0.194648 -0.980873 0
    outer loop
      vertex -214.92 23.0171 9.5
      vertex -214.663 23.0681 12.7
      vertex -214.92 23.0171 12.7
    endloop
  endfacet
  facet normal 0.194648 -0.980873 0
    outer loop
      vertex -214.663 23.0681 12.7
      vertex -214.92 23.0171 9.5
      vertex -214.663 23.0681 9.5
    endloop
  endfacet
  facet normal -0.194648 0.980873 0
    outer loop
      vertex -215.442 26.9829 9.5
      vertex -215.699 26.9319 12.7
      vertex -215.442 26.9829 12.7
    endloop
  endfacet
  facet normal -0.194648 0.980873 0
    outer loop
      vertex -215.699 26.9319 12.7
      vertex -215.442 26.9829 9.5
      vertex -215.699 26.9319 9.5
    endloop
  endfacet
  facet normal -0.947066 0.321039 0
    outer loop
      vertex -217.113 25.5176 9.5
      vertex -217.029 25.7654 12.7
      vertex -217.029 25.7654 9.5
    endloop
  endfacet
  facet normal -0.947066 0.321039 0
    outer loop
      vertex -217.029 25.7654 12.7
      vertex -217.113 25.5176 9.5
      vertex -217.113 25.5176 12.7
    endloop
  endfacet
  facet normal -0.750895 -0.660421 0
    outer loop
      vertex -216.595 23.5858 9.5
      vertex -216.768 23.7825 12.7
      vertex -216.768 23.7825 9.5
    endloop
  endfacet
  facet normal -0.750895 -0.660421 0
    outer loop
      vertex -216.768 23.7825 12.7
      vertex -216.595 23.5858 9.5
      vertex -216.595 23.5858 12.7
    endloop
  endfacet
  facet normal 0.83205 -0.5547 0
    outer loop
      vertex -213.594 23.7825 12.7
      vertex -213.449 24 9.5
      vertex -213.449 24 12.7
    endloop
  endfacet
  facet normal 0.83205 -0.5547 0
    outer loop
      vertex -213.449 24 9.5
      vertex -213.594 23.7825 12.7
      vertex -213.594 23.7825 9.5
    endloop
  endfacet
  facet normal 0.0653771 0.997861 -0
    outer loop
      vertex -214.92 26.9829 9.5
      vertex -215.181 27 12.7
      vertex -214.92 26.9829 12.7
    endloop
  endfacet
  facet normal 0.0653771 0.997861 0
    outer loop
      vertex -215.181 27 12.7
      vertex -214.92 26.9829 9.5
      vertex -215.181 27 9.5
    endloop
  endfacet
  facet normal 0.322315 -0.946632 0
    outer loop
      vertex -214.663 23.0681 9.5
      vertex -214.416 23.1522 12.7
      vertex -214.663 23.0681 12.7
    endloop
  endfacet
  facet normal 0.322315 -0.946632 0
    outer loop
      vertex -214.416 23.1522 12.7
      vertex -214.663 23.0681 9.5
      vertex -214.416 23.1522 9.5
    endloop
  endfacet
  facet normal 0.442015 0.897008 -0
    outer loop
      vertex -214.181 26.732 9.5
      vertex -214.416 26.8478 12.7
      vertex -214.181 26.732 12.7
    endloop
  endfacet
  facet normal 0.442015 0.897008 0
    outer loop
      vertex -214.416 26.8478 12.7
      vertex -214.181 26.732 9.5
      vertex -214.416 26.8478 9.5
    endloop
  endfacet
  facet normal 0.442015 -0.897008 0
    outer loop
      vertex -214.416 23.1522 9.5
      vertex -214.181 23.268 12.7
      vertex -214.416 23.1522 12.7
    endloop
  endfacet
  facet normal 0.442015 -0.897008 0
    outer loop
      vertex -214.181 23.268 12.7
      vertex -214.416 23.1522 9.5
      vertex -214.181 23.268 9.5
    endloop
  endfacet
  facet normal 0.896405 -0.443235 0
    outer loop
      vertex -213.449 24 12.7
      vertex -213.333 24.2346 9.5
      vertex -213.333 24.2346 12.7
    endloop
  endfacet
  facet normal 0.896405 -0.443235 0
    outer loop
      vertex -213.333 24.2346 9.5
      vertex -213.449 24 12.7
      vertex -213.449 24 9.5
    endloop
  endfacet
  facet normal 0.554612 -0.832109 0
    outer loop
      vertex -214.181 23.268 9.5
      vertex -213.963 23.4133 12.7
      vertex -214.181 23.268 12.7
    endloop
  endfacet
  facet normal 0.554612 -0.832109 0
    outer loop
      vertex -213.963 23.4133 12.7
      vertex -214.181 23.268 9.5
      vertex -213.963 23.4133 9.5
    endloop
  endfacet
  facet normal -0 0 1
    outer loop
      vertex -213.208 25.2558 12.7
      vertex -213.181 25 12.7
      vertex -213.198 25.2611 12.7
    endloop
  endfacet
  facet normal 0 0 1
    outer loop
      vertex -213.181 25 12.7
      vertex -213.208 25.2558 12.7
      vertex -213.191 25 12.7
    endloop
  endfacet
  facet normal 0 0 1
    outer loop
      vertex -213.198 25.2611 12.7
      vertex -213.208 25.2597 12.7
      vertex -213.208 25.2558 12.7
    endloop
  endfacet
  facet normal -0 0 1
    outer loop
      vertex -213.258 25.5112 12.7
      vertex -213.198 25.2611 12.7
      vertex -213.249 25.5176 12.7
    endloop
  endfacet
  facet normal 0 0 1
    outer loop
      vertex -213.198 25.2611 12.7
      vertex -213.258 25.5112 12.7
      vertex -213.208 25.2597 12.7
    endloop
  endfacet
  facet normal 0 0 1
    outer loop
      vertex -213.249 25.5176 12.7
      vertex -213.259 25.515 12.7
      vertex -213.258 25.5112 12.7
    endloop
  endfacet
  facet normal 0 0 1
    outer loop
      vertex -213.249 25.5176 12.7
      vertex -213.26 25.5188 12.7
      vertex -213.259 25.515 12.7
    endloop
  endfacet
  facet normal 0 0 1
    outer loop
      vertex -213.333 25.7654 12.7
      vertex -213.26 25.5188 12.7
      vertex -213.249 25.5176 12.7
    endloop
  endfacet
  facet normal 0 0 1
    outer loop
      vertex -213.333 25.7654 12.7
      vertex -213.342 25.7615 12.7
      vertex -213.26 25.5188 12.7
    endloop
  endfacet
  facet normal 0 0 1
    outer loop
      vertex -213.333 25.7654 12.7
      vertex -213.344 25.7651 12.7
      vertex -213.342 25.7615 12.7
    endloop
  endfacet
  facet normal 0 0 1
    outer loop
      vertex -213.449 26 12.7
      vertex -213.344 25.7651 12.7
      vertex -213.333 25.7654 12.7
    endloop
  endfacet
  facet normal 0 0 1
    outer loop
      vertex -213.449 26 12.7
      vertex -213.458 25.995 12.7
      vertex -213.344 25.7651 12.7
    endloop
  endfacet
  facet normal -0 0 1
    outer loop
      vertex -213.6 26.2082 12.7
      vertex -213.449 26 12.7
      vertex -213.594 26.2175 12.7
    endloop
  endfacet
  facet normal 0 0 1
    outer loop
      vertex -213.449 26 12.7
      vertex -213.6 26.2082 12.7
      vertex -213.458 25.995 12.7
    endloop
  endfacet
  facet normal 0 0 1
    outer loop
      vertex -213.594 26.2175 12.7
      vertex -213.602 26.2114 12.7
      vertex -213.6 26.2082 12.7
    endloop
  endfacet
  facet normal 0 0 1
    outer loop
      vertex -213.594 26.2175 12.7
      vertex -213.605 26.2144 12.7
      vertex -213.602 26.2114 12.7
    endloop
  endfacet
  facet normal 0 0 1
    outer loop
      vertex -213.767 26.4142 12.7
      vertex -213.605 26.2144 12.7
      vertex -213.594 26.2175 12.7
    endloop
  endfacet
  facet normal 0 0 1
    outer loop
      vertex -213.767 26.4142 12.7
      vertex -213.774 26.4071 12.7
      vertex -213.605 26.2144 12.7
    endloop
  endfacet
  facet normal -0 0 1
    outer loop
      vertex -213.967 26.5762 12.7
      vertex -213.767 26.4142 12.7
      vertex -213.963 26.5867 12.7
    endloop
  endfacet
  facet normal 0 0 1
    outer loop
      vertex -213.767 26.4142 12.7
      vertex -213.967 26.5762 12.7
      vertex -213.774 26.4071 12.7
    endloop
  endfacet
  facet normal 0 0 1
    outer loop
      vertex -213.963 26.5867 12.7
      vertex -213.969 26.5788 12.7
      vertex -213.967 26.5762 12.7
    endloop
  endfacet
  facet normal 0 0 1
    outer loop
      vertex -213.963 26.5867 12.7
      vertex -213.973 26.581 12.7
      vertex -213.969 26.5788 12.7
    endloop
  endfacet
  facet normal 0 0 1
    outer loop
      vertex -214.181 26.732 12.7
      vertex -213.973 26.581 12.7
      vertex -213.963 26.5867 12.7
    endloop
  endfacet
  facet normal 0 0 1
    outer loop
      vertex -214.181 26.732 12.7
      vertex -214.186 26.7234 12.7
      vertex -213.973 26.581 12.7
    endloop
  endfacet
  facet normal -0 0 1
    outer loop
      vertex -214.416 26.8368 12.7
      vertex -214.181 26.732 12.7
      vertex -214.416 26.8478 12.7
    endloop
  endfacet
  facet normal 0 0 1
    outer loop
      vertex -214.181 26.732 12.7
      vertex -214.416 26.8368 12.7
      vertex -214.186 26.7234 12.7
    endloop
  endfacet
  facet normal 0 0 1
    outer loop
      vertex -214.416 26.8478 12.7
      vertex -214.419 26.8385 12.7
      vertex -214.416 26.8368 12.7
    endloop
  endfacet
  facet normal 0 0 1
    outer loop
      vertex -214.416 26.8478 12.7
      vertex -214.662 26.9209 12.7
      vertex -214.419 26.8385 12.7
    endloop
  endfacet
  facet normal 0 0 1
    outer loop
      vertex -214.663 26.9319 12.7
      vertex -214.662 26.9209 12.7
      vertex -214.416 26.8478 12.7
    endloop
  endfacet
  facet normal 0 0 1
    outer loop
      vertex -214.663 26.9319 12.7
      vertex -214.666 26.9222 12.7
      vertex -214.662 26.9209 12.7
    endloop
  endfacet
  facet normal 0 0 1
    outer loop
      vertex -214.663 26.9319 12.7
      vertex -214.67 26.923 12.7
      vertex -214.666 26.9222 12.7
    endloop
  endfacet
  facet normal 0 0 1
    outer loop
      vertex -214.92 26.9829 12.7
      vertex -214.67 26.923 12.7
      vertex -214.663 26.9319 12.7
    endloop
  endfacet
  facet normal 0 0 1
    outer loop
      vertex -214.92 26.9829 12.7
      vertex -214.921 26.973 12.7
      vertex -214.67 26.923 12.7
    endloop
  endfacet
  facet normal 0 0 1
    outer loop
      vertex -214.92 26.9829 12.7
      vertex -214.925 26.9732 12.7
      vertex -214.921 26.973 12.7
    endloop
  endfacet
  facet normal 0 0 1
    outer loop
      vertex -215.181 27 12.7
      vertex -214.925 26.9732 12.7
      vertex -214.92 26.9829 12.7
    endloop
  endfacet
  facet normal 0 0 1
    outer loop
      vertex -215.181 27 12.7
      vertex -215.181 26.99 12.7
      vertex -214.925 26.9732 12.7
    endloop
  endfacet
  facet normal 0 0 1
    outer loop
      vertex -215.181 27 12.7
      vertex -215.437 26.9732 12.7
      vertex -215.181 26.99 12.7
    endloop
  endfacet
  facet normal -0 0 1
    outer loop
      vertex -215.442 26.9829 12.7
      vertex -215.437 26.9732 12.7
      vertex -215.181 27 12.7
    endloop
  endfacet
  facet normal 0 0 1
    outer loop
      vertex -215.437 26.9732 12.7
      vertex -215.442 26.9829 12.7
      vertex -215.441 26.973 12.7
    endloop
  endfacet
  facet normal 0 0 1
    outer loop
      vertex -215.442 26.9829 12.7
      vertex -215.692 26.923 12.7
      vertex -215.441 26.973 12.7
    endloop
  endfacet
  facet normal -0 0 1
    outer loop
      vertex -215.699 26.9319 12.7
      vertex -215.692 26.923 12.7
      vertex -215.442 26.9829 12.7
    endloop
  endfacet
  facet normal 0 0 1
    outer loop
      vertex -215.692 26.923 12.7
      vertex -215.699 26.9319 12.7
      vertex -215.696 26.9222 12.7
    endloop
  endfacet
  facet normal 0 0 1
    outer loop
      vertex -215.699 26.9319 12.7
      vertex -215.7 26.9209 12.7
      vertex -215.696 26.9222 12.7
    endloop
  endfacet
  facet normal 0 0 1
    outer loop
      vertex -215.946 26.8478 12.7
      vertex -215.7 26.9209 12.7
      vertex -215.699 26.9319 12.7
    endloop
  endfacet
  facet normal 0 0 1
    outer loop
      vertex -215.7 26.9209 12.7
      vertex -215.946 26.8478 12.7
      vertex -215.942 26.8385 12.7
    endloop
  endfacet
  facet normal 0 0 1
    outer loop
      vertex -215.946 26.8478 12.7
      vertex -215.946 26.8368 12.7
      vertex -215.942 26.8385 12.7
    endloop
  endfacet
  facet normal 0 0 1
    outer loop
      vertex -216.181 26.732 12.7
      vertex -215.946 26.8368 12.7
      vertex -215.946 26.8478 12.7
    endloop
  endfacet
  facet normal 0 0 1
    outer loop
      vertex -215.946 26.8368 12.7
      vertex -216.181 26.732 12.7
      vertex -216.176 26.7234 12.7
    endloop
  endfacet
  facet normal 0 0 1
    outer loop
      vertex -216.181 26.732 12.7
      vertex -216.389 26.581 12.7
      vertex -216.176 26.7234 12.7
    endloop
  endfacet
  facet normal -0 0 1
    outer loop
      vertex -216.398 26.5867 12.7
      vertex -216.389 26.581 12.7
      vertex -216.181 26.732 12.7
    endloop
  endfacet
  facet normal 0 0 1
    outer loop
      vertex -216.389 26.581 12.7
      vertex -216.398 26.5867 12.7
      vertex -216.392 26.5788 12.7
    endloop
  endfacet
  facet normal 0 0 1
    outer loop
      vertex -216.398 26.5867 12.7
      vertex -216.395 26.5762 12.7
      vertex -216.392 26.5788 12.7
    endloop
  endfacet
  facet normal 0 0 1
    outer loop
      vertex -216.595 26.4142 12.7
      vertex -216.395 26.5762 12.7
      vertex -216.398 26.5867 12.7
    endloop
  endfacet
  facet normal 0 0 1
    outer loop
      vertex -216.395 26.5762 12.7
      vertex -216.595 26.4142 12.7
      vertex -216.588 26.4071 12.7
    endloop
  endfacet
  facet normal 0 0 1
    outer loop
      vertex -216.595 26.4142 12.7
      vertex -216.757 26.2144 12.7
      vertex -216.588 26.4071 12.7
    endloop
  endfacet
  facet normal -0 0 1
    outer loop
      vertex -216.768 26.2175 12.7
      vertex -216.757 26.2144 12.7
      vertex -216.595 26.4142 12.7
    endloop
  endfacet
  facet normal 0 0 1
    outer loop
      vertex -216.757 26.2144 12.7
      vertex -216.768 26.2175 12.7
      vertex -216.76 26.2114 12.7
    endloop
  endfacet
  facet normal 0 0 1
    outer loop
      vertex -216.768 26.2175 12.7
      vertex -216.762 26.2082 12.7
      vertex -216.76 26.2114 12.7
    endloop
  endfacet
  facet normal 0 0 1
    outer loop
      vertex -216.913 26 12.7
      vertex -216.762 26.2082 12.7
      vertex -216.768 26.2175 12.7
    endloop
  endfacet
  facet normal 0 0 1
    outer loop
      vertex -216.762 26.2082 12.7
      vertex -216.913 26 12.7
      vertex -216.904 25.995 12.7
    endloop
  endfacet
  facet normal 0 0 1
    outer loop
      vertex -216.913 26 12.7
      vertex -217.018 25.7651 12.7
      vertex -216.904 25.995 12.7
    endloop
  endfacet
  facet normal -0 0 1
    outer loop
      vertex -217.029 25.7654 12.7
      vertex -217.018 25.7651 12.7
      vertex -216.913 26 12.7
    endloop
  endfacet
  facet normal 0 0 1
    outer loop
      vertex -217.018 25.7651 12.7
      vertex -217.029 25.7654 12.7
      vertex -217.019 25.7615 12.7
    endloop
  endfacet
  facet normal 0 0 1
    outer loop
      vertex -217.029 25.7654 12.7
      vertex -217.102 25.5188 12.7
      vertex -217.019 25.7615 12.7
    endloop
  endfacet
  facet normal 0 0 1
    outer loop
      vertex -217.113 25.5176 12.7
      vertex -217.102 25.5188 12.7
      vertex -217.029 25.7654 12.7
    endloop
  endfacet
  facet normal 0 0 1
    outer loop
      vertex -217.102 25.5188 12.7
      vertex -217.113 25.5176 12.7
      vertex -217.103 25.515 12.7
    endloop
  endfacet
  facet normal 0 0 1
    outer loop
      vertex -217.113 25.5176 12.7
      vertex -217.104 25.5112 12.7
      vertex -217.103 25.515 12.7
    endloop
  endfacet
  facet normal 0 0 1
    outer loop
      vertex -217.164 25.2611 12.7
      vertex -217.104 25.5112 12.7
      vertex -217.113 25.5176 12.7
    endloop
  endfacet
  facet normal 0 0 1
    outer loop
      vertex -217.104 25.5112 12.7
      vertex -217.164 25.2611 12.7
      vertex -217.154 25.2597 12.7
    endloop
  endfacet
  facet normal 0 0 1
    outer loop
      vertex -217.164 25.2611 12.7
      vertex -217.154 25.2558 12.7
      vertex -217.154 25.2597 12.7
    endloop
  endfacet
  facet normal 0 0 1
    outer loop
      vertex -217.181 25 12.7
      vertex -217.154 25.2558 12.7
      vertex -217.164 25.2611 12.7
    endloop
  endfacet
  facet normal 0 0 1
    outer loop
      vertex -217.154 25.2558 12.7
      vertex -217.181 25 12.7
      vertex -217.171 25 12.7
    endloop
  endfacet
  facet normal 0 0 1
    outer loop
      vertex -213.208 24.7442 12.7
      vertex -213.181 25 12.7
      vertex -213.191 25 12.7
    endloop
  endfacet
  facet normal 0 0 1
    outer loop
      vertex -213.181 25 12.7
      vertex -213.208 24.7442 12.7
      vertex -213.198 24.7389 12.7
    endloop
  endfacet
  facet normal -0 0 1
    outer loop
      vertex -213.208 24.7403 12.7
      vertex -213.198 24.7389 12.7
      vertex -213.208 24.7442 12.7
    endloop
  endfacet
  facet normal 0 0 1
    outer loop
      vertex -213.258 24.4888 12.7
      vertex -213.198 24.7389 12.7
      vertex -213.208 24.7403 12.7
    endloop
  endfacet
  facet normal 0 0 1
    outer loop
      vertex -213.198 24.7389 12.7
      vertex -213.258 24.4888 12.7
      vertex -213.249 24.4824 12.7
    endloop
  endfacet
  facet normal -0 0 1
    outer loop
      vertex -213.259 24.485 12.7
      vertex -213.249 24.4824 12.7
      vertex -213.258 24.4888 12.7
    endloop
  endfacet
  facet normal 0 0 1
    outer loop
      vertex -213.26 24.4812 12.7
      vertex -213.249 24.4824 12.7
      vertex -213.259 24.485 12.7
    endloop
  endfacet
  facet normal -0 0 1
    outer loop
      vertex -213.26 24.4812 12.7
      vertex -213.333 24.2346 12.7
      vertex -213.249 24.4824 12.7
    endloop
  endfacet
  facet normal -0 0 1
    outer loop
      vertex -213.342 24.2385 12.7
      vertex -213.333 24.2346 12.7
      vertex -213.26 24.4812 12.7
    endloop
  endfacet
  facet normal -0 0 1
    outer loop
      vertex -213.344 24.2349 12.7
      vertex -213.333 24.2346 12.7
      vertex -213.342 24.2385 12.7
    endloop
  endfacet
  facet normal 0 0 1
    outer loop
      vertex -213.344 24.2349 12.7
      vertex -213.449 24 12.7
      vertex -213.333 24.2346 12.7
    endloop
  endfacet
  facet normal -0 0 1
    outer loop
      vertex -213.458 24.005 12.7
      vertex -213.449 24 12.7
      vertex -213.344 24.2349 12.7
    endloop
  endfacet
  facet normal 0 0 1
    outer loop
      vertex -213.6 23.7918 12.7
      vertex -213.449 24 12.7
      vertex -213.458 24.005 12.7
    endloop
  endfacet
  facet normal 0 0 1
    outer loop
      vertex -213.449 24 12.7
      vertex -213.6 23.7918 12.7
      vertex -213.594 23.7825 12.7
    endloop
  endfacet
  facet normal -0 0 1
    outer loop
      vertex -213.602 23.7886 12.7
      vertex -213.594 23.7825 12.7
      vertex -213.6 23.7918 12.7
    endloop
  endfacet
  facet normal -0 0 1
    outer loop
      vertex -213.605 23.7856 12.7
      vertex -213.594 23.7825 12.7
      vertex -213.602 23.7886 12.7
    endloop
  endfacet
  facet normal 0 0 1
    outer loop
      vertex -213.605 23.7856 12.7
      vertex -213.767 23.5858 12.7
      vertex -213.594 23.7825 12.7
    endloop
  endfacet
  facet normal -0 0 1
    outer loop
      vertex -213.774 23.5929 12.7
      vertex -213.767 23.5858 12.7
      vertex -213.605 23.7856 12.7
    endloop
  endfacet
  facet normal 0 0 1
    outer loop
      vertex -213.967 23.4238 12.7
      vertex -213.767 23.5858 12.7
      vertex -213.774 23.5929 12.7
    endloop
  endfacet
  facet normal 0 0 1
    outer loop
      vertex -213.767 23.5858 12.7
      vertex -213.967 23.4238 12.7
      vertex -213.963 23.4133 12.7
    endloop
  endfacet
  facet normal -0 0 1
    outer loop
      vertex -213.969 23.4212 12.7
      vertex -213.963 23.4133 12.7
      vertex -213.967 23.4238 12.7
    endloop
  endfacet
  facet normal -0 0 1
    outer loop
      vertex -213.973 23.419 12.7
      vertex -213.963 23.4133 12.7
      vertex -213.969 23.4212 12.7
    endloop
  endfacet
  facet normal 0 0 1
    outer loop
      vertex -213.973 23.419 12.7
      vertex -214.181 23.268 12.7
      vertex -213.963 23.4133 12.7
    endloop
  endfacet
  facet normal -0 0 1
    outer loop
      vertex -214.186 23.2766 12.7
      vertex -214.181 23.268 12.7
      vertex -213.973 23.419 12.7
    endloop
  endfacet
  facet normal 0 0 1
    outer loop
      vertex -214.416 23.1632 12.7
      vertex -214.181 23.268 12.7
      vertex -214.186 23.2766 12.7
    endloop
  endfacet
  facet normal 0 0 1
    outer loop
      vertex -214.181 23.268 12.7
      vertex -214.416 23.1632 12.7
      vertex -214.416 23.1522 12.7
    endloop
  endfacet
  facet normal -0 0 1
    outer loop
      vertex -214.419 23.1615 12.7
      vertex -214.416 23.1522 12.7
      vertex -214.416 23.1632 12.7
    endloop
  endfacet
  facet normal 0 0 1
    outer loop
      vertex -214.662 23.0791 12.7
      vertex -214.416 23.1522 12.7
      vertex -214.419 23.1615 12.7
    endloop
  endfacet
  facet normal -0 0 1
    outer loop
      vertex -214.662 23.0791 12.7
      vertex -214.663 23.0681 12.7
      vertex -214.416 23.1522 12.7
    endloop
  endfacet
  facet normal -0 0 1
    outer loop
      vertex -214.666 23.0778 12.7
      vertex -214.663 23.0681 12.7
      vertex -214.662 23.0791 12.7
    endloop
  endfacet
  facet normal -0 0 1
    outer loop
      vertex -214.67 23.077 12.7
      vertex -214.663 23.0681 12.7
      vertex -214.666 23.0778 12.7
    endloop
  endfacet
  facet normal 0 0 1
    outer loop
      vertex -214.67 23.077 12.7
      vertex -214.92 23.0171 12.7
      vertex -214.663 23.0681 12.7
    endloop
  endfacet
  facet normal -0 0 1
    outer loop
      vertex -214.921 23.027 12.7
      vertex -214.92 23.0171 12.7
      vertex -214.67 23.077 12.7
    endloop
  endfacet
  facet normal -0 0 1
    outer loop
      vertex -214.925 23.0268 12.7
      vertex -214.92 23.0171 12.7
      vertex -214.921 23.027 12.7
    endloop
  endfacet
  facet normal 0 0 1
    outer loop
      vertex -215.181 23 12.7
      vertex -214.925 23.0268 12.7
      vertex -215.181 23.01 12.7
    endloop
  endfacet
  facet normal 0 0 1
    outer loop
      vertex -214.925 23.0268 12.7
      vertex -215.181 23 12.7
      vertex -214.92 23.0171 12.7
    endloop
  endfacet
  facet normal 0 0 1
    outer loop
      vertex -215.437 23.0268 12.7
      vertex -215.181 23 12.7
      vertex -215.181 23.01 12.7
    endloop
  endfacet
  facet normal 0 0 1
    outer loop
      vertex -215.442 23.0171 12.7
      vertex -215.437 23.0268 12.7
      vertex -215.441 23.027 12.7
    endloop
  endfacet
  facet normal 0 0 1
    outer loop
      vertex -215.437 23.0268 12.7
      vertex -215.442 23.0171 12.7
      vertex -215.181 23 12.7
    endloop
  endfacet
  facet normal 0 0 1
    outer loop
      vertex -215.692 23.077 12.7
      vertex -215.442 23.0171 12.7
      vertex -215.441 23.027 12.7
    endloop
  endfacet
  facet normal 0 0 1
    outer loop
      vertex -215.699 23.0681 12.7
      vertex -215.692 23.077 12.7
      vertex -215.696 23.0778 12.7
    endloop
  endfacet
  facet normal 0 0 1
    outer loop
      vertex -215.692 23.077 12.7
      vertex -215.699 23.0681 12.7
      vertex -215.442 23.0171 12.7
    endloop
  endfacet
  facet normal 0 0 1
    outer loop
      vertex -215.7 23.0791 12.7
      vertex -215.699 23.0681 12.7
      vertex -215.696 23.0778 12.7
    endloop
  endfacet
  facet normal -0 0 1
    outer loop
      vertex -215.946 23.1522 12.7
      vertex -215.7 23.0791 12.7
      vertex -215.942 23.1615 12.7
    endloop
  endfacet
  facet normal 0 0 1
    outer loop
      vertex -215.7 23.0791 12.7
      vertex -215.946 23.1522 12.7
      vertex -215.699 23.0681 12.7
    endloop
  endfacet
  facet normal 0 0 1
    outer loop
      vertex -215.946 23.1632 12.7
      vertex -215.946 23.1522 12.7
      vertex -215.942 23.1615 12.7
    endloop
  endfacet
  facet normal -0 0 1
    outer loop
      vertex -216.181 23.268 12.7
      vertex -215.946 23.1632 12.7
      vertex -216.176 23.2766 12.7
    endloop
  endfacet
  facet normal 0 0 1
    outer loop
      vertex -215.946 23.1632 12.7
      vertex -216.181 23.268 12.7
      vertex -215.946 23.1522 12.7
    endloop
  endfacet
  facet normal 0 0 1
    outer loop
      vertex -216.389 23.419 12.7
      vertex -216.181 23.268 12.7
      vertex -216.176 23.2766 12.7
    endloop
  endfacet
  facet normal 0 0 1
    outer loop
      vertex -216.398 23.4133 12.7
      vertex -216.389 23.419 12.7
      vertex -216.392 23.4212 12.7
    endloop
  endfacet
  facet normal 0 0 1
    outer loop
      vertex -216.389 23.419 12.7
      vertex -216.398 23.4133 12.7
      vertex -216.181 23.268 12.7
    endloop
  endfacet
  facet normal 0 0 1
    outer loop
      vertex -216.395 23.4238 12.7
      vertex -216.398 23.4133 12.7
      vertex -216.392 23.4212 12.7
    endloop
  endfacet
  facet normal -0 0 1
    outer loop
      vertex -216.595 23.5858 12.7
      vertex -216.395 23.4238 12.7
      vertex -216.588 23.5929 12.7
    endloop
  endfacet
  facet normal 0 0 1
    outer loop
      vertex -216.395 23.4238 12.7
      vertex -216.595 23.5858 12.7
      vertex -216.398 23.4133 12.7
    endloop
  endfacet
  facet normal 0 0 1
    outer loop
      vertex -216.757 23.7856 12.7
      vertex -216.595 23.5858 12.7
      vertex -216.588 23.5929 12.7
    endloop
  endfacet
  facet normal 0 0 1
    outer loop
      vertex -216.768 23.7825 12.7
      vertex -216.757 23.7856 12.7
      vertex -216.76 23.7886 12.7
    endloop
  endfacet
  facet normal 0 0 1
    outer loop
      vertex -216.757 23.7856 12.7
      vertex -216.768 23.7825 12.7
      vertex -216.595 23.5858 12.7
    endloop
  endfacet
  facet normal 0 0 1
    outer loop
      vertex -216.762 23.7918 12.7
      vertex -216.768 23.7825 12.7
      vertex -216.76 23.7886 12.7
    endloop
  endfacet
  facet normal -0 0 1
    outer loop
      vertex -216.913 24 12.7
      vertex -216.762 23.7918 12.7
      vertex -216.904 24.005 12.7
    endloop
  endfacet
  facet normal 0 0 1
    outer loop
      vertex -216.762 23.7918 12.7
      vertex -216.913 24 12.7
      vertex -216.768 23.7825 12.7
    endloop
  endfacet
  facet normal 0 0 1
    outer loop
      vertex -217.018 24.2349 12.7
      vertex -216.913 24 12.7
      vertex -216.904 24.005 12.7
    endloop
  endfacet
  facet normal 0 0 1
    outer loop
      vertex -217.029 24.2346 12.7
      vertex -217.018 24.2349 12.7
      vertex -217.019 24.2385 12.7
    endloop
  endfacet
  facet normal 0 0 1
    outer loop
      vertex -217.018 24.2349 12.7
      vertex -217.029 24.2346 12.7
      vertex -216.913 24 12.7
    endloop
  endfacet
  facet normal 0 0 1
    outer loop
      vertex -217.102 24.4812 12.7
      vertex -217.029 24.2346 12.7
      vertex -217.019 24.2385 12.7
    endloop
  endfacet
  facet normal -0 0 1
    outer loop
      vertex -217.113 24.4824 12.7
      vertex -217.102 24.4812 12.7
      vertex -217.103 24.485 12.7
    endloop
  endfacet
  facet normal 0 0 1
    outer loop
      vertex -217.102 24.4812 12.7
      vertex -217.113 24.4824 12.7
      vertex -217.029 24.2346 12.7
    endloop
  endfacet
  facet normal 0 0 1
    outer loop
      vertex -217.104 24.4888 12.7
      vertex -217.113 24.4824 12.7
      vertex -217.103 24.485 12.7
    endloop
  endfacet
  facet normal -0 0 1
    outer loop
      vertex -217.164 24.7389 12.7
      vertex -217.104 24.4888 12.7
      vertex -217.154 24.7403 12.7
    endloop
  endfacet
  facet normal 0 0 1
    outer loop
      vertex -217.104 24.4888 12.7
      vertex -217.164 24.7389 12.7
      vertex -217.113 24.4824 12.7
    endloop
  endfacet
  facet normal 0 0 1
    outer loop
      vertex -217.154 24.7442 12.7
      vertex -217.164 24.7389 12.7
      vertex -217.154 24.7403 12.7
    endloop
  endfacet
  facet normal -0 0 1
    outer loop
      vertex -217.181 25 12.7
      vertex -217.154 24.7442 12.7
      vertex -217.171 25 12.7
    endloop
  endfacet
  facet normal 0 0 1
    outer loop
      vertex -217.154 24.7442 12.7
      vertex -217.181 25 12.7
      vertex -217.164 24.7389 12.7
    endloop
  endfacet
  facet normal -0.706327 0.0469412 0.706327
    outer loop
      vertex -217.171 25 12.7
      vertex -216.681 25 13.19
      vertex -217.154 25.2558 12.7
    endloop
  endfacet
  facet normal -0.634547 0.313668 0.706373
    outer loop
      vertex -217.018 25.7651 12.7
      vertex -216.567 25.574 13.19
      vertex -216.48 25.75 13.19
    endloop
  endfacet
  facet normal -0.684311 0.190086 0.703979
    outer loop
      vertex -216.567 25.574 13.19
      vertex -217.018 25.7651 12.7
      vertex -217.019 25.7615 12.7
    endloop
  endfacet
  facet normal 0.532417 0.466936 0.706047
    outer loop
      vertex -214.12 26.0607 13.19
      vertex -213.605 26.2144 12.7
      vertex -213.774 26.4071 12.7
    endloop
  endfacet
  facet normal 0.670463 -0.226526 0.706517
    outer loop
      vertex -213.795 24.426 13.19
      vertex -213.342 24.2385 12.7
      vertex -213.26 24.4812 12.7
    endloop
  endfacet
  facet normal -0.313094 -0.634845 0.706359
    outer loop
      vertex -215.946 23.1632 12.7
      vertex -215.755 23.6142 13.19
      vertex -215.931 23.701 13.19
    endloop
  endfacet
  facet normal -0.276641 -0.65092 0.706946
    outer loop
      vertex -215.755 23.6142 13.19
      vertex -215.946 23.1632 12.7
      vertex -215.942 23.1615 12.7
    endloop
  endfacet
  facet normal -0.466671 0.532629 0.706063
    outer loop
      vertex -216.588 26.4071 12.7
      vertex -216.242 26.0607 13.19
      vertex -216.395 26.5762 12.7
    endloop
  endfacet
  facet normal -0.634547 -0.313668 0.706373
    outer loop
      vertex -216.567 24.426 13.19
      vertex -217.018 24.2349 12.7
      vertex -216.48 24.25 13.19
    endloop
  endfacet
  facet normal -0.684311 -0.190086 0.703979
    outer loop
      vertex -217.018 24.2349 12.7
      vertex -216.567 24.426 13.19
      vertex -217.019 24.2385 12.7
    endloop
  endfacet
  facet normal -0.589297 -0.392496 0.70617
    outer loop
      vertex -216.904 24.005 12.7
      vertex -216.762 23.7918 12.7
      vertex -216.48 24.25 13.19
    endloop
  endfacet
  facet normal 0.670463 0.226526 0.706517
    outer loop
      vertex -213.795 25.574 13.19
      vertex -213.26 25.5188 12.7
      vertex -213.342 25.7615 12.7
    endloop
  endfacet
  facet normal -0.393462 -0.588388 0.70639
    outer loop
      vertex -216.094 23.81 13.19
      vertex -216.389 23.419 12.7
      vertex -215.931 23.701 13.19
    endloop
  endfacet
  facet normal -0.418261 -0.570356 0.706931
    outer loop
      vertex -216.389 23.419 12.7
      vertex -216.094 23.81 13.19
      vertex -216.392 23.4212 12.7
    endloop
  endfacet
  facet normal -0.465759 -0.53312 0.706294
    outer loop
      vertex -216.395 23.4238 12.7
      vertex -216.094 23.81 13.19
      vertex -216.242 23.9393 13.19
    endloop
  endfacet
  facet normal -0.463588 -0.534909 0.706371
    outer loop
      vertex -216.094 23.81 13.19
      vertex -216.395 23.4238 12.7
      vertex -216.392 23.4212 12.7
    endloop
  endfacet
  facet normal -0.463588 0.534909 0.706371
    outer loop
      vertex -216.395 26.5762 12.7
      vertex -216.094 26.19 13.19
      vertex -216.392 26.5788 12.7
    endloop
  endfacet
  facet normal -0.465759 0.53312 0.706294
    outer loop
      vertex -216.094 26.19 13.19
      vertex -216.395 26.5762 12.7
      vertex -216.242 26.0607 13.19
    endloop
  endfacet
  facet normal 0.589297 -0.392496 0.70617
    outer loop
      vertex -213.882 24.25 13.19
      vertex -213.6 23.7918 12.7
      vertex -213.458 24.005 12.7
    endloop
  endfacet
  facet normal -0.228193 0.670179 0.706249
    outer loop
      vertex -215.942 26.8385 12.7
      vertex -215.755 26.3858 13.19
      vertex -215.7 26.9209 12.7
    endloop
  endfacet
  facet normal -0.313015 -0.634864 0.706378
    outer loop
      vertex -216.176 23.2766 12.7
      vertex -215.946 23.1632 12.7
      vertex -215.931 23.701 13.19
    endloop
  endfacet
  facet normal -0.634337 -0.314548 0.70617
    outer loop
      vertex -217.018 24.2349 12.7
      vertex -216.904 24.005 12.7
      vertex -216.48 24.25 13.19
    endloop
  endfacet
  facet normal 0 0 1
    outer loop
      vertex -213.694 25.1958 13.19
      vertex -213.694 24.8042 13.19
      vertex -213.681 25 13.19
    endloop
  endfacet
  facet normal 0 0 1
    outer loop
      vertex -213.732 25.3882 13.19
      vertex -213.694 24.8042 13.19
      vertex -213.694 25.1958 13.19
    endloop
  endfacet
  facet normal 0 0 1
    outer loop
      vertex -213.732 25.3882 13.19
      vertex -213.732 24.6118 13.19
      vertex -213.694 24.8042 13.19
    endloop
  endfacet
  facet normal 0 0 1
    outer loop
      vertex -213.795 25.574 13.19
      vertex -213.732 24.6118 13.19
      vertex -213.732 25.3882 13.19
    endloop
  endfacet
  facet normal 0 0 1
    outer loop
      vertex -213.795 25.574 13.19
      vertex -213.795 24.426 13.19
      vertex -213.732 24.6118 13.19
    endloop
  endfacet
  facet normal 0 0 1
    outer loop
      vertex -213.882 25.75 13.19
      vertex -213.795 24.426 13.19
      vertex -213.795 25.574 13.19
    endloop
  endfacet
  facet normal 0 0 1
    outer loop
      vertex -213.882 25.75 13.19
      vertex -213.882 24.25 13.19
      vertex -213.795 24.426 13.19
    endloop
  endfacet
  facet normal 0 0 1
    outer loop
      vertex -213.991 25.9131 13.19
      vertex -213.882 24.25 13.19
      vertex -213.882 25.75 13.19
    endloop
  endfacet
  facet normal 0 0 1
    outer loop
      vertex -213.991 25.9131 13.19
      vertex -213.991 24.0869 13.19
      vertex -213.882 24.25 13.19
    endloop
  endfacet
  facet normal 0 0 1
    outer loop
      vertex -214.12 26.0607 13.19
      vertex -213.991 24.0869 13.19
      vertex -213.991 25.9131 13.19
    endloop
  endfacet
  facet normal 0 0 1
    outer loop
      vertex -214.12 26.0607 13.19
      vertex -214.12 23.9393 13.19
      vertex -213.991 24.0869 13.19
    endloop
  endfacet
  facet normal 0 0 1
    outer loop
      vertex -214.268 26.19 13.19
      vertex -214.12 23.9393 13.19
      vertex -214.12 26.0607 13.19
    endloop
  endfacet
  facet normal 0 0 1
    outer loop
      vertex -214.268 26.19 13.19
      vertex -214.268 23.81 13.19
      vertex -214.12 23.9393 13.19
    endloop
  endfacet
  facet normal 0 0 1
    outer loop
      vertex -214.431 26.299 13.19
      vertex -214.268 23.81 13.19
      vertex -214.268 26.19 13.19
    endloop
  endfacet
  facet normal 0 0 1
    outer loop
      vertex -214.431 26.299 13.19
      vertex -214.431 23.701 13.19
      vertex -214.268 23.81 13.19
    endloop
  endfacet
  facet normal 0 0 1
    outer loop
      vertex -214.607 26.3858 13.19
      vertex -214.431 23.701 13.19
      vertex -214.431 26.299 13.19
    endloop
  endfacet
  facet normal 0 0 1
    outer loop
      vertex -214.607 26.3858 13.19
      vertex -214.607 23.6142 13.19
      vertex -214.431 23.701 13.19
    endloop
  endfacet
  facet normal 0 0 1
    outer loop
      vertex -214.793 26.4489 13.19
      vertex -214.607 23.6142 13.19
      vertex -214.607 26.3858 13.19
    endloop
  endfacet
  facet normal 0 0 1
    outer loop
      vertex -214.793 26.4489 13.19
      vertex -214.793 23.5511 13.19
      vertex -214.607 23.6142 13.19
    endloop
  endfacet
  facet normal 0 0 1
    outer loop
      vertex -214.985 26.4872 13.19
      vertex -214.793 23.5511 13.19
      vertex -214.793 26.4489 13.19
    endloop
  endfacet
  facet normal 0 0 1
    outer loop
      vertex -214.985 26.4872 13.19
      vertex -214.985 23.5128 13.19
      vertex -214.793 23.5511 13.19
    endloop
  endfacet
  facet normal 0 0 1
    outer loop
      vertex -215.181 26.5 13.19
      vertex -214.985 23.5128 13.19
      vertex -214.985 26.4872 13.19
    endloop
  endfacet
  facet normal 0 0 1
    outer loop
      vertex -215.181 26.5 13.19
      vertex -215.181 23.5 13.19
      vertex -214.985 23.5128 13.19
    endloop
  endfacet
  facet normal -0 0 1
    outer loop
      vertex -215.377 26.4872 13.19
      vertex -215.181 23.5 13.19
      vertex -215.181 26.5 13.19
    endloop
  endfacet
  facet normal 0 0 1
    outer loop
      vertex -215.377 26.4872 13.19
      vertex -215.377 23.5128 13.19
      vertex -215.181 23.5 13.19
    endloop
  endfacet
  facet normal -0 0 1
    outer loop
      vertex -215.569 26.4489 13.19
      vertex -215.377 23.5128 13.19
      vertex -215.377 26.4872 13.19
    endloop
  endfacet
  facet normal 0 0 1
    outer loop
      vertex -215.569 26.4489 13.19
      vertex -215.569 23.5511 13.19
      vertex -215.377 23.5128 13.19
    endloop
  endfacet
  facet normal -0 0 1
    outer loop
      vertex -215.755 26.3858 13.19
      vertex -215.569 23.5511 13.19
      vertex -215.569 26.4489 13.19
    endloop
  endfacet
  facet normal 0 0 1
    outer loop
      vertex -215.755 26.3858 13.19
      vertex -215.755 23.6142 13.19
      vertex -215.569 23.5511 13.19
    endloop
  endfacet
  facet normal -0 0 1
    outer loop
      vertex -215.931 26.299 13.19
      vertex -215.755 23.6142 13.19
      vertex -215.755 26.3858 13.19
    endloop
  endfacet
  facet normal 0 0 1
    outer loop
      vertex -215.931 26.299 13.19
      vertex -215.931 23.701 13.19
      vertex -215.755 23.6142 13.19
    endloop
  endfacet
  facet normal -0 0 1
    outer loop
      vertex -216.094 26.19 13.19
      vertex -215.931 23.701 13.19
      vertex -215.931 26.299 13.19
    endloop
  endfacet
  facet normal 0 0 1
    outer loop
      vertex -216.094 26.19 13.19
      vertex -216.094 23.81 13.19
      vertex -215.931 23.701 13.19
    endloop
  endfacet
  facet normal -0 0 1
    outer loop
      vertex -216.242 26.0607 13.19
      vertex -216.094 23.81 13.19
      vertex -216.094 26.19 13.19
    endloop
  endfacet
  facet normal 0 0 1
    outer loop
      vertex -216.242 26.0607 13.19
      vertex -216.242 23.9393 13.19
      vertex -216.094 23.81 13.19
    endloop
  endfacet
  facet normal -0 0 1
    outer loop
      vertex -216.371 25.9131 13.19
      vertex -216.242 23.9393 13.19
      vertex -216.242 26.0607 13.19
    endloop
  endfacet
  facet normal 0 0 1
    outer loop
      vertex -216.371 25.9131 13.19
      vertex -216.371 24.0869 13.19
      vertex -216.242 23.9393 13.19
    endloop
  endfacet
  facet normal -0 0 1
    outer loop
      vertex -216.48 25.75 13.19
      vertex -216.371 24.0869 13.19
      vertex -216.371 25.9131 13.19
    endloop
  endfacet
  facet normal 0 0 1
    outer loop
      vertex -216.48 25.75 13.19
      vertex -216.48 24.25 13.19
      vertex -216.371 24.0869 13.19
    endloop
  endfacet
  facet normal -0 0 1
    outer loop
      vertex -216.567 25.574 13.19
      vertex -216.48 24.25 13.19
      vertex -216.48 25.75 13.19
    endloop
  endfacet
  facet normal 0 0 1
    outer loop
      vertex -216.567 25.574 13.19
      vertex -216.567 24.426 13.19
      vertex -216.48 24.25 13.19
    endloop
  endfacet
  facet normal -0 0 1
    outer loop
      vertex -216.63 25.3882 13.19
      vertex -216.567 24.426 13.19
      vertex -216.567 25.574 13.19
    endloop
  endfacet
  facet normal 0 0 1
    outer loop
      vertex -216.63 25.3882 13.19
      vertex -216.63 24.6118 13.19
      vertex -216.567 24.426 13.19
    endloop
  endfacet
  facet normal -0 0 1
    outer loop
      vertex -216.668 25.1958 13.19
      vertex -216.63 24.6118 13.19
      vertex -216.63 25.3882 13.19
    endloop
  endfacet
  facet normal 0 0 1
    outer loop
      vertex -216.668 25.1958 13.19
      vertex -216.668 24.8042 13.19
      vertex -216.63 24.6118 13.19
    endloop
  endfacet
  facet normal 0 -0 1
    outer loop
      vertex -216.668 24.8042 13.19
      vertex -216.668 25.1958 13.19
      vertex -216.681 25 13.19
    endloop
  endfacet
  facet normal -0.589297 0.392496 0.70617
    outer loop
      vertex -216.904 25.995 12.7
      vertex -216.48 25.75 13.19
      vertex -216.762 26.2082 12.7
    endloop
  endfacet
  facet normal -0.694149 0.138002 0.706479
    outer loop
      vertex -217.154 25.2597 12.7
      vertex -216.668 25.1958 13.19
      vertex -217.104 25.5112 12.7
    endloop
  endfacet
  facet normal 0.138293 0.69423 0.706342
    outer loop
      vertex -214.985 26.4872 13.19
      vertex -214.67 26.923 12.7
      vertex -214.921 26.973 12.7
    endloop
  endfacet
  facet normal 0.706327 0.0469412 0.706327
    outer loop
      vertex -213.681 25 13.19
      vertex -213.191 25 12.7
      vertex -213.208 25.2558 12.7
    endloop
  endfacet
  facet normal -0.533008 0.465841 0.706325
    outer loop
      vertex -216.757 26.2144 12.7
      vertex -216.371 25.9131 13.19
      vertex -216.242 26.0607 13.19
    endloop
  endfacet
  facet normal -0.502048 0.502048 0.704199
    outer loop
      vertex -216.371 25.9131 13.19
      vertex -216.757 26.2144 12.7
      vertex -216.76 26.2114 12.7
    endloop
  endfacet
  facet normal 0.589297 0.392496 0.70617
    outer loop
      vertex -213.882 25.75 13.19
      vertex -213.458 25.995 12.7
      vertex -213.6 26.2082 12.7
    endloop
  endfacet
  facet normal 0.684037 0.18001 0.706887
    outer loop
      vertex -213.732 25.3882 13.19
      vertex -213.258 25.5112 12.7
      vertex -213.259 25.515 12.7
    endloop
  endfacet
  facet normal 0.694521 0.137171 0.706275
    outer loop
      vertex -213.258 25.5112 12.7
      vertex -213.732 25.3882 13.19
      vertex -213.694 25.1958 13.19
    endloop
  endfacet
  facet normal 0.313094 -0.634845 0.706359
    outer loop
      vertex -214.607 23.6142 13.19
      vertex -214.416 23.1632 12.7
      vertex -214.431 23.701 13.19
    endloop
  endfacet
  facet normal 0.349844 -0.617371 0.704601
    outer loop
      vertex -214.416 23.1632 12.7
      vertex -214.607 23.6142 13.19
      vertex -214.419 23.1615 12.7
    endloop
  endfacet
  facet normal -0.138469 0.694151 0.706385
    outer loop
      vertex -215.692 26.923 12.7
      vertex -215.569 26.4489 13.19
      vertex -215.377 26.4872 13.19
    endloop
  endfacet
  facet normal -0.138814 0.694072 0.706395
    outer loop
      vertex -215.569 26.4489 13.19
      vertex -215.692 26.923 12.7
      vertex -215.696 26.9222 12.7
    endloop
  endfacet
  facet normal -0.588471 -0.393276 0.706425
    outer loop
      vertex -216.762 23.7918 12.7
      vertex -216.371 24.0869 13.19
      vertex -216.48 24.25 13.19
    endloop
  endfacet
  facet normal -0.600869 -0.375543 0.705638
    outer loop
      vertex -216.371 24.0869 13.19
      vertex -216.762 23.7918 12.7
      vertex -216.76 23.7886 12.7
    endloop
  endfacet
  facet normal 0.684037 0.18001 0.706887
    outer loop
      vertex -213.26 25.5188 12.7
      vertex -213.732 25.3882 13.19
      vertex -213.259 25.515 12.7
    endloop
  endfacet
  facet normal 0.670382 0.227309 0.706341
    outer loop
      vertex -213.732 25.3882 13.19
      vertex -213.26 25.5188 12.7
      vertex -213.795 25.574 13.19
    endloop
  endfacet
  facet normal 0.694149 -0.138002 0.706479
    outer loop
      vertex -213.694 24.8042 13.19
      vertex -213.258 24.4888 12.7
      vertex -213.208 24.7403 12.7
    endloop
  endfacet
  facet normal 0.342593 0.622896 0.7033
    outer loop
      vertex -213.973 26.581 12.7
      vertex -214.268 26.19 13.19
      vertex -213.969 26.5788 12.7
    endloop
  endfacet
  facet normal 0.393462 0.588388 0.70639
    outer loop
      vertex -214.268 26.19 13.19
      vertex -213.973 26.581 12.7
      vertex -214.431 26.299 13.19
    endloop
  endfacet
  facet normal 0.532417 -0.466936 0.706047
    outer loop
      vertex -214.12 23.9393 13.19
      vertex -213.774 23.5929 12.7
      vertex -213.605 23.7856 12.7
    endloop
  endfacet
  facet normal -0.532417 0.466936 0.706047
    outer loop
      vertex -216.757 26.2144 12.7
      vertex -216.242 26.0607 13.19
      vertex -216.588 26.4071 12.7
    endloop
  endfacet
  facet normal 0.393405 0.588449 0.706371
    outer loop
      vertex -214.431 26.299 13.19
      vertex -213.973 26.581 12.7
      vertex -214.186 26.7234 12.7
    endloop
  endfacet
  facet normal -0.313015 0.634864 0.706378
    outer loop
      vertex -216.176 26.7234 12.7
      vertex -215.931 26.299 13.19
      vertex -215.946 26.8368 12.7
    endloop
  endfacet
  facet normal -0.670382 0.227309 0.706341
    outer loop
      vertex -217.102 25.5188 12.7
      vertex -216.63 25.3882 13.19
      vertex -216.567 25.574 13.19
    endloop
  endfacet
  facet normal -0.684037 0.18001 0.706887
    outer loop
      vertex -216.63 25.3882 13.19
      vertex -217.102 25.5188 12.7
      vertex -217.103 25.515 12.7
    endloop
  endfacet
  facet normal 0.466671 0.532629 0.706063
    outer loop
      vertex -214.12 26.0607 13.19
      vertex -213.774 26.4071 12.7
      vertex -213.967 26.5762 12.7
    endloop
  endfacet
  facet normal 0.706327 -0.0469412 0.706327
    outer loop
      vertex -213.681 25 13.19
      vertex -213.208 24.7442 12.7
      vertex -213.191 25 12.7
    endloop
  endfacet
  facet normal 0.227286 0.670272 0.706453
    outer loop
      vertex -214.662 26.9209 12.7
      vertex -214.607 26.3858 13.19
      vertex -214.419 26.8385 12.7
    endloop
  endfacet
  facet normal -0.706327 -0.0469412 0.706327
    outer loop
      vertex -217.171 25 12.7
      vertex -217.154 24.7442 12.7
      vertex -216.681 25 13.19
    endloop
  endfacet
  facet normal 0.694149 0.138002 0.706479
    outer loop
      vertex -213.694 25.1958 13.19
      vertex -213.208 25.2597 12.7
      vertex -213.258 25.5112 12.7
    endloop
  endfacet
  facet normal -0.634337 0.314548 0.70617
    outer loop
      vertex -217.018 25.7651 12.7
      vertex -216.48 25.75 13.19
      vertex -216.904 25.995 12.7
    endloop
  endfacet
  facet normal 0.138814 -0.694072 0.706395
    outer loop
      vertex -214.793 23.5511 13.19
      vertex -214.67 23.077 12.7
      vertex -214.666 23.0778 12.7
    endloop
  endfacet
  facet normal 0.138469 -0.694151 0.706385
    outer loop
      vertex -214.67 23.077 12.7
      vertex -214.793 23.5511 13.19
      vertex -214.985 23.5128 13.19
    endloop
  endfacet
  facet normal 0.466671 -0.532629 0.706063
    outer loop
      vertex -214.12 23.9393 13.19
      vertex -213.967 23.4238 12.7
      vertex -213.774 23.5929 12.7
    endloop
  endfacet
  facet normal -0.138469 -0.694151 0.706385
    outer loop
      vertex -215.569 23.5511 13.19
      vertex -215.692 23.077 12.7
      vertex -215.377 23.5128 13.19
    endloop
  endfacet
  facet normal -0.138814 -0.694072 0.706395
    outer loop
      vertex -215.692 23.077 12.7
      vertex -215.569 23.5511 13.19
      vertex -215.696 23.0778 12.7
    endloop
  endfacet
  facet normal -0.228193 -0.670179 0.706249
    outer loop
      vertex -215.942 23.1615 12.7
      vertex -215.7 23.0791 12.7
      vertex -215.755 23.6142 13.19
    endloop
  endfacet
  facet normal -0.393405 -0.588449 0.706371
    outer loop
      vertex -216.389 23.419 12.7
      vertex -216.176 23.2766 12.7
      vertex -215.931 23.701 13.19
    endloop
  endfacet
  facet normal 0.046354 0.706347 0.706347
    outer loop
      vertex -215.181 26.5 13.19
      vertex -214.925 26.9732 12.7
      vertex -215.181 26.99 12.7
    endloop
  endfacet
  facet normal -0.046354 0.706347 0.706347
    outer loop
      vertex -215.437 26.9732 12.7
      vertex -215.181 26.5 13.19
      vertex -215.181 26.99 12.7
    endloop
  endfacet
  facet normal -0.670188 -0.229195 0.705916
    outer loop
      vertex -217.102 24.4812 12.7
      vertex -217.019 24.2385 12.7
      vertex -216.567 24.426 13.19
    endloop
  endfacet
  facet normal 0.619985 -0.344436 0.70497
    outer loop
      vertex -213.795 24.426 13.19
      vertex -213.344 24.2349 12.7
      vertex -213.342 24.2385 12.7
    endloop
  endfacet
  facet normal 0.634547 -0.313668 0.706373
    outer loop
      vertex -213.344 24.2349 12.7
      vertex -213.795 24.426 13.19
      vertex -213.882 24.25 13.19
    endloop
  endfacet
  facet normal 0.138814 0.694072 0.706395
    outer loop
      vertex -214.67 26.923 12.7
      vertex -214.793 26.4489 13.19
      vertex -214.666 26.9222 12.7
    endloop
  endfacet
  facet normal 0.138469 0.694151 0.706385
    outer loop
      vertex -214.793 26.4489 13.19
      vertex -214.67 26.923 12.7
      vertex -214.985 26.4872 13.19
    endloop
  endfacet
  facet normal -0.670382 -0.227309 0.706341
    outer loop
      vertex -216.63 24.6118 13.19
      vertex -217.102 24.4812 12.7
      vertex -216.567 24.426 13.19
    endloop
  endfacet
  facet normal -0.684037 -0.18001 0.706887
    outer loop
      vertex -217.102 24.4812 12.7
      vertex -216.63 24.6118 13.19
      vertex -217.103 24.485 12.7
    endloop
  endfacet
  facet normal -0.218696 0.672909 0.706658
    outer loop
      vertex -215.7 26.9209 12.7
      vertex -215.569 26.4489 13.19
      vertex -215.696 26.9222 12.7
    endloop
  endfacet
  facet normal -0.227385 0.670262 0.706431
    outer loop
      vertex -215.569 26.4489 13.19
      vertex -215.7 26.9209 12.7
      vertex -215.755 26.3858 13.19
    endloop
  endfacet
  facet normal -0.466671 -0.532629 0.706063
    outer loop
      vertex -216.588 23.5929 12.7
      vertex -216.395 23.4238 12.7
      vertex -216.242 23.9393 13.19
    endloop
  endfacet
  facet normal 0.634337 0.314548 0.70617
    outer loop
      vertex -213.882 25.75 13.19
      vertex -213.344 25.7651 12.7
      vertex -213.458 25.995 12.7
    endloop
  endfacet
  facet normal 0.0353693 0.707386 0.705942
    outer loop
      vertex -214.925 26.9732 12.7
      vertex -214.985 26.4872 13.19
      vertex -214.921 26.973 12.7
    endloop
  endfacet
  facet normal 0.0461331 0.706413 0.706295
    outer loop
      vertex -214.985 26.4872 13.19
      vertex -214.925 26.9732 12.7
      vertex -215.181 26.5 13.19
    endloop
  endfacet
  facet normal 0.218696 0.672909 0.706658
    outer loop
      vertex -214.793 26.4489 13.19
      vertex -214.662 26.9209 12.7
      vertex -214.666 26.9222 12.7
    endloop
  endfacet
  facet normal 0.227385 0.670262 0.706431
    outer loop
      vertex -214.662 26.9209 12.7
      vertex -214.793 26.4489 13.19
      vertex -214.607 26.3858 13.19
    endloop
  endfacet
  facet normal -0.0461331 0.706413 0.706295
    outer loop
      vertex -215.437 26.9732 12.7
      vertex -215.377 26.4872 13.19
      vertex -215.181 26.5 13.19
    endloop
  endfacet
  facet normal -0.0353693 0.707386 0.705942
    outer loop
      vertex -215.377 26.4872 13.19
      vertex -215.437 26.9732 12.7
      vertex -215.441 26.973 12.7
    endloop
  endfacet
  facet normal 0.619985 0.344436 0.70497
    outer loop
      vertex -213.344 25.7651 12.7
      vertex -213.795 25.574 13.19
      vertex -213.342 25.7615 12.7
    endloop
  endfacet
  facet normal 0.634547 0.313668 0.706373
    outer loop
      vertex -213.795 25.574 13.19
      vertex -213.344 25.7651 12.7
      vertex -213.882 25.75 13.19
    endloop
  endfacet
  facet normal -0.0353693 -0.707386 0.705942
    outer loop
      vertex -215.437 23.0268 12.7
      vertex -215.377 23.5128 13.19
      vertex -215.441 23.027 12.7
    endloop
  endfacet
  facet normal -0.0461331 -0.706413 0.706295
    outer loop
      vertex -215.377 23.5128 13.19
      vertex -215.437 23.0268 12.7
      vertex -215.181 23.5 13.19
    endloop
  endfacet
  facet normal 0.0461331 -0.706413 0.706295
    outer loop
      vertex -214.925 23.0268 12.7
      vertex -214.985 23.5128 13.19
      vertex -215.181 23.5 13.19
    endloop
  endfacet
  facet normal 0.0353693 -0.707386 0.705942
    outer loop
      vertex -214.985 23.5128 13.19
      vertex -214.925 23.0268 12.7
      vertex -214.921 23.027 12.7
    endloop
  endfacet
  facet normal 0.342593 -0.622896 0.7033
    outer loop
      vertex -214.268 23.81 13.19
      vertex -213.973 23.419 12.7
      vertex -213.969 23.4212 12.7
    endloop
  endfacet
  facet normal 0.393462 -0.588388 0.70639
    outer loop
      vertex -213.973 23.419 12.7
      vertex -214.268 23.81 13.19
      vertex -214.431 23.701 13.19
    endloop
  endfacet
  facet normal 0.313015 -0.634864 0.706378
    outer loop
      vertex -214.431 23.701 13.19
      vertex -214.416 23.1632 12.7
      vertex -214.186 23.2766 12.7
    endloop
  endfacet
  facet normal 0.502048 -0.502048 0.704199
    outer loop
      vertex -213.991 24.0869 13.19
      vertex -213.605 23.7856 12.7
      vertex -213.602 23.7886 12.7
    endloop
  endfacet
  facet normal 0.533008 -0.465841 0.706325
    outer loop
      vertex -213.605 23.7856 12.7
      vertex -213.991 24.0869 13.19
      vertex -214.12 23.9393 13.19
    endloop
  endfacet
  facet normal 0.349844 0.617371 0.704601
    outer loop
      vertex -214.607 26.3858 13.19
      vertex -214.416 26.8368 12.7
      vertex -214.419 26.8385 12.7
    endloop
  endfacet
  facet normal 0.313094 0.634845 0.706359
    outer loop
      vertex -214.416 26.8368 12.7
      vertex -214.607 26.3858 13.19
      vertex -214.431 26.299 13.19
    endloop
  endfacet
  facet normal -0.393405 0.588449 0.706371
    outer loop
      vertex -216.389 26.581 12.7
      vertex -215.931 26.299 13.19
      vertex -216.176 26.7234 12.7
    endloop
  endfacet
  facet normal -0.600869 0.375543 0.705638
    outer loop
      vertex -216.762 26.2082 12.7
      vertex -216.371 25.9131 13.19
      vertex -216.76 26.2114 12.7
    endloop
  endfacet
  facet normal -0.588471 0.393276 0.706425
    outer loop
      vertex -216.371 25.9131 13.19
      vertex -216.762 26.2082 12.7
      vertex -216.48 25.75 13.19
    endloop
  endfacet
  facet normal -0.393462 0.588388 0.70639
    outer loop
      vertex -216.389 26.581 12.7
      vertex -216.094 26.19 13.19
      vertex -215.931 26.299 13.19
    endloop
  endfacet
  facet normal -0.418261 0.570356 0.706931
    outer loop
      vertex -216.094 26.19 13.19
      vertex -216.389 26.581 12.7
      vertex -216.392 26.5788 12.7
    endloop
  endfacet
  facet normal -0.684037 0.18001 0.706887
    outer loop
      vertex -217.104 25.5112 12.7
      vertex -216.63 25.3882 13.19
      vertex -217.103 25.515 12.7
    endloop
  endfacet
  facet normal -0.694521 0.137171 0.706275
    outer loop
      vertex -216.63 25.3882 13.19
      vertex -217.104 25.5112 12.7
      vertex -216.668 25.1958 13.19
    endloop
  endfacet
  facet normal -0.670188 0.229195 0.705916
    outer loop
      vertex -217.102 25.5188 12.7
      vertex -216.567 25.574 13.19
      vertex -217.019 25.7615 12.7
    endloop
  endfacet
  facet normal 0.046354 -0.706347 0.706347
    outer loop
      vertex -215.181 23.01 12.7
      vertex -214.925 23.0268 12.7
      vertex -215.181 23.5 13.19
    endloop
  endfacet
  facet normal -0.276641 0.65092 0.706946
    outer loop
      vertex -215.946 26.8368 12.7
      vertex -215.755 26.3858 13.19
      vertex -215.942 26.8385 12.7
    endloop
  endfacet
  facet normal -0.313094 0.634845 0.706359
    outer loop
      vertex -215.755 26.3858 13.19
      vertex -215.946 26.8368 12.7
      vertex -215.931 26.299 13.19
    endloop
  endfacet
  facet normal -0.532417 -0.466936 0.706047
    outer loop
      vertex -216.757 23.7856 12.7
      vertex -216.588 23.5929 12.7
      vertex -216.242 23.9393 13.19
    endloop
  endfacet
  facet normal -0.694149 -0.138002 0.706479
    outer loop
      vertex -217.154 24.7403 12.7
      vertex -217.104 24.4888 12.7
      vertex -216.668 24.8042 13.19
    endloop
  endfacet
  facet normal -0.706341 -0.046897 0.706317
    outer loop
      vertex -217.154 24.7442 12.7
      vertex -216.668 24.8042 13.19
      vertex -216.681 25 13.19
    endloop
  endfacet
  facet normal -0.709999 0 0.704203
    outer loop
      vertex -216.668 24.8042 13.19
      vertex -217.154 24.7442 12.7
      vertex -217.154 24.7403 12.7
    endloop
  endfacet
  facet normal -0.138293 0.69423 0.706342
    outer loop
      vertex -215.692 26.923 12.7
      vertex -215.377 26.4872 13.19
      vertex -215.441 26.973 12.7
    endloop
  endfacet
  facet normal 0.588471 -0.393276 0.706425
    outer loop
      vertex -213.991 24.0869 13.19
      vertex -213.6 23.7918 12.7
      vertex -213.882 24.25 13.19
    endloop
  endfacet
  facet normal 0.600869 -0.375543 0.705638
    outer loop
      vertex -213.6 23.7918 12.7
      vertex -213.991 24.0869 13.19
      vertex -213.602 23.7886 12.7
    endloop
  endfacet
  facet normal 0.634337 -0.314548 0.70617
    outer loop
      vertex -213.882 24.25 13.19
      vertex -213.458 24.005 12.7
      vertex -213.344 24.2349 12.7
    endloop
  endfacet
  facet normal 0.569665 0.438204 0.695313
    outer loop
      vertex -214.268 26.19 13.19
      vertex -213.967 26.5762 12.7
      vertex -213.969 26.5788 12.7
    endloop
  endfacet
  facet normal 0.465759 0.53312 0.706294
    outer loop
      vertex -213.967 26.5762 12.7
      vertex -214.268 26.19 13.19
      vertex -214.12 26.0607 13.19
    endloop
  endfacet
  facet normal 0.684037 -0.18001 0.706887
    outer loop
      vertex -213.732 24.6118 13.19
      vertex -213.26 24.4812 12.7
      vertex -213.259 24.485 12.7
    endloop
  endfacet
  facet normal 0.670382 -0.227309 0.706341
    outer loop
      vertex -213.26 24.4812 12.7
      vertex -213.732 24.6118 13.19
      vertex -213.795 24.426 13.19
    endloop
  endfacet
  facet normal 0.709999 0 0.704203
    outer loop
      vertex -213.694 25.1958 13.19
      vertex -213.208 25.2558 12.7
      vertex -213.208 25.2597 12.7
    endloop
  endfacet
  facet normal 0.706341 0.046897 0.706317
    outer loop
      vertex -213.208 25.2558 12.7
      vertex -213.694 25.1958 13.19
      vertex -213.681 25 13.19
    endloop
  endfacet
  facet normal 0.502048 0.502048 0.704199
    outer loop
      vertex -213.605 26.2144 12.7
      vertex -213.991 25.9131 13.19
      vertex -213.602 26.2114 12.7
    endloop
  endfacet
  facet normal 0.533008 0.465841 0.706325
    outer loop
      vertex -213.991 25.9131 13.19
      vertex -213.605 26.2144 12.7
      vertex -214.12 26.0607 13.19
    endloop
  endfacet
  facet normal 0.600869 0.375543 0.705638
    outer loop
      vertex -213.991 25.9131 13.19
      vertex -213.6 26.2082 12.7
      vertex -213.602 26.2114 12.7
    endloop
  endfacet
  facet normal 0.588471 0.393276 0.706425
    outer loop
      vertex -213.6 26.2082 12.7
      vertex -213.991 25.9131 13.19
      vertex -213.882 25.75 13.19
    endloop
  endfacet
  facet normal -0.046354 -0.706347 0.706347
    outer loop
      vertex -215.437 23.0268 12.7
      vertex -215.181 23.01 12.7
      vertex -215.181 23.5 13.19
    endloop
  endfacet
  facet normal 0.393405 -0.588449 0.706371
    outer loop
      vertex -214.431 23.701 13.19
      vertex -214.186 23.2766 12.7
      vertex -213.973 23.419 12.7
    endloop
  endfacet
  facet normal 0.138293 -0.69423 0.706342
    outer loop
      vertex -214.985 23.5128 13.19
      vertex -214.921 23.027 12.7
      vertex -214.67 23.077 12.7
    endloop
  endfacet
  facet normal -0.533008 -0.465841 0.706325
    outer loop
      vertex -216.371 24.0869 13.19
      vertex -216.757 23.7856 12.7
      vertex -216.242 23.9393 13.19
    endloop
  endfacet
  facet normal -0.502048 -0.502048 0.704199
    outer loop
      vertex -216.757 23.7856 12.7
      vertex -216.371 24.0869 13.19
      vertex -216.76 23.7886 12.7
    endloop
  endfacet
  facet normal 0.694521 -0.137171 0.706275
    outer loop
      vertex -213.732 24.6118 13.19
      vertex -213.258 24.4888 12.7
      vertex -213.694 24.8042 13.19
    endloop
  endfacet
  facet normal 0.684037 -0.18001 0.706887
    outer loop
      vertex -213.258 24.4888 12.7
      vertex -213.732 24.6118 13.19
      vertex -213.259 24.485 12.7
    endloop
  endfacet
  facet normal -0.138293 -0.69423 0.706342
    outer loop
      vertex -215.692 23.077 12.7
      vertex -215.441 23.027 12.7
      vertex -215.377 23.5128 13.19
    endloop
  endfacet
  facet normal -0.218696 -0.672909 0.706658
    outer loop
      vertex -215.569 23.5511 13.19
      vertex -215.7 23.0791 12.7
      vertex -215.696 23.0778 12.7
    endloop
  endfacet
  facet normal -0.227385 -0.670262 0.706431
    outer loop
      vertex -215.7 23.0791 12.7
      vertex -215.569 23.5511 13.19
      vertex -215.755 23.6142 13.19
    endloop
  endfacet
  facet normal -0.709999 0 0.704203
    outer loop
      vertex -217.154 25.2558 12.7
      vertex -216.668 25.1958 13.19
      vertex -217.154 25.2597 12.7
    endloop
  endfacet
  facet normal -0.706341 0.046897 0.706317
    outer loop
      vertex -216.668 25.1958 13.19
      vertex -217.154 25.2558 12.7
      vertex -216.681 25 13.19
    endloop
  endfacet
  facet normal -0.694521 -0.137171 0.706275
    outer loop
      vertex -217.104 24.4888 12.7
      vertex -216.63 24.6118 13.19
      vertex -216.668 24.8042 13.19
    endloop
  endfacet
  facet normal -0.684037 -0.18001 0.706887
    outer loop
      vertex -216.63 24.6118 13.19
      vertex -217.104 24.4888 12.7
      vertex -217.103 24.485 12.7
    endloop
  endfacet
  facet normal 0.313015 0.634864 0.706378
    outer loop
      vertex -214.431 26.299 13.19
      vertex -214.186 26.7234 12.7
      vertex -214.416 26.8368 12.7
    endloop
  endfacet
  facet normal 0.706341 -0.046897 0.706317
    outer loop
      vertex -213.694 24.8042 13.19
      vertex -213.208 24.7442 12.7
      vertex -213.681 25 13.19
    endloop
  endfacet
  facet normal 0.709999 0 0.704203
    outer loop
      vertex -213.208 24.7442 12.7
      vertex -213.694 24.8042 13.19
      vertex -213.208 24.7403 12.7
    endloop
  endfacet
  facet normal 0.465759 -0.53312 0.706294
    outer loop
      vertex -214.268 23.81 13.19
      vertex -213.967 23.4238 12.7
      vertex -214.12 23.9393 13.19
    endloop
  endfacet
  facet normal 0.569665 -0.438204 0.695313
    outer loop
      vertex -213.967 23.4238 12.7
      vertex -214.268 23.81 13.19
      vertex -213.969 23.4212 12.7
    endloop
  endfacet
  facet normal 0.227385 -0.670262 0.706431
    outer loop
      vertex -214.793 23.5511 13.19
      vertex -214.662 23.0791 12.7
      vertex -214.607 23.6142 13.19
    endloop
  endfacet
  facet normal 0.218696 -0.672909 0.706658
    outer loop
      vertex -214.662 23.0791 12.7
      vertex -214.793 23.5511 13.19
      vertex -214.666 23.0778 12.7
    endloop
  endfacet
  facet normal 0.227286 -0.670272 0.706453
    outer loop
      vertex -214.662 23.0791 12.7
      vertex -214.419 23.1615 12.7
      vertex -214.607 23.6142 13.19
    endloop
  endfacet
  facet normal 0 0 -1
    outer loop
      vertex -104.939 3.4 0
      vertex -103.85 5.9 0
      vertex -103.85 3.4 0
    endloop
  endfacet
  facet normal 0 0 -1
    outer loop
      vertex -105.051 3.15 0
      vertex -104.939 3.4 0
      vertex -104.964 3.32597 0
    endloop
  endfacet
  facet normal 0 0 -1
    outer loop
      vertex -105.16 2.98686 0
      vertex -104.939 3.4 0
      vertex -105.051 3.15 0
    endloop
  endfacet
  facet normal -0 0 -1
    outer loop
      vertex -104.939 3.4 0
      vertex -105.16 2.98686 0
      vertex -107.761 3.4 0
    endloop
  endfacet
  facet normal 0 0 -1
    outer loop
      vertex -107.761 3.4 0
      vertex -105.16 2.98686 0
      vertex -105.29 2.83934 0
    endloop
  endfacet
  facet normal 0 0 -1
    outer loop
      vertex -107.761 3.4 0
      vertex -105.29 2.83934 0
      vertex -105.437 2.70997 0
    endloop
  endfacet
  facet normal 0 0 -1
    outer loop
      vertex -107.761 3.4 0
      vertex -105.437 2.70997 0
      vertex -105.6 2.60096 0
    endloop
  endfacet
  facet normal 0 0 -1
    outer loop
      vertex -107.761 3.4 0
      vertex -105.6 2.60096 0
      vertex -105.776 2.51418 0
    endloop
  endfacet
  facet normal 0 0 -1
    outer loop
      vertex -107.761 3.4 0
      vertex -105.776 2.51418 0
      vertex -105.962 2.45111 0
    endloop
  endfacet
  facet normal 0 0 -1
    outer loop
      vertex -107.761 3.4 0
      vertex -105.962 2.45111 0
      vertex -106.154 2.41283 0
    endloop
  endfacet
  facet normal 0 0 -1
    outer loop
      vertex -107.761 3.4 0
      vertex -106.154 2.41283 0
      vertex -106.35 2.4 0
    endloop
  endfacet
  facet normal 0 0 -1
    outer loop
      vertex -107.761 3.4 0
      vertex -106.35 2.4 0
      vertex -106.546 2.41283 0
    endloop
  endfacet
  facet normal 0 0 -1
    outer loop
      vertex -107.761 3.4 0
      vertex -106.546 2.41283 0
      vertex -106.739 2.45111 0
    endloop
  endfacet
  facet normal 0 0 -1
    outer loop
      vertex -107.761 3.4 0
      vertex -106.739 2.45111 0
      vertex -106.924 2.51418 0
    endloop
  endfacet
  facet normal 0 0 -1
    outer loop
      vertex -107.761 3.4 0
      vertex -106.924 2.51418 0
      vertex -107.1 2.60096 0
    endloop
  endfacet
  facet normal 0 0 -1
    outer loop
      vertex -107.761 3.4 0
      vertex -107.1 2.60096 0
      vertex -107.263 2.70997 0
    endloop
  endfacet
  facet normal 0 0 -1
    outer loop
      vertex -107.761 3.4 0
      vertex -107.263 2.70997 0
      vertex -107.411 2.83934 0
    endloop
  endfacet
  facet normal 0 0 -1
    outer loop
      vertex -107.761 3.4 0
      vertex -107.411 2.83934 0
      vertex -107.54 2.98686 0
    endloop
  endfacet
  facet normal 0 0 -1
    outer loop
      vertex -107.761 3.4 0
      vertex -107.54 2.98686 0
      vertex -107.649 3.15 0
    endloop
  endfacet
  facet normal 0 0 -1
    outer loop
      vertex -107.761 3.4 0
      vertex -107.649 3.15 0
      vertex -107.736 3.32597 0
    endloop
  endfacet
  facet normal 0 0 -1
    outer loop
      vertex -104.939 3.4 0
      vertex -107.761 3.4 0
      vertex -103.85 5.9 0
    endloop
  endfacet
  facet normal 0 0 -1
    outer loop
      vertex -107.761 3.4 0
      vertex -128.85 5.9 0
      vertex -103.85 5.9 0
    endloop
  endfacet
  facet normal -0 0 -1
    outer loop
      vertex -128.85 5.9 0
      vertex -223.181 3.4 0
      vertex -128.85 7.4 0
    endloop
  endfacet
  facet normal 0 0 -1
    outer loop
      vertex -223.181 3.4 0
      vertex -128.85 5.9 0
      vertex -107.761 3.4 0
    endloop
  endfacet
  facet normal 0 0 -1
    outer loop
      vertex -102.35 7.4 0
      vertex -9.51965 3.4 0
      vertex -102.35 3.4 0
    endloop
  endfacet
  facet normal 0 0 -1
    outer loop
      vertex -9.51965 3.4 0
      vertex -102.35 7.4 0
      vertex -9.51965 31.7 0
    endloop
  endfacet
  facet normal 0 0 -1
    outer loop
      vertex -128.85 7.4 0
      vertex -9.51965 31.7 0
      vertex -102.35 7.4 0
    endloop
  endfacet
  facet normal 0 0 -1
    outer loop
      vertex -223.181 31.7 0
      vertex -128.85 7.4 0
      vertex -223.181 3.4 0
    endloop
  endfacet
  facet normal 0 0 -1
    outer loop
      vertex -128.85 7.4 0
      vertex -223.181 31.7 0
      vertex -9.51965 31.7 0
    endloop
  endfacet
  facet normal -1 0 0
    outer loop
      vertex -223.181 3.4 0
      vertex -223.181 31.7 9.5
      vertex -223.181 31.7 0
    endloop
  endfacet
  facet normal -1 -0 0
    outer loop
      vertex -223.181 31.7 9.5
      vertex -223.181 3.4 0
      vertex -223.181 3.4 9.5
    endloop
  endfacet
  facet normal 1 0 0
    outer loop
      vertex -9.51965 31.7 9.5
      vertex -9.51965 13.89 4.75
      vertex -9.51965 31.7 0
    endloop
  endfacet
  facet normal 1 0 0
    outer loop
      vertex -9.51965 31.7 9.5
      vertex -9.51965 13.8571 5.25226
      vertex -9.51965 13.89 4.75
    endloop
  endfacet
  facet normal 1 0 0
    outer loop
      vertex -9.51965 31.7 9.5
      vertex -9.51965 13.8567 5.25775
      vertex -9.51965 13.8571 5.25226
    endloop
  endfacet
  facet normal 1 0 0
    outer loop
      vertex -9.51965 31.7 9.5
      vertex -9.51965 13.8556 5.26314
      vertex -9.51965 13.8567 5.25775
    endloop
  endfacet
  facet normal 1 0 0
    outer loop
      vertex -9.51965 31.7 9.5
      vertex -9.51965 13.7575 5.75681
      vertex -9.51965 13.8556 5.26314
    endloop
  endfacet
  facet normal 1 0 0
    outer loop
      vertex -9.51965 31.7 9.5
      vertex -9.51965 13.7557 5.76201
      vertex -9.51965 13.7575 5.75681
    endloop
  endfacet
  facet normal 1 0 0
    outer loop
      vertex -9.51965 31.7 9.5
      vertex -9.51965 13.5939 6.23864
      vertex -9.51965 13.7557 5.76201
    endloop
  endfacet
  facet normal 1 0 0
    outer loop
      vertex -9.51965 31.7 9.5
      vertex -9.51965 13.3713 6.69007
      vertex -9.51965 13.5939 6.23864
    endloop
  endfacet
  facet normal 1 0 0
    outer loop
      vertex -9.51965 31.7 9.5
      vertex -9.51965 13.3688 6.695
      vertex -9.51965 13.3713 6.69007
    endloop
  endfacet
  facet normal 1 0 0
    outer loop
      vertex -9.51965 31.7 9.5
      vertex -9.51965 13.0892 7.11351
      vertex -9.51965 13.3688 6.695
    endloop
  endfacet
  facet normal 1 0 0
    outer loop
      vertex -9.51965 31.7 9.5
      vertex -9.51965 13.0861 7.11808
      vertex -9.51965 13.0892 7.11351
    endloop
  endfacet
  facet normal 1 0 0
    outer loop
      vertex -9.51965 31.7 9.5
      vertex -9.51965 12.7543 7.49652
      vertex -9.51965 13.0861 7.11808
    endloop
  endfacet
  facet normal 1 0 0
    outer loop
      vertex -9.51965 31.7 9.5
      vertex -9.51965 12.7506 7.50065
      vertex -9.51965 12.7543 7.49652
    endloop
  endfacet
  facet normal 1 0 0
    outer loop
      vertex -9.51965 31.7 9.5
      vertex -9.51965 12.7465 7.50427
      vertex -9.51965 12.7506 7.50065
    endloop
  endfacet
  facet normal 1 0 0
    outer loop
      vertex -9.51965 31.7 9.5
      vertex -9.51965 12.3681 7.83614
      vertex -9.51965 12.7465 7.50427
    endloop
  endfacet
  facet normal 1 0 0
    outer loop
      vertex -9.51965 31.7 9.5
      vertex -9.51965 12.3635 7.8392
      vertex -9.51965 12.3681 7.83614
    endloop
  endfacet
  facet normal 1 0 0
    outer loop
      vertex -9.51965 31.7 9.5
      vertex -9.51965 11.945 8.11884
      vertex -9.51965 12.3635 7.8392
    endloop
  endfacet
  facet normal 1 0 0
    outer loop
      vertex -9.51965 31.7 9.5
      vertex -9.51965 11.9401 8.12127
      vertex -9.51965 11.945 8.11884
    endloop
  endfacet
  facet normal 1 0 0
    outer loop
      vertex -9.51965 31.7 9.5
      vertex -9.51965 11.4886 8.34389
      vertex -9.51965 11.9401 8.12127
    endloop
  endfacet
  facet normal 1 0 0
    outer loop
      vertex -9.51965 31.7 9.5
      vertex -9.51965 11.012 8.50569
      vertex -9.51965 11.4886 8.34389
    endloop
  endfacet
  facet normal 1 0 0
    outer loop
      vertex -9.51965 31.7 9.5
      vertex -9.51965 11.0068 8.50745
      vertex -9.51965 11.012 8.50569
    endloop
  endfacet
  facet normal 1 0 0
    outer loop
      vertex -9.51965 31.7 9.5
      vertex -9.51965 10.5131 8.60565
      vertex -9.51965 11.0068 8.50745
    endloop
  endfacet
  facet normal 1 0 0
    outer loop
      vertex -9.51965 31.7 9.5
      vertex -9.51965 10.5077 8.60672
      vertex -9.51965 10.5131 8.60565
    endloop
  endfacet
  facet normal 1 -0 0
    outer loop
      vertex -9.51965 3.4 9.5
      vertex -9.51965 10.5077 8.60672
      vertex -9.51965 31.7 9.5
    endloop
  endfacet
  facet normal 1 0 0
    outer loop
      vertex -9.51965 10.5077 8.60672
      vertex -9.51965 3.4 9.5
      vertex -9.51965 10.5023 8.60708
    endloop
  endfacet
  facet normal 1 0 0
    outer loop
      vertex -9.51965 3.4 9.5
      vertex -9.51965 9.49774 8.60708
      vertex -9.51965 10 8.64
    endloop
  endfacet
  facet normal 1 0 0
    outer loop
      vertex -9.51965 3.4 9.5
      vertex -9.51965 9.48687 8.60565
      vertex -9.51965 9.49225 8.60672
    endloop
  endfacet
  facet normal 1 0 0
    outer loop
      vertex -9.51965 3.4 9.5
      vertex -9.51965 8.05993 8.12127
      vertex -9.51965 8.51136 8.34389
    endloop
  endfacet
  facet normal 1 0 0
    outer loop
      vertex -9.51965 3.4 9.5
      vertex -9.51965 7.63649 7.8392
      vertex -9.51965 8.055 8.11884
    endloop
  endfacet
  facet normal 1 0 0
    outer loop
      vertex -9.51965 3.4 9.5
      vertex -9.51965 7.25348 7.50427
      vertex -9.51965 7.63192 7.83614
    endloop
  endfacet
  facet normal 1 0 0
    outer loop
      vertex -9.51965 3.4 9.5
      vertex -9.51965 7.24573 7.49652
      vertex -9.51965 7.24935 7.50065
    endloop
  endfacet
  facet normal 1 0 0
    outer loop
      vertex -9.51965 3.4 9.5
      vertex -9.51965 6.9108 7.11351
      vertex -9.51965 6.91386 7.11808
    endloop
  endfacet
  facet normal 1 0 0
    outer loop
      vertex -9.51965 3.4 9.5
      vertex -9.51965 6.62873 6.69007
      vertex -9.51965 6.63116 6.695
    endloop
  endfacet
  facet normal 1 0 0
    outer loop
      vertex -9.51965 3.4 9.5
      vertex -9.51965 6.24431 5.76201
      vertex -9.51965 6.40611 6.23864
    endloop
  endfacet
  facet normal 1 0 0
    outer loop
      vertex -9.51965 6.24255 5.75681
      vertex -9.51965 5.54524 4.75
      vertex -9.51965 6.1657 5.37045
    endloop
  endfacet
  facet normal 1 0 -0
    outer loop
      vertex -9.51965 5.54524 4.75
      vertex -9.51965 6.24431 5.76201
      vertex -9.51965 3.4 9.5
    endloop
  endfacet
  facet normal 1 0 0
    outer loop
      vertex -9.51965 6.62873 6.69007
      vertex -9.51965 3.4 9.5
      vertex -9.51965 6.40611 6.23864
    endloop
  endfacet
  facet normal 1 0 0
    outer loop
      vertex -9.51965 6.24431 5.76201
      vertex -9.51965 5.54524 4.75
      vertex -9.51965 6.24255 5.75681
    endloop
  endfacet
  facet normal 1 0 0
    outer loop
      vertex -9.51965 6.9108 7.11351
      vertex -9.51965 3.4 9.5
      vertex -9.51965 6.63116 6.695
    endloop
  endfacet
  facet normal 1 0 0
    outer loop
      vertex -9.51965 7.24573 7.49652
      vertex -9.51965 3.4 9.5
      vertex -9.51965 6.91386 7.11808
    endloop
  endfacet
  facet normal 1 0 0
    outer loop
      vertex -9.51965 7.25348 7.50427
      vertex -9.51965 3.4 9.5
      vertex -9.51965 7.24935 7.50065
    endloop
  endfacet
  facet normal 1 0 0
    outer loop
      vertex -9.51965 7.63649 7.8392
      vertex -9.51965 3.4 9.5
      vertex -9.51965 7.63192 7.83614
    endloop
  endfacet
  facet normal 1 0 0
    outer loop
      vertex -9.51965 8.05993 8.12127
      vertex -9.51965 3.4 9.5
      vertex -9.51965 8.055 8.11884
    endloop
  endfacet
  facet normal 1 0 0
    outer loop
      vertex -9.51965 8.98799 8.50569
      vertex -9.51965 3.4 9.5
      vertex -9.51965 8.51136 8.34389
    endloop
  endfacet
  facet normal 1 0 0
    outer loop
      vertex -9.51965 8.99319 8.50745
      vertex -9.51965 3.4 9.5
      vertex -9.51965 8.98799 8.50569
    endloop
  endfacet
  facet normal 1 0 0
    outer loop
      vertex -9.51965 9.48687 8.60565
      vertex -9.51965 3.4 9.5
      vertex -9.51965 8.99319 8.50745
    endloop
  endfacet
  facet normal 1 0 0
    outer loop
      vertex -9.51965 9.49774 8.60708
      vertex -9.51965 3.4 9.5
      vertex -9.51965 9.49225 8.60672
    endloop
  endfacet
  facet normal 1 0 0
    outer loop
      vertex -9.51965 10.5023 8.60708
      vertex -9.51965 3.4 9.5
      vertex -9.51965 10 8.64
    endloop
  endfacet
  facet normal 1 -0 0
    outer loop
      vertex -9.51965 13.8571 4.24774
      vertex -9.51965 31.7 0
      vertex -9.51965 13.89 4.75
    endloop
  endfacet
  facet normal 1 -0 0
    outer loop
      vertex -9.51965 13.8567 4.24225
      vertex -9.51965 31.7 0
      vertex -9.51965 13.8571 4.24774
    endloop
  endfacet
  facet normal 1 -0 0
    outer loop
      vertex -9.51965 13.8556 4.23687
      vertex -9.51965 31.7 0
      vertex -9.51965 13.8567 4.24225
    endloop
  endfacet
  facet normal 1 -0 0
    outer loop
      vertex -9.51965 13.7575 3.74319
      vertex -9.51965 31.7 0
      vertex -9.51965 13.8556 4.23687
    endloop
  endfacet
  facet normal 1 -0 0
    outer loop
      vertex -9.51965 13.7557 3.73799
      vertex -9.51965 31.7 0
      vertex -9.51965 13.7575 3.74319
    endloop
  endfacet
  facet normal 1 -0 0
    outer loop
      vertex -9.51965 13.5939 3.26136
      vertex -9.51965 31.7 0
      vertex -9.51965 13.7557 3.73799
    endloop
  endfacet
  facet normal 1 -0 0
    outer loop
      vertex -9.51965 13.3713 2.80993
      vertex -9.51965 31.7 0
      vertex -9.51965 13.5939 3.26136
    endloop
  endfacet
  facet normal 1 -0 0
    outer loop
      vertex -9.51965 13.3688 2.805
      vertex -9.51965 31.7 0
      vertex -9.51965 13.3713 2.80993
    endloop
  endfacet
  facet normal 1 -0 0
    outer loop
      vertex -9.51965 13.0892 2.38649
      vertex -9.51965 31.7 0
      vertex -9.51965 13.3688 2.805
    endloop
  endfacet
  facet normal 1 -0 0
    outer loop
      vertex -9.51965 13.0861 2.38192
      vertex -9.51965 31.7 0
      vertex -9.51965 13.0892 2.38649
    endloop
  endfacet
  facet normal 1 -0 0
    outer loop
      vertex -9.51965 12.7543 2.00349
      vertex -9.51965 31.7 0
      vertex -9.51965 13.0861 2.38192
    endloop
  endfacet
  facet normal 1 -0 0
    outer loop
      vertex -9.51965 12.7506 1.99936
      vertex -9.51965 31.7 0
      vertex -9.51965 12.7543 2.00349
    endloop
  endfacet
  facet normal 1 -0 0
    outer loop
      vertex -9.51965 12.7465 1.99573
      vertex -9.51965 31.7 0
      vertex -9.51965 12.7506 1.99936
    endloop
  endfacet
  facet normal 1 -0 0
    outer loop
      vertex -9.51965 12.3681 1.66386
      vertex -9.51965 31.7 0
      vertex -9.51965 12.7465 1.99573
    endloop
  endfacet
  facet normal 1 -0 0
    outer loop
      vertex -9.51965 12.3635 1.6608
      vertex -9.51965 31.7 0
      vertex -9.51965 12.3681 1.66386
    endloop
  endfacet
  facet normal 1 -0 0
    outer loop
      vertex -9.51965 11.945 1.38116
      vertex -9.51965 31.7 0
      vertex -9.51965 12.3635 1.6608
    endloop
  endfacet
  facet normal 1 -0 0
    outer loop
      vertex -9.51965 11.9401 1.37873
      vertex -9.51965 31.7 0
      vertex -9.51965 11.945 1.38116
    endloop
  endfacet
  facet normal 1 -0 0
    outer loop
      vertex -9.51965 11.4886 1.15611
      vertex -9.51965 31.7 0
      vertex -9.51965 11.9401 1.37873
    endloop
  endfacet
  facet normal 1 -0 0
    outer loop
      vertex -9.51965 11.012 0.994316
      vertex -9.51965 31.7 0
      vertex -9.51965 11.4886 1.15611
    endloop
  endfacet
  facet normal 1 -0 0
    outer loop
      vertex -9.51965 11.0068 0.99255
      vertex -9.51965 31.7 0
      vertex -9.51965 11.012 0.994316
    endloop
  endfacet
  facet normal 1 -0 0
    outer loop
      vertex -9.51965 10.5131 0.894352
      vertex -9.51965 31.7 0
      vertex -9.51965 11.0068 0.99255
    endloop
  endfacet
  facet normal 1 -0 0
    outer loop
      vertex -9.51965 10.5077 0.89328
      vertex -9.51965 31.7 0
      vertex -9.51965 10.5131 0.894352
    endloop
  endfacet
  facet normal 1 0 0
    outer loop
      vertex -9.51965 3.4 0
      vertex -9.51965 10.5077 0.89328
      vertex -9.51965 10.5023 0.892921
    endloop
  endfacet
  facet normal 1 0 0
    outer loop
      vertex -9.51965 3.4 0
      vertex -9.51965 10.5023 0.892921
      vertex -9.51965 10 0.860001
    endloop
  endfacet
  facet normal 1 0 0
    outer loop
      vertex -9.51965 3.4 0
      vertex -9.51965 9.48687 0.894352
      vertex -9.51965 8.99319 0.99255
    endloop
  endfacet
  facet normal 1 0 0
    outer loop
      vertex -9.51965 3.4 0
      vertex -9.51965 8.98799 0.994316
      vertex -9.51965 8.51136 1.15611
    endloop
  endfacet
  facet normal 1 0 0
    outer loop
      vertex -9.51965 3.4 0
      vertex -9.51965 8.05993 1.37873
      vertex -9.51965 8.055 1.38116
    endloop
  endfacet
  facet normal 1 0 0
    outer loop
      vertex -9.51965 3.4 0
      vertex -9.51965 7.25348 1.99573
      vertex -9.51965 7.24935 1.99936
    endloop
  endfacet
  facet normal 1 0 0
    outer loop
      vertex -9.51965 3.4 0
      vertex -9.51965 7.24573 2.00349
      vertex -9.51965 6.91386 2.38192
    endloop
  endfacet
  facet normal 1 0 0
    outer loop
      vertex -9.51965 3.4 0
      vertex -9.51965 6.9108 2.38649
      vertex -9.51965 6.63116 2.805
    endloop
  endfacet
  facet normal 1 0 0
    outer loop
      vertex -9.51965 5.54524 4.75
      vertex -9.51965 6.24431 3.73799
      vertex -9.51965 6.24255 3.74319
    endloop
  endfacet
  facet normal 1 0 0
    outer loop
      vertex -9.51965 5.54524 4.75
      vertex -9.51965 6.24255 3.74319
      vertex -9.51965 6.1657 4.12955
    endloop
  endfacet
  facet normal 1 0 0
    outer loop
      vertex -9.51965 6.24431 3.73799
      vertex -9.51965 5.54524 4.75
      vertex -9.51965 3.4 0
    endloop
  endfacet
  facet normal 1 0 0
    outer loop
      vertex -9.51965 6.24431 3.73799
      vertex -9.51965 3.4 0
      vertex -9.51965 6.40611 3.26136
    endloop
  endfacet
  facet normal 1 0 0
    outer loop
      vertex -9.51965 6.40611 3.26136
      vertex -9.51965 3.4 0
      vertex -9.51965 6.62873 2.80993
    endloop
  endfacet
  facet normal 1 0 0
    outer loop
      vertex -9.51965 10.5077 0.89328
      vertex -9.51965 3.4 0
      vertex -9.51965 31.7 0
    endloop
  endfacet
  facet normal 1 0 0
    outer loop
      vertex -9.51965 9.49774 0.892921
      vertex -9.51965 3.4 0
      vertex -9.51965 10 0.860001
    endloop
  endfacet
  facet normal 1 0 0
    outer loop
      vertex -9.51965 9.49225 0.89328
      vertex -9.51965 3.4 0
      vertex -9.51965 9.49774 0.892921
    endloop
  endfacet
  facet normal 1 0 0
    outer loop
      vertex -9.51965 9.48687 0.894352
      vertex -9.51965 3.4 0
      vertex -9.51965 9.49225 0.89328
    endloop
  endfacet
  facet normal 1 0 0
    outer loop
      vertex -9.51965 8.98799 0.994316
      vertex -9.51965 3.4 0
      vertex -9.51965 8.99319 0.99255
    endloop
  endfacet
  facet normal 1 0 0
    outer loop
      vertex -9.51965 8.05993 1.37873
      vertex -9.51965 3.4 0
      vertex -9.51965 8.51136 1.15611
    endloop
  endfacet
  facet normal 1 0 0
    outer loop
      vertex -9.51965 7.63649 1.6608
      vertex -9.51965 3.4 0
      vertex -9.51965 8.055 1.38116
    endloop
  endfacet
  facet normal 1 0 0
    outer loop
      vertex -9.51965 7.63192 1.66386
      vertex -9.51965 3.4 0
      vertex -9.51965 7.63649 1.6608
    endloop
  endfacet
  facet normal 1 0 0
    outer loop
      vertex -9.51965 7.25348 1.99573
      vertex -9.51965 3.4 0
      vertex -9.51965 7.63192 1.66386
    endloop
  endfacet
  facet normal 1 0 0
    outer loop
      vertex -9.51965 7.24573 2.00349
      vertex -9.51965 3.4 0
      vertex -9.51965 7.24935 1.99936
    endloop
  endfacet
  facet normal 1 0 0
    outer loop
      vertex -9.51965 6.9108 2.38649
      vertex -9.51965 3.4 0
      vertex -9.51965 6.91386 2.38192
    endloop
  endfacet
  facet normal 1 0 0
    outer loop
      vertex -9.51965 6.62873 2.80993
      vertex -9.51965 3.4 0
      vertex -9.51965 6.63116 2.805
    endloop
  endfacet
  facet normal 1 0 0
    outer loop
      vertex -9.51965 3.4 0
      vertex -9.51965 5.54524 4.75
      vertex -9.51965 3.4 9.5
    endloop
  endfacet
  facet normal 0 0 1
    outer loop
      vertex -33.198 24.7389 9.5
      vertex -9.51965 31.7 9.5
      vertex -33.1809 25 9.5
    endloop
  endfacet
  facet normal 0 0 1
    outer loop
      vertex -9.51965 31.7 9.5
      vertex -33.198 25.2611 9.5
      vertex -33.1809 25 9.5
    endloop
  endfacet
  facet normal 0 0 1
    outer loop
      vertex -9.51965 31.7 9.5
      vertex -33.2491 25.5176 9.5
      vertex -33.198 25.2611 9.5
    endloop
  endfacet
  facet normal 0 0 1
    outer loop
      vertex -9.51965 31.7 9.5
      vertex -33.3332 25.7654 9.5
      vertex -33.2491 25.5176 9.5
    endloop
  endfacet
  facet normal 0 0 1
    outer loop
      vertex -9.51965 31.7 9.5
      vertex -33.4489 26 9.5
      vertex -33.3332 25.7654 9.5
    endloop
  endfacet
  facet normal 0 0 1
    outer loop
      vertex -9.51965 31.7 9.5
      vertex -33.5942 26.2175 9.5
      vertex -33.4489 26 9.5
    endloop
  endfacet
  facet normal 0 0 1
    outer loop
      vertex -9.51965 31.7 9.5
      vertex -33.7667 26.4142 9.5
      vertex -33.5942 26.2175 9.5
    endloop
  endfacet
  facet normal 0 0 1
    outer loop
      vertex -9.51965 31.7 9.5
      vertex -33.9634 26.5867 9.5
      vertex -33.7667 26.4142 9.5
    endloop
  endfacet
  facet normal 0 0 1
    outer loop
      vertex -9.51965 31.7 9.5
      vertex -34.1809 26.732 9.5
      vertex -33.9634 26.5867 9.5
    endloop
  endfacet
  facet normal 0 0 1
    outer loop
      vertex -9.51965 31.7 9.5
      vertex -34.4156 26.8478 9.5
      vertex -34.1809 26.732 9.5
    endloop
  endfacet
  facet normal 0 0 1
    outer loop
      vertex -9.51965 31.7 9.5
      vertex -34.6633 26.9319 9.5
      vertex -34.4156 26.8478 9.5
    endloop
  endfacet
  facet normal 0 0 1
    outer loop
      vertex -9.51965 31.7 9.5
      vertex -34.9199 26.9829 9.5
      vertex -34.6633 26.9319 9.5
    endloop
  endfacet
  facet normal 0 0 1
    outer loop
      vertex -9.51965 31.7 9.5
      vertex -35.1809 27 9.5
      vertex -34.9199 26.9829 9.5
    endloop
  endfacet
  facet normal 0 0 1
    outer loop
      vertex -9.51965 31.7 9.5
      vertex -35.442 26.9829 9.5
      vertex -35.1809 27 9.5
    endloop
  endfacet
  facet normal 0 0 1
    outer loop
      vertex -37.1638 25.2611 9.5
      vertex -53.1809 25 9.5
      vertex -37.1809 25 9.5
    endloop
  endfacet
  facet normal 0 0 1
    outer loop
      vertex -53.198 25.2611 9.5
      vertex -37.1638 25.2611 9.5
      vertex -37.1128 25.5176 9.5
    endloop
  endfacet
  facet normal 0 0 1
    outer loop
      vertex -53.2491 25.5176 9.5
      vertex -37.1128 25.5176 9.5
      vertex -37.0287 25.7654 9.5
    endloop
  endfacet
  facet normal 0 0 1
    outer loop
      vertex -53.3332 25.7654 9.5
      vertex -37.0287 25.7654 9.5
      vertex -36.913 26 9.5
    endloop
  endfacet
  facet normal 0 0 1
    outer loop
      vertex -53.4489 26 9.5
      vertex -36.913 26 9.5
      vertex -36.7676 26.2175 9.5
    endloop
  endfacet
  facet normal 0 0 1
    outer loop
      vertex -53.5942 26.2175 9.5
      vertex -36.7676 26.2175 9.5
      vertex -36.5951 26.4142 9.5
    endloop
  endfacet
  facet normal 0 0 1
    outer loop
      vertex -53.7667 26.4142 9.5
      vertex -36.5951 26.4142 9.5
      vertex -36.3984 26.5867 9.5
    endloop
  endfacet
  facet normal 0 0 1
    outer loop
      vertex -53.9634 26.5867 9.5
      vertex -36.3984 26.5867 9.5
      vertex -36.1809 26.732 9.5
    endloop
  endfacet
  facet normal 0 0 1
    outer loop
      vertex -54.1809 26.732 9.5
      vertex -36.1809 26.732 9.5
      vertex -35.9463 26.8478 9.5
    endloop
  endfacet
  facet normal 0 0 1
    outer loop
      vertex -54.4156 26.8478 9.5
      vertex -35.9463 26.8478 9.5
      vertex -35.6986 26.9319 9.5
    endloop
  endfacet
  facet normal 0 0 1
    outer loop
      vertex -54.6633 26.9319 9.5
      vertex -35.6986 26.9319 9.5
      vertex -35.442 26.9829 9.5
    endloop
  endfacet
  facet normal 0 0 1
    outer loop
      vertex -54.9199 26.9829 9.5
      vertex -35.442 26.9829 9.5
      vertex -9.51965 31.7 9.5
    endloop
  endfacet
  facet normal 0 0 1
    outer loop
      vertex -37.1638 25.2611 9.5
      vertex -53.198 25.2611 9.5
      vertex -53.1809 25 9.5
    endloop
  endfacet
  facet normal 0 0 1
    outer loop
      vertex -37.1128 25.5176 9.5
      vertex -53.2491 25.5176 9.5
      vertex -53.198 25.2611 9.5
    endloop
  endfacet
  facet normal 0 0 1
    outer loop
      vertex -37.0287 25.7654 9.5
      vertex -53.3332 25.7654 9.5
      vertex -53.2491 25.5176 9.5
    endloop
  endfacet
  facet normal 0 0 1
    outer loop
      vertex -36.913 26 9.5
      vertex -53.4489 26 9.5
      vertex -53.3332 25.7654 9.5
    endloop
  endfacet
  facet normal 0 0 1
    outer loop
      vertex -36.7676 26.2175 9.5
      vertex -53.5942 26.2175 9.5
      vertex -53.4489 26 9.5
    endloop
  endfacet
  facet normal 0 0 1
    outer loop
      vertex -36.5951 26.4142 9.5
      vertex -53.7667 26.4142 9.5
      vertex -53.5942 26.2175 9.5
    endloop
  endfacet
  facet normal 0 0 1
    outer loop
      vertex -36.3984 26.5867 9.5
      vertex -53.9634 26.5867 9.5
      vertex -53.7667 26.4142 9.5
    endloop
  endfacet
  facet normal 0 0 1
    outer loop
      vertex -36.1809 26.732 9.5
      vertex -54.1809 26.732 9.5
      vertex -53.9634 26.5867 9.5
    endloop
  endfacet
  facet normal 0 0 1
    outer loop
      vertex -35.9463 26.8478 9.5
      vertex -54.4156 26.8478 9.5
      vertex -54.1809 26.732 9.5
    endloop
  endfacet
  facet normal 0 0 1
    outer loop
      vertex -35.6986 26.9319 9.5
      vertex -54.6633 26.9319 9.5
      vertex -54.4156 26.8478 9.5
    endloop
  endfacet
  facet normal 0 0 1
    outer loop
      vertex -35.442 26.9829 9.5
      vertex -54.9199 26.9829 9.5
      vertex -54.6633 26.9319 9.5
    endloop
  endfacet
  facet normal 0 0 1
    outer loop
      vertex -9.51965 31.7 9.5
      vertex -55.1809 27 9.5
      vertex -54.9199 26.9829 9.5
    endloop
  endfacet
  facet normal 0 0 1
    outer loop
      vertex -75.1809 27 9.5
      vertex -55.1809 27 9.5
      vertex -9.51965 31.7 9.5
    endloop
  endfacet
  facet normal 0 0 1
    outer loop
      vertex -57.1638 25.2611 9.5
      vertex -73.1809 25 9.5
      vertex -57.1809 25 9.5
    endloop
  endfacet
  facet normal 0 0 1
    outer loop
      vertex -73.198 25.2611 9.5
      vertex -57.1638 25.2611 9.5
      vertex -57.1128 25.5176 9.5
    endloop
  endfacet
  facet normal 0 0 1
    outer loop
      vertex -73.2491 25.5176 9.5
      vertex -57.1128 25.5176 9.5
      vertex -57.0287 25.7654 9.5
    endloop
  endfacet
  facet normal 0 0 1
    outer loop
      vertex -73.3332 25.7654 9.5
      vertex -57.0287 25.7654 9.5
      vertex -56.913 26 9.5
    endloop
  endfacet
  facet normal 0 0 1
    outer loop
      vertex -73.4489 26 9.5
      vertex -56.913 26 9.5
      vertex -56.7676 26.2175 9.5
    endloop
  endfacet
  facet normal 0 0 1
    outer loop
      vertex -73.5942 26.2175 9.5
      vertex -56.7676 26.2175 9.5
      vertex -56.5951 26.4142 9.5
    endloop
  endfacet
  facet normal 0 0 1
    outer loop
      vertex -73.7667 26.4142 9.5
      vertex -56.5951 26.4142 9.5
      vertex -56.3984 26.5867 9.5
    endloop
  endfacet
  facet normal 0 0 1
    outer loop
      vertex -73.9634 26.5867 9.5
      vertex -56.3984 26.5867 9.5
      vertex -56.1809 26.732 9.5
    endloop
  endfacet
  facet normal 0 0 1
    outer loop
      vertex -74.1809 26.732 9.5
      vertex -56.1809 26.732 9.5
      vertex -55.9463 26.8478 9.5
    endloop
  endfacet
  facet normal 0 0 1
    outer loop
      vertex -74.4156 26.8478 9.5
      vertex -55.9463 26.8478 9.5
      vertex -55.6986 26.9319 9.5
    endloop
  endfacet
  facet normal 0 0 1
    outer loop
      vertex -74.6633 26.9319 9.5
      vertex -55.6986 26.9319 9.5
      vertex -55.442 26.9829 9.5
    endloop
  endfacet
  facet normal 0 0 1
    outer loop
      vertex -57.1638 25.2611 9.5
      vertex -73.198 25.2611 9.5
      vertex -73.1809 25 9.5
    endloop
  endfacet
  facet normal 0 0 1
    outer loop
      vertex -55.1809 27 9.5
      vertex -75.1809 27 9.5
      vertex -55.442 26.9829 9.5
    endloop
  endfacet
  facet normal 0 0 1
    outer loop
      vertex -57.1128 25.5176 9.5
      vertex -73.2491 25.5176 9.5
      vertex -73.198 25.2611 9.5
    endloop
  endfacet
  facet normal 0 0 1
    outer loop
      vertex -57.0287 25.7654 9.5
      vertex -73.3332 25.7654 9.5
      vertex -73.2491 25.5176 9.5
    endloop
  endfacet
  facet normal 0 0 1
    outer loop
      vertex -56.913 26 9.5
      vertex -73.4489 26 9.5
      vertex -73.3332 25.7654 9.5
    endloop
  endfacet
  facet normal 0 0 1
    outer loop
      vertex -56.7676 26.2175 9.5
      vertex -73.5942 26.2175 9.5
      vertex -73.4489 26 9.5
    endloop
  endfacet
  facet normal 0 0 1
    outer loop
      vertex -56.5951 26.4142 9.5
      vertex -73.7667 26.4142 9.5
      vertex -73.5942 26.2175 9.5
    endloop
  endfacet
  facet normal 0 0 1
    outer loop
      vertex -56.3984 26.5867 9.5
      vertex -73.9634 26.5867 9.5
      vertex -73.7667 26.4142 9.5
    endloop
  endfacet
  facet normal 0 0 1
    outer loop
      vertex -56.1809 26.732 9.5
      vertex -74.1809 26.732 9.5
      vertex -73.9634 26.5867 9.5
    endloop
  endfacet
  facet normal 0 0 1
    outer loop
      vertex -55.9463 26.8478 9.5
      vertex -74.4156 26.8478 9.5
      vertex -74.1809 26.732 9.5
    endloop
  endfacet
  facet normal 0 0 1
    outer loop
      vertex -55.6986 26.9319 9.5
      vertex -74.6633 26.9319 9.5
      vertex -74.4156 26.8478 9.5
    endloop
  endfacet
  facet normal 0 0 1
    outer loop
      vertex -55.442 26.9829 9.5
      vertex -74.9199 26.9829 9.5
      vertex -74.6633 26.9319 9.5
    endloop
  endfacet
  facet normal 0 0 1
    outer loop
      vertex -55.442 26.9829 9.5
      vertex -75.1809 27 9.5
      vertex -74.9199 26.9829 9.5
    endloop
  endfacet
  facet normal 0 0 1
    outer loop
      vertex -95.1809 27 9.5
      vertex -75.1809 27 9.5
      vertex -9.51965 31.7 9.5
    endloop
  endfacet
  facet normal 0 0 1
    outer loop
      vertex -77.1638 25.2611 9.5
      vertex -93.1809 25 9.5
      vertex -77.1809 25 9.5
    endloop
  endfacet
  facet normal 0 0 1
    outer loop
      vertex -93.198 25.2611 9.5
      vertex -77.1638 25.2611 9.5
      vertex -77.1128 25.5176 9.5
    endloop
  endfacet
  facet normal 0 0 1
    outer loop
      vertex -93.2491 25.5176 9.5
      vertex -77.1128 25.5176 9.5
      vertex -77.0287 25.7654 9.5
    endloop
  endfacet
  facet normal 0 0 1
    outer loop
      vertex -93.3332 25.7654 9.5
      vertex -77.0287 25.7654 9.5
      vertex -76.913 26 9.5
    endloop
  endfacet
  facet normal 0 0 1
    outer loop
      vertex -93.4489 26 9.5
      vertex -76.913 26 9.5
      vertex -76.7676 26.2175 9.5
    endloop
  endfacet
  facet normal 0 0 1
    outer loop
      vertex -93.5942 26.2175 9.5
      vertex -76.7676 26.2175 9.5
      vertex -76.5951 26.4142 9.5
    endloop
  endfacet
  facet normal 0 0 1
    outer loop
      vertex -93.7667 26.4142 9.5
      vertex -76.5951 26.4142 9.5
      vertex -76.3984 26.5867 9.5
    endloop
  endfacet
  facet normal 0 0 1
    outer loop
      vertex -93.9634 26.5867 9.5
      vertex -76.3984 26.5867 9.5
      vertex -76.1809 26.732 9.5
    endloop
  endfacet
  facet normal 0 0 1
    outer loop
      vertex -94.1809 26.732 9.5
      vertex -76.1809 26.732 9.5
      vertex -75.9463 26.8478 9.5
    endloop
  endfacet
  facet normal 0 0 1
    outer loop
      vertex -94.4156 26.8478 9.5
      vertex -75.9463 26.8478 9.5
      vertex -75.6986 26.9319 9.5
    endloop
  endfacet
  facet normal 0 0 1
    outer loop
      vertex -94.6633 26.9319 9.5
      vertex -75.6986 26.9319 9.5
      vertex -75.442 26.9829 9.5
    endloop
  endfacet
  facet normal 0 0 1
    outer loop
      vertex -77.1638 25.2611 9.5
      vertex -93.198 25.2611 9.5
      vertex -93.1809 25 9.5
    endloop
  endfacet
  facet normal 0 0 1
    outer loop
      vertex -77.1128 25.5176 9.5
      vertex -93.2491 25.5176 9.5
      vertex -93.198 25.2611 9.5
    endloop
  endfacet
  facet normal 0 0 1
    outer loop
      vertex -77.0287 25.7654 9.5
      vertex -93.3332 25.7654 9.5
      vertex -93.2491 25.5176 9.5
    endloop
  endfacet
  facet normal 0 0 1
    outer loop
      vertex -75.1809 27 9.5
      vertex -95.1809 27 9.5
      vertex -75.442 26.9829 9.5
    endloop
  endfacet
  facet normal 0 0 1
    outer loop
      vertex -76.913 26 9.5
      vertex -93.4489 26 9.5
      vertex -93.3332 25.7654 9.5
    endloop
  endfacet
  facet normal 0 0 1
    outer loop
      vertex -76.7676 26.2175 9.5
      vertex -93.5942 26.2175 9.5
      vertex -93.4489 26 9.5
    endloop
  endfacet
  facet normal 0 0 1
    outer loop
      vertex -76.5951 26.4142 9.5
      vertex -93.7667 26.4142 9.5
      vertex -93.5942 26.2175 9.5
    endloop
  endfacet
  facet normal 0 0 1
    outer loop
      vertex -76.3984 26.5867 9.5
      vertex -93.9634 26.5867 9.5
      vertex -93.7667 26.4142 9.5
    endloop
  endfacet
  facet normal 0 0 1
    outer loop
      vertex -76.1809 26.732 9.5
      vertex -94.1809 26.732 9.5
      vertex -93.9634 26.5867 9.5
    endloop
  endfacet
  facet normal 0 0 1
    outer loop
      vertex -75.9463 26.8478 9.5
      vertex -94.4156 26.8478 9.5
      vertex -94.1809 26.732 9.5
    endloop
  endfacet
  facet normal 0 0 1
    outer loop
      vertex -75.6986 26.9319 9.5
      vertex -94.6633 26.9319 9.5
      vertex -94.4156 26.8478 9.5
    endloop
  endfacet
  facet normal 0 0 1
    outer loop
      vertex -75.442 26.9829 9.5
      vertex -94.9199 26.9829 9.5
      vertex -94.6633 26.9319 9.5
    endloop
  endfacet
  facet normal 0 0 1
    outer loop
      vertex -75.442 26.9829 9.5
      vertex -95.1809 27 9.5
      vertex -94.9199 26.9829 9.5
    endloop
  endfacet
  facet normal 0 0 1
    outer loop
      vertex -113.181 25 9.5
      vertex -97.1809 25 9.5
      vertex -97.1638 25.2611 9.5
    endloop
  endfacet
  facet normal 0 0 1
    outer loop
      vertex -113.198 25.2611 9.5
      vertex -97.1638 25.2611 9.5
      vertex -97.1128 25.5176 9.5
    endloop
  endfacet
  facet normal 0 0 1
    outer loop
      vertex -97.1809 25 9.5
      vertex -113.181 25 9.5
      vertex -113.198 24.7389 9.5
    endloop
  endfacet
  facet normal 0 0 1
    outer loop
      vertex -113.249 25.5176 9.5
      vertex -97.1128 25.5176 9.5
      vertex -97.0287 25.7654 9.5
    endloop
  endfacet
  facet normal 0 0 1
    outer loop
      vertex -113.333 25.7654 9.5
      vertex -97.0287 25.7654 9.5
      vertex -96.913 26 9.5
    endloop
  endfacet
  facet normal 0 0 1
    outer loop
      vertex -113.449 26 9.5
      vertex -96.913 26 9.5
      vertex -96.7676 26.2175 9.5
    endloop
  endfacet
  facet normal 0 0 1
    outer loop
      vertex -113.594 26.2175 9.5
      vertex -96.7676 26.2175 9.5
      vertex -96.5951 26.4142 9.5
    endloop
  endfacet
  facet normal 0 0 1
    outer loop
      vertex -113.767 26.4142 9.5
      vertex -96.5951 26.4142 9.5
      vertex -96.3984 26.5867 9.5
    endloop
  endfacet
  facet normal 0 0 1
    outer loop
      vertex -113.963 26.5867 9.5
      vertex -96.3984 26.5867 9.5
      vertex -96.1809 26.732 9.5
    endloop
  endfacet
  facet normal 0 0 1
    outer loop
      vertex -114.181 26.732 9.5
      vertex -96.1809 26.732 9.5
      vertex -95.9463 26.8478 9.5
    endloop
  endfacet
  facet normal 0 0 1
    outer loop
      vertex -114.416 26.8478 9.5
      vertex -95.9463 26.8478 9.5
      vertex -95.6986 26.9319 9.5
    endloop
  endfacet
  facet normal 0 0 1
    outer loop
      vertex -114.663 26.9319 9.5
      vertex -95.6986 26.9319 9.5
      vertex -95.442 26.9829 9.5
    endloop
  endfacet
  facet normal 0 0 1
    outer loop
      vertex -97.1638 25.2611 9.5
      vertex -113.198 25.2611 9.5
      vertex -113.181 25 9.5
    endloop
  endfacet
  facet normal 0 0 1
    outer loop
      vertex -97.1128 25.5176 9.5
      vertex -113.249 25.5176 9.5
      vertex -113.198 25.2611 9.5
    endloop
  endfacet
  facet normal 0 0 1
    outer loop
      vertex -97.0287 25.7654 9.5
      vertex -113.333 25.7654 9.5
      vertex -113.249 25.5176 9.5
    endloop
  endfacet
  facet normal 0 0 1
    outer loop
      vertex -96.913 26 9.5
      vertex -113.449 26 9.5
      vertex -113.333 25.7654 9.5
    endloop
  endfacet
  facet normal 0 0 1
    outer loop
      vertex -114.92 26.9829 9.5
      vertex -95.442 26.9829 9.5
      vertex -95.1809 27 9.5
    endloop
  endfacet
  facet normal 0 0 1
    outer loop
      vertex -115.181 27 9.5
      vertex -95.1809 27 9.5
      vertex -9.51965 31.7 9.5
    endloop
  endfacet
  facet normal 0 0 1
    outer loop
      vertex -96.7676 26.2175 9.5
      vertex -113.594 26.2175 9.5
      vertex -113.449 26 9.5
    endloop
  endfacet
  facet normal 0 0 1
    outer loop
      vertex -96.5951 26.4142 9.5
      vertex -113.767 26.4142 9.5
      vertex -113.594 26.2175 9.5
    endloop
  endfacet
  facet normal 0 0 1
    outer loop
      vertex -96.3984 26.5867 9.5
      vertex -113.963 26.5867 9.5
      vertex -113.767 26.4142 9.5
    endloop
  endfacet
  facet normal 0 0 1
    outer loop
      vertex -96.1809 26.732 9.5
      vertex -114.181 26.732 9.5
      vertex -113.963 26.5867 9.5
    endloop
  endfacet
  facet normal 0 0 1
    outer loop
      vertex -95.9463 26.8478 9.5
      vertex -114.416 26.8478 9.5
      vertex -114.181 26.732 9.5
    endloop
  endfacet
  facet normal 0 0 1
    outer loop
      vertex -95.6986 26.9319 9.5
      vertex -114.663 26.9319 9.5
      vertex -114.416 26.8478 9.5
    endloop
  endfacet
  facet normal 0 0 1
    outer loop
      vertex -95.442 26.9829 9.5
      vertex -114.92 26.9829 9.5
      vertex -114.663 26.9319 9.5
    endloop
  endfacet
  facet normal 0 0 1
    outer loop
      vertex -95.1809 27 9.5
      vertex -115.181 27 9.5
      vertex -114.92 26.9829 9.5
    endloop
  endfacet
  facet normal 0 0 1
    outer loop
      vertex -133.181 25 9.5
      vertex -117.181 25 9.5
      vertex -117.164 25.2611 9.5
    endloop
  endfacet
  facet normal 0 0 1
    outer loop
      vertex -133.198 25.2611 9.5
      vertex -117.164 25.2611 9.5
      vertex -117.113 25.5176 9.5
    endloop
  endfacet
  facet normal 0 0 1
    outer loop
      vertex -133.249 25.5176 9.5
      vertex -117.113 25.5176 9.5
      vertex -117.029 25.7654 9.5
    endloop
  endfacet
  facet normal 0 0 1
    outer loop
      vertex -133.333 25.7654 9.5
      vertex -117.029 25.7654 9.5
      vertex -116.913 26 9.5
    endloop
  endfacet
  facet normal 0 0 1
    outer loop
      vertex -117.181 25 9.5
      vertex -133.198 24.7389 9.5
      vertex -133.249 24.4824 9.5
    endloop
  endfacet
  facet normal 0 0 1
    outer loop
      vertex -117.181 25 9.5
      vertex -133.181 25 9.5
      vertex -133.198 24.7389 9.5
    endloop
  endfacet
  facet normal 0 0 1
    outer loop
      vertex -133.449 26 9.5
      vertex -116.913 26 9.5
      vertex -116.768 26.2175 9.5
    endloop
  endfacet
  facet normal 0 0 1
    outer loop
      vertex -133.594 26.2175 9.5
      vertex -116.768 26.2175 9.5
      vertex -116.595 26.4142 9.5
    endloop
  endfacet
  facet normal 0 0 1
    outer loop
      vertex -133.767 26.4142 9.5
      vertex -116.595 26.4142 9.5
      vertex -116.398 26.5867 9.5
    endloop
  endfacet
  facet normal 0 0 1
    outer loop
      vertex -133.963 26.5867 9.5
      vertex -116.398 26.5867 9.5
      vertex -116.181 26.732 9.5
    endloop
  endfacet
  facet normal 0 0 1
    outer loop
      vertex -134.181 26.732 9.5
      vertex -116.181 26.732 9.5
      vertex -115.946 26.8478 9.5
    endloop
  endfacet
  facet normal 0 0 1
    outer loop
      vertex -134.416 26.8478 9.5
      vertex -115.946 26.8478 9.5
      vertex -115.699 26.9319 9.5
    endloop
  endfacet
  facet normal 0 0 1
    outer loop
      vertex -134.663 26.9319 9.5
      vertex -115.699 26.9319 9.5
      vertex -115.442 26.9829 9.5
    endloop
  endfacet
  facet normal 0 0 1
    outer loop
      vertex -117.164 25.2611 9.5
      vertex -133.198 25.2611 9.5
      vertex -133.181 25 9.5
    endloop
  endfacet
  facet normal 0 0 1
    outer loop
      vertex -117.113 25.5176 9.5
      vertex -133.249 25.5176 9.5
      vertex -133.198 25.2611 9.5
    endloop
  endfacet
  facet normal 0 0 1
    outer loop
      vertex -117.029 25.7654 9.5
      vertex -133.333 25.7654 9.5
      vertex -133.249 25.5176 9.5
    endloop
  endfacet
  facet normal 0 0 1
    outer loop
      vertex -116.913 26 9.5
      vertex -133.449 26 9.5
      vertex -133.333 25.7654 9.5
    endloop
  endfacet
  facet normal 0 0 1
    outer loop
      vertex -134.92 26.9829 9.5
      vertex -115.442 26.9829 9.5
      vertex -115.181 27 9.5
    endloop
  endfacet
  facet normal 0 0 1
    outer loop
      vertex -116.768 26.2175 9.5
      vertex -133.594 26.2175 9.5
      vertex -133.449 26 9.5
    endloop
  endfacet
  facet normal 0 0 1
    outer loop
      vertex -135.181 27 9.5
      vertex -115.181 27 9.5
      vertex -9.51965 31.7 9.5
    endloop
  endfacet
  facet normal 0 0 1
    outer loop
      vertex -116.595 26.4142 9.5
      vertex -133.767 26.4142 9.5
      vertex -133.594 26.2175 9.5
    endloop
  endfacet
  facet normal 0 0 1
    outer loop
      vertex -116.398 26.5867 9.5
      vertex -133.963 26.5867 9.5
      vertex -133.767 26.4142 9.5
    endloop
  endfacet
  facet normal 0 0 1
    outer loop
      vertex -116.181 26.732 9.5
      vertex -134.181 26.732 9.5
      vertex -133.963 26.5867 9.5
    endloop
  endfacet
  facet normal 0 0 1
    outer loop
      vertex -115.946 26.8478 9.5
      vertex -134.416 26.8478 9.5
      vertex -134.181 26.732 9.5
    endloop
  endfacet
  facet normal 0 0 1
    outer loop
      vertex -115.699 26.9319 9.5
      vertex -134.663 26.9319 9.5
      vertex -134.416 26.8478 9.5
    endloop
  endfacet
  facet normal 0 0 1
    outer loop
      vertex -115.442 26.9829 9.5
      vertex -134.92 26.9829 9.5
      vertex -134.663 26.9319 9.5
    endloop
  endfacet
  facet normal 0 0 1
    outer loop
      vertex -115.181 27 9.5
      vertex -135.181 27 9.5
      vertex -134.92 26.9829 9.5
    endloop
  endfacet
  facet normal 0 0 1
    outer loop
      vertex -137.164 25.2611 9.5
      vertex -153.181 25 9.5
      vertex -137.181 25 9.5
    endloop
  endfacet
  facet normal 0 0 1
    outer loop
      vertex -153.198 25.2611 9.5
      vertex -137.164 25.2611 9.5
      vertex -137.113 25.5176 9.5
    endloop
  endfacet
  facet normal 0 0 1
    outer loop
      vertex -153.249 25.5176 9.5
      vertex -137.113 25.5176 9.5
      vertex -137.029 25.7654 9.5
    endloop
  endfacet
  facet normal 0 0 1
    outer loop
      vertex -153.333 25.7654 9.5
      vertex -137.029 25.7654 9.5
      vertex -136.913 26 9.5
    endloop
  endfacet
  facet normal 0 0 1
    outer loop
      vertex -153.449 26 9.5
      vertex -136.913 26 9.5
      vertex -136.768 26.2175 9.5
    endloop
  endfacet
  facet normal 0 0 1
    outer loop
      vertex -153.594 26.2175 9.5
      vertex -136.768 26.2175 9.5
      vertex -136.595 26.4142 9.5
    endloop
  endfacet
  facet normal 0 0 1
    outer loop
      vertex -153.767 26.4142 9.5
      vertex -136.595 26.4142 9.5
      vertex -136.398 26.5867 9.5
    endloop
  endfacet
  facet normal 0 0 1
    outer loop
      vertex -153.963 26.5867 9.5
      vertex -136.398 26.5867 9.5
      vertex -136.181 26.732 9.5
    endloop
  endfacet
  facet normal 0 0 1
    outer loop
      vertex -154.181 26.732 9.5
      vertex -136.181 26.732 9.5
      vertex -135.946 26.8478 9.5
    endloop
  endfacet
  facet normal 0 0 1
    outer loop
      vertex -154.416 26.8478 9.5
      vertex -135.946 26.8478 9.5
      vertex -135.699 26.9319 9.5
    endloop
  endfacet
  facet normal 0 0 1
    outer loop
      vertex -154.663 26.9319 9.5
      vertex -135.699 26.9319 9.5
      vertex -135.442 26.9829 9.5
    endloop
  endfacet
  facet normal 0 0 1
    outer loop
      vertex -137.164 25.2611 9.5
      vertex -153.198 25.2611 9.5
      vertex -153.181 25 9.5
    endloop
  endfacet
  facet normal 0 0 1
    outer loop
      vertex -137.113 25.5176 9.5
      vertex -153.249 25.5176 9.5
      vertex -153.198 25.2611 9.5
    endloop
  endfacet
  facet normal 0 0 1
    outer loop
      vertex -137.029 25.7654 9.5
      vertex -153.333 25.7654 9.5
      vertex -153.249 25.5176 9.5
    endloop
  endfacet
  facet normal 0 0 1
    outer loop
      vertex -136.913 26 9.5
      vertex -153.449 26 9.5
      vertex -153.333 25.7654 9.5
    endloop
  endfacet
  facet normal 0 0 1
    outer loop
      vertex -154.92 26.9829 9.5
      vertex -135.442 26.9829 9.5
      vertex -135.181 27 9.5
    endloop
  endfacet
  facet normal 0 0 1
    outer loop
      vertex -136.768 26.2175 9.5
      vertex -153.594 26.2175 9.5
      vertex -153.449 26 9.5
    endloop
  endfacet
  facet normal 0 0 1
    outer loop
      vertex -136.595 26.4142 9.5
      vertex -153.767 26.4142 9.5
      vertex -153.594 26.2175 9.5
    endloop
  endfacet
  facet normal -0 0 1
    outer loop
      vertex -223.181 31.7 9.5
      vertex -135.181 27 9.5
      vertex -9.51965 31.7 9.5
    endloop
  endfacet
  facet normal 0 0 1
    outer loop
      vertex -136.398 26.5867 9.5
      vertex -153.963 26.5867 9.5
      vertex -153.767 26.4142 9.5
    endloop
  endfacet
  facet normal 0 0 1
    outer loop
      vertex -136.181 26.732 9.5
      vertex -154.181 26.732 9.5
      vertex -153.963 26.5867 9.5
    endloop
  endfacet
  facet normal 0 0 1
    outer loop
      vertex -135.946 26.8478 9.5
      vertex -154.416 26.8478 9.5
      vertex -154.181 26.732 9.5
    endloop
  endfacet
  facet normal 0 0 1
    outer loop
      vertex -135.699 26.9319 9.5
      vertex -154.663 26.9319 9.5
      vertex -154.416 26.8478 9.5
    endloop
  endfacet
  facet normal 0 0 1
    outer loop
      vertex -135.442 26.9829 9.5
      vertex -154.92 26.9829 9.5
      vertex -154.663 26.9319 9.5
    endloop
  endfacet
  facet normal 0 0 1
    outer loop
      vertex -135.181 27 9.5
      vertex -155.181 27 9.5
      vertex -154.92 26.9829 9.5
    endloop
  endfacet
  facet normal 0 0 1
    outer loop
      vertex -157.164 25.2611 9.5
      vertex -173.181 25 9.5
      vertex -157.181 25 9.5
    endloop
  endfacet
  facet normal 0 0 1
    outer loop
      vertex -173.198 25.2611 9.5
      vertex -157.164 25.2611 9.5
      vertex -157.113 25.5176 9.5
    endloop
  endfacet
  facet normal 0 0 1
    outer loop
      vertex -173.249 25.5176 9.5
      vertex -157.113 25.5176 9.5
      vertex -157.029 25.7654 9.5
    endloop
  endfacet
  facet normal 0 0 1
    outer loop
      vertex -173.333 25.7654 9.5
      vertex -157.029 25.7654 9.5
      vertex -156.913 26 9.5
    endloop
  endfacet
  facet normal 0 0 1
    outer loop
      vertex -173.449 26 9.5
      vertex -156.913 26 9.5
      vertex -156.768 26.2175 9.5
    endloop
  endfacet
  facet normal 0 0 1
    outer loop
      vertex -173.594 26.2175 9.5
      vertex -156.768 26.2175 9.5
      vertex -156.595 26.4142 9.5
    endloop
  endfacet
  facet normal 0 0 1
    outer loop
      vertex -173.767 26.4142 9.5
      vertex -156.595 26.4142 9.5
      vertex -156.398 26.5867 9.5
    endloop
  endfacet
  facet normal 0 0 1
    outer loop
      vertex -173.963 26.5867 9.5
      vertex -156.398 26.5867 9.5
      vertex -156.181 26.732 9.5
    endloop
  endfacet
  facet normal 0 0 1
    outer loop
      vertex -174.181 26.732 9.5
      vertex -156.181 26.732 9.5
      vertex -155.946 26.8478 9.5
    endloop
  endfacet
  facet normal 0 0 1
    outer loop
      vertex -174.416 26.8478 9.5
      vertex -155.946 26.8478 9.5
      vertex -155.699 26.9319 9.5
    endloop
  endfacet
  facet normal 0 0 1
    outer loop
      vertex -174.663 26.9319 9.5
      vertex -155.699 26.9319 9.5
      vertex -155.442 26.9829 9.5
    endloop
  endfacet
  facet normal 0 0 1
    outer loop
      vertex -157.164 25.2611 9.5
      vertex -173.198 25.2611 9.5
      vertex -173.181 25 9.5
    endloop
  endfacet
  facet normal 0 0 1
    outer loop
      vertex -157.113 25.5176 9.5
      vertex -173.249 25.5176 9.5
      vertex -173.198 25.2611 9.5
    endloop
  endfacet
  facet normal 0 0 1
    outer loop
      vertex -157.029 25.7654 9.5
      vertex -173.333 25.7654 9.5
      vertex -173.249 25.5176 9.5
    endloop
  endfacet
  facet normal 0 0 1
    outer loop
      vertex -156.913 26 9.5
      vertex -173.449 26 9.5
      vertex -173.333 25.7654 9.5
    endloop
  endfacet
  facet normal 0 0 1
    outer loop
      vertex -174.92 26.9829 9.5
      vertex -155.442 26.9829 9.5
      vertex -155.181 27 9.5
    endloop
  endfacet
  facet normal 0 0 1
    outer loop
      vertex -156.768 26.2175 9.5
      vertex -173.594 26.2175 9.5
      vertex -173.449 26 9.5
    endloop
  endfacet
  facet normal 0 0 1
    outer loop
      vertex -156.595 26.4142 9.5
      vertex -173.767 26.4142 9.5
      vertex -173.594 26.2175 9.5
    endloop
  endfacet
  facet normal 0 0 1
    outer loop
      vertex -135.181 27 9.5
      vertex -223.181 31.7 9.5
      vertex -155.181 27 9.5
    endloop
  endfacet
  facet normal 0 0 1
    outer loop
      vertex -156.398 26.5867 9.5
      vertex -173.963 26.5867 9.5
      vertex -173.767 26.4142 9.5
    endloop
  endfacet
  facet normal 0 0 1
    outer loop
      vertex -156.181 26.732 9.5
      vertex -174.181 26.732 9.5
      vertex -173.963 26.5867 9.5
    endloop
  endfacet
  facet normal 0 0 1
    outer loop
      vertex -155.946 26.8478 9.5
      vertex -174.416 26.8478 9.5
      vertex -174.181 26.732 9.5
    endloop
  endfacet
  facet normal 0 0 1
    outer loop
      vertex -155.699 26.9319 9.5
      vertex -174.663 26.9319 9.5
      vertex -174.416 26.8478 9.5
    endloop
  endfacet
  facet normal 0 0 1
    outer loop
      vertex -155.442 26.9829 9.5
      vertex -174.92 26.9829 9.5
      vertex -174.663 26.9319 9.5
    endloop
  endfacet
  facet normal 0 0 1
    outer loop
      vertex -155.181 27 9.5
      vertex -175.181 27 9.5
      vertex -174.92 26.9829 9.5
    endloop
  endfacet
  facet normal 0 0 1
    outer loop
      vertex -177.164 25.2611 9.5
      vertex -193.181 25 9.5
      vertex -177.181 25 9.5
    endloop
  endfacet
  facet normal 0 0 1
    outer loop
      vertex -193.198 25.2611 9.5
      vertex -177.164 25.2611 9.5
      vertex -177.113 25.5176 9.5
    endloop
  endfacet
  facet normal 0 0 1
    outer loop
      vertex -193.249 25.5176 9.5
      vertex -177.113 25.5176 9.5
      vertex -177.029 25.7654 9.5
    endloop
  endfacet
  facet normal 0 0 1
    outer loop
      vertex -193.333 25.7654 9.5
      vertex -177.029 25.7654 9.5
      vertex -176.913 26 9.5
    endloop
  endfacet
  facet normal 0 0 1
    outer loop
      vertex -193.449 26 9.5
      vertex -176.913 26 9.5
      vertex -176.768 26.2175 9.5
    endloop
  endfacet
  facet normal 0 0 1
    outer loop
      vertex -193.594 26.2175 9.5
      vertex -176.768 26.2175 9.5
      vertex -176.595 26.4142 9.5
    endloop
  endfacet
  facet normal 0 0 1
    outer loop
      vertex -193.767 26.4142 9.5
      vertex -176.595 26.4142 9.5
      vertex -176.398 26.5867 9.5
    endloop
  endfacet
  facet normal 0 0 1
    outer loop
      vertex -193.963 26.5867 9.5
      vertex -176.398 26.5867 9.5
      vertex -176.181 26.732 9.5
    endloop
  endfacet
  facet normal 0 0 1
    outer loop
      vertex -194.181 26.732 9.5
      vertex -176.181 26.732 9.5
      vertex -175.946 26.8478 9.5
    endloop
  endfacet
  facet normal 0 0 1
    outer loop
      vertex -194.416 26.8478 9.5
      vertex -175.946 26.8478 9.5
      vertex -175.699 26.9319 9.5
    endloop
  endfacet
  facet normal 0 0 1
    outer loop
      vertex -194.663 26.9319 9.5
      vertex -175.699 26.9319 9.5
      vertex -175.442 26.9829 9.5
    endloop
  endfacet
  facet normal 0 0 1
    outer loop
      vertex -177.164 25.2611 9.5
      vertex -193.198 25.2611 9.5
      vertex -193.181 25 9.5
    endloop
  endfacet
  facet normal 0 0 1
    outer loop
      vertex -177.113 25.5176 9.5
      vertex -193.249 25.5176 9.5
      vertex -193.198 25.2611 9.5
    endloop
  endfacet
  facet normal 0 0 1
    outer loop
      vertex -177.029 25.7654 9.5
      vertex -193.333 25.7654 9.5
      vertex -193.249 25.5176 9.5
    endloop
  endfacet
  facet normal 0 0 1
    outer loop
      vertex -176.913 26 9.5
      vertex -193.449 26 9.5
      vertex -193.333 25.7654 9.5
    endloop
  endfacet
  facet normal 0 0 1
    outer loop
      vertex -194.92 26.9829 9.5
      vertex -175.442 26.9829 9.5
      vertex -175.181 27 9.5
    endloop
  endfacet
  facet normal 0 0 1
    outer loop
      vertex -176.768 26.2175 9.5
      vertex -193.594 26.2175 9.5
      vertex -193.449 26 9.5
    endloop
  endfacet
  facet normal 0 0 1
    outer loop
      vertex -176.595 26.4142 9.5
      vertex -193.767 26.4142 9.5
      vertex -193.594 26.2175 9.5
    endloop
  endfacet
  facet normal 0 0 1
    outer loop
      vertex -176.398 26.5867 9.5
      vertex -193.963 26.5867 9.5
      vertex -193.767 26.4142 9.5
    endloop
  endfacet
  facet normal 0 0 1
    outer loop
      vertex -155.181 27 9.5
      vertex -223.181 31.7 9.5
      vertex -175.181 27 9.5
    endloop
  endfacet
  facet normal 0 0 1
    outer loop
      vertex -176.181 26.732 9.5
      vertex -194.181 26.732 9.5
      vertex -193.963 26.5867 9.5
    endloop
  endfacet
  facet normal 0 0 1
    outer loop
      vertex -175.946 26.8478 9.5
      vertex -194.416 26.8478 9.5
      vertex -194.181 26.732 9.5
    endloop
  endfacet
  facet normal 0 0 1
    outer loop
      vertex -175.699 26.9319 9.5
      vertex -194.663 26.9319 9.5
      vertex -194.416 26.8478 9.5
    endloop
  endfacet
  facet normal 0 0 1
    outer loop
      vertex -175.442 26.9829 9.5
      vertex -194.92 26.9829 9.5
      vertex -194.663 26.9319 9.5
    endloop
  endfacet
  facet normal 0 0 1
    outer loop
      vertex -175.181 27 9.5
      vertex -223.181 31.7 9.5
      vertex -194.92 26.9829 9.5
    endloop
  endfacet
  facet normal 0 0 1
    outer loop
      vertex -197.164 25.2611 9.5
      vertex -213.181 25 9.5
      vertex -197.181 25 9.5
    endloop
  endfacet
  facet normal 0 0 1
    outer loop
      vertex -213.198 25.2611 9.5
      vertex -197.164 25.2611 9.5
      vertex -197.113 25.5176 9.5
    endloop
  endfacet
  facet normal 0 0 1
    outer loop
      vertex -213.249 25.5176 9.5
      vertex -197.113 25.5176 9.5
      vertex -197.029 25.7654 9.5
    endloop
  endfacet
  facet normal 0 0 1
    outer loop
      vertex -213.333 25.7654 9.5
      vertex -197.029 25.7654 9.5
      vertex -196.913 26 9.5
    endloop
  endfacet
  facet normal 0 0 1
    outer loop
      vertex -213.449 26 9.5
      vertex -196.913 26 9.5
      vertex -196.768 26.2175 9.5
    endloop
  endfacet
  facet normal 0 0 1
    outer loop
      vertex -213.594 26.2175 9.5
      vertex -196.768 26.2175 9.5
      vertex -196.595 26.4142 9.5
    endloop
  endfacet
  facet normal 0 0 1
    outer loop
      vertex -213.767 26.4142 9.5
      vertex -196.595 26.4142 9.5
      vertex -196.398 26.5867 9.5
    endloop
  endfacet
  facet normal 0 0 1
    outer loop
      vertex -213.963 26.5867 9.5
      vertex -196.398 26.5867 9.5
      vertex -196.181 26.732 9.5
    endloop
  endfacet
  facet normal 0 0 1
    outer loop
      vertex -214.181 26.732 9.5
      vertex -196.181 26.732 9.5
      vertex -195.946 26.8478 9.5
    endloop
  endfacet
  facet normal 0 0 1
    outer loop
      vertex -214.416 26.8478 9.5
      vertex -195.946 26.8478 9.5
      vertex -195.699 26.9319 9.5
    endloop
  endfacet
  facet normal 0 0 1
    outer loop
      vertex -223.181 31.7 9.5
      vertex -195.699 26.9319 9.5
      vertex -195.442 26.9829 9.5
    endloop
  endfacet
  facet normal 0 0 1
    outer loop
      vertex -197.164 25.2611 9.5
      vertex -213.198 25.2611 9.5
      vertex -213.181 25 9.5
    endloop
  endfacet
  facet normal 0 0 1
    outer loop
      vertex -197.113 25.5176 9.5
      vertex -213.249 25.5176 9.5
      vertex -213.198 25.2611 9.5
    endloop
  endfacet
  facet normal 0 0 1
    outer loop
      vertex -197.029 25.7654 9.5
      vertex -213.333 25.7654 9.5
      vertex -213.249 25.5176 9.5
    endloop
  endfacet
  facet normal 0 0 1
    outer loop
      vertex -196.913 26 9.5
      vertex -213.449 26 9.5
      vertex -213.333 25.7654 9.5
    endloop
  endfacet
  facet normal 0 0 1
    outer loop
      vertex -223.181 31.7 9.5
      vertex -195.442 26.9829 9.5
      vertex -195.181 27 9.5
    endloop
  endfacet
  facet normal 0 0 1
    outer loop
      vertex -196.768 26.2175 9.5
      vertex -213.594 26.2175 9.5
      vertex -213.449 26 9.5
    endloop
  endfacet
  facet normal 0 0 1
    outer loop
      vertex -196.595 26.4142 9.5
      vertex -213.767 26.4142 9.5
      vertex -213.594 26.2175 9.5
    endloop
  endfacet
  facet normal 0 0 1
    outer loop
      vertex -196.398 26.5867 9.5
      vertex -213.963 26.5867 9.5
      vertex -213.767 26.4142 9.5
    endloop
  endfacet
  facet normal 0 0 1
    outer loop
      vertex -194.92 26.9829 9.5
      vertex -223.181 31.7 9.5
      vertex -195.181 27 9.5
    endloop
  endfacet
  facet normal 0 0 1
    outer loop
      vertex -196.181 26.732 9.5
      vertex -214.181 26.732 9.5
      vertex -213.963 26.5867 9.5
    endloop
  endfacet
  facet normal 0 0 1
    outer loop
      vertex -195.699 26.9319 9.5
      vertex -223.181 31.7 9.5
      vertex -214.416 26.8478 9.5
    endloop
  endfacet
  facet normal 0 0 1
    outer loop
      vertex -195.946 26.8478 9.5
      vertex -214.416 26.8478 9.5
      vertex -214.181 26.732 9.5
    endloop
  endfacet
  facet normal 0 0 1
    outer loop
      vertex -214.416 26.8478 9.5
      vertex -223.181 31.7 9.5
      vertex -214.663 26.9319 9.5
    endloop
  endfacet
  facet normal 0 0 1
    outer loop
      vertex -214.663 26.9319 9.5
      vertex -223.181 31.7 9.5
      vertex -214.92 26.9829 9.5
    endloop
  endfacet
  facet normal 0 0 1
    outer loop
      vertex -217.164 25.2611 9.5
      vertex -223.181 31.7 9.5
      vertex -217.181 25 9.5
    endloop
  endfacet
  facet normal 0 0 1
    outer loop
      vertex -217.113 25.5176 9.5
      vertex -223.181 31.7 9.5
      vertex -217.164 25.2611 9.5
    endloop
  endfacet
  facet normal 0 0 1
    outer loop
      vertex -217.029 25.7654 9.5
      vertex -223.181 31.7 9.5
      vertex -217.113 25.5176 9.5
    endloop
  endfacet
  facet normal 0 0 1
    outer loop
      vertex -216.913 26 9.5
      vertex -223.181 31.7 9.5
      vertex -217.029 25.7654 9.5
    endloop
  endfacet
  facet normal 0 0 1
    outer loop
      vertex -216.768 26.2175 9.5
      vertex -223.181 31.7 9.5
      vertex -216.913 26 9.5
    endloop
  endfacet
  facet normal 0 0 1
    outer loop
      vertex -216.595 26.4142 9.5
      vertex -223.181 31.7 9.5
      vertex -216.768 26.2175 9.5
    endloop
  endfacet
  facet normal 0 0 1
    outer loop
      vertex -216.398 26.5867 9.5
      vertex -223.181 31.7 9.5
      vertex -216.595 26.4142 9.5
    endloop
  endfacet
  facet normal 0 0 1
    outer loop
      vertex -216.181 26.732 9.5
      vertex -223.181 31.7 9.5
      vertex -216.398 26.5867 9.5
    endloop
  endfacet
  facet normal 0 0 1
    outer loop
      vertex -215.946 26.8478 9.5
      vertex -223.181 31.7 9.5
      vertex -216.181 26.732 9.5
    endloop
  endfacet
  facet normal 0 0 1
    outer loop
      vertex -215.699 26.9319 9.5
      vertex -223.181 31.7 9.5
      vertex -215.946 26.8478 9.5
    endloop
  endfacet
  facet normal 0 0 1
    outer loop
      vertex -215.442 26.9829 9.5
      vertex -223.181 31.7 9.5
      vertex -215.699 26.9319 9.5
    endloop
  endfacet
  facet normal 0 0 1
    outer loop
      vertex -215.181 27 9.5
      vertex -223.181 31.7 9.5
      vertex -215.442 26.9829 9.5
    endloop
  endfacet
  facet normal 0 0 1
    outer loop
      vertex -214.92 26.9829 9.5
      vertex -223.181 31.7 9.5
      vertex -215.181 27 9.5
    endloop
  endfacet
  facet normal 0 0 1
    outer loop
      vertex -33.2491 24.4824 9.5
      vertex -9.51965 31.7 9.5
      vertex -33.198 24.7389 9.5
    endloop
  endfacet
  facet normal 0 0 1
    outer loop
      vertex -33.3332 24.2346 9.5
      vertex -9.51965 31.7 9.5
      vertex -33.2491 24.4824 9.5
    endloop
  endfacet
  facet normal 0 0 1
    outer loop
      vertex -9.51965 31.7 9.5
      vertex -33.3332 24.2346 9.5
      vertex -9.51965 3.4 9.5
    endloop
  endfacet
  facet normal -0 0 1
    outer loop
      vertex -33.4489 24 9.5
      vertex -9.51965 3.4 9.5
      vertex -33.3332 24.2346 9.5
    endloop
  endfacet
  facet normal -0 0 1
    outer loop
      vertex -33.5942 23.7825 9.5
      vertex -9.51965 3.4 9.5
      vertex -33.4489 24 9.5
    endloop
  endfacet
  facet normal -0 0 1
    outer loop
      vertex -33.7667 23.5858 9.5
      vertex -9.51965 3.4 9.5
      vertex -33.5942 23.7825 9.5
    endloop
  endfacet
  facet normal -0 0 1
    outer loop
      vertex -33.9634 23.4133 9.5
      vertex -9.51965 3.4 9.5
      vertex -33.7667 23.5858 9.5
    endloop
  endfacet
  facet normal -0 0 1
    outer loop
      vertex -34.1809 23.268 9.5
      vertex -9.51965 3.4 9.5
      vertex -33.9634 23.4133 9.5
    endloop
  endfacet
  facet normal -0 0 1
    outer loop
      vertex -34.4156 23.1522 9.5
      vertex -9.51965 3.4 9.5
      vertex -34.1809 23.268 9.5
    endloop
  endfacet
  facet normal -0 0 1
    outer loop
      vertex -34.6633 23.0681 9.5
      vertex -9.51965 3.4 9.5
      vertex -34.4156 23.1522 9.5
    endloop
  endfacet
  facet normal -0 0 1
    outer loop
      vertex -34.9199 23.0171 9.5
      vertex -9.51965 3.4 9.5
      vertex -34.6633 23.0681 9.5
    endloop
  endfacet
  facet normal -0 0 1
    outer loop
      vertex -35.1809 23 9.5
      vertex -9.51965 3.4 9.5
      vertex -34.9199 23.0171 9.5
    endloop
  endfacet
  facet normal 0 0 1
    outer loop
      vertex -35.442 23.0171 9.5
      vertex -9.51965 3.4 9.5
      vertex -35.1809 23 9.5
    endloop
  endfacet
  facet normal 0 0 1
    outer loop
      vertex -35.6986 23.0681 9.5
      vertex -9.51965 3.4 9.5
      vertex -35.442 23.0171 9.5
    endloop
  endfacet
  facet normal 0 0 1
    outer loop
      vertex -54.6633 23.0681 9.5
      vertex -35.6986 23.0681 9.5
      vertex -35.9463 23.1522 9.5
    endloop
  endfacet
  facet normal 0 0 1
    outer loop
      vertex -54.4156 23.1522 9.5
      vertex -35.9463 23.1522 9.5
      vertex -36.1809 23.268 9.5
    endloop
  endfacet
  facet normal 0 0 1
    outer loop
      vertex -54.1809 23.268 9.5
      vertex -36.1809 23.268 9.5
      vertex -36.3984 23.4133 9.5
    endloop
  endfacet
  facet normal -0 0 1
    outer loop
      vertex -53.1809 25 9.5
      vertex -37.1638 24.7389 9.5
      vertex -37.1809 25 9.5
    endloop
  endfacet
  facet normal 0 0 1
    outer loop
      vertex -53.198 24.7389 9.5
      vertex -37.1638 24.7389 9.5
      vertex -53.1809 25 9.5
    endloop
  endfacet
  facet normal 0 0 1
    outer loop
      vertex -37.1638 24.7389 9.5
      vertex -53.198 24.7389 9.5
      vertex -37.1128 24.4824 9.5
    endloop
  endfacet
  facet normal 0 0 1
    outer loop
      vertex -53.2491 24.4824 9.5
      vertex -37.1128 24.4824 9.5
      vertex -53.198 24.7389 9.5
    endloop
  endfacet
  facet normal 0 0 1
    outer loop
      vertex -37.1128 24.4824 9.5
      vertex -53.2491 24.4824 9.5
      vertex -37.0287 24.2346 9.5
    endloop
  endfacet
  facet normal 0 0 1
    outer loop
      vertex -53.3332 24.2346 9.5
      vertex -37.0287 24.2346 9.5
      vertex -53.2491 24.4824 9.5
    endloop
  endfacet
  facet normal 0 0 1
    outer loop
      vertex -37.0287 24.2346 9.5
      vertex -53.3332 24.2346 9.5
      vertex -36.913 24 9.5
    endloop
  endfacet
  facet normal 0 0 1
    outer loop
      vertex -53.4489 24 9.5
      vertex -36.913 24 9.5
      vertex -53.3332 24.2346 9.5
    endloop
  endfacet
  facet normal 0 0 1
    outer loop
      vertex -36.913 24 9.5
      vertex -53.4489 24 9.5
      vertex -36.7676 23.7825 9.5
    endloop
  endfacet
  facet normal 0 0 1
    outer loop
      vertex -53.5942 23.7825 9.5
      vertex -36.7676 23.7825 9.5
      vertex -53.4489 24 9.5
    endloop
  endfacet
  facet normal 0 0 1
    outer loop
      vertex -36.7676 23.7825 9.5
      vertex -53.5942 23.7825 9.5
      vertex -36.5951 23.5858 9.5
    endloop
  endfacet
  facet normal 0 0 1
    outer loop
      vertex -53.7667 23.5858 9.5
      vertex -36.5951 23.5858 9.5
      vertex -53.5942 23.7825 9.5
    endloop
  endfacet
  facet normal 0 0 1
    outer loop
      vertex -36.5951 23.5858 9.5
      vertex -53.7667 23.5858 9.5
      vertex -36.3984 23.4133 9.5
    endloop
  endfacet
  facet normal 0 0 1
    outer loop
      vertex -53.9634 23.4133 9.5
      vertex -36.3984 23.4133 9.5
      vertex -53.7667 23.5858 9.5
    endloop
  endfacet
  facet normal 0 0 1
    outer loop
      vertex -54.1809 23.268 9.5
      vertex -36.3984 23.4133 9.5
      vertex -53.9634 23.4133 9.5
    endloop
  endfacet
  facet normal 0 0 1
    outer loop
      vertex -36.1809 23.268 9.5
      vertex -54.1809 23.268 9.5
      vertex -54.4156 23.1522 9.5
    endloop
  endfacet
  facet normal 0 0 1
    outer loop
      vertex -35.9463 23.1522 9.5
      vertex -54.4156 23.1522 9.5
      vertex -54.6633 23.0681 9.5
    endloop
  endfacet
  facet normal 0 0 1
    outer loop
      vertex -35.6986 23.0681 9.5
      vertex -54.6633 23.0681 9.5
      vertex -9.51965 3.4 9.5
    endloop
  endfacet
  facet normal -0 0 1
    outer loop
      vertex -54.9199 23.0171 9.5
      vertex -9.51965 3.4 9.5
      vertex -54.6633 23.0681 9.5
    endloop
  endfacet
  facet normal -0 0 1
    outer loop
      vertex -55.1809 23 9.5
      vertex -9.51965 3.4 9.5
      vertex -54.9199 23.0171 9.5
    endloop
  endfacet
  facet normal 0 0 1
    outer loop
      vertex -102.35 3.4 9.5
      vertex -55.1809 23 9.5
      vertex -55.442 23.0171 9.5
    endloop
  endfacet
  facet normal 0 0 1
    outer loop
      vertex -102.35 3.4 9.5
      vertex -55.442 23.0171 9.5
      vertex -55.6986 23.0681 9.5
    endloop
  endfacet
  facet normal 0 0 1
    outer loop
      vertex -74.6633 23.0681 9.5
      vertex -55.6986 23.0681 9.5
      vertex -55.9463 23.1522 9.5
    endloop
  endfacet
  facet normal -0 0 1
    outer loop
      vertex -73.1809 25 9.5
      vertex -57.1638 24.7389 9.5
      vertex -57.1809 25 9.5
    endloop
  endfacet
  facet normal 0 0 1
    outer loop
      vertex -73.198 24.7389 9.5
      vertex -57.1638 24.7389 9.5
      vertex -73.1809 25 9.5
    endloop
  endfacet
  facet normal 0 0 1
    outer loop
      vertex -57.1638 24.7389 9.5
      vertex -73.198 24.7389 9.5
      vertex -57.1128 24.4824 9.5
    endloop
  endfacet
  facet normal 0 0 1
    outer loop
      vertex -73.2491 24.4824 9.5
      vertex -57.1128 24.4824 9.5
      vertex -73.198 24.7389 9.5
    endloop
  endfacet
  facet normal 0 0 1
    outer loop
      vertex -57.1128 24.4824 9.5
      vertex -73.2491 24.4824 9.5
      vertex -57.0287 24.2346 9.5
    endloop
  endfacet
  facet normal 0 0 1
    outer loop
      vertex -73.3332 24.2346 9.5
      vertex -57.0287 24.2346 9.5
      vertex -73.2491 24.4824 9.5
    endloop
  endfacet
  facet normal 0 0 1
    outer loop
      vertex -57.0287 24.2346 9.5
      vertex -73.3332 24.2346 9.5
      vertex -56.913 24 9.5
    endloop
  endfacet
  facet normal 0 0 1
    outer loop
      vertex -73.4489 24 9.5
      vertex -56.913 24 9.5
      vertex -73.3332 24.2346 9.5
    endloop
  endfacet
  facet normal 0 0 1
    outer loop
      vertex -56.913 24 9.5
      vertex -73.4489 24 9.5
      vertex -56.7676 23.7825 9.5
    endloop
  endfacet
  facet normal 0 0 1
    outer loop
      vertex -73.5942 23.7825 9.5
      vertex -56.7676 23.7825 9.5
      vertex -73.4489 24 9.5
    endloop
  endfacet
  facet normal 0 0 1
    outer loop
      vertex -56.7676 23.7825 9.5
      vertex -73.5942 23.7825 9.5
      vertex -56.5951 23.5858 9.5
    endloop
  endfacet
  facet normal 0 0 1
    outer loop
      vertex -73.7667 23.5858 9.5
      vertex -56.5951 23.5858 9.5
      vertex -73.5942 23.7825 9.5
    endloop
  endfacet
  facet normal 0 0 1
    outer loop
      vertex -56.5951 23.5858 9.5
      vertex -73.7667 23.5858 9.5
      vertex -56.3984 23.4133 9.5
    endloop
  endfacet
  facet normal 0 0 1
    outer loop
      vertex -73.9634 23.4133 9.5
      vertex -56.3984 23.4133 9.5
      vertex -73.7667 23.5858 9.5
    endloop
  endfacet
  facet normal 0 0 1
    outer loop
      vertex -56.3984 23.4133 9.5
      vertex -73.9634 23.4133 9.5
      vertex -56.1809 23.268 9.5
    endloop
  endfacet
  facet normal 0 0 1
    outer loop
      vertex -74.1809 23.268 9.5
      vertex -56.1809 23.268 9.5
      vertex -73.9634 23.4133 9.5
    endloop
  endfacet
  facet normal 0 0 1
    outer loop
      vertex -56.1809 23.268 9.5
      vertex -74.1809 23.268 9.5
      vertex -55.9463 23.1522 9.5
    endloop
  endfacet
  facet normal 0 0 1
    outer loop
      vertex -74.4156 23.1522 9.5
      vertex -55.9463 23.1522 9.5
      vertex -74.1809 23.268 9.5
    endloop
  endfacet
  facet normal 0 0 1
    outer loop
      vertex -74.6633 23.0681 9.5
      vertex -55.9463 23.1522 9.5
      vertex -74.4156 23.1522 9.5
    endloop
  endfacet
  facet normal 0 0 1
    outer loop
      vertex -55.6986 23.0681 9.5
      vertex -74.6633 23.0681 9.5
      vertex -102.35 3.4 9.5
    endloop
  endfacet
  facet normal 0 0 1
    outer loop
      vertex -102.35 3.4 9.5
      vertex -74.6633 23.0681 9.5
      vertex -74.9199 23.0171 9.5
    endloop
  endfacet
  facet normal 0 0 1
    outer loop
      vertex -102.35 3.4 9.5
      vertex -74.9199 23.0171 9.5
      vertex -75.1809 23 9.5
    endloop
  endfacet
  facet normal 0 0 1
    outer loop
      vertex -102.35 3.4 9.5
      vertex -75.1809 23 9.5
      vertex -75.442 23.0171 9.5
    endloop
  endfacet
  facet normal 0 0 1
    outer loop
      vertex -102.35 3.4 9.5
      vertex -75.442 23.0171 9.5
      vertex -75.6986 23.0681 9.5
    endloop
  endfacet
  facet normal -0 0 1
    outer loop
      vertex -93.1809 25 9.5
      vertex -77.1638 24.7389 9.5
      vertex -77.1809 25 9.5
    endloop
  endfacet
  facet normal 0 0 1
    outer loop
      vertex -93.198 24.7389 9.5
      vertex -77.1638 24.7389 9.5
      vertex -93.1809 25 9.5
    endloop
  endfacet
  facet normal 0 0 1
    outer loop
      vertex -77.1638 24.7389 9.5
      vertex -93.198 24.7389 9.5
      vertex -77.1128 24.4824 9.5
    endloop
  endfacet
  facet normal 0 0 1
    outer loop
      vertex -93.2491 24.4824 9.5
      vertex -77.1128 24.4824 9.5
      vertex -93.198 24.7389 9.5
    endloop
  endfacet
  facet normal 0 0 1
    outer loop
      vertex -77.1128 24.4824 9.5
      vertex -93.2491 24.4824 9.5
      vertex -77.0287 24.2346 9.5
    endloop
  endfacet
  facet normal 0 0 1
    outer loop
      vertex -93.3332 24.2346 9.5
      vertex -77.0287 24.2346 9.5
      vertex -93.2491 24.4824 9.5
    endloop
  endfacet
  facet normal 0 0 1
    outer loop
      vertex -77.0287 24.2346 9.5
      vertex -93.3332 24.2346 9.5
      vertex -76.913 24 9.5
    endloop
  endfacet
  facet normal 0 0 1
    outer loop
      vertex -93.4489 24 9.5
      vertex -76.913 24 9.5
      vertex -93.3332 24.2346 9.5
    endloop
  endfacet
  facet normal 0 0 1
    outer loop
      vertex -76.913 24 9.5
      vertex -93.4489 24 9.5
      vertex -76.7676 23.7825 9.5
    endloop
  endfacet
  facet normal 0 0 1
    outer loop
      vertex -93.5942 23.7825 9.5
      vertex -76.7676 23.7825 9.5
      vertex -93.4489 24 9.5
    endloop
  endfacet
  facet normal 0 0 1
    outer loop
      vertex -76.7676 23.7825 9.5
      vertex -93.5942 23.7825 9.5
      vertex -76.5951 23.5858 9.5
    endloop
  endfacet
  facet normal 0 0 1
    outer loop
      vertex -93.7667 23.5858 9.5
      vertex -76.5951 23.5858 9.5
      vertex -93.5942 23.7825 9.5
    endloop
  endfacet
  facet normal 0 0 1
    outer loop
      vertex -76.5951 23.5858 9.5
      vertex -93.7667 23.5858 9.5
      vertex -76.3984 23.4133 9.5
    endloop
  endfacet
  facet normal 0 0 1
    outer loop
      vertex -93.9634 23.4133 9.5
      vertex -76.3984 23.4133 9.5
      vertex -93.7667 23.5858 9.5
    endloop
  endfacet
  facet normal 0 0 1
    outer loop
      vertex -76.3984 23.4133 9.5
      vertex -93.9634 23.4133 9.5
      vertex -76.1809 23.268 9.5
    endloop
  endfacet
  facet normal 0 0 1
    outer loop
      vertex -94.1809 23.268 9.5
      vertex -76.1809 23.268 9.5
      vertex -93.9634 23.4133 9.5
    endloop
  endfacet
  facet normal 0 0 1
    outer loop
      vertex -102.35 7.4 9.5
      vertex -76.1809 23.268 9.5
      vertex -94.1809 23.268 9.5
    endloop
  endfacet
  facet normal 0 0 1
    outer loop
      vertex -76.1809 23.268 9.5
      vertex -102.35 7.4 9.5
      vertex -75.9463 23.1522 9.5
    endloop
  endfacet
  facet normal 0 0 1
    outer loop
      vertex -102.35 3.4 9.5
      vertex -75.9463 23.1522 9.5
      vertex -102.35 7.4 9.5
    endloop
  endfacet
  facet normal 0 0 1
    outer loop
      vertex -102.35 7.4 9.5
      vertex -94.1809 23.268 9.5
      vertex -94.4156 23.1522 9.5
    endloop
  endfacet
  facet normal 0 0 1
    outer loop
      vertex -102.35 7.4 9.5
      vertex -94.4156 23.1522 9.5
      vertex -94.6633 23.0681 9.5
    endloop
  endfacet
  facet normal 0 0 1
    outer loop
      vertex -102.35 7.4 9.5
      vertex -94.6633 23.0681 9.5
      vertex -94.9199 23.0171 9.5
    endloop
  endfacet
  facet normal 0 0 1
    outer loop
      vertex -102.35 7.4 9.5
      vertex -94.9199 23.0171 9.5
      vertex -95.1809 23 9.5
    endloop
  endfacet
  facet normal 0 0 1
    outer loop
      vertex -102.35 7.4 9.5
      vertex -95.1809 23 9.5
      vertex -95.442 23.0171 9.5
    endloop
  endfacet
  facet normal 0 0 1
    outer loop
      vertex -102.35 7.4 9.5
      vertex -95.442 23.0171 9.5
      vertex -95.6986 23.0681 9.5
    endloop
  endfacet
  facet normal 0 0 1
    outer loop
      vertex -102.35 7.4 9.5
      vertex -97.1638 24.7389 9.5
      vertex -97.1809 25 9.5
    endloop
  endfacet
  facet normal 0 0 1
    outer loop
      vertex -102.35 7.4 9.5
      vertex -97.1128 24.4824 9.5
      vertex -97.1638 24.7389 9.5
    endloop
  endfacet
  facet normal 0 0 1
    outer loop
      vertex -102.35 7.4 9.5
      vertex -97.0287 24.2346 9.5
      vertex -97.1128 24.4824 9.5
    endloop
  endfacet
  facet normal 0 0 1
    outer loop
      vertex -102.35 7.4 9.5
      vertex -96.913 24 9.5
      vertex -97.0287 24.2346 9.5
    endloop
  endfacet
  facet normal 0 0 1
    outer loop
      vertex -102.35 7.4 9.5
      vertex -96.7676 23.7825 9.5
      vertex -96.913 24 9.5
    endloop
  endfacet
  facet normal 0 0 1
    outer loop
      vertex -102.35 7.4 9.5
      vertex -96.5951 23.5858 9.5
      vertex -96.7676 23.7825 9.5
    endloop
  endfacet
  facet normal 0 0 1
    outer loop
      vertex -102.35 7.4 9.5
      vertex -96.3984 23.4133 9.5
      vertex -96.5951 23.5858 9.5
    endloop
  endfacet
  facet normal 0 0 1
    outer loop
      vertex -102.35 7.4 9.5
      vertex -96.1809 23.268 9.5
      vertex -96.3984 23.4133 9.5
    endloop
  endfacet
  facet normal 0 0 1
    outer loop
      vertex -102.35 7.4 9.5
      vertex -95.9463 23.1522 9.5
      vertex -96.1809 23.268 9.5
    endloop
  endfacet
  facet normal 0 0 1
    outer loop
      vertex -102.35 7.4 9.5
      vertex -95.6986 23.0681 9.5
      vertex -95.9463 23.1522 9.5
    endloop
  endfacet
  facet normal 0 0 1
    outer loop
      vertex -75.9463 23.1522 9.5
      vertex -102.35 3.4 9.5
      vertex -75.6986 23.0681 9.5
    endloop
  endfacet
  facet normal 0 0 1
    outer loop
      vertex -55.1809 23 9.5
      vertex -102.35 3.4 9.5
      vertex -9.51965 3.4 9.5
    endloop
  endfacet
  facet normal 0 0 1
    outer loop
      vertex -97.1809 25 9.5
      vertex -113.198 24.7389 9.5
      vertex -113.249 24.4824 9.5
    endloop
  endfacet
  facet normal 0 0 1
    outer loop
      vertex -97.1809 25 9.5
      vertex -113.249 24.4824 9.5
      vertex -113.333 24.2346 9.5
    endloop
  endfacet
  facet normal 0 0 1
    outer loop
      vertex -97.1809 25 9.5
      vertex -113.333 24.2346 9.5
      vertex -113.449 24 9.5
    endloop
  endfacet
  facet normal 0 0 1
    outer loop
      vertex -97.1809 25 9.5
      vertex -113.449 24 9.5
      vertex -113.594 23.7825 9.5
    endloop
  endfacet
  facet normal 0 0 1
    outer loop
      vertex -97.1809 25 9.5
      vertex -113.594 23.7825 9.5
      vertex -102.35 7.4 9.5
    endloop
  endfacet
  facet normal -0 0 1
    outer loop
      vertex -113.767 23.5858 9.5
      vertex -102.35 7.4 9.5
      vertex -113.594 23.7825 9.5
    endloop
  endfacet
  facet normal -0 0 1
    outer loop
      vertex -113.963 23.4133 9.5
      vertex -102.35 7.4 9.5
      vertex -113.767 23.5858 9.5
    endloop
  endfacet
  facet normal -0 0 1
    outer loop
      vertex -114.181 23.268 9.5
      vertex -102.35 7.4 9.5
      vertex -113.963 23.4133 9.5
    endloop
  endfacet
  facet normal -0 0 1
    outer loop
      vertex -114.416 23.1522 9.5
      vertex -102.35 7.4 9.5
      vertex -114.181 23.268 9.5
    endloop
  endfacet
  facet normal -0 0 1
    outer loop
      vertex -114.663 23.0681 9.5
      vertex -102.35 7.4 9.5
      vertex -114.416 23.1522 9.5
    endloop
  endfacet
  facet normal -0 0 1
    outer loop
      vertex -114.92 23.0171 9.5
      vertex -102.35 7.4 9.5
      vertex -114.663 23.0681 9.5
    endloop
  endfacet
  facet normal -0 0 1
    outer loop
      vertex -115.181 23 9.5
      vertex -102.35 7.4 9.5
      vertex -114.92 23.0171 9.5
    endloop
  endfacet
  facet normal 0 0 1
    outer loop
      vertex -128.85 7.4 9.5
      vertex -115.181 23 9.5
      vertex -115.442 23.0171 9.5
    endloop
  endfacet
  facet normal 0 0 1
    outer loop
      vertex -128.85 7.4 9.5
      vertex -115.442 23.0171 9.5
      vertex -115.699 23.0681 9.5
    endloop
  endfacet
  facet normal 0 0 1
    outer loop
      vertex -128.85 7.4 9.5
      vertex -115.699 23.0681 9.5
      vertex -115.946 23.1522 9.5
    endloop
  endfacet
  facet normal 0 0 1
    outer loop
      vertex -128.85 7.4 9.5
      vertex -115.946 23.1522 9.5
      vertex -116.181 23.268 9.5
    endloop
  endfacet
  facet normal 0 0 1
    outer loop
      vertex -128.85 7.4 9.5
      vertex -116.181 23.268 9.5
      vertex -116.398 23.4133 9.5
    endloop
  endfacet
  facet normal 0 0 1
    outer loop
      vertex -128.85 7.4 9.5
      vertex -116.398 23.4133 9.5
      vertex -116.595 23.5858 9.5
    endloop
  endfacet
  facet normal 0 0 1
    outer loop
      vertex -115.181 23 9.5
      vertex -128.85 7.4 9.5
      vertex -102.35 7.4 9.5
    endloop
  endfacet
  facet normal 0 0 1
    outer loop
      vertex -116.768 23.7825 9.5
      vertex -128.85 7.4 9.5
      vertex -116.595 23.5858 9.5
    endloop
  endfacet
  facet normal 0 0 1
    outer loop
      vertex -116.913 24 9.5
      vertex -128.85 7.4 9.5
      vertex -116.768 23.7825 9.5
    endloop
  endfacet
  facet normal 0 0 1
    outer loop
      vertex -117.029 24.2346 9.5
      vertex -128.85 7.4 9.5
      vertex -116.913 24 9.5
    endloop
  endfacet
  facet normal 0 0 1
    outer loop
      vertex -117.113 24.4824 9.5
      vertex -128.85 7.4 9.5
      vertex -117.029 24.2346 9.5
    endloop
  endfacet
  facet normal 0 0 1
    outer loop
      vertex -117.164 24.7389 9.5
      vertex -128.85 7.4 9.5
      vertex -117.113 24.4824 9.5
    endloop
  endfacet
  facet normal 0 0 1
    outer loop
      vertex -128.85 7.4 9.5
      vertex -117.164 24.7389 9.5
      vertex -117.181 25 9.5
    endloop
  endfacet
  facet normal 0 0 1
    outer loop
      vertex -103.85 5.9 9.5
      vertex -104.939 3.4 9.5
      vertex -103.85 3.4 9.5
    endloop
  endfacet
  facet normal 0 0 1
    outer loop
      vertex -104.939 3.4 9.5
      vertex -105.051 3.15 9.5
      vertex -104.964 3.32597 9.5
    endloop
  endfacet
  facet normal 0 0 1
    outer loop
      vertex -107.761 3.4 9.5
      vertex -104.939 3.4 9.5
      vertex -103.85 5.9 9.5
    endloop
  endfacet
  facet normal 0 -0 1
    outer loop
      vertex -105.16 2.98686 9.5
      vertex -104.939 3.4 9.5
      vertex -107.761 3.4 9.5
    endloop
  endfacet
  facet normal 0 0 1
    outer loop
      vertex -104.939 3.4 9.5
      vertex -105.16 2.98686 9.5
      vertex -105.051 3.15 9.5
    endloop
  endfacet
  facet normal 0 0 1
    outer loop
      vertex -105.16 2.98686 9.5
      vertex -107.761 3.4 9.5
      vertex -105.29 2.83934 9.5
    endloop
  endfacet
  facet normal 0 0 1
    outer loop
      vertex -105.29 2.83934 9.5
      vertex -107.761 3.4 9.5
      vertex -105.437 2.70997 9.5
    endloop
  endfacet
  facet normal 0 0 1
    outer loop
      vertex -105.437 2.70997 9.5
      vertex -107.761 3.4 9.5
      vertex -105.6 2.60096 9.5
    endloop
  endfacet
  facet normal 0 0 1
    outer loop
      vertex -105.6 2.60096 9.5
      vertex -107.761 3.4 9.5
      vertex -105.776 2.51418 9.5
    endloop
  endfacet
  facet normal 0 0 1
    outer loop
      vertex -105.776 2.51418 9.5
      vertex -107.761 3.4 9.5
      vertex -105.962 2.45111 9.5
    endloop
  endfacet
  facet normal 0 0 1
    outer loop
      vertex -105.962 2.45111 9.5
      vertex -107.761 3.4 9.5
      vertex -106.154 2.41283 9.5
    endloop
  endfacet
  facet normal 0 0 1
    outer loop
      vertex -106.154 2.41283 9.5
      vertex -107.761 3.4 9.5
      vertex -106.35 2.4 9.5
    endloop
  endfacet
  facet normal 0 0 1
    outer loop
      vertex -106.35 2.4 9.5
      vertex -107.761 3.4 9.5
      vertex -106.546 2.41283 9.5
    endloop
  endfacet
  facet normal 0 0 1
    outer loop
      vertex -106.546 2.41283 9.5
      vertex -107.761 3.4 9.5
      vertex -106.739 2.45111 9.5
    endloop
  endfacet
  facet normal 0 0 1
    outer loop
      vertex -106.739 2.45111 9.5
      vertex -107.761 3.4 9.5
      vertex -106.924 2.51418 9.5
    endloop
  endfacet
  facet normal 0 0 1
    outer loop
      vertex -106.924 2.51418 9.5
      vertex -107.761 3.4 9.5
      vertex -107.1 2.60096 9.5
    endloop
  endfacet
  facet normal 0 0 1
    outer loop
      vertex -107.1 2.60096 9.5
      vertex -107.761 3.4 9.5
      vertex -107.263 2.70997 9.5
    endloop
  endfacet
  facet normal 0 0 1
    outer loop
      vertex -107.263 2.70997 9.5
      vertex -107.761 3.4 9.5
      vertex -107.411 2.83934 9.5
    endloop
  endfacet
  facet normal 0 0 1
    outer loop
      vertex -107.411 2.83934 9.5
      vertex -107.761 3.4 9.5
      vertex -107.54 2.98686 9.5
    endloop
  endfacet
  facet normal 0 0 1
    outer loop
      vertex -107.54 2.98686 9.5
      vertex -107.761 3.4 9.5
      vertex -107.649 3.15 9.5
    endloop
  endfacet
  facet normal 0 0 1
    outer loop
      vertex -107.649 3.15 9.5
      vertex -107.761 3.4 9.5
      vertex -107.736 3.32597 9.5
    endloop
  endfacet
  facet normal -0 0 1
    outer loop
      vertex -128.85 5.9 9.5
      vertex -107.761 3.4 9.5
      vertex -103.85 5.9 9.5
    endloop
  endfacet
  facet normal 0 0 1
    outer loop
      vertex -117.181 25 9.5
      vertex -133.249 24.4824 9.5
      vertex -133.333 24.2346 9.5
    endloop
  endfacet
  facet normal 0 0 1
    outer loop
      vertex -117.181 25 9.5
      vertex -133.333 24.2346 9.5
      vertex -133.449 24 9.5
    endloop
  endfacet
  facet normal 0 0 1
    outer loop
      vertex -117.181 25 9.5
      vertex -133.449 24 9.5
      vertex -133.594 23.7825 9.5
    endloop
  endfacet
  facet normal 0 0 1
    outer loop
      vertex -117.181 25 9.5
      vertex -133.594 23.7825 9.5
      vertex -128.85 7.4 9.5
    endloop
  endfacet
  facet normal -0 0 1
    outer loop
      vertex -133.767 23.5858 9.5
      vertex -128.85 7.4 9.5
      vertex -133.594 23.7825 9.5
    endloop
  endfacet
  facet normal -0 0 1
    outer loop
      vertex -133.963 23.4133 9.5
      vertex -128.85 7.4 9.5
      vertex -133.767 23.5858 9.5
    endloop
  endfacet
  facet normal -0 0 1
    outer loop
      vertex -134.181 23.268 9.5
      vertex -128.85 7.4 9.5
      vertex -133.963 23.4133 9.5
    endloop
  endfacet
  facet normal -0 0 1
    outer loop
      vertex -134.416 23.1522 9.5
      vertex -128.85 7.4 9.5
      vertex -134.181 23.268 9.5
    endloop
  endfacet
  facet normal -0 0 1
    outer loop
      vertex -134.663 23.0681 9.5
      vertex -128.85 7.4 9.5
      vertex -134.416 23.1522 9.5
    endloop
  endfacet
  facet normal -0 0 1
    outer loop
      vertex -134.92 23.0171 9.5
      vertex -128.85 7.4 9.5
      vertex -134.663 23.0681 9.5
    endloop
  endfacet
  facet normal -0 0 1
    outer loop
      vertex -135.181 23 9.5
      vertex -128.85 7.4 9.5
      vertex -134.92 23.0171 9.5
    endloop
  endfacet
  facet normal 0 0 1
    outer loop
      vertex -135.442 23.0171 9.5
      vertex -128.85 7.4 9.5
      vertex -135.181 23 9.5
    endloop
  endfacet
  facet normal 0 0 1
    outer loop
      vertex -135.699 23.0681 9.5
      vertex -128.85 7.4 9.5
      vertex -135.442 23.0171 9.5
    endloop
  endfacet
  facet normal 0 0 1
    outer loop
      vertex -135.946 23.1522 9.5
      vertex -128.85 7.4 9.5
      vertex -135.699 23.0681 9.5
    endloop
  endfacet
  facet normal 0 0 1
    outer loop
      vertex -136.181 23.268 9.5
      vertex -128.85 7.4 9.5
      vertex -135.946 23.1522 9.5
    endloop
  endfacet
  facet normal -0 0 1
    outer loop
      vertex -154.181 23.268 9.5
      vertex -128.85 7.4 9.5
      vertex -136.181 23.268 9.5
    endloop
  endfacet
  facet normal 0 0 1
    outer loop
      vertex -154.181 23.268 9.5
      vertex -136.181 23.268 9.5
      vertex -136.398 23.4133 9.5
    endloop
  endfacet
  facet normal 0 0 1
    outer loop
      vertex -153.963 23.4133 9.5
      vertex -136.398 23.4133 9.5
      vertex -136.595 23.5858 9.5
    endloop
  endfacet
  facet normal 0 0 1
    outer loop
      vertex -153.767 23.5858 9.5
      vertex -136.595 23.5858 9.5
      vertex -136.768 23.7825 9.5
    endloop
  endfacet
  facet normal 0 0 1
    outer loop
      vertex -153.594 23.7825 9.5
      vertex -136.768 23.7825 9.5
      vertex -136.913 24 9.5
    endloop
  endfacet
  facet normal 0 0 1
    outer loop
      vertex -153.449 24 9.5
      vertex -136.913 24 9.5
      vertex -137.029 24.2346 9.5
    endloop
  endfacet
  facet normal -0 0 1
    outer loop
      vertex -153.181 25 9.5
      vertex -137.164 24.7389 9.5
      vertex -137.181 25 9.5
    endloop
  endfacet
  facet normal 0 0 1
    outer loop
      vertex -153.198 24.7389 9.5
      vertex -137.164 24.7389 9.5
      vertex -153.181 25 9.5
    endloop
  endfacet
  facet normal 0 0 1
    outer loop
      vertex -137.164 24.7389 9.5
      vertex -153.198 24.7389 9.5
      vertex -137.113 24.4824 9.5
    endloop
  endfacet
  facet normal 0 0 1
    outer loop
      vertex -153.249 24.4824 9.5
      vertex -137.113 24.4824 9.5
      vertex -153.198 24.7389 9.5
    endloop
  endfacet
  facet normal 0 0 1
    outer loop
      vertex -137.113 24.4824 9.5
      vertex -153.249 24.4824 9.5
      vertex -137.029 24.2346 9.5
    endloop
  endfacet
  facet normal 0 0 1
    outer loop
      vertex -153.333 24.2346 9.5
      vertex -137.029 24.2346 9.5
      vertex -153.249 24.4824 9.5
    endloop
  endfacet
  facet normal 0 0 1
    outer loop
      vertex -153.449 24 9.5
      vertex -137.029 24.2346 9.5
      vertex -153.333 24.2346 9.5
    endloop
  endfacet
  facet normal 0 0 1
    outer loop
      vertex -136.913 24 9.5
      vertex -153.449 24 9.5
      vertex -153.594 23.7825 9.5
    endloop
  endfacet
  facet normal 0 0 1
    outer loop
      vertex -136.768 23.7825 9.5
      vertex -153.594 23.7825 9.5
      vertex -153.767 23.5858 9.5
    endloop
  endfacet
  facet normal 0 0 1
    outer loop
      vertex -136.595 23.5858 9.5
      vertex -153.767 23.5858 9.5
      vertex -153.963 23.4133 9.5
    endloop
  endfacet
  facet normal 0 0 1
    outer loop
      vertex -136.398 23.4133 9.5
      vertex -153.963 23.4133 9.5
      vertex -154.181 23.268 9.5
    endloop
  endfacet
  facet normal -0 0 1
    outer loop
      vertex -154.416 23.1522 9.5
      vertex -128.85 7.4 9.5
      vertex -154.181 23.268 9.5
    endloop
  endfacet
  facet normal 0 0 1
    outer loop
      vertex -128.85 7.4 9.5
      vertex -154.416 23.1522 9.5
      vertex -128.85 5.9 9.5
    endloop
  endfacet
  facet normal -0 0 1
    outer loop
      vertex -154.663 23.0681 9.5
      vertex -128.85 5.9 9.5
      vertex -154.416 23.1522 9.5
    endloop
  endfacet
  facet normal -0 0 1
    outer loop
      vertex -154.92 23.0171 9.5
      vertex -128.85 5.9 9.5
      vertex -154.663 23.0681 9.5
    endloop
  endfacet
  facet normal -0 0 1
    outer loop
      vertex -155.181 23 9.5
      vertex -128.85 5.9 9.5
      vertex -154.92 23.0171 9.5
    endloop
  endfacet
  facet normal 0 0 1
    outer loop
      vertex -155.442 23.0171 9.5
      vertex -128.85 5.9 9.5
      vertex -155.181 23 9.5
    endloop
  endfacet
  facet normal 0 0 1
    outer loop
      vertex -155.699 23.0681 9.5
      vertex -128.85 5.9 9.5
      vertex -155.442 23.0171 9.5
    endloop
  endfacet
  facet normal 0 0 1
    outer loop
      vertex -174.663 23.0681 9.5
      vertex -155.699 23.0681 9.5
      vertex -155.946 23.1522 9.5
    endloop
  endfacet
  facet normal 0 0 1
    outer loop
      vertex -174.416 23.1522 9.5
      vertex -155.946 23.1522 9.5
      vertex -156.181 23.268 9.5
    endloop
  endfacet
  facet normal -0 0 1
    outer loop
      vertex -173.181 25 9.5
      vertex -157.164 24.7389 9.5
      vertex -157.181 25 9.5
    endloop
  endfacet
  facet normal 0 0 1
    outer loop
      vertex -173.198 24.7389 9.5
      vertex -157.164 24.7389 9.5
      vertex -173.181 25 9.5
    endloop
  endfacet
  facet normal 0 0 1
    outer loop
      vertex -157.164 24.7389 9.5
      vertex -173.198 24.7389 9.5
      vertex -157.113 24.4824 9.5
    endloop
  endfacet
  facet normal 0 0 1
    outer loop
      vertex -173.249 24.4824 9.5
      vertex -157.113 24.4824 9.5
      vertex -173.198 24.7389 9.5
    endloop
  endfacet
  facet normal 0 0 1
    outer loop
      vertex -157.113 24.4824 9.5
      vertex -173.249 24.4824 9.5
      vertex -157.029 24.2346 9.5
    endloop
  endfacet
  facet normal 0 0 1
    outer loop
      vertex -173.333 24.2346 9.5
      vertex -157.029 24.2346 9.5
      vertex -173.249 24.4824 9.5
    endloop
  endfacet
  facet normal 0 0 1
    outer loop
      vertex -157.029 24.2346 9.5
      vertex -173.333 24.2346 9.5
      vertex -156.913 24 9.5
    endloop
  endfacet
  facet normal 0 0 1
    outer loop
      vertex -173.449 24 9.5
      vertex -156.913 24 9.5
      vertex -173.333 24.2346 9.5
    endloop
  endfacet
  facet normal 0 0 1
    outer loop
      vertex -156.913 24 9.5
      vertex -173.449 24 9.5
      vertex -156.768 23.7825 9.5
    endloop
  endfacet
  facet normal 0 0 1
    outer loop
      vertex -173.594 23.7825 9.5
      vertex -156.768 23.7825 9.5
      vertex -173.449 24 9.5
    endloop
  endfacet
  facet normal 0 0 1
    outer loop
      vertex -156.768 23.7825 9.5
      vertex -173.594 23.7825 9.5
      vertex -156.595 23.5858 9.5
    endloop
  endfacet
  facet normal 0 0 1
    outer loop
      vertex -173.767 23.5858 9.5
      vertex -156.595 23.5858 9.5
      vertex -173.594 23.7825 9.5
    endloop
  endfacet
  facet normal 0 0 1
    outer loop
      vertex -156.595 23.5858 9.5
      vertex -173.767 23.5858 9.5
      vertex -156.398 23.4133 9.5
    endloop
  endfacet
  facet normal 0 0 1
    outer loop
      vertex -173.963 23.4133 9.5
      vertex -156.398 23.4133 9.5
      vertex -173.767 23.5858 9.5
    endloop
  endfacet
  facet normal 0 0 1
    outer loop
      vertex -156.398 23.4133 9.5
      vertex -173.963 23.4133 9.5
      vertex -156.181 23.268 9.5
    endloop
  endfacet
  facet normal 0 0 1
    outer loop
      vertex -174.181 23.268 9.5
      vertex -156.181 23.268 9.5
      vertex -173.963 23.4133 9.5
    endloop
  endfacet
  facet normal 0 0 1
    outer loop
      vertex -174.416 23.1522 9.5
      vertex -156.181 23.268 9.5
      vertex -174.181 23.268 9.5
    endloop
  endfacet
  facet normal 0 0 1
    outer loop
      vertex -155.946 23.1522 9.5
      vertex -174.416 23.1522 9.5
      vertex -174.663 23.0681 9.5
    endloop
  endfacet
  facet normal 0 0 1
    outer loop
      vertex -155.699 23.0681 9.5
      vertex -174.663 23.0681 9.5
      vertex -128.85 5.9 9.5
    endloop
  endfacet
  facet normal -0 0 1
    outer loop
      vertex -174.92 23.0171 9.5
      vertex -128.85 5.9 9.5
      vertex -174.663 23.0681 9.5
    endloop
  endfacet
  facet normal -0 0 1
    outer loop
      vertex -175.181 23 9.5
      vertex -128.85 5.9 9.5
      vertex -174.92 23.0171 9.5
    endloop
  endfacet
  facet normal 0 0 1
    outer loop
      vertex -223.181 3.4 9.5
      vertex -175.181 23 9.5
      vertex -175.442 23.0171 9.5
    endloop
  endfacet
  facet normal 0 0 1
    outer loop
      vertex -223.181 3.4 9.5
      vertex -175.442 23.0171 9.5
      vertex -175.699 23.0681 9.5
    endloop
  endfacet
  facet normal 0 0 1
    outer loop
      vertex -194.663 23.0681 9.5
      vertex -175.699 23.0681 9.5
      vertex -175.946 23.1522 9.5
    endloop
  endfacet
  facet normal -0 0 1
    outer loop
      vertex -193.181 25 9.5
      vertex -177.164 24.7389 9.5
      vertex -177.181 25 9.5
    endloop
  endfacet
  facet normal 0 0 1
    outer loop
      vertex -193.198 24.7389 9.5
      vertex -177.164 24.7389 9.5
      vertex -193.181 25 9.5
    endloop
  endfacet
  facet normal 0 0 1
    outer loop
      vertex -177.164 24.7389 9.5
      vertex -193.198 24.7389 9.5
      vertex -177.113 24.4824 9.5
    endloop
  endfacet
  facet normal 0 0 1
    outer loop
      vertex -193.249 24.4824 9.5
      vertex -177.113 24.4824 9.5
      vertex -193.198 24.7389 9.5
    endloop
  endfacet
  facet normal 0 0 1
    outer loop
      vertex -177.113 24.4824 9.5
      vertex -193.249 24.4824 9.5
      vertex -177.029 24.2346 9.5
    endloop
  endfacet
  facet normal 0 0 1
    outer loop
      vertex -193.333 24.2346 9.5
      vertex -177.029 24.2346 9.5
      vertex -193.249 24.4824 9.5
    endloop
  endfacet
  facet normal 0 0 1
    outer loop
      vertex -177.029 24.2346 9.5
      vertex -193.333 24.2346 9.5
      vertex -176.913 24 9.5
    endloop
  endfacet
  facet normal 0 0 1
    outer loop
      vertex -193.449 24 9.5
      vertex -176.913 24 9.5
      vertex -193.333 24.2346 9.5
    endloop
  endfacet
  facet normal 0 0 1
    outer loop
      vertex -176.913 24 9.5
      vertex -193.449 24 9.5
      vertex -176.768 23.7825 9.5
    endloop
  endfacet
  facet normal 0 0 1
    outer loop
      vertex -193.594 23.7825 9.5
      vertex -176.768 23.7825 9.5
      vertex -193.449 24 9.5
    endloop
  endfacet
  facet normal 0 0 1
    outer loop
      vertex -176.768 23.7825 9.5
      vertex -193.594 23.7825 9.5
      vertex -176.595 23.5858 9.5
    endloop
  endfacet
  facet normal 0 0 1
    outer loop
      vertex -193.767 23.5858 9.5
      vertex -176.595 23.5858 9.5
      vertex -193.594 23.7825 9.5
    endloop
  endfacet
  facet normal 0 0 1
    outer loop
      vertex -176.595 23.5858 9.5
      vertex -193.767 23.5858 9.5
      vertex -176.398 23.4133 9.5
    endloop
  endfacet
  facet normal 0 0 1
    outer loop
      vertex -193.963 23.4133 9.5
      vertex -176.398 23.4133 9.5
      vertex -193.767 23.5858 9.5
    endloop
  endfacet
  facet normal 0 0 1
    outer loop
      vertex -176.398 23.4133 9.5
      vertex -193.963 23.4133 9.5
      vertex -176.181 23.268 9.5
    endloop
  endfacet
  facet normal 0 0 1
    outer loop
      vertex -194.181 23.268 9.5
      vertex -176.181 23.268 9.5
      vertex -193.963 23.4133 9.5
    endloop
  endfacet
  facet normal 0 0 1
    outer loop
      vertex -176.181 23.268 9.5
      vertex -194.181 23.268 9.5
      vertex -175.946 23.1522 9.5
    endloop
  endfacet
  facet normal 0 0 1
    outer loop
      vertex -194.416 23.1522 9.5
      vertex -175.946 23.1522 9.5
      vertex -194.181 23.268 9.5
    endloop
  endfacet
  facet normal 0 0 1
    outer loop
      vertex -194.663 23.0681 9.5
      vertex -175.946 23.1522 9.5
      vertex -194.416 23.1522 9.5
    endloop
  endfacet
  facet normal 0 0 1
    outer loop
      vertex -175.699 23.0681 9.5
      vertex -194.663 23.0681 9.5
      vertex -223.181 3.4 9.5
    endloop
  endfacet
  facet normal 0 0 1
    outer loop
      vertex -223.181 3.4 9.5
      vertex -194.663 23.0681 9.5
      vertex -194.92 23.0171 9.5
    endloop
  endfacet
  facet normal 0 0 1
    outer loop
      vertex -223.181 3.4 9.5
      vertex -194.92 23.0171 9.5
      vertex -195.181 23 9.5
    endloop
  endfacet
  facet normal 0 0 1
    outer loop
      vertex -223.181 3.4 9.5
      vertex -195.181 23 9.5
      vertex -195.442 23.0171 9.5
    endloop
  endfacet
  facet normal 0 0 1
    outer loop
      vertex -223.181 3.4 9.5
      vertex -195.442 23.0171 9.5
      vertex -195.699 23.0681 9.5
    endloop
  endfacet
  facet normal -0 0 1
    outer loop
      vertex -213.181 25 9.5
      vertex -197.164 24.7389 9.5
      vertex -197.181 25 9.5
    endloop
  endfacet
  facet normal 0 0 1
    outer loop
      vertex -213.198 24.7389 9.5
      vertex -197.164 24.7389 9.5
      vertex -213.181 25 9.5
    endloop
  endfacet
  facet normal 0 0 1
    outer loop
      vertex -197.164 24.7389 9.5
      vertex -213.198 24.7389 9.5
      vertex -197.113 24.4824 9.5
    endloop
  endfacet
  facet normal 0 0 1
    outer loop
      vertex -213.249 24.4824 9.5
      vertex -197.113 24.4824 9.5
      vertex -213.198 24.7389 9.5
    endloop
  endfacet
  facet normal 0 0 1
    outer loop
      vertex -197.113 24.4824 9.5
      vertex -213.249 24.4824 9.5
      vertex -197.029 24.2346 9.5
    endloop
  endfacet
  facet normal 0 0 1
    outer loop
      vertex -213.333 24.2346 9.5
      vertex -197.029 24.2346 9.5
      vertex -213.249 24.4824 9.5
    endloop
  endfacet
  facet normal 0 0 1
    outer loop
      vertex -197.029 24.2346 9.5
      vertex -213.333 24.2346 9.5
      vertex -196.913 24 9.5
    endloop
  endfacet
  facet normal 0 0 1
    outer loop
      vertex -213.449 24 9.5
      vertex -196.913 24 9.5
      vertex -213.333 24.2346 9.5
    endloop
  endfacet
  facet normal 0 0 1
    outer loop
      vertex -196.913 24 9.5
      vertex -213.449 24 9.5
      vertex -196.768 23.7825 9.5
    endloop
  endfacet
  facet normal 0 0 1
    outer loop
      vertex -213.594 23.7825 9.5
      vertex -196.768 23.7825 9.5
      vertex -213.449 24 9.5
    endloop
  endfacet
  facet normal 0 0 1
    outer loop
      vertex -196.768 23.7825 9.5
      vertex -213.594 23.7825 9.5
      vertex -196.595 23.5858 9.5
    endloop
  endfacet
  facet normal 0 0 1
    outer loop
      vertex -213.767 23.5858 9.5
      vertex -196.595 23.5858 9.5
      vertex -213.594 23.7825 9.5
    endloop
  endfacet
  facet normal 0 0 1
    outer loop
      vertex -196.595 23.5858 9.5
      vertex -213.767 23.5858 9.5
      vertex -196.398 23.4133 9.5
    endloop
  endfacet
  facet normal 0 0 1
    outer loop
      vertex -213.963 23.4133 9.5
      vertex -196.398 23.4133 9.5
      vertex -213.767 23.5858 9.5
    endloop
  endfacet
  facet normal 0 0 1
    outer loop
      vertex -196.398 23.4133 9.5
      vertex -213.963 23.4133 9.5
      vertex -196.181 23.268 9.5
    endloop
  endfacet
  facet normal 0 0 1
    outer loop
      vertex -214.181 23.268 9.5
      vertex -196.181 23.268 9.5
      vertex -213.963 23.4133 9.5
    endloop
  endfacet
  facet normal 0 0 1
    outer loop
      vertex -223.181 3.4 9.5
      vertex -196.181 23.268 9.5
      vertex -214.181 23.268 9.5
    endloop
  endfacet
  facet normal 0 0 1
    outer loop
      vertex -196.181 23.268 9.5
      vertex -223.181 3.4 9.5
      vertex -195.946 23.1522 9.5
    endloop
  endfacet
  facet normal 0 0 1
    outer loop
      vertex -195.946 23.1522 9.5
      vertex -223.181 3.4 9.5
      vertex -195.699 23.0681 9.5
    endloop
  endfacet
  facet normal 0 0 1
    outer loop
      vertex -223.181 3.4 9.5
      vertex -214.181 23.268 9.5
      vertex -214.416 23.1522 9.5
    endloop
  endfacet
  facet normal 0 0 1
    outer loop
      vertex -223.181 3.4 9.5
      vertex -214.416 23.1522 9.5
      vertex -214.663 23.0681 9.5
    endloop
  endfacet
  facet normal 0 0 1
    outer loop
      vertex -223.181 3.4 9.5
      vertex -214.663 23.0681 9.5
      vertex -214.92 23.0171 9.5
    endloop
  endfacet
  facet normal 0 0 1
    outer loop
      vertex -223.181 3.4 9.5
      vertex -214.92 23.0171 9.5
      vertex -215.181 23 9.5
    endloop
  endfacet
  facet normal 0 0 1
    outer loop
      vertex -223.181 3.4 9.5
      vertex -215.181 23 9.5
      vertex -215.442 23.0171 9.5
    endloop
  endfacet
  facet normal 0 0 1
    outer loop
      vertex -223.181 31.7 9.5
      vertex -217.164 24.7389 9.5
      vertex -217.181 25 9.5
    endloop
  endfacet
  facet normal 0 0 1
    outer loop
      vertex -223.181 31.7 9.5
      vertex -217.113 24.4824 9.5
      vertex -217.164 24.7389 9.5
    endloop
  endfacet
  facet normal 0 0 1
    outer loop
      vertex -223.181 31.7 9.5
      vertex -217.029 24.2346 9.5
      vertex -217.113 24.4824 9.5
    endloop
  endfacet
  facet normal 0 0 1
    outer loop
      vertex -223.181 3.4 9.5
      vertex -217.029 24.2346 9.5
      vertex -223.181 31.7 9.5
    endloop
  endfacet
  facet normal 0 0 1
    outer loop
      vertex -217.029 24.2346 9.5
      vertex -223.181 3.4 9.5
      vertex -216.913 24 9.5
    endloop
  endfacet
  facet normal 0 0 1
    outer loop
      vertex -128.85 5.9 9.5
      vertex -223.181 3.4 9.5
      vertex -107.761 3.4 9.5
    endloop
  endfacet
  facet normal 0 0 1
    outer loop
      vertex -175.181 23 9.5
      vertex -223.181 3.4 9.5
      vertex -128.85 5.9 9.5
    endloop
  endfacet
  facet normal 0 0 1
    outer loop
      vertex -215.699 23.0681 9.5
      vertex -223.181 3.4 9.5
      vertex -215.442 23.0171 9.5
    endloop
  endfacet
  facet normal 0 0 1
    outer loop
      vertex -215.946 23.1522 9.5
      vertex -223.181 3.4 9.5
      vertex -215.699 23.0681 9.5
    endloop
  endfacet
  facet normal 0 0 1
    outer loop
      vertex -216.181 23.268 9.5
      vertex -223.181 3.4 9.5
      vertex -215.946 23.1522 9.5
    endloop
  endfacet
  facet normal 0 0 1
    outer loop
      vertex -216.398 23.4133 9.5
      vertex -223.181 3.4 9.5
      vertex -216.181 23.268 9.5
    endloop
  endfacet
  facet normal 0 0 1
    outer loop
      vertex -216.595 23.5858 9.5
      vertex -223.181 3.4 9.5
      vertex -216.398 23.4133 9.5
    endloop
  endfacet
  facet normal 0 0 1
    outer loop
      vertex -216.768 23.7825 9.5
      vertex -223.181 3.4 9.5
      vertex -216.595 23.5858 9.5
    endloop
  endfacet
  facet normal 0 0 1
    outer loop
      vertex -216.913 24 9.5
      vertex -223.181 3.4 9.5
      vertex -216.768 23.7825 9.5
    endloop
  endfacet
  facet normal 0 1 -0
    outer loop
      vertex -9.51965 31.7 0
      vertex -223.181 31.7 9.5
      vertex -9.51965 31.7 9.5
    endloop
  endfacet
  facet normal 0 1 0
    outer loop
      vertex -223.181 31.7 9.5
      vertex -9.51965 31.7 0
      vertex -223.181 31.7 0
    endloop
  endfacet
  facet normal 0 -1 0
    outer loop
      vertex -223.181 3.4 0
      vertex -107.761 3.4 9.5
      vertex -223.181 3.4 9.5
    endloop
  endfacet
  facet normal 0 -1 -0
    outer loop
      vertex -107.761 3.4 9.5
      vertex -223.181 3.4 0
      vertex -107.761 3.4 0
    endloop
  endfacet
  facet normal 0 -1 0
    outer loop
      vertex -16.998 3.4 5.90485
      vertex -9.51965 3.4 9.5
      vertex -102.35 3.4 9.5
    endloop
  endfacet
  facet normal 0 -1 0
    outer loop
      vertex -9.51965 3.4 9.5
      vertex -16.6828 3.4 5.98931
      vertex -16.5196 3.4 6
    endloop
  endfacet
  facet normal 0 -1 0
    outer loop
      vertex -9.51965 3.4 9.5
      vertex -16.8432 3.4 5.95741
      vertex -16.6828 3.4 5.98931
    endloop
  endfacet
  facet normal 0 -1 0
    outer loop
      vertex -9.51965 3.4 9.5
      vertex -16.998 3.4 5.90485
      vertex -16.8432 3.4 5.95741
    endloop
  endfacet
  facet normal 0 -1 0
    outer loop
      vertex -102.35 3.4 9.5
      vertex -17.1446 3.4 5.83253
      vertex -16.998 3.4 5.90485
    endloop
  endfacet
  facet normal 0 -1 0
    outer loop
      vertex -102.35 3.4 9.5
      vertex -17.2806 3.4 5.74169
      vertex -17.1446 3.4 5.83253
    endloop
  endfacet
  facet normal 0 -1 0
    outer loop
      vertex -102.35 3.4 9.5
      vertex -17.4035 3.4 5.63388
      vertex -17.2806 3.4 5.74169
    endloop
  endfacet
  facet normal 0 -1 0
    outer loop
      vertex -102.35 3.4 9.5
      vertex -17.5113 3.4 5.51095
      vertex -17.4035 3.4 5.63388
    endloop
  endfacet
  facet normal 0 -1 0
    outer loop
      vertex -102.35 3.4 9.5
      vertex -17.6022 3.4 5.375
      vertex -17.5113 3.4 5.51095
    endloop
  endfacet
  facet normal 0 -1 0
    outer loop
      vertex -102.35 3.4 9.5
      vertex -17.6745 3.4 5.22835
      vertex -17.6022 3.4 5.375
    endloop
  endfacet
  facet normal 0 -1 0
    outer loop
      vertex -102.35 3.4 9.5
      vertex -17.7271 3.4 5.07352
      vertex -17.6745 3.4 5.22835
    endloop
  endfacet
  facet normal 0 -1 0
    outer loop
      vertex -102.35 3.4 9.5
      vertex -17.759 3.4 4.91316
      vertex -17.7271 3.4 5.07352
    endloop
  endfacet
  facet normal 0 -1 0
    outer loop
      vertex -102.35 3.4 9.5
      vertex -17.7696 3.4 4.75
      vertex -17.759 3.4 4.91316
    endloop
  endfacet
  facet normal 0 -1 0
    outer loop
      vertex -102.35 3.4 0
      vertex -17.7696 3.4 4.75
      vertex -102.35 3.4 9.5
    endloop
  endfacet
  facet normal 0 -1 -0
    outer loop
      vertex -17.7696 3.4 4.75
      vertex -102.35 3.4 0
      vertex -17.759 3.4 4.58684
    endloop
  endfacet
  facet normal 0 -1 -0
    outer loop
      vertex -17.759 3.4 4.58684
      vertex -102.35 3.4 0
      vertex -17.7271 3.4 4.42648
    endloop
  endfacet
  facet normal 0 -1 -0
    outer loop
      vertex -17.7271 3.4 4.42648
      vertex -102.35 3.4 0
      vertex -17.6745 3.4 4.27165
    endloop
  endfacet
  facet normal 0 -1 -0
    outer loop
      vertex -17.6745 3.4 4.27165
      vertex -102.35 3.4 0
      vertex -17.6022 3.4 4.125
    endloop
  endfacet
  facet normal 0 -1 -0
    outer loop
      vertex -17.6022 3.4 4.125
      vertex -102.35 3.4 0
      vertex -17.5113 3.4 3.98905
    endloop
  endfacet
  facet normal 0 -1 -0
    outer loop
      vertex -17.5113 3.4 3.98905
      vertex -102.35 3.4 0
      vertex -17.4035 3.4 3.86612
    endloop
  endfacet
  facet normal 0 -1 -0
    outer loop
      vertex -17.4035 3.4 3.86612
      vertex -102.35 3.4 0
      vertex -17.2806 3.4 3.75831
    endloop
  endfacet
  facet normal 0 -1 -0
    outer loop
      vertex -17.2806 3.4 3.75831
      vertex -102.35 3.4 0
      vertex -17.1446 3.4 3.66747
    endloop
  endfacet
  facet normal 0 -1 -0
    outer loop
      vertex -17.1446 3.4 3.66747
      vertex -102.35 3.4 0
      vertex -16.998 3.4 3.59515
    endloop
  endfacet
  facet normal 0 -1 0
    outer loop
      vertex -9.51965 3.4 0
      vertex -16.998 3.4 3.59515
      vertex -102.35 3.4 0
    endloop
  endfacet
  facet normal 0 -1 0
    outer loop
      vertex -16.8432 3.4 3.54259
      vertex -9.51965 3.4 0
      vertex -16.6828 3.4 3.51069
    endloop
  endfacet
  facet normal 0 -1 0
    outer loop
      vertex -16.998 3.4 3.59515
      vertex -9.51965 3.4 0
      vertex -16.8432 3.4 3.54259
    endloop
  endfacet
  facet normal 0 -1 0
    outer loop
      vertex -16.3565 3.4 5.98931
      vertex -9.51965 3.4 9.5
      vertex -16.5196 3.4 6
    endloop
  endfacet
  facet normal 0 -1 0
    outer loop
      vertex -16.1961 3.4 5.95741
      vertex -9.51965 3.4 9.5
      vertex -16.3565 3.4 5.98931
    endloop
  endfacet
  facet normal 0 -1 0
    outer loop
      vertex -16.0413 3.4 5.90485
      vertex -9.51965 3.4 9.5
      vertex -16.1961 3.4 5.95741
    endloop
  endfacet
  facet normal 0 -1 0
    outer loop
      vertex -15.8947 3.4 5.83253
      vertex -9.51965 3.4 9.5
      vertex -16.0413 3.4 5.90485
    endloop
  endfacet
  facet normal 0 -1 0
    outer loop
      vertex -15.7587 3.4 5.74169
      vertex -9.51965 3.4 9.5
      vertex -15.8947 3.4 5.83253
    endloop
  endfacet
  facet normal 0 -1 0
    outer loop
      vertex -15.6358 3.4 5.63388
      vertex -9.51965 3.4 9.5
      vertex -15.7587 3.4 5.74169
    endloop
  endfacet
  facet normal 0 -1 0
    outer loop
      vertex -15.528 3.4 5.51095
      vertex -9.51965 3.4 9.5
      vertex -15.6358 3.4 5.63388
    endloop
  endfacet
  facet normal 0 -1 0
    outer loop
      vertex -15.4371 3.4 5.375
      vertex -9.51965 3.4 9.5
      vertex -15.528 3.4 5.51095
    endloop
  endfacet
  facet normal 0 -1 0
    outer loop
      vertex -15.3648 3.4 5.22835
      vertex -9.51965 3.4 9.5
      vertex -15.4371 3.4 5.375
    endloop
  endfacet
  facet normal 0 -1 0
    outer loop
      vertex -15.3122 3.4 5.07352
      vertex -9.51965 3.4 9.5
      vertex -15.3648 3.4 5.22835
    endloop
  endfacet
  facet normal 0 -1 0
    outer loop
      vertex -15.2803 3.4 4.91316
      vertex -9.51965 3.4 9.5
      vertex -15.3122 3.4 5.07352
    endloop
  endfacet
  facet normal 0 -1 0
    outer loop
      vertex -15.2697 3.4 4.75
      vertex -9.51965 3.4 9.5
      vertex -15.2803 3.4 4.91316
    endloop
  endfacet
  facet normal 0 -1 0
    outer loop
      vertex -9.51965 3.4 0
      vertex -15.2697 3.4 4.75
      vertex -15.2803 3.4 4.58684
    endloop
  endfacet
  facet normal 0 -1 0
    outer loop
      vertex -9.51965 3.4 0
      vertex -15.2803 3.4 4.58684
      vertex -15.3122 3.4 4.42648
    endloop
  endfacet
  facet normal 0 -1 0
    outer loop
      vertex -9.51965 3.4 0
      vertex -15.3122 3.4 4.42648
      vertex -15.3648 3.4 4.27165
    endloop
  endfacet
  facet normal 0 -1 0
    outer loop
      vertex -9.51965 3.4 0
      vertex -15.3648 3.4 4.27165
      vertex -15.4371 3.4 4.125
    endloop
  endfacet
  facet normal 0 -1 0
    outer loop
      vertex -9.51965 3.4 0
      vertex -15.4371 3.4 4.125
      vertex -15.528 3.4 3.98905
    endloop
  endfacet
  facet normal 0 -1 0
    outer loop
      vertex -9.51965 3.4 0
      vertex -15.528 3.4 3.98905
      vertex -15.6358 3.4 3.86612
    endloop
  endfacet
  facet normal 0 -1 0
    outer loop
      vertex -15.2697 3.4 4.75
      vertex -9.51965 3.4 0
      vertex -9.51965 3.4 9.5
    endloop
  endfacet
  facet normal 0 -1 0
    outer loop
      vertex -15.7587 3.4 3.75831
      vertex -9.51965 3.4 0
      vertex -15.6358 3.4 3.86612
    endloop
  endfacet
  facet normal 0 -1 0
    outer loop
      vertex -15.8947 3.4 3.66747
      vertex -9.51965 3.4 0
      vertex -15.7587 3.4 3.75831
    endloop
  endfacet
  facet normal 0 -1 0
    outer loop
      vertex -16.0413 3.4 3.59515
      vertex -9.51965 3.4 0
      vertex -15.8947 3.4 3.66747
    endloop
  endfacet
  facet normal 0 -1 0
    outer loop
      vertex -16.1961 3.4 3.54259
      vertex -9.51965 3.4 0
      vertex -16.0413 3.4 3.59515
    endloop
  endfacet
  facet normal 0 -1 0
    outer loop
      vertex -16.3565 3.4 3.51069
      vertex -9.51965 3.4 0
      vertex -16.1961 3.4 3.54259
    endloop
  endfacet
  facet normal 0 -1 0
    outer loop
      vertex -16.5196 3.4 3.5
      vertex -9.51965 3.4 0
      vertex -16.3565 3.4 3.51069
    endloop
  endfacet
  facet normal 0 -1 0
    outer loop
      vertex -16.6828 3.4 3.51069
      vertex -9.51965 3.4 0
      vertex -16.5196 3.4 3.5
    endloop
  endfacet
  facet normal 0 -1 0
    outer loop
      vertex -104.939 3.4 0
      vertex -103.85 3.4 9.5
      vertex -104.939 3.4 9.5
    endloop
  endfacet
  facet normal 0 -1 -0
    outer loop
      vertex -103.85 3.4 9.5
      vertex -104.939 3.4 0
      vertex -103.85 3.4 0
    endloop
  endfacet
  facet normal 0.442233 -0.8969 0
    outer loop
      vertex -105.776 2.51418 0
      vertex -105.6 2.60096 9.5
      vertex -105.776 2.51418 9.5
    endloop
  endfacet
  facet normal 0.442233 -0.8969 0
    outer loop
      vertex -105.6 2.60096 9.5
      vertex -105.776 2.51418 0
      vertex -105.6 2.60096 0
    endloop
  endfacet
  facet normal 0.750253 -0.661151 0
    outer loop
      vertex -105.29 2.83934 9.5
      vertex -105.16 2.98686 0
      vertex -105.16 2.98686 9.5
    endloop
  endfacet
  facet normal 0.750253 -0.661151 0
    outer loop
      vertex -105.16 2.98686 0
      vertex -105.29 2.83934 9.5
      vertex -105.29 2.83934 0
    endloop
  endfacet
  facet normal 0.321127 -0.947036 0
    outer loop
      vertex -105.962 2.45111 0
      vertex -105.776 2.51418 9.5
      vertex -105.962 2.45111 9.5
    endloop
  endfacet
  facet normal 0.321127 -0.947036 0
    outer loop
      vertex -105.776 2.51418 9.5
      vertex -105.962 2.45111 0
      vertex -105.776 2.51418 0
    endloop
  endfacet
  facet normal -0.194552 -0.980892 0
    outer loop
      vertex -106.739 2.45111 0
      vertex -106.546 2.41283 9.5
      vertex -106.739 2.45111 9.5
    endloop
  endfacet
  facet normal -0.194552 -0.980892 -0
    outer loop
      vertex -106.546 2.41283 9.5
      vertex -106.739 2.45111 0
      vertex -106.546 2.41283 0
    endloop
  endfacet
  facet normal 0.947435 -0.31995 0
    outer loop
      vertex -104.964 3.32597 9.5
      vertex -104.939 3.4 0
      vertex -104.939 3.4 9.5
    endloop
  endfacet
  facet normal 0.947435 -0.31995 0
    outer loop
      vertex -104.939 3.4 0
      vertex -104.964 3.32597 9.5
      vertex -104.964 3.32597 0
    endloop
  endfacet
  facet normal 0.660657 -0.750688 0
    outer loop
      vertex -105.437 2.70997 0
      vertex -105.29 2.83934 9.5
      vertex -105.437 2.70997 9.5
    endloop
  endfacet
  facet normal 0.660657 -0.750688 0
    outer loop
      vertex -105.29 2.83934 9.5
      vertex -105.437 2.70997 0
      vertex -105.29 2.83934 0
    endloop
  endfacet
  facet normal -0.322682 -0.946507 0
    outer loop
      vertex -106.924 2.51418 0
      vertex -106.739 2.45111 9.5
      vertex -106.924 2.51418 9.5
    endloop
  endfacet
  facet normal -0.322682 -0.946507 -0
    outer loop
      vertex -106.739 2.45111 9.5
      vertex -106.924 2.51418 0
      vertex -106.739 2.45111 0
    endloop
  endfacet
  facet normal -0.947435 -0.31995 0
    outer loop
      vertex -107.736 3.32597 0
      vertex -107.761 3.4 9.5
      vertex -107.761 3.4 0
    endloop
  endfacet
  facet normal -0.947435 -0.31995 0
    outer loop
      vertex -107.761 3.4 9.5
      vertex -107.736 3.32597 0
      vertex -107.736 3.32597 9.5
    endloop
  endfacet
  facet normal 0.195527 -0.980698 0
    outer loop
      vertex -106.154 2.41283 0
      vertex -105.962 2.45111 9.5
      vertex -106.154 2.41283 9.5
    endloop
  endfacet
  facet normal 0.195527 -0.980698 0
    outer loop
      vertex -105.962 2.45111 9.5
      vertex -106.154 2.41283 0
      vertex -105.962 2.45111 0
    endloop
  endfacet
  facet normal 0.555912 -0.831241 0
    outer loop
      vertex -105.6 2.60096 0
      vertex -105.437 2.70997 9.5
      vertex -105.6 2.60096 9.5
    endloop
  endfacet
  facet normal 0.555912 -0.831241 0
    outer loop
      vertex -105.437 2.70997 9.5
      vertex -105.6 2.60096 0
      vertex -105.437 2.70997 0
    endloop
  endfacet
  facet normal -0.555912 -0.831241 0
    outer loop
      vertex -107.263 2.70997 0
      vertex -107.1 2.60096 9.5
      vertex -107.263 2.70997 9.5
    endloop
  endfacet
  facet normal -0.555912 -0.831241 -0
    outer loop
      vertex -107.1 2.60096 9.5
      vertex -107.263 2.70997 0
      vertex -107.1 2.60096 0
    endloop
  endfacet
  facet normal -0.0653194 -0.997864 0
    outer loop
      vertex -106.546 2.41283 0
      vertex -106.35 2.4 9.5
      vertex -106.546 2.41283 9.5
    endloop
  endfacet
  facet normal -0.0653194 -0.997864 -0
    outer loop
      vertex -106.35 2.4 9.5
      vertex -106.546 2.41283 0
      vertex -106.35 2.4 0
    endloop
  endfacet
  facet normal -0.752779 -0.658273 0
    outer loop
      vertex -107.411 2.83934 0
      vertex -107.54 2.98686 9.5
      vertex -107.54 2.98686 0
    endloop
  endfacet
  facet normal -0.752779 -0.658273 0
    outer loop
      vertex -107.54 2.98686 9.5
      vertex -107.411 2.83934 0
      vertex -107.411 2.83934 9.5
    endloop
  endfacet
  facet normal 0.831485 -0.555547 0
    outer loop
      vertex -105.16 2.98686 9.5
      vertex -105.051 3.15 0
      vertex -105.051 3.15 9.5
    endloop
  endfacet
  facet normal 0.831485 -0.555547 0
    outer loop
      vertex -105.051 3.15 0
      vertex -105.16 2.98686 9.5
      vertex -105.16 2.98686 0
    endloop
  endfacet
  facet normal 0.0653194 -0.997864 0
    outer loop
      vertex -106.35 2.4 0
      vertex -106.154 2.41283 9.5
      vertex -106.35 2.4 9.5
    endloop
  endfacet
  facet normal 0.0653194 -0.997864 0
    outer loop
      vertex -106.154 2.41283 9.5
      vertex -106.35 2.4 0
      vertex -106.154 2.41283 0
    endloop
  endfacet
  facet normal -0.65813 -0.752904 0
    outer loop
      vertex -107.411 2.83934 0
      vertex -107.263 2.70997 9.5
      vertex -107.411 2.83934 9.5
    endloop
  endfacet
  facet normal -0.65813 -0.752904 -0
    outer loop
      vertex -107.263 2.70997 9.5
      vertex -107.411 2.83934 0
      vertex -107.263 2.70997 0
    endloop
  endfacet
  facet normal -0.831485 -0.555547 0
    outer loop
      vertex -107.54 2.98686 0
      vertex -107.649 3.15 9.5
      vertex -107.649 3.15 0
    endloop
  endfacet
  facet normal -0.831485 -0.555547 0
    outer loop
      vertex -107.649 3.15 9.5
      vertex -107.54 2.98686 0
      vertex -107.54 2.98686 9.5
    endloop
  endfacet
  facet normal -0.442233 -0.8969 0
    outer loop
      vertex -107.1 2.60096 0
      vertex -106.924 2.51418 9.5
      vertex -107.1 2.60096 9.5
    endloop
  endfacet
  facet normal -0.442233 -0.8969 -0
    outer loop
      vertex -106.924 2.51418 9.5
      vertex -107.1 2.60096 0
      vertex -106.924 2.51418 0
    endloop
  endfacet
  facet normal 0.896425 -0.443195 0
    outer loop
      vertex -105.051 3.15 9.5
      vertex -104.964 3.32597 0
      vertex -104.964 3.32597 9.5
    endloop
  endfacet
  facet normal 0.896425 -0.443195 0
    outer loop
      vertex -104.964 3.32597 0
      vertex -105.051 3.15 9.5
      vertex -105.051 3.15 0
    endloop
  endfacet
  facet normal -0.896425 -0.443195 0
    outer loop
      vertex -107.649 3.15 0
      vertex -107.736 3.32597 9.5
      vertex -107.736 3.32597 0
    endloop
  endfacet
  facet normal -0.896425 -0.443195 0
    outer loop
      vertex -107.736 3.32597 9.5
      vertex -107.649 3.15 0
      vertex -107.649 3.15 9.5
    endloop
  endfacet
  facet normal 1 -0 0
    outer loop
      vertex -128.85 5.9 9.5
      vertex -128.85 7.4 0
      vertex -128.85 7.4 9.5
    endloop
  endfacet
  facet normal 1 0 0
    outer loop
      vertex -128.85 7.4 0
      vertex -128.85 5.9 9.5
      vertex -128.85 5.9 0
    endloop
  endfacet
  facet normal -1 0 0
    outer loop
      vertex -102.35 3.4 0
      vertex -102.35 7.4 9.5
      vertex -102.35 7.4 0
    endloop
  endfacet
  facet normal -1 -0 0
    outer loop
      vertex -102.35 7.4 9.5
      vertex -102.35 3.4 0
      vertex -102.35 3.4 9.5
    endloop
  endfacet
  facet normal 0 -1 0
    outer loop
      vertex -128.85 7.4 0
      vertex -102.35 7.4 9.5
      vertex -128.85 7.4 9.5
    endloop
  endfacet
  facet normal 0 -1 -0
    outer loop
      vertex -102.35 7.4 9.5
      vertex -128.85 7.4 0
      vertex -102.35 7.4 0
    endloop
  endfacet
  facet normal 0 1 -0
    outer loop
      vertex -103.85 5.9 0
      vertex -128.85 5.9 9.5
      vertex -103.85 5.9 9.5
    endloop
  endfacet
  facet normal 0 1 0
    outer loop
      vertex -128.85 5.9 9.5
      vertex -103.85 5.9 0
      vertex -128.85 5.9 0
    endloop
  endfacet
  facet normal 1 -0 0
    outer loop
      vertex -103.85 3.4 9.5
      vertex -103.85 5.9 0
      vertex -103.85 5.9 9.5
    endloop
  endfacet
  facet normal 1 0 0
    outer loop
      vertex -103.85 5.9 0
      vertex -103.85 3.4 9.5
      vertex -103.85 3.4 0
    endloop
  endfacet
  facet normal 0 -0.946887 -0.321567
    outer loop
      vertex -27.5097 13.0427 5.56528
      vertex -10.2597 12.9102 5.95544
      vertex -27.5097 12.9102 5.95544
    endloop
  endfacet
  facet normal 0 -0.946887 -0.321567
    outer loop
      vertex -10.2597 12.9102 5.95544
      vertex -27.5097 13.0427 5.56528
      vertex -10.2597 13.0427 5.56528
    endloop
  endfacet
  facet normal 0 -0.321481 0.946916
    outer loop
      vertex -27.5097 11.2054 1.83978
      vertex -10.2597 10.8153 1.70734
      vertex -10.2597 11.2054 1.83978
    endloop
  endfacet
  facet normal 0 -0.321481 0.946916
    outer loop
      vertex -10.2597 10.8153 1.70734
      vertex -27.5097 11.2054 1.83978
      vertex -27.5097 10.8153 1.70734
    endloop
  endfacet
  facet normal 0 -0.980825 -0.194888
    outer loop
      vertex -27.5097 13.123 5.16115
      vertex -10.2597 13.0427 5.56528
      vertex -27.5097 13.0427 5.56528
    endloop
  endfacet
  facet normal 0 -0.980825 -0.194888
    outer loop
      vertex -10.2597 13.0427 5.56528
      vertex -27.5097 13.123 5.16115
      vertex -10.2597 13.123 5.16115
    endloop
  endfacet
  facet normal 0 0.555585 -0.83146
    outer loop
      vertex -27.5097 8.08241 7.24905
      vertex -10.2597 8.425 7.47797
      vertex -10.2597 8.08241 7.24905
    endloop
  endfacet
  facet normal 0 0.555585 -0.83146
    outer loop
      vertex -10.2597 8.425 7.47797
      vertex -27.5097 8.08241 7.24905
      vertex -27.5097 8.425 7.47797
    endloop
  endfacet
  facet normal -1.4474e-05 0.707101 -0.707112
    outer loop
      vertex -9.51965 5.54524 4.75
      vertex -9.77236 6.48665 5.6914
      vertex -9.51965 6.1657 5.37045
    endloop
  endfacet
  facet normal -2.09564e-05 0.7071 -0.707113
    outer loop
      vertex -9.51965 5.54524 4.75
      vertex -9.87482 6.6501 5.85485
      vertex -9.77236 6.48665 5.6914
    endloop
  endfacet
  facet normal -2.09707e-05 0.7071 -0.707113
    outer loop
      vertex -9.51965 5.54524 4.75
      vertex -10.0001 6.85002 6.05477
      vertex -9.87482 6.6501 5.85485
    endloop
  endfacet
  facet normal 0 0.707104 -0.707109
    outer loop
      vertex -15.2697 5.54524 4.75
      vertex -10.0001 6.85002 6.05477
      vertex -9.51965 5.54524 4.75
    endloop
  endfacet
  facet normal -1.20575e-06 0.707107 -0.707107
    outer loop
      vertex -10.0001 6.85002 6.05477
      vertex -15.2697 5.54524 4.75
      vertex -10.0498 6.95903 6.16378
    endloop
  endfacet
  facet normal -0.000156518 0.70738 -0.706833
    outer loop
      vertex -15.3648 6.0236 5.22835
      vertex -10.2337 7.49197 6.69672
      vertex -10.2325 7.47939 6.68413
    endloop
  endfacet
  facet normal -1.33121e-06 0.707107 -0.707107
    outer loop
      vertex -15.2803 5.7084 4.91316
      vertex -10.0498 6.95903 6.16378
      vertex -15.2697 5.54524 4.75
    endloop
  endfacet
  facet normal -1.21904e-06 0.707107 -0.707107
    outer loop
      vertex -10.0498 6.95903 6.16378
      vertex -15.2803 5.7084 4.91316
      vertex -10.1486 7.1758 6.38055
    endloop
  endfacet
  facet normal 1.06261e-05 0.707086 -0.707128
    outer loop
      vertex -15.3122 5.86877 5.07352
      vertex -10.1486 7.1758 6.38055
      vertex -15.2803 5.7084 4.91316
    endloop
  endfacet
  facet normal 3.44688e-05 0.707039 -0.707175
    outer loop
      vertex -10.1486 7.1758 6.38055
      vertex -15.3122 5.86877 5.07352
      vertex -10.162 7.22434 6.42908
    endloop
  endfacet
  facet normal -1.27985e-06 0.707107 -0.707107
    outer loop
      vertex -10.162 7.22434 6.42908
      vertex -15.3122 5.86877 5.07352
      vertex -10.2325 7.47939 6.68413
    endloop
  endfacet
  facet normal -1.25666e-06 0.707107 -0.707107
    outer loop
      vertex -15.3648 6.0236 5.22835
      vertex -10.2325 7.47939 6.68413
      vertex -15.3122 5.86877 5.07352
    endloop
  endfacet
  facet normal 0 0.707107 -0.707107
    outer loop
      vertex -10.2337 7.49197 6.69672
      vertex -15.3648 6.0236 5.22835
      vertex -15.4371 6.17025 5.375
    endloop
  endfacet
  facet normal 6.25765e-06 0.707094 -0.707119
    outer loop
      vertex -10.2337 7.49197 6.69672
      vertex -15.4371 6.17025 5.375
      vertex -10.2597 7.7724 6.97714
    endloop
  endfacet
  facet normal -1.36576e-06 0.707107 -0.707107
    outer loop
      vertex -10.2597 7.7724 6.97714
      vertex -15.4371 6.17025 5.375
      vertex -10.2597 7.77263 6.97737
    endloop
  endfacet
  facet normal -1.13159e-06 0.707106 -0.707107
    outer loop
      vertex -15.528 6.3062 5.51095
      vertex -10.2597 7.77263 6.97737
      vertex -15.4371 6.17025 5.375
    endloop
  endfacet
  facet normal -1.07885e-06 0.707106 -0.707107
    outer loop
      vertex -15.6358 6.42913 5.63388
      vertex -10.2597 7.77263 6.97737
      vertex -15.528 6.3062 5.51095
    endloop
  endfacet
  facet normal -1.02366e-06 0.707106 -0.707107
    outer loop
      vertex -15.7587 6.53694 5.74169
      vertex -10.2597 7.77263 6.97737
      vertex -15.6358 6.42913 5.63388
    endloop
  endfacet
  facet normal -9.62182e-07 0.707106 -0.707108
    outer loop
      vertex -15.8947 6.62778 5.83253
      vertex -10.2597 7.77263 6.97737
      vertex -15.7587 6.53694 5.74169
    endloop
  endfacet
  facet normal -8.88803e-07 0.707106 -0.707108
    outer loop
      vertex -16.0413 6.7001 5.90485
      vertex -10.2597 7.77263 6.97737
      vertex -15.8947 6.62778 5.83253
    endloop
  endfacet
  facet normal -7.90911e-07 0.707106 -0.707108
    outer loop
      vertex -16.1961 6.75266 5.95741
      vertex -10.2597 7.77263 6.97737
      vertex -16.0413 6.7001 5.90485
    endloop
  endfacet
  facet normal -6.39048e-07 0.707105 -0.707108
    outer loop
      vertex -16.3565 6.78456 5.98931
      vertex -10.2597 7.77263 6.97737
      vertex -16.1961 6.75266 5.95741
    endloop
  endfacet
  facet normal -3.33983e-07 0.707104 -0.707109
    outer loop
      vertex -16.5196 6.79525 6
      vertex -10.2597 7.77263 6.97737
      vertex -16.3565 6.78456 5.98931
    endloop
  endfacet
  facet normal 8.16398e-07 0.707101 -0.707113
    outer loop
      vertex -16.6828 6.78456 5.98931
      vertex -10.2597 7.77263 6.97737
      vertex -16.5196 6.79525 6
    endloop
  endfacet
  facet normal 0 0.707107 -0.707107
    outer loop
      vertex -27.5097 5.54524 4.75
      vertex -17.759 5.7084 4.91316
      vertex -17.7696 5.54524 4.75
    endloop
  endfacet
  facet normal 1.06243e-07 0.707104 -0.70711
    outer loop
      vertex -27.5097 7.77263 6.97737
      vertex -17.759 5.7084 4.91316
      vertex -27.5097 5.54524 4.75
    endloop
  endfacet
  facet normal -7.56563e-06 0.707085 -0.707128
    outer loop
      vertex -17.759 5.7084 4.91316
      vertex -27.5097 7.77263 6.97737
      vertex -17.7271 5.86877 5.07352
    endloop
  endfacet
  facet normal 6.77994e-07 0.707107 -0.707107
    outer loop
      vertex -17.7271 5.86877 5.07352
      vertex -27.5097 7.77263 6.97737
      vertex -17.6745 6.0236 5.22835
    endloop
  endfacet
  facet normal 6.61003e-07 0.707107 -0.707107
    outer loop
      vertex -17.6745 6.0236 5.22835
      vertex -27.5097 7.77263 6.97737
      vertex -17.6022 6.17025 5.375
    endloop
  endfacet
  facet normal 6.4406e-07 0.707107 -0.707107
    outer loop
      vertex -17.6022 6.17025 5.375
      vertex -27.5097 7.77263 6.97737
      vertex -17.5113 6.3062 5.51095
    endloop
  endfacet
  facet normal 6.26627e-07 0.707107 -0.707107
    outer loop
      vertex -17.5113 6.3062 5.51095
      vertex -27.5097 7.77263 6.97737
      vertex -17.4035 6.42913 5.63388
    endloop
  endfacet
  facet normal 6.07598e-07 0.707106 -0.707107
    outer loop
      vertex -17.4035 6.42913 5.63388
      vertex -27.5097 7.77263 6.97737
      vertex -17.2806 6.53694 5.74169
    endloop
  endfacet
  facet normal 5.85397e-07 0.707106 -0.707107
    outer loop
      vertex -17.2806 6.53694 5.74169
      vertex -27.5097 7.77263 6.97737
      vertex -17.1446 6.62778 5.83253
    endloop
  endfacet
  facet normal 5.57399e-07 0.707106 -0.707107
    outer loop
      vertex -17.1446 6.62778 5.83253
      vertex -27.5097 7.77263 6.97737
      vertex -16.998 6.7001 5.90485
    endloop
  endfacet
  facet normal 5.1725e-07 0.707106 -0.707108
    outer loop
      vertex -16.998 6.7001 5.90485
      vertex -27.5097 7.77263 6.97737
      vertex -16.8432 6.75266 5.95741
    endloop
  endfacet
  facet normal 4.47675e-07 0.707106 -0.707108
    outer loop
      vertex -16.8432 6.75266 5.95741
      vertex -27.5097 7.77263 6.97737
      vertex -16.6828 6.78456 5.98931
    endloop
  endfacet
  facet normal 0 0.707103 -0.70711
    outer loop
      vertex -16.6828 6.78456 5.98931
      vertex -27.5097 7.77263 6.97737
      vertex -10.2597 7.77263 6.97737
    endloop
  endfacet
  facet normal 0 -0.321481 -0.946916
    outer loop
      vertex -27.5097 10.8153 7.79266
      vertex -10.2597 11.2054 7.66022
      vertex -10.2597 10.8153 7.79266
    endloop
  endfacet
  facet normal -0 -0.321481 -0.946916
    outer loop
      vertex -10.2597 11.2054 7.66022
      vertex -27.5097 10.8153 7.79266
      vertex -27.5097 11.2054 7.66022
    endloop
  endfacet
  facet normal 0 -0.997851 0.0655283
    outer loop
      vertex -27.5097 13.123 4.33885
      vertex -10.2597 13.15 4.75
      vertex -27.5097 13.15 4.75
    endloop
  endfacet
  facet normal 0 -0.997851 0.0655283
    outer loop
      vertex -10.2597 13.15 4.75
      vertex -27.5097 13.123 4.33885
      vertex -10.2597 13.123 4.33885
    endloop
  endfacet
  facet normal 0 -0.997851 -0.0655283
    outer loop
      vertex -27.5097 13.15 4.75
      vertex -10.2597 13.123 5.16115
      vertex -27.5097 13.123 5.16115
    endloop
  endfacet
  facet normal 0 -0.997851 -0.0655283
    outer loop
      vertex -10.2597 13.123 5.16115
      vertex -27.5097 13.15 4.75
      vertex -10.2597 13.15 4.75
    endloop
  endfacet
  facet normal 0 0.65936 -0.751827
    outer loop
      vertex -27.5097 7.77263 6.97737
      vertex -10.2597 8.08241 7.24905
      vertex -10.2597 7.77263 6.97737
    endloop
  endfacet
  facet normal 0 0.65936 -0.751827
    outer loop
      vertex -10.2597 8.08241 7.24905
      vertex -27.5097 7.77263 6.97737
      vertex -27.5097 8.08241 7.24905
    endloop
  endfacet
  facet normal -0 0.0653833 0.99786
    outer loop
      vertex -27.5097 10 1.60001
      vertex -10.2597 9.58885 1.62695
      vertex -10.2597 10 1.60001
    endloop
  endfacet
  facet normal 0 0.0653833 0.99786
    outer loop
      vertex -10.2597 9.58885 1.62695
      vertex -27.5097 10 1.60001
      vertex -27.5097 9.58885 1.62695
    endloop
  endfacet
  facet normal -0 0.65936 0.751827
    outer loop
      vertex -27.5097 8.08241 2.25095
      vertex -10.2597 7.77263 2.52263
      vertex -10.2597 8.08241 2.25095
    endloop
  endfacet
  facet normal 0 0.65936 0.751827
    outer loop
      vertex -10.2597 7.77263 2.52263
      vertex -27.5097 8.08241 2.25095
      vertex -27.5097 7.77263 2.52263
    endloop
  endfacet
  facet normal -0 0.195099 0.980784
    outer loop
      vertex -27.5097 9.58885 1.62695
      vertex -10.2597 9.18472 1.70734
      vertex -10.2597 9.58885 1.62695
    endloop
  endfacet
  facet normal 0 0.195099 0.980784
    outer loop
      vertex -10.2597 9.18472 1.70734
      vertex -27.5097 9.58885 1.62695
      vertex -27.5097 9.18472 1.70734
    endloop
  endfacet
  facet normal 0 -0.442256 0.896889
    outer loop
      vertex -27.5097 11.575 2.02203
      vertex -10.2597 11.2054 1.83978
      vertex -10.2597 11.575 2.02203
    endloop
  endfacet
  facet normal 0 -0.442256 0.896889
    outer loop
      vertex -10.2597 11.2054 1.83978
      vertex -27.5097 11.575 2.02203
      vertex -27.5097 11.2054 1.83978
    endloop
  endfacet
  facet normal 0 -0.946887 0.321567
    outer loop
      vertex -27.5097 12.9102 3.54456
      vertex -10.2597 13.0427 3.93472
      vertex -27.5097 13.0427 3.93472
    endloop
  endfacet
  facet normal 0 -0.946887 0.321567
    outer loop
      vertex -10.2597 13.0427 3.93472
      vertex -27.5097 12.9102 3.54456
      vertex -10.2597 12.9102 3.54456
    endloop
  endfacet
  facet normal 0.00972224 0.69119 0.722608
    outer loop
      vertex -15.4371 6.17025 4.125
      vertex -10.2597 7.7724 2.52285
      vertex -10.2597 7.77263 2.52263
    endloop
  endfacet
  facet normal -1.37177e-06 0.707107 0.707107
    outer loop
      vertex -10.2597 7.7724 2.52285
      vertex -15.2803 5.7084 4.58684
      vertex -15.2697 5.54524 4.75
    endloop
  endfacet
  facet normal 1.54548e-05 0.707086 0.707127
    outer loop
      vertex -10.2597 7.7724 2.52285
      vertex -15.3122 5.86877 4.42648
      vertex -15.2803 5.7084 4.58684
    endloop
  endfacet
  facet normal 1.06759e-15 0.707107 0.707107
    outer loop
      vertex -10.2597 7.7724 2.52285
      vertex -15.3648 6.0236 4.27165
      vertex -15.3122 5.86877 4.42648
    endloop
  endfacet
  facet normal 0 0.707107 0.707107
    outer loop
      vertex -10.2597 7.7724 2.52285
      vertex -15.4371 6.17025 4.125
      vertex -15.3648 6.0236 4.27165
    endloop
  endfacet
  facet normal -1.13159e-06 0.707106 0.707107
    outer loop
      vertex -10.2597 7.77263 2.52263
      vertex -15.528 6.3062 3.98905
      vertex -15.4371 6.17025 4.125
    endloop
  endfacet
  facet normal -1.07885e-06 0.707106 0.707107
    outer loop
      vertex -10.2597 7.77263 2.52263
      vertex -15.6358 6.42913 3.86612
      vertex -15.528 6.3062 3.98905
    endloop
  endfacet
  facet normal -1.02366e-06 0.707106 0.707107
    outer loop
      vertex -10.2597 7.77263 2.52263
      vertex -15.7587 6.53694 3.75831
      vertex -15.6358 6.42913 3.86612
    endloop
  endfacet
  facet normal -9.62182e-07 0.707106 0.707108
    outer loop
      vertex -10.2597 7.77263 2.52263
      vertex -15.8947 6.62778 3.66747
      vertex -15.7587 6.53694 3.75831
    endloop
  endfacet
  facet normal -8.88803e-07 0.707106 0.707108
    outer loop
      vertex -10.2597 7.77263 2.52263
      vertex -16.0413 6.7001 3.59515
      vertex -15.8947 6.62778 3.66747
    endloop
  endfacet
  facet normal -7.90911e-07 0.707106 0.707108
    outer loop
      vertex -10.2597 7.77263 2.52263
      vertex -16.1961 6.75266 3.54259
      vertex -16.0413 6.7001 3.59515
    endloop
  endfacet
  facet normal -6.39048e-07 0.707105 0.707108
    outer loop
      vertex -10.2597 7.77263 2.52263
      vertex -16.3565 6.78456 3.51069
      vertex -16.1961 6.75266 3.54259
    endloop
  endfacet
  facet normal -3.33983e-07 0.707104 0.707109
    outer loop
      vertex -10.2597 7.77263 2.52263
      vertex -16.5196 6.79525 3.5
      vertex -16.3565 6.78456 3.51069
    endloop
  endfacet
  facet normal 8.16398e-07 0.707101 0.707113
    outer loop
      vertex -10.2597 7.77263 2.52263
      vertex -16.6828 6.78456 3.51069
      vertex -16.5196 6.79525 3.5
    endloop
  endfacet
  facet normal -0 0.707103 0.70711
    outer loop
      vertex -27.5097 7.77263 2.52263
      vertex -16.6828 6.78456 3.51069
      vertex -10.2597 7.77263 2.52263
    endloop
  endfacet
  facet normal 4.47675e-07 0.707106 0.707108
    outer loop
      vertex -27.5097 7.77263 2.52263
      vertex -16.8432 6.75266 3.54259
      vertex -16.6828 6.78456 3.51069
    endloop
  endfacet
  facet normal 5.1725e-07 0.707106 0.707108
    outer loop
      vertex -27.5097 7.77263 2.52263
      vertex -16.998 6.7001 3.59515
      vertex -16.8432 6.75266 3.54259
    endloop
  endfacet
  facet normal 5.57399e-07 0.707106 0.707107
    outer loop
      vertex -27.5097 7.77263 2.52263
      vertex -17.1446 6.62778 3.66747
      vertex -16.998 6.7001 3.59515
    endloop
  endfacet
  facet normal 5.85397e-07 0.707106 0.707107
    outer loop
      vertex -27.5097 7.77263 2.52263
      vertex -17.2806 6.53694 3.75831
      vertex -17.1446 6.62778 3.66747
    endloop
  endfacet
  facet normal 6.07598e-07 0.707106 0.707107
    outer loop
      vertex -27.5097 7.77263 2.52263
      vertex -17.4035 6.42913 3.86612
      vertex -17.2806 6.53694 3.75831
    endloop
  endfacet
  facet normal 6.26627e-07 0.707107 0.707107
    outer loop
      vertex -27.5097 7.77263 2.52263
      vertex -17.5113 6.3062 3.98905
      vertex -17.4035 6.42913 3.86612
    endloop
  endfacet
  facet normal 6.4406e-07 0.707107 0.707107
    outer loop
      vertex -27.5097 7.77263 2.52263
      vertex -17.6022 6.17025 4.125
      vertex -17.5113 6.3062 3.98905
    endloop
  endfacet
  facet normal 6.61003e-07 0.707107 0.707107
    outer loop
      vertex -27.5097 7.77263 2.52263
      vertex -17.6745 6.0236 4.27165
      vertex -17.6022 6.17025 4.125
    endloop
  endfacet
  facet normal 6.77994e-07 0.707107 0.707107
    outer loop
      vertex -27.5097 7.77263 2.52263
      vertex -17.7271 5.86877 4.42648
      vertex -17.6745 6.0236 4.27165
    endloop
  endfacet
  facet normal -7.56563e-06 0.707085 0.707128
    outer loop
      vertex -27.5097 7.77263 2.52263
      vertex -17.759 5.7084 4.58684
      vertex -17.7271 5.86877 4.42648
    endloop
  endfacet
  facet normal 1.06243e-07 0.707104 0.70711
    outer loop
      vertex -27.5097 5.54524 4.75
      vertex -17.759 5.7084 4.58684
      vertex -27.5097 7.77263 2.52263
    endloop
  endfacet
  facet normal 0 0.707107 0.707107
    outer loop
      vertex -17.759 5.7084 4.58684
      vertex -27.5097 5.54524 4.75
      vertex -17.7696 5.54524 4.75
    endloop
  endfacet
  facet normal -1.4474e-05 0.707101 0.707112
    outer loop
      vertex -9.77236 6.48665 3.8086
      vertex -9.51965 5.54524 4.75
      vertex -9.51965 6.1657 4.12955
    endloop
  endfacet
  facet normal -2.09564e-05 0.7071 0.707113
    outer loop
      vertex -9.87482 6.6501 3.64515
      vertex -9.51965 5.54524 4.75
      vertex -9.77236 6.48665 3.8086
    endloop
  endfacet
  facet normal 9.49216e-05 0.707119 0.707095
    outer loop
      vertex -10.0001 6.85002 3.44524
      vertex -9.51965 5.54524 4.75
      vertex -9.87482 6.6501 3.64515
    endloop
  endfacet
  facet normal -1.68428e-05 0.707135 0.707078
    outer loop
      vertex -15.2697 5.54524 4.75
      vertex -10.0001 6.85002 3.44524
      vertex -10.0498 6.95903 3.33622
    endloop
  endfacet
  facet normal -1.20579e-06 0.707107 0.707107
    outer loop
      vertex -15.2697 5.54524 4.75
      vertex -10.0498 6.95903 3.33622
      vertex -10.1486 7.1758 3.11945
    endloop
  endfacet
  facet normal -2.53815e-06 0.707106 0.707107
    outer loop
      vertex -15.2697 5.54524 4.75
      vertex -10.162 7.22434 3.07092
      vertex -10.2325 7.47939 2.81587
    endloop
  endfacet
  facet normal 0 0.707101 0.707112
    outer loop
      vertex -10.0001 6.85002 3.44524
      vertex -15.2697 5.54524 4.75
      vertex -9.51965 5.54524 4.75
    endloop
  endfacet
  facet normal 4.13701e-05 0.70704 0.707174
    outer loop
      vertex -10.162 7.22434 3.07092
      vertex -15.2697 5.54524 4.75
      vertex -10.1486 7.1758 3.11945
    endloop
  endfacet
  facet normal -0.000210829 0.707378 0.706836
    outer loop
      vertex -10.2337 7.49197 2.80328
      vertex -15.2697 5.54524 4.75
      vertex -10.2325 7.47939 2.81587
    endloop
  endfacet
  facet normal -1.35552e-06 0.707107 0.707107
    outer loop
      vertex -15.2697 5.54524 4.75
      vertex -10.2337 7.49197 2.80328
      vertex -10.2597 7.7724 2.52285
    endloop
  endfacet
  facet normal 0 -0.751803 -0.659387
    outer loop
      vertex -27.5097 12.4991 6.66759
      vertex -10.2597 12.2274 6.97737
      vertex -27.5097 12.2274 6.97737
    endloop
  endfacet
  facet normal 0 -0.751803 -0.659387
    outer loop
      vertex -10.2597 12.2274 6.97737
      vertex -27.5097 12.4991 6.66759
      vertex -10.2597 12.4991 6.66759
    endloop
  endfacet
  facet normal 0 -0.195066 0.98079
    outer loop
      vertex -27.5097 10.8153 1.70734
      vertex -10.2597 10.4111 1.62695
      vertex -10.2597 10.8153 1.70734
    endloop
  endfacet
  facet normal 0 -0.195066 0.98079
    outer loop
      vertex -10.2597 10.4111 1.62695
      vertex -27.5097 10.8153 1.70734
      vertex -27.5097 10.4111 1.62695
    endloop
  endfacet
  facet normal 0 -0.195066 -0.98079
    outer loop
      vertex -27.5097 10.4111 7.87305
      vertex -10.2597 10.8153 7.79266
      vertex -10.2597 10.4111 7.87305
    endloop
  endfacet
  facet normal -0 -0.195066 -0.98079
    outer loop
      vertex -10.2597 10.8153 7.79266
      vertex -27.5097 10.4111 7.87305
      vertex -27.5097 10.8153 7.79266
    endloop
  endfacet
  facet normal 0 -0.442256 -0.896889
    outer loop
      vertex -27.5097 11.2054 7.66022
      vertex -10.2597 11.575 7.47797
      vertex -10.2597 11.2054 7.66022
    endloop
  endfacet
  facet normal -0 -0.442256 -0.896889
    outer loop
      vertex -10.2597 11.575 7.47797
      vertex -27.5097 11.2054 7.66022
      vertex -27.5097 11.575 7.47797
    endloop
  endfacet
  facet normal -0 0.555585 0.83146
    outer loop
      vertex -27.5097 8.425 2.02203
      vertex -10.2597 8.08241 2.25095
      vertex -10.2597 8.425 2.02203
    endloop
  endfacet
  facet normal 0 0.555585 0.83146
    outer loop
      vertex -10.2597 8.08241 2.25095
      vertex -27.5097 8.425 2.02203
      vertex -27.5097 8.08241 2.25095
    endloop
  endfacet
  facet normal 0 -0.659336 -0.751849
    outer loop
      vertex -27.5097 11.9176 7.24905
      vertex -10.2597 12.2274 6.97737
      vertex -10.2597 11.9176 7.24905
    endloop
  endfacet
  facet normal -0 -0.659336 -0.751849
    outer loop
      vertex -10.2597 12.2274 6.97737
      vertex -27.5097 11.9176 7.24905
      vertex -27.5097 12.2274 6.97737
    endloop
  endfacet
  facet normal 0 -0.980825 0.194888
    outer loop
      vertex -27.5097 13.0427 3.93472
      vertex -10.2597 13.123 4.33885
      vertex -27.5097 13.123 4.33885
    endloop
  endfacet
  facet normal 0 -0.980825 0.194888
    outer loop
      vertex -10.2597 13.123 4.33885
      vertex -27.5097 13.0427 3.93472
      vertex -10.2597 13.0427 3.93472
    endloop
  endfacet
  facet normal 0 -0.659336 0.751849
    outer loop
      vertex -27.5097 12.2274 2.52263
      vertex -10.2597 11.9176 2.25095
      vertex -10.2597 12.2274 2.52263
    endloop
  endfacet
  facet normal 0 -0.659336 0.751849
    outer loop
      vertex -10.2597 11.9176 2.25095
      vertex -27.5097 12.2274 2.52263
      vertex -27.5097 11.9176 2.25095
    endloop
  endfacet
  facet normal 0 -0.896918 -0.442197
    outer loop
      vertex -27.5097 12.9102 5.95544
      vertex -10.2597 12.728 6.325
      vertex -27.5097 12.728 6.325
    endloop
  endfacet
  facet normal 0 -0.896918 -0.442197
    outer loop
      vertex -10.2597 12.728 6.325
      vertex -27.5097 12.9102 5.95544
      vertex -10.2597 12.9102 5.95544
    endloop
  endfacet
  facet normal -0 0.321436 0.946931
    outer loop
      vertex -27.5097 9.18472 1.70734
      vertex -10.2597 8.79456 1.83978
      vertex -10.2597 9.18472 1.70734
    endloop
  endfacet
  facet normal 0 0.321436 0.946931
    outer loop
      vertex -10.2597 8.79456 1.83978
      vertex -27.5097 9.18472 1.70734
      vertex -27.5097 8.79456 1.83978
    endloop
  endfacet
  facet normal 0 -0.0653912 0.99786
    outer loop
      vertex -27.5097 10.4111 1.62695
      vertex -10.2597 10 1.60001
      vertex -10.2597 10.4111 1.62695
    endloop
  endfacet
  facet normal 0 -0.0653912 0.99786
    outer loop
      vertex -10.2597 10 1.60001
      vertex -27.5097 10.4111 1.62695
      vertex -27.5097 10 1.60001
    endloop
  endfacet
  facet normal 0 -0.831482 0.555551
    outer loop
      vertex -27.5097 12.4991 2.83241
      vertex -10.2597 12.728 3.175
      vertex -27.5097 12.728 3.175
    endloop
  endfacet
  facet normal 0 -0.831482 0.555551
    outer loop
      vertex -10.2597 12.728 3.175
      vertex -27.5097 12.4991 2.83241
      vertex -10.2597 12.4991 2.83241
    endloop
  endfacet
  facet normal 0 -0.896918 0.442197
    outer loop
      vertex -27.5097 12.728 3.175
      vertex -10.2597 12.9102 3.54456
      vertex -27.5097 12.9102 3.54456
    endloop
  endfacet
  facet normal 0 -0.896918 0.442197
    outer loop
      vertex -10.2597 12.9102 3.54456
      vertex -27.5097 12.728 3.175
      vertex -10.2597 12.728 3.175
    endloop
  endfacet
  facet normal -0 0.442295 0.89687
    outer loop
      vertex -27.5097 8.79456 1.83978
      vertex -10.2597 8.425 2.02203
      vertex -10.2597 8.79456 1.83978
    endloop
  endfacet
  facet normal 0 0.442295 0.89687
    outer loop
      vertex -10.2597 8.425 2.02203
      vertex -27.5097 8.79456 1.83978
      vertex -27.5097 8.425 2.02203
    endloop
  endfacet
  facet normal 0 -0.831482 -0.555551
    outer loop
      vertex -27.5097 12.728 6.325
      vertex -10.2597 12.4991 6.66759
      vertex -27.5097 12.4991 6.66759
    endloop
  endfacet
  facet normal 0 -0.831482 -0.555551
    outer loop
      vertex -10.2597 12.4991 6.66759
      vertex -27.5097 12.728 6.325
      vertex -10.2597 12.728 6.325
    endloop
  endfacet
  facet normal 0 0.442295 -0.89687
    outer loop
      vertex -27.5097 8.425 7.47797
      vertex -10.2597 8.79456 7.66022
      vertex -10.2597 8.425 7.47797
    endloop
  endfacet
  facet normal 0 0.442295 -0.89687
    outer loop
      vertex -10.2597 8.79456 7.66022
      vertex -27.5097 8.425 7.47797
      vertex -27.5097 8.79456 7.66022
    endloop
  endfacet
  facet normal 1 0 0
    outer loop
      vertex -27.5097 13.123 5.16115
      vertex -27.5097 13.123 4.33885
      vertex -27.5097 13.15 4.75
    endloop
  endfacet
  facet normal 1 0 0
    outer loop
      vertex -27.5097 13.0427 5.56528
      vertex -27.5097 13.123 4.33885
      vertex -27.5097 13.123 5.16115
    endloop
  endfacet
  facet normal 1 0 0
    outer loop
      vertex -27.5097 13.0427 5.56528
      vertex -27.5097 13.0427 3.93472
      vertex -27.5097 13.123 4.33885
    endloop
  endfacet
  facet normal 1 0 0
    outer loop
      vertex -27.5097 12.9102 5.95544
      vertex -27.5097 13.0427 3.93472
      vertex -27.5097 13.0427 5.56528
    endloop
  endfacet
  facet normal 1 0 0
    outer loop
      vertex -27.5097 12.9102 5.95544
      vertex -27.5097 12.9102 3.54456
      vertex -27.5097 13.0427 3.93472
    endloop
  endfacet
  facet normal 1 0 0
    outer loop
      vertex -27.5097 12.728 6.325
      vertex -27.5097 12.9102 3.54456
      vertex -27.5097 12.9102 5.95544
    endloop
  endfacet
  facet normal 1 0 0
    outer loop
      vertex -27.5097 12.728 6.325
      vertex -27.5097 12.728 3.175
      vertex -27.5097 12.9102 3.54456
    endloop
  endfacet
  facet normal 1 0 0
    outer loop
      vertex -27.5097 12.4991 6.66759
      vertex -27.5097 12.728 3.175
      vertex -27.5097 12.728 6.325
    endloop
  endfacet
  facet normal 1 0 0
    outer loop
      vertex -27.5097 12.4991 6.66759
      vertex -27.5097 12.4991 2.83241
      vertex -27.5097 12.728 3.175
    endloop
  endfacet
  facet normal 1 0 0
    outer loop
      vertex -27.5097 12.2274 6.97737
      vertex -27.5097 12.4991 2.83241
      vertex -27.5097 12.4991 6.66759
    endloop
  endfacet
  facet normal 1 0 0
    outer loop
      vertex -27.5097 12.2274 6.97737
      vertex -27.5097 12.2274 2.52263
      vertex -27.5097 12.4991 2.83241
    endloop
  endfacet
  facet normal 1 0 0
    outer loop
      vertex -27.5097 11.9176 7.24905
      vertex -27.5097 12.2274 2.52263
      vertex -27.5097 12.2274 6.97737
    endloop
  endfacet
  facet normal 1 0 0
    outer loop
      vertex -27.5097 11.9176 7.24905
      vertex -27.5097 11.9176 2.25095
      vertex -27.5097 12.2274 2.52263
    endloop
  endfacet
  facet normal 1 0 0
    outer loop
      vertex -27.5097 11.575 7.47797
      vertex -27.5097 11.9176 2.25095
      vertex -27.5097 11.9176 7.24905
    endloop
  endfacet
  facet normal 1 0 0
    outer loop
      vertex -27.5097 11.575 7.47797
      vertex -27.5097 11.575 2.02203
      vertex -27.5097 11.9176 2.25095
    endloop
  endfacet
  facet normal 1 0 0
    outer loop
      vertex -27.5097 11.2054 7.66022
      vertex -27.5097 11.575 2.02203
      vertex -27.5097 11.575 7.47797
    endloop
  endfacet
  facet normal 1 0 0
    outer loop
      vertex -27.5097 11.2054 7.66022
      vertex -27.5097 11.2054 1.83978
      vertex -27.5097 11.575 2.02203
    endloop
  endfacet
  facet normal 1 0 0
    outer loop
      vertex -27.5097 10.8153 7.79266
      vertex -27.5097 11.2054 1.83978
      vertex -27.5097 11.2054 7.66022
    endloop
  endfacet
  facet normal 1 0 0
    outer loop
      vertex -27.5097 10.8153 7.79266
      vertex -27.5097 10.8153 1.70734
      vertex -27.5097 11.2054 1.83978
    endloop
  endfacet
  facet normal 1 0 0
    outer loop
      vertex -27.5097 10.4111 7.87305
      vertex -27.5097 10.8153 1.70734
      vertex -27.5097 10.8153 7.79266
    endloop
  endfacet
  facet normal 1 0 0
    outer loop
      vertex -27.5097 10.4111 7.87305
      vertex -27.5097 10.4111 1.62695
      vertex -27.5097 10.8153 1.70734
    endloop
  endfacet
  facet normal 1 0 0
    outer loop
      vertex -27.5097 10 7.89999
      vertex -27.5097 10.4111 1.62695
      vertex -27.5097 10.4111 7.87305
    endloop
  endfacet
  facet normal 1 0 0
    outer loop
      vertex -27.5097 10 7.89999
      vertex -27.5097 10 1.60001
      vertex -27.5097 10.4111 1.62695
    endloop
  endfacet
  facet normal 1 -0 0
    outer loop
      vertex -27.5097 9.58885 7.87305
      vertex -27.5097 10 1.60001
      vertex -27.5097 10 7.89999
    endloop
  endfacet
  facet normal 1 0 0
    outer loop
      vertex -27.5097 9.58885 7.87305
      vertex -27.5097 9.58885 1.62695
      vertex -27.5097 10 1.60001
    endloop
  endfacet
  facet normal 1 -0 0
    outer loop
      vertex -27.5097 9.18472 7.79266
      vertex -27.5097 9.58885 1.62695
      vertex -27.5097 9.58885 7.87305
    endloop
  endfacet
  facet normal 1 0 0
    outer loop
      vertex -27.5097 9.18472 7.79266
      vertex -27.5097 9.18472 1.70734
      vertex -27.5097 9.58885 1.62695
    endloop
  endfacet
  facet normal 1 -0 0
    outer loop
      vertex -27.5097 8.79456 7.66022
      vertex -27.5097 9.18472 1.70734
      vertex -27.5097 9.18472 7.79266
    endloop
  endfacet
  facet normal 1 0 0
    outer loop
      vertex -27.5097 8.79456 7.66022
      vertex -27.5097 8.79456 1.83978
      vertex -27.5097 9.18472 1.70734
    endloop
  endfacet
  facet normal 1 -0 0
    outer loop
      vertex -27.5097 8.425 7.47797
      vertex -27.5097 8.79456 1.83978
      vertex -27.5097 8.79456 7.66022
    endloop
  endfacet
  facet normal 1 0 0
    outer loop
      vertex -27.5097 8.425 7.47797
      vertex -27.5097 8.425 2.02203
      vertex -27.5097 8.79456 1.83978
    endloop
  endfacet
  facet normal 1 -0 0
    outer loop
      vertex -27.5097 8.08241 7.24905
      vertex -27.5097 8.425 2.02203
      vertex -27.5097 8.425 7.47797
    endloop
  endfacet
  facet normal 1 0 0
    outer loop
      vertex -27.5097 8.08241 7.24905
      vertex -27.5097 8.08241 2.25095
      vertex -27.5097 8.425 2.02203
    endloop
  endfacet
  facet normal 1 -0 0
    outer loop
      vertex -27.5097 7.77263 6.97737
      vertex -27.5097 8.08241 2.25095
      vertex -27.5097 8.08241 7.24905
    endloop
  endfacet
  facet normal 1 0 0
    outer loop
      vertex -27.5097 7.77263 6.97737
      vertex -27.5097 7.77263 2.52263
      vertex -27.5097 8.08241 2.25095
    endloop
  endfacet
  facet normal 1 0 -0
    outer loop
      vertex -27.5097 7.77263 2.52263
      vertex -27.5097 7.77263 6.97737
      vertex -27.5097 5.54524 4.75
    endloop
  endfacet
  facet normal 0 -0.555574 -0.831467
    outer loop
      vertex -27.5097 11.575 7.47797
      vertex -10.2597 11.9176 7.24905
      vertex -10.2597 11.575 7.47797
    endloop
  endfacet
  facet normal -0 -0.555574 -0.831467
    outer loop
      vertex -10.2597 11.9176 7.24905
      vertex -27.5097 11.575 7.47797
      vertex -27.5097 11.9176 7.24905
    endloop
  endfacet
  facet normal 0 -0.751803 0.659387
    outer loop
      vertex -27.5097 12.2274 2.52263
      vertex -10.2597 12.4991 2.83241
      vertex -27.5097 12.4991 2.83241
    endloop
  endfacet
  facet normal 0 -0.751803 0.659387
    outer loop
      vertex -10.2597 12.4991 2.83241
      vertex -27.5097 12.2274 2.52263
      vertex -10.2597 12.2274 2.52263
    endloop
  endfacet
  facet normal 0 -0.555574 0.831467
    outer loop
      vertex -27.5097 11.9176 2.25095
      vertex -10.2597 11.575 2.02203
      vertex -10.2597 11.9176 2.25095
    endloop
  endfacet
  facet normal 0 -0.555574 0.831467
    outer loop
      vertex -10.2597 11.575 2.02203
      vertex -27.5097 11.9176 2.25095
      vertex -27.5097 11.575 2.02203
    endloop
  endfacet
  facet normal 0 0.195099 -0.980784
    outer loop
      vertex -27.5097 9.18472 7.79266
      vertex -10.2597 9.58885 7.87305
      vertex -10.2597 9.18472 7.79266
    endloop
  endfacet
  facet normal 0 0.195099 -0.980784
    outer loop
      vertex -10.2597 9.58885 7.87305
      vertex -27.5097 9.18472 7.79266
      vertex -27.5097 9.58885 7.87305
    endloop
  endfacet
  facet normal 0 0.321436 -0.946931
    outer loop
      vertex -27.5097 8.79456 7.66022
      vertex -10.2597 9.18472 7.79266
      vertex -10.2597 8.79456 7.66022
    endloop
  endfacet
  facet normal 0 0.321436 -0.946931
    outer loop
      vertex -10.2597 9.18472 7.79266
      vertex -27.5097 8.79456 7.66022
      vertex -27.5097 9.18472 7.79266
    endloop
  endfacet
  facet normal 0 -0.0653912 -0.99786
    outer loop
      vertex -27.5097 10 7.89999
      vertex -10.2597 10.4111 7.87305
      vertex -10.2597 10 7.89999
    endloop
  endfacet
  facet normal -0 -0.0653912 -0.99786
    outer loop
      vertex -10.2597 10.4111 7.87305
      vertex -27.5097 10 7.89999
      vertex -27.5097 10.4111 7.87305
    endloop
  endfacet
  facet normal 0 0.0653833 -0.99786
    outer loop
      vertex -27.5097 9.58885 7.87305
      vertex -10.2597 10 7.89999
      vertex -10.2597 9.58885 7.87305
    endloop
  endfacet
  facet normal 0 0.0653833 -0.99786
    outer loop
      vertex -10.2597 10 7.89999
      vertex -27.5097 9.58885 7.87305
      vertex -27.5097 10 7.89999
    endloop
  endfacet
  facet normal 0.706324 -0.0462946 0.706373
    outer loop
      vertex -10.2597 10 1.6
      vertex -9.51965 10 0.860001
      vertex -9.51965 10.5023 0.892921
    endloop
  endfacet
  facet normal 0.706324 0.0462983 0.706373
    outer loop
      vertex -10.2597 10 1.6
      vertex -9.51965 9.49774 0.892921
      vertex -9.51965 10 0.860001
    endloop
  endfacet
  facet normal 0.706297 -0.532297 -0.466695
    outer loop
      vertex -10.2597 12.4991 6.6676
      vertex -9.51965 13.0861 7.11808
      vertex -9.51965 12.7543 7.49652
    endloop
  endfacet
  facet normal 0.706323 0.466733 0.532228
    outer loop
      vertex -10.2597 8.0824 2.25094
      vertex -9.51965 7.25348 1.99573
      vertex -9.51965 7.63192 1.66386
    endloop
  endfacet
  facet normal 0.706303 -0.588631 0.393255
    outer loop
      vertex -10.2597 12.728 3.175
      vertex -9.51965 13.0892 2.38649
      vertex -9.51965 13.3688 2.805
    endloop
  endfacet
  facet normal 0.706451 -0.705891 -0.051431
    outer loop
      vertex -10.2597 13.1231 5.16116
      vertex -9.51965 13.8571 5.25226
      vertex -9.51965 13.8567 5.25775
    endloop
  endfacet
  facet normal 0.706308 -0.706394 -0.0462156
    outer loop
      vertex -9.51965 13.8571 5.25226
      vertex -10.2597 13.1231 5.16116
      vertex -10.2597 13.15 4.75
    endloop
  endfacet
  facet normal 0.70628 -0.392099 -0.589429
    outer loop
      vertex -9.51965 12.3635 7.8392
      vertex -10.2597 11.9176 7.24906
      vertex -9.51965 12.3681 7.83614
    endloop
  endfacet
  facet normal 0.706323 -0.393285 -0.588587
    outer loop
      vertex -10.2597 11.9176 7.24906
      vertex -9.51965 12.3635 7.8392
      vertex -10.2597 11.575 7.47798
    endloop
  endfacet
  facet normal 0.706445 -0.585725 -0.397319
    outer loop
      vertex -10.2597 12.4991 6.6676
      vertex -9.51965 13.0892 7.11351
      vertex -9.51965 13.0861 7.11808
    endloop
  endfacet
  facet normal 0.706309 -0.588615 -0.393269
    outer loop
      vertex -9.51965 13.0892 7.11351
      vertex -10.2597 12.4991 6.6676
      vertex -10.2597 12.728 6.325
    endloop
  endfacet
  facet normal 0.706325 0.313088 -0.634887
    outer loop
      vertex -9.51965 8.05993 8.12127
      vertex -10.2597 8.425 7.47798
      vertex -10.2597 8.79455 7.66022
    endloop
  endfacet
  facet normal 0.706321 0.312968 -0.634951
    outer loop
      vertex -10.2597 8.425 7.47798
      vertex -9.51965 8.05993 8.12127
      vertex -9.51965 8.055 8.11884
    endloop
  endfacet
  facet normal 0.706378 0.670244 0.227603
    outer loop
      vertex -9.87482 6.6501 3.64515
      vertex -9.51965 6.40611 3.26136
      vertex -10.0001 6.85002 3.44524
    endloop
  endfacet
  facet normal 0.706349 0.670295 0.227543
    outer loop
      vertex -9.51965 6.40611 3.26136
      vertex -9.87482 6.6501 3.64515
      vertex -9.51965 6.24431 3.73799
    endloop
  endfacet
  facet normal 0.706325 0.22755 -0.670317
    outer loop
      vertex -10.2597 8.79455 7.66022
      vertex -9.51965 8.98799 8.50569
      vertex -9.51965 8.51136 8.34389
    endloop
  endfacet
  facet normal 0.706317 0.138333 0.694248
    outer loop
      vertex -10.2597 9.58884 1.62695
      vertex -9.51965 9.48687 0.894352
      vertex -9.51965 9.49225 0.89328
    endloop
  endfacet
  facet normal 0.706324 0.138095 0.694288
    outer loop
      vertex -9.51965 9.48687 0.894352
      vertex -10.2597 9.58884 1.62695
      vertex -10.2597 9.18472 1.70733
    endloop
  endfacet
  facet normal 0.706324 0.466735 -0.532226
    outer loop
      vertex -9.51965 7.25348 7.50427
      vertex -10.2597 7.77261 6.97739
      vertex -10.2597 8.0824 7.24906
    endloop
  endfacet
  facet normal 0.706319 0.466607 -0.532345
    outer loop
      vertex -10.2597 7.77261 6.97739
      vertex -9.51965 7.25348 7.50427
      vertex -9.51965 7.24935 7.50065
    endloop
  endfacet
  facet normal 0.706318 -0.138103 0.694293
    outer loop
      vertex -10.2597 10.4112 1.62695
      vertex -9.51965 10.5131 0.894352
      vertex -10.2597 10.8153 1.70733
    endloop
  endfacet
  facet normal 0.706325 -0.137839 0.694338
    outer loop
      vertex -9.51965 10.5131 0.894352
      vertex -10.2597 10.4112 1.62695
      vertex -9.51965 10.5077 0.89328
    endloop
  endfacet
  facet normal 0.706328 -0.69431 0.137968
    outer loop
      vertex -10.2597 13.0427 3.93472
      vertex -9.51965 13.7575 3.74319
      vertex -9.51965 13.8556 4.23687
    endloop
  endfacet
  facet normal 0.70653 -0.527094 -0.472215
    outer loop
      vertex -10.2597 12.2274 6.97739
      vertex -9.51965 12.7543 7.49652
      vertex -9.51965 12.7506 7.50065
    endloop
  endfacet
  facet normal 0.706333 -0.532194 -0.466759
    outer loop
      vertex -9.51965 12.7543 7.49652
      vertex -10.2597 12.2274 6.97739
      vertex -10.2597 12.4991 6.6676
    endloop
  endfacet
  facet normal 0.706325 0.31309 0.634885
    outer loop
      vertex -10.2597 8.79455 1.83978
      vertex -9.51965 8.05993 1.37873
      vertex -9.51965 8.51136 1.15611
    endloop
  endfacet
  facet normal 0.706344 0.634868 -0.313081
    outer loop
      vertex -9.51965 6.40611 6.23864
      vertex -10.0498 6.95903 6.16378
      vertex -9.51965 6.62873 6.69007
    endloop
  endfacet
  facet normal 0.70638 0.63493 -0.312876
    outer loop
      vertex -10.0498 6.95903 6.16378
      vertex -9.51965 6.40611 6.23864
      vertex -10.0001 6.85002 6.05477
    endloop
  endfacet
  facet normal 0.706384 0.634937 0.312853
    outer loop
      vertex -9.51965 6.40611 3.26136
      vertex -10.0498 6.95903 3.33622
      vertex -10.0001 6.85002 3.44524
    endloop
  endfacet
  facet normal 0.706344 0.634868 0.313081
    outer loop
      vertex -10.0498 6.95903 3.33622
      vertex -9.51965 6.40611 3.26136
      vertex -9.51965 6.62873 2.80993
    endloop
  endfacet
  facet normal 0.706309 0.588437 0.393534
    outer loop
      vertex -9.51965 6.63116 2.805
      vertex -10.162 7.22434 3.07092
      vertex -10.1486 7.1758 3.11945
    endloop
  endfacet
  facet normal 0.706334 0.588579 0.393277
    outer loop
      vertex -10.162 7.22434 3.07092
      vertex -9.51965 6.63116 2.805
      vertex -9.51965 6.9108 2.38649
    endloop
  endfacet
  facet normal 0.706323 0.466733 -0.532228
    outer loop
      vertex -10.2597 8.0824 7.24906
      vertex -9.51965 7.63192 7.83614
      vertex -9.51965 7.25348 7.50427
    endloop
  endfacet
  facet normal 0.706339 -0.226942 -0.670509
    outer loop
      vertex -10.2597 10.8153 7.79267
      vertex -9.51965 11.012 8.50569
      vertex -9.51965 11.0068 8.50745
    endloop
  endfacet
  facet normal 0.706321 -0.227537 -0.670327
    outer loop
      vertex -9.51965 11.012 8.50569
      vertex -10.2597 10.8153 7.79267
      vertex -10.2597 11.2055 7.66022
    endloop
  endfacet
  facet normal 0.706325 -0.0462946 -0.706373
    outer loop
      vertex -10.2597 10 7.9
      vertex -9.51965 10.5023 8.60708
      vertex -9.51965 10 8.64
    endloop
  endfacet
  facet normal 0.706325 0.313088 0.634887
    outer loop
      vertex -10.2597 8.425 2.02202
      vertex -9.51965 8.05993 1.37873
      vertex -10.2597 8.79455 1.83978
    endloop
  endfacet
  facet normal 0.706321 0.312968 0.634951
    outer loop
      vertex -9.51965 8.05993 1.37873
      vertex -10.2597 8.425 2.02202
      vertex -9.51965 8.055 1.38116
    endloop
  endfacet
  facet normal 0.706173 -0.69374 -0.14158
    outer loop
      vertex -9.51965 13.8556 5.26314
      vertex -10.2597 13.1231 5.16116
      vertex -9.51965 13.8567 5.25775
    endloop
  endfacet
  facet normal 0.706278 -0.694326 -0.138137
    outer loop
      vertex -10.2597 13.1231 5.16116
      vertex -9.51965 13.8556 5.26314
      vertex -10.2597 13.0427 5.56528
    endloop
  endfacet
  facet normal 0.706325 -0.393288 -0.588583
    outer loop
      vertex -10.2597 11.575 7.47798
      vertex -9.51965 12.3635 7.8392
      vertex -9.51965 11.945 8.11884
    endloop
  endfacet
  facet normal 0.706339 -0.670305 -0.227546
    outer loop
      vertex -10.2597 12.9102 5.95545
      vertex -9.51965 13.7557 5.76201
      vertex -9.51965 13.5939 6.23864
    endloop
  endfacet
  facet normal 0.706329 -0.532197 0.466761
    outer loop
      vertex -10.2597 12.2274 2.52261
      vertex -9.51965 12.7543 2.00349
      vertex -10.2597 12.4991 2.8324
    endloop
  endfacet
  facet normal 0.706526 -0.527097 0.472217
    outer loop
      vertex -9.51965 12.7543 2.00349
      vertex -10.2597 12.2274 2.52261
      vertex -9.51965 12.7506 1.99936
    endloop
  endfacet
  facet normal 0.706297 -0.532291 0.466702
    outer loop
      vertex -10.2597 12.4991 2.8324
      vertex -9.51965 12.7543 2.00349
      vertex -9.51965 13.0861 2.38192
    endloop
  endfacet
  facet normal 0.706326 -0.706373 0.0462702
    outer loop
      vertex -10.2597 13.15 4.75
      vertex -9.51965 13.8571 4.24774
      vertex -9.51965 13.89 4.75
    endloop
  endfacet
  facet normal 0.706329 -0.466758 -0.5322
    outer loop
      vertex -10.2597 11.9176 7.24906
      vertex -9.51965 12.7465 7.50427
      vertex -9.51965 12.3681 7.83614
    endloop
  endfacet
  facet normal 0.706328 -0.694309 -0.13797
    outer loop
      vertex -10.2597 13.0427 5.56528
      vertex -9.51965 13.8556 5.26314
      vertex -9.51965 13.7575 5.75681
    endloop
  endfacet
  facet normal 0.706309 -0.588615 0.393269
    outer loop
      vertex -10.2597 12.4991 2.8324
      vertex -9.51965 13.0892 2.38649
      vertex -10.2597 12.728 3.175
    endloop
  endfacet
  facet normal 0.706445 -0.585725 0.397319
    outer loop
      vertex -9.51965 13.0892 2.38649
      vertex -10.2597 12.4991 2.8324
      vertex -9.51965 13.0861 2.38192
    endloop
  endfacet
  facet normal 0.706315 0.634936 0.31301
    outer loop
      vertex -9.51965 6.62873 2.80993
      vertex -10.1486 7.1758 3.11945
      vertex -10.0498 6.95903 3.33622
    endloop
  endfacet
  facet normal 0.706314 0.634957 0.31297
    outer loop
      vertex -10.1486 7.1758 3.11945
      vertex -9.51965 6.62873 2.80993
      vertex -9.51965 6.63116 2.805
    endloop
  endfacet
  facet normal 0.706339 -0.634884 -0.313061
    outer loop
      vertex -10.2597 12.9102 5.95545
      vertex -9.51965 13.5939 6.23864
      vertex -9.51965 13.3713 6.69007
    endloop
  endfacet
  facet normal 0.706303 -0.588631 -0.393255
    outer loop
      vertex -10.2597 12.728 6.325
      vertex -9.51965 13.3688 6.695
      vertex -9.51965 13.0892 7.11351
    endloop
  endfacet
  facet normal 0.706325 0.0462983 -0.706372
    outer loop
      vertex -10.2597 10 7.9
      vertex -9.51965 10 8.64
      vertex -9.51965 9.49774 8.60708
    endloop
  endfacet
  facet normal 0.706312 -0.227568 -0.670326
    outer loop
      vertex -10.2597 11.2055 7.66022
      vertex -9.51965 11.4886 8.34389
      vertex -9.51965 11.012 8.50569
    endloop
  endfacet
  facet normal 0.706308 -0.313059 0.63492
    outer loop
      vertex -10.2597 11.2055 1.83978
      vertex -9.51965 11.4886 1.15611
      vertex -9.51965 11.9401 1.37873
    endloop
  endfacet
  facet normal 0.706359 0.670296 0.227509
    outer loop
      vertex -9.77236 6.48665 3.8086
      vertex -9.51965 6.24431 3.73799
      vertex -9.87482 6.6501 3.64515
    endloop
  endfacet
  facet normal 0.706372 0.670478 0.226931
    outer loop
      vertex -9.51965 6.24431 3.73799
      vertex -9.77236 6.48665 3.8086
      vertex -9.51965 6.24255 3.74319
    endloop
  endfacet
  facet normal 0.706536 -0.631163 -0.320062
    outer loop
      vertex -10.2597 12.728 6.325
      vertex -9.51965 13.3713 6.69007
      vertex -9.51965 13.3688 6.695
    endloop
  endfacet
  facet normal 0.706327 -0.634912 -0.313032
    outer loop
      vertex -9.51965 13.3713 6.69007
      vertex -10.2597 12.728 6.325
      vertex -10.2597 12.9102 5.95545
    endloop
  endfacet
  facet normal 0.706325 0.227543 0.67032
    outer loop
      vertex -10.2597 8.79455 1.83978
      vertex -9.51965 8.51136 1.15611
      vertex -9.51965 8.98799 0.994316
    endloop
  endfacet
  facet normal 0.706344 -0.0469565 0.70631
    outer loop
      vertex -10.2597 10.4112 1.62695
      vertex -9.51965 10.5023 0.892921
      vertex -9.51965 10.5077 0.89328
    endloop
  endfacet
  facet normal 0.706325 -0.0462956 0.706373
    outer loop
      vertex -9.51965 10.5023 0.892921
      vertex -10.2597 10.4112 1.62695
      vertex -10.2597 10 1.6
    endloop
  endfacet
  facet normal 0.706312 -0.22756 0.670329
    outer loop
      vertex -10.2597 11.2055 1.83978
      vertex -9.51965 11.012 0.994316
      vertex -9.51965 11.4886 1.15611
    endloop
  endfacet
  facet normal 0.706323 0.138101 0.694288
    outer loop
      vertex -10.2597 9.18472 1.70733
      vertex -9.51965 8.99319 0.99255
      vertex -9.51965 9.48687 0.894352
    endloop
  endfacet
  facet normal 0.706326 0.0463193 -0.70637
    outer loop
      vertex -10.2597 9.58884 7.87305
      vertex -9.51965 9.49774 8.60708
      vertex -9.51965 9.49225 8.60672
    endloop
  endfacet
  facet normal 0.706325 0.0463 -0.706372
    outer loop
      vertex -9.51965 9.49774 8.60708
      vertex -10.2597 9.58884 7.87305
      vertex -10.2597 10 7.9
    endloop
  endfacet
  facet normal 0.706382 -0.468487 -0.530607
    outer loop
      vertex -9.51965 12.7465 7.50427
      vertex -10.2597 12.2274 6.97739
      vertex -9.51965 12.7506 7.50065
    endloop
  endfacet
  facet normal 0.706315 -0.466733 -0.532241
    outer loop
      vertex -10.2597 12.2274 6.97739
      vertex -9.51965 12.7465 7.50427
      vertex -10.2597 11.9176 7.24906
    endloop
  endfacet
  facet normal 0.706348 -0.0470865 -0.706297
    outer loop
      vertex -9.51965 10.5023 8.60708
      vertex -10.2597 10.4112 7.87305
      vertex -9.51965 10.5077 8.60672
    endloop
  endfacet
  facet normal 0.706325 -0.0462955 -0.706372
    outer loop
      vertex -10.2597 10.4112 7.87305
      vertex -9.51965 10.5023 8.60708
      vertex -10.2597 10 7.9
    endloop
  endfacet
  facet normal 0.706351 0.694261 0.138094
    outer loop
      vertex -9.77236 6.48665 3.8086
      vertex -9.51965 6.1657 4.12955
      vertex -9.51965 6.24255 3.74319
    endloop
  endfacet
  facet normal 0.706376 0.670248 -0.227597
    outer loop
      vertex -9.51965 6.40611 6.23864
      vertex -9.87482 6.6501 5.85485
      vertex -10.0001 6.85002 6.05477
    endloop
  endfacet
  facet normal 0.706349 0.670295 -0.227543
    outer loop
      vertex -9.87482 6.6501 5.85485
      vertex -9.51965 6.40611 6.23864
      vertex -9.51965 6.24431 5.76201
    endloop
  endfacet
  facet normal 0.706325 0.0463001 0.706372
    outer loop
      vertex -10.2597 9.58884 1.62695
      vertex -9.51965 9.49774 0.892921
      vertex -10.2597 10 1.6
    endloop
  endfacet
  facet normal 0.706322 0.0461915 0.706382
    outer loop
      vertex -9.51965 9.49774 0.892921
      vertex -10.2597 9.58884 1.62695
      vertex -9.51965 9.49225 0.89328
    endloop
  endfacet
  facet normal 0.70632 0.227642 0.670292
    outer loop
      vertex -10.2597 9.18472 1.70733
      vertex -9.51965 8.98799 0.994316
      vertex -9.51965 8.99319 0.99255
    endloop
  endfacet
  facet normal 0.706322 0.227552 0.67032
    outer loop
      vertex -9.51965 8.98799 0.994316
      vertex -10.2597 9.18472 1.70733
      vertex -10.2597 8.79455 1.83978
    endloop
  endfacet
  facet normal 0.706326 0.393283 0.588585
    outer loop
      vertex -10.2597 8.0824 2.25094
      vertex -9.51965 7.63649 1.6608
      vertex -10.2597 8.425 2.02202
    endloop
  endfacet
  facet normal 0.706346 0.393841 0.588188
    outer loop
      vertex -9.51965 7.63649 1.6608
      vertex -10.2597 8.0824 2.25094
      vertex -9.51965 7.63192 1.66386
    endloop
  endfacet
  facet normal 1 -0 0
    outer loop
      vertex -10.2597 13.123 5.16115
      vertex -10.2597 13.15 4.75
      vertex -10.2597 13.1231 5.16116
    endloop
  endfacet
  facet normal 1 0 0
    outer loop
      vertex -10.2597 13.1231 5.16116
      vertex -10.2597 13.0427 5.56528
      vertex -10.2597 13.123 5.16115
    endloop
  endfacet
  facet normal 1 -0 0
    outer loop
      vertex -10.2597 12.9102 5.95544
      vertex -10.2597 13.0427 5.56528
      vertex -10.2597 12.9102 5.95545
    endloop
  endfacet
  facet normal 1 0 0
    outer loop
      vertex -10.2597 12.9102 5.95545
      vertex -10.2597 12.728 6.325
      vertex -10.2597 12.9102 5.95544
    endloop
  endfacet
  facet normal 1 -0 0
    outer loop
      vertex -10.2597 12.4991 6.66759
      vertex -10.2597 12.728 6.325
      vertex -10.2597 12.4991 6.6676
    endloop
  endfacet
  facet normal 1 -0 0
    outer loop
      vertex -10.2597 12.2274 6.97737
      vertex -10.2597 12.4991 6.6676
      vertex -10.2597 12.2274 6.97739
    endloop
  endfacet
  facet normal 1 0 0
    outer loop
      vertex -10.2597 12.4991 6.6676
      vertex -10.2597 12.2274 6.97737
      vertex -10.2597 12.4991 6.66759
    endloop
  endfacet
  facet normal 1 0 0
    outer loop
      vertex -10.2597 11.9176 7.24906
      vertex -10.2597 12.2274 6.97737
      vertex -10.2597 12.2274 6.97739
    endloop
  endfacet
  facet normal 1 0 0
    outer loop
      vertex -10.2597 11.9176 7.24906
      vertex -10.2597 11.9176 7.24905
      vertex -10.2597 12.2274 6.97737
    endloop
  endfacet
  facet normal 1 -0 0
    outer loop
      vertex -10.2597 11.575 7.47797
      vertex -10.2597 11.9176 7.24906
      vertex -10.2597 11.575 7.47798
    endloop
  endfacet
  facet normal 1 0 0
    outer loop
      vertex -10.2597 11.9176 7.24906
      vertex -10.2597 11.575 7.47797
      vertex -10.2597 11.9176 7.24905
    endloop
  endfacet
  facet normal 1 0 0
    outer loop
      vertex -10.2597 11.2055 7.66022
      vertex -10.2597 11.575 7.47797
      vertex -10.2597 11.575 7.47798
    endloop
  endfacet
  facet normal 1 0 0
    outer loop
      vertex -10.2597 11.2055 7.66022
      vertex -10.2597 11.2054 7.66022
      vertex -10.2597 11.575 7.47797
    endloop
  endfacet
  facet normal 1 0 0
    outer loop
      vertex -10.2597 10.8153 7.79267
      vertex -10.2597 11.2054 7.66022
      vertex -10.2597 11.2055 7.66022
    endloop
  endfacet
  facet normal 1 0 0
    outer loop
      vertex -10.2597 10.8153 7.79267
      vertex -10.2597 10.8153 7.79266
      vertex -10.2597 11.2054 7.66022
    endloop
  endfacet
  facet normal 1 0 0
    outer loop
      vertex -10.2597 10.4112 7.87305
      vertex -10.2597 10.8153 7.79266
      vertex -10.2597 10.8153 7.79267
    endloop
  endfacet
  facet normal 1 0 0
    outer loop
      vertex -10.2597 10.4112 7.87305
      vertex -10.2597 10.4111 7.87305
      vertex -10.2597 10.8153 7.79266
    endloop
  endfacet
  facet normal 1 0 0
    outer loop
      vertex -10.2597 10 7.9
      vertex -10.2597 10.4111 7.87305
      vertex -10.2597 10.4112 7.87305
    endloop
  endfacet
  facet normal 1 0 0
    outer loop
      vertex -10.2597 10 7.9
      vertex -10.2597 10 7.89999
      vertex -10.2597 10.4111 7.87305
    endloop
  endfacet
  facet normal 1 0 0
    outer loop
      vertex -10.2597 10 7.9
      vertex -10.2597 9.58885 7.87305
      vertex -10.2597 10 7.89999
    endloop
  endfacet
  facet normal 1 0 0
    outer loop
      vertex -10.2597 9.58884 7.87305
      vertex -10.2597 9.58885 7.87305
      vertex -10.2597 10 7.9
    endloop
  endfacet
  facet normal 1 -0 0
    outer loop
      vertex -10.2597 9.58884 7.87305
      vertex -10.2597 9.18472 7.79266
      vertex -10.2597 9.58885 7.87305
    endloop
  endfacet
  facet normal 1 -0 0
    outer loop
      vertex -10.2597 9.18472 7.79267
      vertex -10.2597 9.18472 7.79266
      vertex -10.2597 9.58884 7.87305
    endloop
  endfacet
  facet normal 1 0 0
    outer loop
      vertex -10.2597 9.18472 7.79267
      vertex -10.2597 8.79456 7.66022
      vertex -10.2597 9.18472 7.79266
    endloop
  endfacet
  facet normal 1 0 0
    outer loop
      vertex -10.2597 8.79455 7.66022
      vertex -10.2597 8.79456 7.66022
      vertex -10.2597 9.18472 7.79267
    endloop
  endfacet
  facet normal 1 -0 0
    outer loop
      vertex -10.2597 8.79455 7.66022
      vertex -10.2597 8.425 7.47797
      vertex -10.2597 8.79456 7.66022
    endloop
  endfacet
  facet normal 1 -0 0
    outer loop
      vertex -10.2597 8.425 7.47798
      vertex -10.2597 8.425 7.47797
      vertex -10.2597 8.79455 7.66022
    endloop
  endfacet
  facet normal 1 0 0
    outer loop
      vertex -10.2597 8.0824 7.24906
      vertex -10.2597 8.425 7.47797
      vertex -10.2597 8.425 7.47798
    endloop
  endfacet
  facet normal 1 0 0
    outer loop
      vertex -10.2597 8.425 7.47797
      vertex -10.2597 8.0824 7.24906
      vertex -10.2597 8.08241 7.24905
    endloop
  endfacet
  facet normal 1 0 0
    outer loop
      vertex -10.2597 8.0824 7.24906
      vertex -10.2597 7.77263 6.97737
      vertex -10.2597 8.08241 7.24905
    endloop
  endfacet
  facet normal 1 -0 0
    outer loop
      vertex -10.2597 7.77261 6.97739
      vertex -10.2597 7.77263 6.97737
      vertex -10.2597 8.0824 7.24906
    endloop
  endfacet
  facet normal 1 0 0
    outer loop
      vertex -10.2597 7.77263 6.97737
      vertex -10.2597 7.77261 6.97739
      vertex -10.2597 7.7724 6.97714
    endloop
  endfacet
  facet normal 1 0 0
    outer loop
      vertex -10.2597 13.15 4.75
      vertex -10.2597 13.123 4.33885
      vertex -10.2597 13.1231 4.33884
    endloop
  endfacet
  facet normal 1 0 0
    outer loop
      vertex -10.2597 13.0427 3.93472
      vertex -10.2597 13.1231 4.33884
      vertex -10.2597 13.123 4.33885
    endloop
  endfacet
  facet normal 1 0 0
    outer loop
      vertex -10.2597 13.0427 3.93472
      vertex -10.2597 12.9102 3.54456
      vertex -10.2597 12.9102 3.54455
    endloop
  endfacet
  facet normal 1 0 0
    outer loop
      vertex -10.2597 12.728 3.175
      vertex -10.2597 12.9102 3.54455
      vertex -10.2597 12.9102 3.54456
    endloop
  endfacet
  facet normal 1 -0 0
    outer loop
      vertex -10.2597 12.4991 2.83241
      vertex -10.2597 12.4991 2.8324
      vertex -10.2597 12.728 3.175
    endloop
  endfacet
  facet normal 1 0 0
    outer loop
      vertex -10.2597 12.2274 2.52263
      vertex -10.2597 12.4991 2.8324
      vertex -10.2597 12.4991 2.83241
    endloop
  endfacet
  facet normal 1 0 0
    outer loop
      vertex -10.2597 12.4991 2.8324
      vertex -10.2597 12.2274 2.52263
      vertex -10.2597 12.2274 2.52261
    endloop
  endfacet
  facet normal 1 0 0
    outer loop
      vertex -10.2597 12.2274 2.52263
      vertex -10.2597 11.9176 2.25094
      vertex -10.2597 12.2274 2.52261
    endloop
  endfacet
  facet normal 1 -0 0
    outer loop
      vertex -10.2597 11.9176 2.25095
      vertex -10.2597 11.9176 2.25094
      vertex -10.2597 12.2274 2.52263
    endloop
  endfacet
  facet normal 1 0 0
    outer loop
      vertex -10.2597 11.575 2.02203
      vertex -10.2597 11.9176 2.25094
      vertex -10.2597 11.9176 2.25095
    endloop
  endfacet
  facet normal 1 0 0
    outer loop
      vertex -10.2597 11.9176 2.25094
      vertex -10.2597 11.575 2.02203
      vertex -10.2597 11.575 2.02202
    endloop
  endfacet
  facet normal 1 0 0
    outer loop
      vertex -10.2597 11.575 2.02203
      vertex -10.2597 11.2055 1.83978
      vertex -10.2597 11.575 2.02202
    endloop
  endfacet
  facet normal 1 0 0
    outer loop
      vertex -10.2597 11.2054 1.83978
      vertex -10.2597 11.2055 1.83978
      vertex -10.2597 11.575 2.02203
    endloop
  endfacet
  facet normal 1 -0 0
    outer loop
      vertex -10.2597 11.2054 1.83978
      vertex -10.2597 10.8153 1.70733
      vertex -10.2597 11.2055 1.83978
    endloop
  endfacet
  facet normal 1 -0 0
    outer loop
      vertex -10.2597 10.8153 1.70734
      vertex -10.2597 10.8153 1.70733
      vertex -10.2597 11.2054 1.83978
    endloop
  endfacet
  facet normal 1 0 0
    outer loop
      vertex -10.2597 10.8153 1.70734
      vertex -10.2597 10.4112 1.62695
      vertex -10.2597 10.8153 1.70733
    endloop
  endfacet
  facet normal 1 0 0
    outer loop
      vertex -10.2597 10.4111 1.62695
      vertex -10.2597 10.4112 1.62695
      vertex -10.2597 10.8153 1.70734
    endloop
  endfacet
  facet normal 1 0 0
    outer loop
      vertex -10.2597 10 1.6
      vertex -10.2597 10.4111 1.62695
      vertex -10.2597 10 1.60001
    endloop
  endfacet
  facet normal 1 -0 0
    outer loop
      vertex -10.2597 10.4111 1.62695
      vertex -10.2597 10 1.6
      vertex -10.2597 10.4112 1.62695
    endloop
  endfacet
  facet normal 1 0 0
    outer loop
      vertex -10.2597 9.58885 1.62695
      vertex -10.2597 10 1.6
      vertex -10.2597 10 1.60001
    endloop
  endfacet
  facet normal 1 0 0
    outer loop
      vertex -10.2597 9.58885 1.62695
      vertex -10.2597 9.58884 1.62695
      vertex -10.2597 10 1.6
    endloop
  endfacet
  facet normal 1 0 0
    outer loop
      vertex -10.2597 9.18472 1.70734
      vertex -10.2597 9.58884 1.62695
      vertex -10.2597 9.58885 1.62695
    endloop
  endfacet
  facet normal 1 0 0
    outer loop
      vertex -10.2597 9.18472 1.70734
      vertex -10.2597 9.18472 1.70733
      vertex -10.2597 9.58884 1.62695
    endloop
  endfacet
  facet normal 1 0 0
    outer loop
      vertex -10.2597 8.79456 1.83978
      vertex -10.2597 9.18472 1.70733
      vertex -10.2597 9.18472 1.70734
    endloop
  endfacet
  facet normal 1 0 0
    outer loop
      vertex -10.2597 8.79456 1.83978
      vertex -10.2597 8.79455 1.83978
      vertex -10.2597 9.18472 1.70733
    endloop
  endfacet
  facet normal 1 0 0
    outer loop
      vertex -10.2597 8.425 2.02203
      vertex -10.2597 8.79455 1.83978
      vertex -10.2597 8.79456 1.83978
    endloop
  endfacet
  facet normal 1 0 0
    outer loop
      vertex -10.2597 8.425 2.02203
      vertex -10.2597 8.425 2.02202
      vertex -10.2597 8.79455 1.83978
    endloop
  endfacet
  facet normal 1 0 0
    outer loop
      vertex -10.2597 8.08241 2.25095
      vertex -10.2597 8.425 2.02202
      vertex -10.2597 8.425 2.02203
    endloop
  endfacet
  facet normal 1 0 0
    outer loop
      vertex -10.2597 8.08241 2.25095
      vertex -10.2597 8.0824 2.25094
      vertex -10.2597 8.425 2.02202
    endloop
  endfacet
  facet normal 1 0 0
    outer loop
      vertex -10.2597 7.77263 2.52263
      vertex -10.2597 8.0824 2.25094
      vertex -10.2597 8.08241 2.25095
    endloop
  endfacet
  facet normal 1 0 0
    outer loop
      vertex -10.2597 7.77263 2.52263
      vertex -10.2597 7.77261 2.52261
      vertex -10.2597 8.0824 2.25094
    endloop
  endfacet
  facet normal 1 0 -0
    outer loop
      vertex -10.2597 7.77261 2.52261
      vertex -10.2597 7.77263 2.52263
      vertex -10.2597 7.7724 2.52285
    endloop
  endfacet
  facet normal 0.706346 0.588548 0.393302
    outer loop
      vertex -9.51965 6.9108 2.38649
      vertex -10.2325 7.47939 2.81587
      vertex -10.162 7.22434 3.07092
    endloop
  endfacet
  facet normal 0.706364 0.588172 0.393831
    outer loop
      vertex -10.2325 7.47939 2.81587
      vertex -9.51965 6.9108 2.38649
      vertex -9.51965 6.91386 2.38192
    endloop
  endfacet
  facet normal 0.706326 0.393283 -0.588585
    outer loop
      vertex -9.51965 7.63649 7.8392
      vertex -10.2597 8.0824 7.24906
      vertex -10.2597 8.425 7.47798
    endloop
  endfacet
  facet normal 0.706346 0.393841 -0.588188
    outer loop
      vertex -10.2597 8.0824 7.24906
      vertex -9.51965 7.63649 7.8392
      vertex -9.51965 7.63192 7.83614
    endloop
  endfacet
  facet normal 0.706326 -0.706373 -0.0462702
    outer loop
      vertex -10.2597 13.15 4.75
      vertex -9.51965 13.89 4.75
      vertex -9.51965 13.8571 5.25226
    endloop
  endfacet
  facet normal 0.706314 0.634957 -0.31297
    outer loop
      vertex -9.51965 6.62873 6.69007
      vertex -10.1486 7.1758 6.38055
      vertex -9.51965 6.63116 6.695
    endloop
  endfacet
  facet normal 0.706315 0.634936 -0.31301
    outer loop
      vertex -10.1486 7.1758 6.38055
      vertex -9.51965 6.62873 6.69007
      vertex -10.0498 6.95903 6.16378
    endloop
  endfacet
  facet normal 0.706329 -0.466758 0.5322
    outer loop
      vertex -10.2597 11.9176 2.25094
      vertex -9.51965 12.3681 1.66386
      vertex -9.51965 12.7465 1.99573
    endloop
  endfacet
  facet normal 0.706359 0.670296 -0.227509
    outer loop
      vertex -9.51965 6.24431 5.76201
      vertex -9.77236 6.48665 5.6914
      vertex -9.87482 6.6501 5.85485
    endloop
  endfacet
  facet normal 0.706372 0.670478 -0.226931
    outer loop
      vertex -9.77236 6.48665 5.6914
      vertex -9.51965 6.24431 5.76201
      vertex -9.51965 6.24255 5.75681
    endloop
  endfacet
  facet normal 0.706351 0.694261 -0.138094
    outer loop
      vertex -9.77236 6.48665 5.6914
      vertex -9.51965 6.24255 5.75681
      vertex -9.51965 6.1657 5.37045
    endloop
  endfacet
  facet normal 0.706376 -0.314482 0.63414
    outer loop
      vertex -10.2597 11.575 2.02202
      vertex -9.51965 11.9401 1.37873
      vertex -9.51965 11.945 1.38116
    endloop
  endfacet
  facet normal 0.706332 -0.313119 0.634863
    outer loop
      vertex -9.51965 11.9401 1.37873
      vertex -10.2597 11.575 2.02202
      vertex -10.2597 11.2055 1.83978
    endloop
  endfacet
  facet normal 0.706325 -0.393288 0.588583
    outer loop
      vertex -10.2597 11.575 2.02202
      vertex -9.51965 11.945 1.38116
      vertex -9.51965 12.3635 1.6608
    endloop
  endfacet
  facet normal 0.706308 -0.706394 0.0462156
    outer loop
      vertex -10.2597 13.1231 4.33884
      vertex -9.51965 13.8571 4.24774
      vertex -10.2597 13.15 4.75
    endloop
  endfacet
  facet normal 0.706451 -0.705891 0.051431
    outer loop
      vertex -9.51965 13.8571 4.24774
      vertex -10.2597 13.1231 4.33884
      vertex -9.51965 13.8567 4.24225
    endloop
  endfacet
  facet normal 0.70628 -0.392099 0.589429
    outer loop
      vertex -10.2597 11.9176 2.25094
      vertex -9.51965 12.3635 1.6608
      vertex -9.51965 12.3681 1.66386
    endloop
  endfacet
  facet normal 0.706323 -0.393285 0.588587
    outer loop
      vertex -9.51965 12.3635 1.6608
      vertex -10.2597 11.9176 2.25094
      vertex -10.2597 11.575 2.02202
    endloop
  endfacet
  facet normal 0.706318 -0.227537 0.670329
    outer loop
      vertex -10.2597 10.8153 1.70733
      vertex -9.51965 11.012 0.994316
      vertex -10.2597 11.2055 1.83978
    endloop
  endfacet
  facet normal 0.706315 -0.227643 0.670297
    outer loop
      vertex -9.51965 11.012 0.994316
      vertex -10.2597 10.8153 1.70733
      vertex -9.51965 11.0068 0.99255
    endloop
  endfacet
  facet normal 0.705806 0.542429 -0.455641
    outer loop
      vertex -9.51965 7.24573 7.49652
      vertex -10.2597 7.7724 6.97714
      vertex -10.2597 7.77261 6.97739
    endloop
  endfacet
  facet normal 0.706319 0.532345 -0.466607
    outer loop
      vertex -9.51965 7.24573 7.49652
      vertex -10.2597 7.77261 6.97739
      vertex -9.51965 7.24935 7.50065
    endloop
  endfacet
  facet normal 0.706328 0.532214 -0.466743
    outer loop
      vertex -10.2597 7.7724 6.97714
      vertex -9.51965 7.24573 7.49652
      vertex -10.2337 7.49197 6.69672
    endloop
  endfacet
  facet normal 0.706327 -0.634912 0.313032
    outer loop
      vertex -10.2597 12.728 3.175
      vertex -9.51965 13.3713 2.80993
      vertex -10.2597 12.9102 3.54455
    endloop
  endfacet
  facet normal 0.706536 -0.631163 0.320062
    outer loop
      vertex -9.51965 13.3713 2.80993
      vertex -10.2597 12.728 3.175
      vertex -9.51965 13.3688 2.805
    endloop
  endfacet
  facet normal 0.706339 -0.634884 0.313061
    outer loop
      vertex -10.2597 12.9102 3.54455
      vertex -9.51965 13.3713 2.80993
      vertex -9.51965 13.5939 3.26136
    endloop
  endfacet
  facet normal 0.706339 -0.670305 0.227546
    outer loop
      vertex -10.2597 12.9102 3.54455
      vertex -9.51965 13.5939 3.26136
      vertex -9.51965 13.7557 3.73799
    endloop
  endfacet
  facet normal 0.706187 -0.669075 0.231603
    outer loop
      vertex -10.2597 13.0427 3.93472
      vertex -9.51965 13.7557 3.73799
      vertex -9.51965 13.7575 3.74319
    endloop
  endfacet
  facet normal 0.706314 -0.670302 0.227632
    outer loop
      vertex -9.51965 13.7557 3.73799
      vertex -10.2597 13.0427 3.93472
      vertex -10.2597 12.9102 3.54455
    endloop
  endfacet
  facet normal 0.70632 -0.138096 0.694292
    outer loop
      vertex -10.2597 10.8153 1.70733
      vertex -9.51965 10.5131 0.894352
      vertex -9.51965 11.0068 0.99255
    endloop
  endfacet
  facet normal 0.706163 -0.693698 0.141834
    outer loop
      vertex -10.2597 13.1231 4.33884
      vertex -9.51965 13.8556 4.23687
      vertex -9.51965 13.8567 4.24225
    endloop
  endfacet
  facet normal 0.706277 -0.694327 0.138137
    outer loop
      vertex -9.51965 13.8556 4.23687
      vertex -10.2597 13.1231 4.33884
      vertex -10.2597 13.0427 3.93472
    endloop
  endfacet
  facet normal 0.706334 -0.13759 -0.694379
    outer loop
      vertex -10.2597 10.4112 7.87305
      vertex -9.51965 10.5131 8.60565
      vertex -9.51965 10.5077 8.60672
    endloop
  endfacet
  facet normal 0.706319 -0.138102 -0.694292
    outer loop
      vertex -9.51965 10.5131 8.60565
      vertex -10.2597 10.4112 7.87305
      vertex -10.2597 10.8153 7.79267
    endloop
  endfacet
  facet normal 0.706325 0.393282 0.588587
    outer loop
      vertex -10.2597 8.425 2.02202
      vertex -9.51965 7.63649 1.6608
      vertex -9.51965 8.055 1.38116
    endloop
  endfacet
  facet normal 0.706323 0.532229 -0.466734
    outer loop
      vertex -9.51965 6.91386 7.11808
      vertex -10.2337 7.49197 6.69672
      vertex -9.51965 7.24573 7.49652
    endloop
  endfacet
  facet normal 0.706394 0.533232 -0.465479
    outer loop
      vertex -10.2337 7.49197 6.69672
      vertex -9.51965 6.91386 7.11808
      vertex -10.2325 7.47939 6.68413
    endloop
  endfacet
  facet normal 0.70632 -0.138099 -0.694292
    outer loop
      vertex -10.2597 10.8153 7.79267
      vertex -9.51965 11.0068 8.50745
      vertex -9.51965 10.5131 8.60565
    endloop
  endfacet
  facet normal 0.706376 -0.314482 -0.63414
    outer loop
      vertex -9.51965 11.9401 8.12127
      vertex -10.2597 11.575 7.47798
      vertex -9.51965 11.945 8.11884
    endloop
  endfacet
  facet normal 0.706332 -0.313119 -0.634863
    outer loop
      vertex -10.2597 11.575 7.47798
      vertex -9.51965 11.9401 8.12127
      vertex -10.2597 11.2055 7.66022
    endloop
  endfacet
  facet normal 0.706308 -0.313059 -0.63492
    outer loop
      vertex -10.2597 11.2055 7.66022
      vertex -9.51965 11.9401 8.12127
      vertex -9.51965 11.4886 8.34389
    endloop
  endfacet
  facet normal 0.706325 0.31309 -0.634885
    outer loop
      vertex -10.2597 8.79455 7.66022
      vertex -9.51965 8.51136 8.34389
      vertex -9.51965 8.05993 8.12127
    endloop
  endfacet
  facet normal 0.706343 0.22694 -0.670505
    outer loop
      vertex -9.51965 8.98799 8.50569
      vertex -10.2597 9.18472 7.79267
      vertex -9.51965 8.99319 8.50745
    endloop
  endfacet
  facet normal 0.706325 0.227551 -0.670317
    outer loop
      vertex -10.2597 9.18472 7.79267
      vertex -9.51965 8.98799 8.50569
      vertex -10.2597 8.79455 7.66022
    endloop
  endfacet
  facet normal 0.706364 0.588172 -0.393831
    outer loop
      vertex -9.51965 6.9108 7.11351
      vertex -10.2325 7.47939 6.68413
      vertex -9.51965 6.91386 7.11808
    endloop
  endfacet
  facet normal 0.706346 0.588548 -0.393302
    outer loop
      vertex -10.2325 7.47939 6.68413
      vertex -9.51965 6.9108 7.11351
      vertex -10.162 7.22434 6.42908
    endloop
  endfacet
  facet normal 0.706334 0.588579 -0.393277
    outer loop
      vertex -9.51965 6.63116 6.695
      vertex -10.162 7.22434 6.42908
      vertex -9.51965 6.9108 7.11351
    endloop
  endfacet
  facet normal 0.706309 0.588437 -0.393534
    outer loop
      vertex -10.162 7.22434 6.42908
      vertex -9.51965 6.63116 6.695
      vertex -10.1486 7.1758 6.38055
    endloop
  endfacet
  facet normal 0.706394 0.533232 0.465479
    outer loop
      vertex -9.51965 6.91386 2.38192
      vertex -10.2337 7.49197 2.80328
      vertex -10.2325 7.47939 2.81587
    endloop
  endfacet
  facet normal 0.706322 0.532223 0.466741
    outer loop
      vertex -10.2337 7.49197 2.80328
      vertex -9.51965 6.91386 2.38192
      vertex -9.51965 7.24573 2.00349
    endloop
  endfacet
  facet normal 0.706408 -0.469196 0.529946
    outer loop
      vertex -10.2597 12.2274 2.52261
      vertex -9.51965 12.7465 1.99573
      vertex -9.51965 12.7506 1.99936
    endloop
  endfacet
  facet normal 0.706315 -0.466733 0.532241
    outer loop
      vertex -9.51965 12.7465 1.99573
      vertex -10.2597 12.2274 2.52261
      vertex -10.2597 11.9176 2.25094
    endloop
  endfacet
  facet normal 0.706325 0.393282 -0.588587
    outer loop
      vertex -10.2597 8.425 7.47798
      vertex -9.51965 8.055 8.11884
      vertex -9.51965 7.63649 7.8392
    endloop
  endfacet
  facet normal 0.706324 0.466735 0.532226
    outer loop
      vertex -10.2597 7.77261 2.52261
      vertex -9.51965 7.25348 1.99573
      vertex -10.2597 8.0824 2.25094
    endloop
  endfacet
  facet normal 0.706347 0.467316 0.531685
    outer loop
      vertex -9.51965 7.25348 1.99573
      vertex -10.2597 7.77261 2.52261
      vertex -9.51965 7.24935 1.99936
    endloop
  endfacet
  facet normal 0.706321 0.532226 0.466739
    outer loop
      vertex -9.51965 7.24573 2.00349
      vertex -10.2597 7.7724 2.52285
      vertex -10.2337 7.49197 2.80328
    endloop
  endfacet
  facet normal 0.706298 0.53276 0.466165
    outer loop
      vertex -10.2597 7.7724 2.52285
      vertex -9.51965 7.24573 2.00349
      vertex -10.2597 7.77261 2.52261
    endloop
  endfacet
  facet normal 0.706316 0.532347 0.466609
    outer loop
      vertex -10.2597 7.77261 2.52261
      vertex -9.51965 7.24573 2.00349
      vertex -9.51965 7.24935 1.99936
    endloop
  endfacet
  facet normal 0.706187 -0.669075 -0.231603
    outer loop
      vertex -9.51965 13.7557 5.76201
      vertex -10.2597 13.0427 5.56528
      vertex -9.51965 13.7575 5.75681
    endloop
  endfacet
  facet normal 0.706314 -0.670302 -0.227632
    outer loop
      vertex -10.2597 13.0427 5.56528
      vertex -9.51965 13.7557 5.76201
      vertex -10.2597 12.9102 5.95545
    endloop
  endfacet
  facet normal 0.706326 0.138083 -0.694289
    outer loop
      vertex -9.51965 9.48687 8.60565
      vertex -10.2597 9.58884 7.87305
      vertex -9.51965 9.49225 8.60672
    endloop
  endfacet
  facet normal 0.706325 0.138095 -0.694287
    outer loop
      vertex -10.2597 9.58884 7.87305
      vertex -9.51965 9.48687 8.60565
      vertex -10.2597 9.18472 7.79267
    endloop
  endfacet
  facet normal 0.706323 0.138104 -0.694288
    outer loop
      vertex -10.2597 9.18472 7.79267
      vertex -9.51965 9.48687 8.60565
      vertex -9.51965 8.99319 8.50745
    endloop
  endfacet
  facet normal -0.195058 0 0.980792
    outer loop
      vertex -16.3565 3.4 3.51069
      vertex -16.1961 6.75266 3.54259
      vertex -16.3565 6.78456 3.51069
    endloop
  endfacet
  facet normal -0.195058 0 0.980792
    outer loop
      vertex -16.1961 6.75266 3.54259
      vertex -16.3565 3.4 3.51069
      vertex -16.1961 3.4 3.54259
    endloop
  endfacet
  facet normal -0.0654023 0 0.997859
    outer loop
      vertex -16.5196 3.4 3.5
      vertex -16.3565 6.78456 3.51069
      vertex -16.5196 6.79525 3.5
    endloop
  endfacet
  facet normal -0.0654023 0 0.997859
    outer loop
      vertex -16.3565 6.78456 3.51069
      vertex -16.5196 3.4 3.5
      vertex -16.3565 3.4 3.51069
    endloop
  endfacet
  facet normal -0.946851 0 -0.321671
    outer loop
      vertex -15.3648 3.4 5.22835
      vertex -15.3122 5.86877 5.07352
      vertex -15.3122 3.4 5.07352
    endloop
  endfacet
  facet normal -0.946851 0 -0.321671
    outer loop
      vertex -15.3122 5.86877 5.07352
      vertex -15.3648 3.4 5.22835
      vertex -15.3648 6.0236 5.22835
    endloop
  endfacet
  facet normal 0.321508 0 -0.946907
    outer loop
      vertex -16.998 6.7001 5.90485
      vertex -16.8432 3.4 5.95741
      vertex -16.998 3.4 5.90485
    endloop
  endfacet
  facet normal 0.321508 0 -0.946907
    outer loop
      vertex -16.8432 3.4 5.95741
      vertex -16.998 6.7001 5.90485
      vertex -16.8432 6.75266 5.95741
    endloop
  endfacet
  facet normal 0.442411 0 0.896812
    outer loop
      vertex -17.1446 6.62778 3.66747
      vertex -16.998 3.4 3.59515
      vertex -16.998 6.7001 3.59515
    endloop
  endfacet
  facet normal 0.442411 0 0.896812
    outer loop
      vertex -16.998 3.4 3.59515
      vertex -17.1446 6.62778 3.66747
      vertex -17.1446 3.4 3.66747
    endloop
  endfacet
  facet normal 0.195058 0 -0.980792
    outer loop
      vertex -16.8432 6.75266 5.95741
      vertex -16.6828 3.4 5.98931
      vertex -16.8432 3.4 5.95741
    endloop
  endfacet
  facet normal 0.195058 0 -0.980792
    outer loop
      vertex -16.6828 3.4 5.98931
      vertex -16.8432 6.75266 5.95741
      vertex -16.6828 6.78456 5.98931
    endloop
  endfacet
  facet normal -0.555434 0 0.831561
    outer loop
      vertex -15.8947 3.4 3.66747
      vertex -15.7587 6.53694 3.75831
      vertex -15.8947 6.62778 3.66747
    endloop
  endfacet
  facet normal -0.555434 0 0.831561
    outer loop
      vertex -15.7587 6.53694 3.75831
      vertex -15.8947 3.4 3.66747
      vertex -15.7587 3.4 3.75831
    endloop
  endfacet
  facet normal -0.980782 0 0.195105
    outer loop
      vertex -15.3122 3.4 4.42648
      vertex -15.2803 5.7084 4.58684
      vertex -15.3122 5.86877 4.42648
    endloop
  endfacet
  facet normal -0.980782 0 0.195105
    outer loop
      vertex -15.2803 5.7084 4.58684
      vertex -15.3122 3.4 4.42648
      vertex -15.2803 3.4 4.58684
    endloop
  endfacet
  facet normal 0.659448 0 0.75175
    outer loop
      vertex -17.4035 6.42913 3.86612
      vertex -17.2806 3.4 3.75831
      vertex -17.2806 6.53694 3.75831
    endloop
  endfacet
  facet normal 0.659448 0 0.75175
    outer loop
      vertex -17.2806 3.4 3.75831
      vertex -17.4035 6.42913 3.86612
      vertex -17.4035 3.4 3.86612
    endloop
  endfacet
  facet normal 0.321508 0 0.946907
    outer loop
      vertex -16.998 6.7001 3.59515
      vertex -16.8432 3.4 3.54259
      vertex -16.8432 6.75266 3.54259
    endloop
  endfacet
  facet normal 0.321508 0 0.946907
    outer loop
      vertex -16.8432 3.4 3.54259
      vertex -16.998 6.7001 3.59515
      vertex -16.998 3.4 3.59515
    endloop
  endfacet
  facet normal -0.946851 0 0.321671
    outer loop
      vertex -15.3648 3.4 4.27165
      vertex -15.3122 5.86877 4.42648
      vertex -15.3648 6.0236 4.27165
    endloop
  endfacet
  facet normal -0.946851 0 0.321671
    outer loop
      vertex -15.3122 5.86877 4.42648
      vertex -15.3648 3.4 4.27165
      vertex -15.3122 3.4 4.42648
    endloop
  endfacet
  facet normal 0.831297 0 0.555829
    outer loop
      vertex -17.5113 3.4 3.98905
      vertex -17.6022 6.17025 4.125
      vertex -17.6022 3.4 4.125
    endloop
  endfacet
  facet normal 0.831297 0 0.555829
    outer loop
      vertex -17.6022 6.17025 4.125
      vertex -17.5113 3.4 3.98905
      vertex -17.5113 6.3062 3.98905
    endloop
  endfacet
  facet normal -0.831297 0 0.555829
    outer loop
      vertex -15.528 3.4 3.98905
      vertex -15.4371 6.17025 4.125
      vertex -15.528 6.3062 3.98905
    endloop
  endfacet
  facet normal -0.831297 0 0.555829
    outer loop
      vertex -15.4371 6.17025 4.125
      vertex -15.528 3.4 3.98905
      vertex -15.4371 3.4 4.125
    endloop
  endfacet
  facet normal -0.831297 0 -0.555829
    outer loop
      vertex -15.528 3.4 5.51095
      vertex -15.4371 6.17025 5.375
      vertex -15.4371 3.4 5.375
    endloop
  endfacet
  facet normal -0.831297 0 -0.555829
    outer loop
      vertex -15.4371 6.17025 5.375
      vertex -15.528 3.4 5.51095
      vertex -15.528 6.3062 5.51095
    endloop
  endfacet
  facet normal -0.896921 0 0.442191
    outer loop
      vertex -15.4371 3.4 4.125
      vertex -15.3648 6.0236 4.27165
      vertex -15.4371 6.17025 4.125
    endloop
  endfacet
  facet normal -0.896921 0 0.442191
    outer loop
      vertex -15.3648 6.0236 4.27165
      vertex -15.4371 3.4 4.125
      vertex -15.3648 3.4 4.27165
    endloop
  endfacet
  facet normal -0.0654023 0 -0.997859
    outer loop
      vertex -16.5196 3.4 6
      vertex -16.3565 6.78456 5.98931
      vertex -16.3565 3.4 5.98931
    endloop
  endfacet
  facet normal -0.0654023 0 -0.997859
    outer loop
      vertex -16.3565 6.78456 5.98931
      vertex -16.5196 3.4 6
      vertex -16.5196 6.79525 6
    endloop
  endfacet
  facet normal 0.980782 0 0.195105
    outer loop
      vertex -17.7271 3.4 4.42648
      vertex -17.759 5.7084 4.58684
      vertex -17.759 3.4 4.58684
    endloop
  endfacet
  facet normal 0.980782 0 0.195105
    outer loop
      vertex -17.759 5.7084 4.58684
      vertex -17.7271 3.4 4.42648
      vertex -17.7271 5.86877 4.42648
    endloop
  endfacet
  facet normal 0.555434 0 0.831561
    outer loop
      vertex -17.2806 6.53694 3.75831
      vertex -17.1446 3.4 3.66747
      vertex -17.1446 6.62778 3.66747
    endloop
  endfacet
  facet normal 0.555434 0 0.831561
    outer loop
      vertex -17.1446 3.4 3.66747
      vertex -17.2806 6.53694 3.75831
      vertex -17.2806 3.4 3.75831
    endloop
  endfacet
  facet normal 0.896921 0 -0.442191
    outer loop
      vertex -17.6022 3.4 5.375
      vertex -17.6745 6.0236 5.22835
      vertex -17.6022 6.17025 5.375
    endloop
  endfacet
  facet normal 0.896921 0 -0.442191
    outer loop
      vertex -17.6745 6.0236 5.22835
      vertex -17.6022 3.4 5.375
      vertex -17.6745 3.4 5.22835
    endloop
  endfacet
  facet normal 0.946851 0 -0.321671
    outer loop
      vertex -17.6745 3.4 5.22835
      vertex -17.7271 5.86877 5.07352
      vertex -17.6745 6.0236 5.22835
    endloop
  endfacet
  facet normal 0.946851 0 -0.321671
    outer loop
      vertex -17.7271 5.86877 5.07352
      vertex -17.6745 3.4 5.22835
      vertex -17.7271 3.4 5.07352
    endloop
  endfacet
  facet normal 0.946851 0 0.321671
    outer loop
      vertex -17.6745 3.4 4.27165
      vertex -17.7271 5.86877 4.42648
      vertex -17.7271 3.4 4.42648
    endloop
  endfacet
  facet normal 0.946851 0 0.321671
    outer loop
      vertex -17.7271 5.86877 4.42648
      vertex -17.6745 3.4 4.27165
      vertex -17.6745 6.0236 4.27165
    endloop
  endfacet
  facet normal 0.555434 0 -0.831561
    outer loop
      vertex -17.2806 6.53694 5.74169
      vertex -17.1446 3.4 5.83253
      vertex -17.2806 3.4 5.74169
    endloop
  endfacet
  facet normal 0.555434 0 -0.831561
    outer loop
      vertex -17.1446 3.4 5.83253
      vertex -17.2806 6.53694 5.74169
      vertex -17.1446 6.62778 5.83253
    endloop
  endfacet
  facet normal -0.896921 0 -0.442191
    outer loop
      vertex -15.4371 3.4 5.375
      vertex -15.3648 6.0236 5.22835
      vertex -15.3648 3.4 5.22835
    endloop
  endfacet
  facet normal -0.896921 0 -0.442191
    outer loop
      vertex -15.3648 6.0236 5.22835
      vertex -15.4371 3.4 5.375
      vertex -15.4371 6.17025 5.375
    endloop
  endfacet
  facet normal 0.0653624 0 0.997862
    outer loop
      vertex -16.6828 6.78456 3.51069
      vertex -16.5196 3.4 3.5
      vertex -16.5196 6.79525 3.5
    endloop
  endfacet
  facet normal 0.0653624 0 0.997862
    outer loop
      vertex -16.5196 3.4 3.5
      vertex -16.6828 6.78456 3.51069
      vertex -16.6828 3.4 3.51069
    endloop
  endfacet
  facet normal 0.195058 0 0.980792
    outer loop
      vertex -16.8432 6.75266 3.54259
      vertex -16.6828 3.4 3.51069
      vertex -16.6828 6.78456 3.51069
    endloop
  endfacet
  facet normal 0.195058 0 0.980792
    outer loop
      vertex -16.6828 3.4 3.51069
      vertex -16.8432 6.75266 3.54259
      vertex -16.8432 3.4 3.54259
    endloop
  endfacet
  facet normal -0.997896 0 0.0648302
    outer loop
      vertex -15.2803 3.4 4.58684
      vertex -15.2697 5.54524 4.75
      vertex -15.2803 5.7084 4.58684
    endloop
  endfacet
  facet normal -0.997896 0 0.0648302
    outer loop
      vertex -15.2697 5.54524 4.75
      vertex -15.2803 3.4 4.58684
      vertex -15.2697 3.4 4.75
    endloop
  endfacet
  facet normal -0.659448 0 0.75175
    outer loop
      vertex -15.7587 3.4 3.75831
      vertex -15.6358 6.42913 3.86612
      vertex -15.7587 6.53694 3.75831
    endloop
  endfacet
  facet normal -0.659448 0 0.75175
    outer loop
      vertex -15.6358 6.42913 3.86612
      vertex -15.7587 3.4 3.75831
      vertex -15.6358 3.4 3.86612
    endloop
  endfacet
  facet normal -0.659448 0 -0.75175
    outer loop
      vertex -15.7587 3.4 5.74169
      vertex -15.6358 6.42913 5.63388
      vertex -15.6358 3.4 5.63388
    endloop
  endfacet
  facet normal -0.659448 0 -0.75175
    outer loop
      vertex -15.6358 6.42913 5.63388
      vertex -15.7587 3.4 5.74169
      vertex -15.7587 6.53694 5.74169
    endloop
  endfacet
  facet normal -0.980782 0 -0.195105
    outer loop
      vertex -15.3122 3.4 5.07352
      vertex -15.2803 5.7084 4.91316
      vertex -15.2803 3.4 4.91316
    endloop
  endfacet
  facet normal -0.980782 0 -0.195105
    outer loop
      vertex -15.2803 5.7084 4.91316
      vertex -15.3122 3.4 5.07352
      vertex -15.3122 5.86877 5.07352
    endloop
  endfacet
  facet normal 0.75186 0 0.659323
    outer loop
      vertex -17.4035 3.4 3.86612
      vertex -17.5113 6.3062 3.98905
      vertex -17.5113 3.4 3.98905
    endloop
  endfacet
  facet normal 0.75186 0 0.659323
    outer loop
      vertex -17.5113 6.3062 3.98905
      vertex -17.4035 3.4 3.86612
      vertex -17.4035 6.42913 3.86612
    endloop
  endfacet
  facet normal 0.896921 0 0.442191
    outer loop
      vertex -17.6022 3.4 4.125
      vertex -17.6745 6.0236 4.27165
      vertex -17.6745 3.4 4.27165
    endloop
  endfacet
  facet normal 0.896921 0 0.442191
    outer loop
      vertex -17.6745 6.0236 4.27165
      vertex -17.6022 3.4 4.125
      vertex -17.6022 6.17025 4.125
    endloop
  endfacet
  facet normal 0.831297 0 -0.555829
    outer loop
      vertex -17.5113 3.4 5.51095
      vertex -17.6022 6.17025 5.375
      vertex -17.5113 6.3062 5.51095
    endloop
  endfacet
  facet normal 0.831297 0 -0.555829
    outer loop
      vertex -17.6022 6.17025 5.375
      vertex -17.5113 3.4 5.51095
      vertex -17.6022 3.4 5.375
    endloop
  endfacet
  facet normal 0.442411 0 -0.896812
    outer loop
      vertex -17.1446 6.62778 5.83253
      vertex -16.998 3.4 5.90485
      vertex -17.1446 3.4 5.83253
    endloop
  endfacet
  facet normal 0.442411 0 -0.896812
    outer loop
      vertex -16.998 3.4 5.90485
      vertex -17.1446 6.62778 5.83253
      vertex -16.998 6.7001 5.90485
    endloop
  endfacet
  facet normal -0.75186 0 0.659323
    outer loop
      vertex -15.6358 3.4 3.86612
      vertex -15.528 6.3062 3.98905
      vertex -15.6358 6.42913 3.86612
    endloop
  endfacet
  facet normal -0.75186 0 0.659323
    outer loop
      vertex -15.528 6.3062 3.98905
      vertex -15.6358 3.4 3.86612
      vertex -15.528 3.4 3.98905
    endloop
  endfacet
  facet normal -0.442411 0 0.896812
    outer loop
      vertex -16.0413 3.4 3.59515
      vertex -15.8947 6.62778 3.66747
      vertex -16.0413 6.7001 3.59515
    endloop
  endfacet
  facet normal -0.442411 0 0.896812
    outer loop
      vertex -15.8947 6.62778 3.66747
      vertex -16.0413 3.4 3.59515
      vertex -15.8947 3.4 3.66747
    endloop
  endfacet
  facet normal 0.997896 0 0.0648302
    outer loop
      vertex -17.759 3.4 4.58684
      vertex -17.7696 5.54524 4.75
      vertex -17.7696 3.4 4.75
    endloop
  endfacet
  facet normal 0.997896 0 0.0648302
    outer loop
      vertex -17.7696 5.54524 4.75
      vertex -17.759 3.4 4.58684
      vertex -17.759 5.7084 4.58684
    endloop
  endfacet
  facet normal -0.195058 0 -0.980792
    outer loop
      vertex -16.3565 3.4 5.98931
      vertex -16.1961 6.75266 5.95741
      vertex -16.1961 3.4 5.95741
    endloop
  endfacet
  facet normal -0.195058 0 -0.980792
    outer loop
      vertex -16.1961 6.75266 5.95741
      vertex -16.3565 3.4 5.98931
      vertex -16.3565 6.78456 5.98931
    endloop
  endfacet
  facet normal -0.321508 0 -0.946907
    outer loop
      vertex -16.1961 3.4 5.95741
      vertex -16.0413 6.7001 5.90485
      vertex -16.0413 3.4 5.90485
    endloop
  endfacet
  facet normal -0.321508 0 -0.946907
    outer loop
      vertex -16.0413 6.7001 5.90485
      vertex -16.1961 3.4 5.95741
      vertex -16.1961 6.75266 5.95741
    endloop
  endfacet
  facet normal -0.75186 0 -0.659323
    outer loop
      vertex -15.6358 3.4 5.63388
      vertex -15.528 6.3062 5.51095
      vertex -15.528 3.4 5.51095
    endloop
  endfacet
  facet normal -0.75186 0 -0.659323
    outer loop
      vertex -15.528 6.3062 5.51095
      vertex -15.6358 3.4 5.63388
      vertex -15.6358 6.42913 5.63388
    endloop
  endfacet
  facet normal -0.555434 0 -0.831561
    outer loop
      vertex -15.8947 3.4 5.83253
      vertex -15.7587 6.53694 5.74169
      vertex -15.7587 3.4 5.74169
    endloop
  endfacet
  facet normal -0.555434 0 -0.831561
    outer loop
      vertex -15.7587 6.53694 5.74169
      vertex -15.8947 3.4 5.83253
      vertex -15.8947 6.62778 5.83253
    endloop
  endfacet
  facet normal 0.980782 0 -0.195105
    outer loop
      vertex -17.7271 3.4 5.07352
      vertex -17.759 5.7084 4.91316
      vertex -17.7271 5.86877 5.07352
    endloop
  endfacet
  facet normal 0.980782 0 -0.195105
    outer loop
      vertex -17.759 5.7084 4.91316
      vertex -17.7271 3.4 5.07352
      vertex -17.759 3.4 4.91316
    endloop
  endfacet
  facet normal -0.321508 0 0.946907
    outer loop
      vertex -16.1961 3.4 3.54259
      vertex -16.0413 6.7001 3.59515
      vertex -16.1961 6.75266 3.54259
    endloop
  endfacet
  facet normal -0.321508 0 0.946907
    outer loop
      vertex -16.0413 6.7001 3.59515
      vertex -16.1961 3.4 3.54259
      vertex -16.0413 3.4 3.59515
    endloop
  endfacet
  facet normal 0.75186 0 -0.659323
    outer loop
      vertex -17.4035 3.4 5.63388
      vertex -17.5113 6.3062 5.51095
      vertex -17.4035 6.42913 5.63388
    endloop
  endfacet
  facet normal 0.75186 0 -0.659323
    outer loop
      vertex -17.5113 6.3062 5.51095
      vertex -17.4035 3.4 5.63388
      vertex -17.5113 3.4 5.51095
    endloop
  endfacet
  facet normal 0.659448 0 -0.75175
    outer loop
      vertex -17.4035 6.42913 5.63388
      vertex -17.2806 3.4 5.74169
      vertex -17.4035 3.4 5.63388
    endloop
  endfacet
  facet normal 0.659448 0 -0.75175
    outer loop
      vertex -17.2806 3.4 5.74169
      vertex -17.4035 6.42913 5.63388
      vertex -17.2806 6.53694 5.74169
    endloop
  endfacet
  facet normal -0.997896 0 -0.0648302
    outer loop
      vertex -15.2803 3.4 4.91316
      vertex -15.2697 5.54524 4.75
      vertex -15.2697 3.4 4.75
    endloop
  endfacet
  facet normal -0.997896 0 -0.0648302
    outer loop
      vertex -15.2697 5.54524 4.75
      vertex -15.2803 3.4 4.91316
      vertex -15.2803 5.7084 4.91316
    endloop
  endfacet
  facet normal 0.0653624 0 -0.997862
    outer loop
      vertex -16.6828 6.78456 5.98931
      vertex -16.5196 3.4 6
      vertex -16.6828 3.4 5.98931
    endloop
  endfacet
  facet normal 0.0653624 0 -0.997862
    outer loop
      vertex -16.5196 3.4 6
      vertex -16.6828 6.78456 5.98931
      vertex -16.5196 6.79525 6
    endloop
  endfacet
  facet normal 0.997896 0 -0.0648302
    outer loop
      vertex -17.759 3.4 4.91316
      vertex -17.7696 5.54524 4.75
      vertex -17.759 5.7084 4.91316
    endloop
  endfacet
  facet normal 0.997896 0 -0.0648302
    outer loop
      vertex -17.7696 5.54524 4.75
      vertex -17.759 3.4 4.91316
      vertex -17.7696 3.4 4.75
    endloop
  endfacet
  facet normal -0.442411 0 -0.896812
    outer loop
      vertex -16.0413 3.4 5.90485
      vertex -15.8947 6.62778 5.83253
      vertex -15.8947 3.4 5.83253
    endloop
  endfacet
  facet normal -0.442411 0 -0.896812
    outer loop
      vertex -15.8947 6.62778 5.83253
      vertex -16.0413 3.4 5.90485
      vertex -16.0413 6.7001 5.90485
    endloop
  endfacet
endsolid OpenSCAD_Model
