solid OpenSCAD_Model
  facet normal -1 0 0
    outer loop
      vertex -180 0 1.5
      vertex -180 250 32
      vertex -180 250 1.5
    endloop
  endfacet
  facet normal -1 -0 0
    outer loop
      vertex -180 250 32
      vertex -180 0 1.5
      vertex -180 0 32
    endloop
  endfacet
  facet normal 0 -1 0
    outer loop
      vertex -163 0 0
      vertex -160 0 1.5
      vertex -163 0 1.5
    endloop
  endfacet
  facet normal 0 -1 -0
    outer loop
      vertex -160 0 1.5
      vertex -163 0 0
      vertex -160 0 0
    endloop
  endfacet
  facet normal 0 -1 0
    outer loop
      vertex -163 0 1.5
      vertex -180 0 32
      vertex -180 0 1.5
    endloop
  endfacet
  facet normal 0 -1 0
    outer loop
      vertex -160 0 1.5
      vertex -180 0 32
      vertex -163 0 1.5
    endloop
  endfacet
  facet normal 0 -1 0
    outer loop
      vertex -180 0 32
      vertex -160 0 1.5
      vertex 0 0 32
    endloop
  endfacet
  facet normal 0 -1 -0
    outer loop
      vertex 0 0 32
      vertex -160 0 1.5
      vertex 0 0 1.5
    endloop
  endfacet
  facet normal 0 0 1
    outer loop
      vertex -166.7 20.1994 32
      vertex -177 20.1994 32
      vertex -166.7 3 32
    endloop
  endfacet
  facet normal 0 0 1
    outer loop
      vertex -160 18.8 32
      vertex -163 18.8 32
      vertex -160 3 32
    endloop
  endfacet
  facet normal 0 0 1
    outer loop
      vertex 0 250 32
      vertex -3 247 32
      vertex 0 0 32
    endloop
  endfacet
  facet normal 0 0 1
    outer loop
      vertex 0 250 32
      vertex -160 247 32
      vertex -3 247 32
    endloop
  endfacet
  facet normal 0 0 1
    outer loop
      vertex -160 247 32
      vertex -163 247 32
      vertex -160 231.2 32
    endloop
  endfacet
  facet normal -0 0 1
    outer loop
      vertex -180 250 32
      vertex -160 247 32
      vertex 0 250 32
    endloop
  endfacet
  facet normal 0 0 1
    outer loop
      vertex -160 247 32
      vertex -180 250 32
      vertex -163 247 32
    endloop
  endfacet
  facet normal 0 0 1
    outer loop
      vertex -177 247 32
      vertex -180 250 32
      vertex -177 20.1994 32
    endloop
  endfacet
  facet normal 0 0 1
    outer loop
      vertex -163 247 32
      vertex -180 250 32
      vertex -177 247 32
    endloop
  endfacet
  facet normal -0 0 1
    outer loop
      vertex -3 3 32
      vertex 0 0 32
      vertex -3 247 32
    endloop
  endfacet
  facet normal -0 0 1
    outer loop
      vertex -160 3 32
      vertex 0 0 32
      vertex -3 3 32
    endloop
  endfacet
  facet normal 0 0 1
    outer loop
      vertex -163 3 32
      vertex -160 3 32
      vertex -163 18.8 32
    endloop
  endfacet
  facet normal 0 0 1
    outer loop
      vertex -180 0 32
      vertex -160 3 32
      vertex -163 3 32
    endloop
  endfacet
  facet normal 0 0 1
    outer loop
      vertex -180 0 32
      vertex -163 3 32
      vertex -166.7 3 32
    endloop
  endfacet
  facet normal 0 0 1
    outer loop
      vertex -160 3 32
      vertex -180 0 32
      vertex 0 0 32
    endloop
  endfacet
  facet normal 0 0 1
    outer loop
      vertex -177 20.1994 32
      vertex -180 0 32
      vertex -166.7 3 32
    endloop
  endfacet
  facet normal 0 0 1
    outer loop
      vertex -180 0 32
      vertex -177 20.1994 32
      vertex -180 250 32
    endloop
  endfacet
  facet normal 0 0 1
    outer loop
      vertex -160 231.2 32
      vertex -163 247 32
      vertex -163 231.2 32
    endloop
  endfacet
  facet normal -0 0 1
    outer loop
      vertex -159.99 231.19 32
      vertex -20.01 228.19 32
      vertex -20.01 231.19 32
    endloop
  endfacet
  facet normal 0 0 1
    outer loop
      vertex -20.01 228.19 32
      vertex -159.99 231.19 32
      vertex -159.99 228.19 32
    endloop
  endfacet
  facet normal -0 0 1
    outer loop
      vertex -159.99 21.81 32
      vertex -20.01 18.81 32
      vertex -20.01 21.81 32
    endloop
  endfacet
  facet normal 0 0 1
    outer loop
      vertex -20.01 18.81 32
      vertex -159.99 21.81 32
      vertex -159.99 18.81 32
    endloop
  endfacet
  facet normal 0 1 -0
    outer loop
      vertex -160 250 0
      vertex -163 250 1.5
      vertex -160 250 1.5
    endloop
  endfacet
  facet normal 0 1 0
    outer loop
      vertex -163 250 1.5
      vertex -160 250 0
      vertex -163 250 0
    endloop
  endfacet
  facet normal 0 1 -0
    outer loop
      vertex -166.8 250 10
      vertex -180 250 32
      vertex 0 250 32
    endloop
  endfacet
  facet normal 0 1 0
    outer loop
      vertex -180 250 32
      vertex -171.293 250 13.47
      vertex -171.75 250 13.5
    endloop
  endfacet
  facet normal 0 1 0
    outer loop
      vertex -180 250 32
      vertex -170.844 250 13.3807
      vertex -171.293 250 13.47
    endloop
  endfacet
  facet normal 0 1 0
    outer loop
      vertex -180 250 32
      vertex -170.411 250 13.2336
      vertex -170.844 250 13.3807
    endloop
  endfacet
  facet normal 0 1 0
    outer loop
      vertex -180 250 32
      vertex -170 250 13.0311
      vertex -170.411 250 13.2336
    endloop
  endfacet
  facet normal 0 1 0
    outer loop
      vertex -180 250 32
      vertex -169.619 250 12.7767
      vertex -170 250 13.0311
    endloop
  endfacet
  facet normal 0 1 0
    outer loop
      vertex -180 250 32
      vertex -169.275 250 12.4749
      vertex -169.619 250 12.7767
    endloop
  endfacet
  facet normal 0 1 0
    outer loop
      vertex -180 250 32
      vertex -166.8 250 10
      vertex -169.275 250 12.4749
    endloop
  endfacet
  facet normal 0 1 -0
    outer loop
      vertex -160 250 1.5
      vertex -166.8 250 10
      vertex 0 250 32
    endloop
  endfacet
  facet normal 0 1 -0
    outer loop
      vertex -163 250 1.5
      vertex -166.8 250 10
      vertex -160 250 1.5
    endloop
  endfacet
  facet normal 0 1 0
    outer loop
      vertex -166.8 250 10
      vertex -163 250 1.5
      vertex -169.275 250 7.52513
    endloop
  endfacet
  facet normal 0 1 0
    outer loop
      vertex -169.275 250 7.52513
      vertex -163 250 1.5
      vertex -169.619 250 7.22327
    endloop
  endfacet
  facet normal 0 1 0
    outer loop
      vertex -169.619 250 7.22327
      vertex -163 250 1.5
      vertex -170 250 6.96892
    endloop
  endfacet
  facet normal 0 1 0
    outer loop
      vertex -170 250 6.96892
      vertex -163 250 1.5
      vertex -170.411 250 6.76643
    endloop
  endfacet
  facet normal 0 1 0
    outer loop
      vertex -170.411 250 6.76643
      vertex -163 250 1.5
      vertex -170.844 250 6.61926
    endloop
  endfacet
  facet normal 0 1 0
    outer loop
      vertex -160 250 1.5
      vertex 0 250 32
      vertex 0 250 1.5
    endloop
  endfacet
  facet normal 0 1 -0
    outer loop
      vertex -172.207 250 13.47
      vertex -180 250 32
      vertex -171.75 250 13.5
    endloop
  endfacet
  facet normal 0 1 -0
    outer loop
      vertex -172.656 250 13.3807
      vertex -180 250 32
      vertex -172.207 250 13.47
    endloop
  endfacet
  facet normal 0 1 -0
    outer loop
      vertex -173.089 250 13.2336
      vertex -180 250 32
      vertex -172.656 250 13.3807
    endloop
  endfacet
  facet normal 0 1 -0
    outer loop
      vertex -173.5 250 13.0311
      vertex -180 250 32
      vertex -173.089 250 13.2336
    endloop
  endfacet
  facet normal 0 1 -0
    outer loop
      vertex -173.881 250 12.7767
      vertex -180 250 32
      vertex -173.5 250 13.0311
    endloop
  endfacet
  facet normal 0 1 -0
    outer loop
      vertex -174.225 250 12.4749
      vertex -180 250 32
      vertex -173.881 250 12.7767
    endloop
  endfacet
  facet normal 0 1 -0
    outer loop
      vertex -174.527 250 12.1307
      vertex -180 250 32
      vertex -174.225 250 12.4749
    endloop
  endfacet
  facet normal 0 1 -0
    outer loop
      vertex -174.781 250 11.75
      vertex -180 250 32
      vertex -174.527 250 12.1307
    endloop
  endfacet
  facet normal 0 1 -0
    outer loop
      vertex -174.984 250 11.3394
      vertex -180 250 32
      vertex -174.781 250 11.75
    endloop
  endfacet
  facet normal 0 1 -0
    outer loop
      vertex -175.131 250 10.9059
      vertex -180 250 32
      vertex -174.984 250 11.3394
    endloop
  endfacet
  facet normal 0 1 0
    outer loop
      vertex -180 250 1.5
      vertex -175.131 250 10.9059
      vertex -175.22 250 10.4568
    endloop
  endfacet
  facet normal 0 1 0
    outer loop
      vertex -180 250 1.5
      vertex -175.22 250 10.4568
      vertex -175.25 250 10
    endloop
  endfacet
  facet normal 0 1 0
    outer loop
      vertex -180 250 1.5
      vertex -175.25 250 10
      vertex -175.22 250 9.54317
    endloop
  endfacet
  facet normal 0 1 0
    outer loop
      vertex -180 250 1.5
      vertex -175.22 250 9.54317
      vertex -175.131 250 9.09415
    endloop
  endfacet
  facet normal 0 1 0
    outer loop
      vertex -170.844 250 6.61926
      vertex -163 250 1.5
      vertex -171.293 250 6.52995
    endloop
  endfacet
  facet normal 0 1 0
    outer loop
      vertex -171.293 250 6.52995
      vertex -163 250 1.5
      vertex -171.75 250 6.5
    endloop
  endfacet
  facet normal 0 1 0
    outer loop
      vertex -180 250 1.5
      vertex -171.75 250 6.5
      vertex -163 250 1.5
    endloop
  endfacet
  facet normal 0 1 0
    outer loop
      vertex -171.75 250 6.5
      vertex -180 250 1.5
      vertex -172.207 250 6.52995
    endloop
  endfacet
  facet normal 0 1 0
    outer loop
      vertex -172.207 250 6.52995
      vertex -180 250 1.5
      vertex -172.656 250 6.61926
    endloop
  endfacet
  facet normal 0 1 0
    outer loop
      vertex -172.656 250 6.61926
      vertex -180 250 1.5
      vertex -173.089 250 6.76643
    endloop
  endfacet
  facet normal 0 1 0
    outer loop
      vertex -175.131 250 10.9059
      vertex -180 250 1.5
      vertex -180 250 32
    endloop
  endfacet
  facet normal 0 1 0
    outer loop
      vertex -174.984 250 8.66061
      vertex -180 250 1.5
      vertex -175.131 250 9.09415
    endloop
  endfacet
  facet normal 0 1 0
    outer loop
      vertex -174.781 250 8.25
      vertex -180 250 1.5
      vertex -174.984 250 8.66061
    endloop
  endfacet
  facet normal 0 1 0
    outer loop
      vertex -174.527 250 7.86934
      vertex -180 250 1.5
      vertex -174.781 250 8.25
    endloop
  endfacet
  facet normal 0 1 0
    outer loop
      vertex -174.225 250 7.52513
      vertex -180 250 1.5
      vertex -174.527 250 7.86934
    endloop
  endfacet
  facet normal 0 1 0
    outer loop
      vertex -173.881 250 7.22327
      vertex -180 250 1.5
      vertex -174.225 250 7.52513
    endloop
  endfacet
  facet normal 0 1 0
    outer loop
      vertex -173.5 250 6.96892
      vertex -180 250 1.5
      vertex -173.881 250 7.22327
    endloop
  endfacet
  facet normal 0 1 0
    outer loop
      vertex -173.089 250 6.76643
      vertex -180 250 1.5
      vertex -173.5 250 6.96892
    endloop
  endfacet
  facet normal 1 -0 0
    outer loop
      vertex 0 0 32
      vertex 0 250 1.5
      vertex 0 250 32
    endloop
  endfacet
  facet normal 1 0 0
    outer loop
      vertex 0 250 1.5
      vertex 0 0 32
      vertex 0 0 1.5
    endloop
  endfacet
  facet normal 0 0 -1
    outer loop
      vertex -163 1.5 0
      vertex -160 1.5 0
      vertex -160 0 0
    endloop
  endfacet
  facet normal 0 0 -1
    outer loop
      vertex -160 1.5 0
      vertex -163 1.5 0
      vertex -161 20.81 0
    endloop
  endfacet
  facet normal 0 0 -1
    outer loop
      vertex -163 1.5 0
      vertex -160 0 0
      vertex -163 0 0
    endloop
  endfacet
  facet normal 0 0 -1
    outer loop
      vertex -19 229.19 0
      vertex -35.9933 238.652 0
      vertex -35.9643 239.095 0
    endloop
  endfacet
  facet normal 0 0 -1
    outer loop
      vertex -19 229.19 0
      vertex -35.9988 238.568 0
      vertex -35.9933 238.652 0
    endloop
  endfacet
  facet normal 0 0 -1
    outer loop
      vertex -19 229.19 0
      vertex -36.0152 238.486 0
      vertex -35.9988 238.568 0
    endloop
  endfacet
  facet normal 0 0 -1
    outer loop
      vertex -19 229.19 0
      vertex -36.1018 238.05 0
      vertex -36.0152 238.486 0
    endloop
  endfacet
  facet normal 0 0 -1
    outer loop
      vertex -19 229.19 0
      vertex -36.1288 237.971 0
      vertex -36.1018 238.05 0
    endloop
  endfacet
  facet normal 0 0 -1
    outer loop
      vertex -19 229.19 0
      vertex -36.2715 237.551 0
      vertex -36.1288 237.971 0
    endloop
  endfacet
  facet normal 0 0 -1
    outer loop
      vertex -19 229.19 0
      vertex -36.3087 237.475 0
      vertex -36.2715 237.551 0
    endloop
  endfacet
  facet normal 0 0 -1
    outer loop
      vertex -19 229.19 0
      vertex -36.505 237.077 0
      vertex -36.3087 237.475 0
    endloop
  endfacet
  facet normal 0 0 -1
    outer loop
      vertex -19 229.19 0
      vertex -36.7515 236.708 0
      vertex -36.505 237.077 0
    endloop
  endfacet
  facet normal 0 0 -1
    outer loop
      vertex -19 229.19 0
      vertex -36.7983 236.638 0
      vertex -36.7515 236.708 0
    endloop
  endfacet
  facet normal 0 0 -1
    outer loop
      vertex -19 229.19 0
      vertex -37.0909 236.305 0
      vertex -36.7983 236.638 0
    endloop
  endfacet
  facet normal 0 0 -1
    outer loop
      vertex -19 229.19 0
      vertex -37.1463 236.241 0
      vertex -37.0909 236.305 0
    endloop
  endfacet
  facet normal 0 0 -1
    outer loop
      vertex -19 229.19 0
      vertex -37.2095 236.186 0
      vertex -37.1463 236.241 0
    endloop
  endfacet
  facet normal 0 0 -1
    outer loop
      vertex -19 229.19 0
      vertex -37.5432 235.893 0
      vertex -37.2095 236.186 0
    endloop
  endfacet
  facet normal 0 0 -1
    outer loop
      vertex -19 229.19 0
      vertex -37.6131 235.847 0
      vertex -37.5432 235.893 0
    endloop
  endfacet
  facet normal 0 0 -1
    outer loop
      vertex -19 229.19 0
      vertex -37.9821 235.6 0
      vertex -37.6131 235.847 0
    endloop
  endfacet
  facet normal 0 0 -1
    outer loop
      vertex -19 229.19 0
      vertex -38.3802 235.404 0
      vertex -37.9821 235.6 0
    endloop
  endfacet
  facet normal 0 0 -1
    outer loop
      vertex -19 229.19 0
      vertex -38.4556 235.367 0
      vertex -38.3802 235.404 0
    endloop
  endfacet
  facet normal 0 0 -1
    outer loop
      vertex -19 229.19 0
      vertex -38.8759 235.224 0
      vertex -38.4556 235.367 0
    endloop
  endfacet
  facet normal 0 0 -1
    outer loop
      vertex -19 229.19 0
      vertex -38.9555 235.197 0
      vertex -38.8759 235.224 0
    endloop
  endfacet
  facet normal 0 0 -1
    outer loop
      vertex -19 229.19 0
      vertex -39.3908 235.11 0
      vertex -38.9555 235.197 0
    endloop
  endfacet
  facet normal 0 0 -1
    outer loop
      vertex -19 229.19 0
      vertex -39.4732 235.094 0
      vertex -39.3908 235.11 0
    endloop
  endfacet
  facet normal 0 0 -1
    outer loop
      vertex -19 229.19 0
      vertex -39.5571 235.088 0
      vertex -39.4732 235.094 0
    endloop
  endfacet
  facet normal 0 0 -1
    outer loop
      vertex -19 229.19 0
      vertex -40 235.059 0
      vertex -39.5571 235.088 0
    endloop
  endfacet
  facet normal 0 0 -1
    outer loop
      vertex -19 229.19 0
      vertex -40.4429 235.088 0
      vertex -40 235.059 0
    endloop
  endfacet
  facet normal 0 0 -1
    outer loop
      vertex -19 229.19 0
      vertex -40.5268 235.094 0
      vertex -40.4429 235.088 0
    endloop
  endfacet
  facet normal 0 0 -1
    outer loop
      vertex -19 229.19 0
      vertex -40.6092 235.11 0
      vertex -40.5268 235.094 0
    endloop
  endfacet
  facet normal 0 0 -1
    outer loop
      vertex -19 229.19 0
      vertex -41.0445 235.197 0
      vertex -40.6092 235.11 0
    endloop
  endfacet
  facet normal 0 0 1
    outer loop
      vertex -41.0445 235.197 0
      vertex -41.5444 235.367 0
      vertex -41.1241 235.224 0
    endloop
  endfacet
  facet normal 0 0 -1
    outer loop
      vertex -43.7285 237.551 0
      vertex -43.8982 238.05 0
      vertex -43.8712 237.971 0
    endloop
  endfacet
  facet normal 0 0 -1
    outer loop
      vertex -44.0067 238.652 0
      vertex -135.964 239.095 0
      vertex -44.0357 239.095 0
    endloop
  endfacet
  facet normal 0 0 -1
    outer loop
      vertex -44.0012 238.568 0
      vertex -135.964 239.095 0
      vertex -44.0067 238.652 0
    endloop
  endfacet
  facet normal 0 0 -1
    outer loop
      vertex -135.999 238.568 0
      vertex -44.0012 238.568 0
      vertex -43.9848 238.486 0
    endloop
  endfacet
  facet normal 0 0 -1
    outer loop
      vertex -135.999 238.568 0
      vertex -43.9848 238.486 0
      vertex -43.8982 238.05 0
    endloop
  endfacet
  facet normal 0 0 -1
    outer loop
      vertex -136.102 238.05 0
      vertex -43.8982 238.05 0
      vertex -43.7285 237.551 0
    endloop
  endfacet
  facet normal 0 0 -1
    outer loop
      vertex -136.271 237.551 0
      vertex -43.7285 237.551 0
      vertex -43.6913 237.475 0
    endloop
  endfacet
  facet normal 0 0 -1
    outer loop
      vertex -136.271 237.551 0
      vertex -43.6913 237.475 0
      vertex -43.495 237.077 0
    endloop
  endfacet
  facet normal 0 0 -1
    outer loop
      vertex -136.505 237.077 0
      vertex -43.495 237.077 0
      vertex -43.2485 236.708 0
    endloop
  endfacet
  facet normal 0 0 -1
    outer loop
      vertex -136.505 237.077 0
      vertex -43.2485 236.708 0
      vertex -43.2017 236.638 0
    endloop
  endfacet
  facet normal 0 0 -1
    outer loop
      vertex -136.798 236.638 0
      vertex -43.2017 236.638 0
      vertex -42.9091 236.305 0
    endloop
  endfacet
  facet normal 0 0 -1
    outer loop
      vertex -136.798 236.638 0
      vertex -42.9091 236.305 0
      vertex -42.8537 236.241 0
    endloop
  endfacet
  facet normal 0 0 -1
    outer loop
      vertex -137.146 236.241 0
      vertex -42.8537 236.241 0
      vertex -42.7905 236.186 0
    endloop
  endfacet
  facet normal 0 0 -1
    outer loop
      vertex -137.146 236.241 0
      vertex -42.7905 236.186 0
      vertex -42.4568 235.893 0
    endloop
  endfacet
  facet normal 0 0 -1
    outer loop
      vertex -137.543 235.893 0
      vertex -42.4568 235.893 0
      vertex -42.3869 235.847 0
    endloop
  endfacet
  facet normal 0 0 -1
    outer loop
      vertex -137.543 235.893 0
      vertex -42.3869 235.847 0
      vertex -42.0179 235.6 0
    endloop
  endfacet
  facet normal 0 0 -1
    outer loop
      vertex -137.982 235.6 0
      vertex -42.0179 235.6 0
      vertex -41.6198 235.404 0
    endloop
  endfacet
  facet normal 0 0 -1
    outer loop
      vertex -137.982 235.6 0
      vertex -41.6198 235.404 0
      vertex -41.5444 235.367 0
    endloop
  endfacet
  facet normal 0 0 -1
    outer loop
      vertex -138.456 235.367 0
      vertex -41.5444 235.367 0
      vertex -41.0445 235.197 0
    endloop
  endfacet
  facet normal 0 0 -1
    outer loop
      vertex -138.955 235.197 0
      vertex -41.0445 235.197 0
      vertex -19 229.19 0
    endloop
  endfacet
  facet normal 0 0 -1
    outer loop
      vertex -44.0012 238.568 0
      vertex -135.993 238.652 0
      vertex -135.964 239.095 0
    endloop
  endfacet
  facet normal 0 0 -1
    outer loop
      vertex -44.0012 238.568 0
      vertex -135.999 238.568 0
      vertex -135.993 238.652 0
    endloop
  endfacet
  facet normal 0 0 -1
    outer loop
      vertex -43.8982 238.05 0
      vertex -136.015 238.486 0
      vertex -135.999 238.568 0
    endloop
  endfacet
  facet normal 0 0 -1
    outer loop
      vertex -43.8982 238.05 0
      vertex -136.102 238.05 0
      vertex -136.015 238.486 0
    endloop
  endfacet
  facet normal 0 0 -1
    outer loop
      vertex -43.7285 237.551 0
      vertex -136.129 237.971 0
      vertex -136.102 238.05 0
    endloop
  endfacet
  facet normal 0 0 -1
    outer loop
      vertex -43.7285 237.551 0
      vertex -136.271 237.551 0
      vertex -136.129 237.971 0
    endloop
  endfacet
  facet normal 0 0 -1
    outer loop
      vertex -43.495 237.077 0
      vertex -136.309 237.475 0
      vertex -136.271 237.551 0
    endloop
  endfacet
  facet normal 0 0 -1
    outer loop
      vertex -43.495 237.077 0
      vertex -136.505 237.077 0
      vertex -136.309 237.475 0
    endloop
  endfacet
  facet normal 0 0 -1
    outer loop
      vertex -43.2017 236.638 0
      vertex -136.752 236.708 0
      vertex -136.505 237.077 0
    endloop
  endfacet
  facet normal 0 0 -1
    outer loop
      vertex -43.2017 236.638 0
      vertex -136.798 236.638 0
      vertex -136.752 236.708 0
    endloop
  endfacet
  facet normal 0 0 -1
    outer loop
      vertex -42.8537 236.241 0
      vertex -137.091 236.305 0
      vertex -136.798 236.638 0
    endloop
  endfacet
  facet normal 0 0 -1
    outer loop
      vertex -42.8537 236.241 0
      vertex -137.146 236.241 0
      vertex -137.091 236.305 0
    endloop
  endfacet
  facet normal 0 0 -1
    outer loop
      vertex -42.4568 235.893 0
      vertex -137.21 236.186 0
      vertex -137.146 236.241 0
    endloop
  endfacet
  facet normal 0 0 -1
    outer loop
      vertex -42.4568 235.893 0
      vertex -137.543 235.893 0
      vertex -137.21 236.186 0
    endloop
  endfacet
  facet normal 0 0 -1
    outer loop
      vertex -42.0179 235.6 0
      vertex -137.613 235.847 0
      vertex -137.543 235.893 0
    endloop
  endfacet
  facet normal 0 0 -1
    outer loop
      vertex -42.0179 235.6 0
      vertex -137.982 235.6 0
      vertex -137.613 235.847 0
    endloop
  endfacet
  facet normal 0 0 -1
    outer loop
      vertex -41.5444 235.367 0
      vertex -138.38 235.404 0
      vertex -137.982 235.6 0
    endloop
  endfacet
  facet normal 0 0 -1
    outer loop
      vertex -41.5444 235.367 0
      vertex -138.456 235.367 0
      vertex -138.38 235.404 0
    endloop
  endfacet
  facet normal 0 0 -1
    outer loop
      vertex -41.0445 235.197 0
      vertex -138.876 235.224 0
      vertex -138.456 235.367 0
    endloop
  endfacet
  facet normal 0 0 -1
    outer loop
      vertex -41.0445 235.197 0
      vertex -138.955 235.197 0
      vertex -138.876 235.224 0
    endloop
  endfacet
  facet normal 0 0 -1
    outer loop
      vertex -161 229.19 0
      vertex -138.955 235.197 0
      vertex -19 229.19 0
    endloop
  endfacet
  facet normal 0 0 -1
    outer loop
      vertex -138.955 235.197 0
      vertex -161 229.19 0
      vertex -139.391 235.11 0
    endloop
  endfacet
  facet normal 0 0 -1
    outer loop
      vertex -139.391 235.11 0
      vertex -161 229.19 0
      vertex -139.473 235.094 0
    endloop
  endfacet
  facet normal 0 0 -1
    outer loop
      vertex -139.473 235.094 0
      vertex -161 229.19 0
      vertex -139.557 235.088 0
    endloop
  endfacet
  facet normal 0 0 1
    outer loop
      vertex -140 235.059 0
      vertex -140.527 235.094 0
      vertex -140.443 235.088 0
    endloop
  endfacet
  facet normal 0 0 -1
    outer loop
      vertex -161 229.19 0
      vertex -141.124 235.224 0
      vertex -141.045 235.197 0
    endloop
  endfacet
  facet normal 0 0 -1
    outer loop
      vertex -161 229.19 0
      vertex -142.909 236.305 0
      vertex -142.854 236.241 0
    endloop
  endfacet
  facet normal 0 0 -1
    outer loop
      vertex -161 229.19 0
      vertex -143.248 236.708 0
      vertex -143.202 236.638 0
    endloop
  endfacet
  facet normal 0 0 -1
    outer loop
      vertex -161 229.19 0
      vertex -143.691 237.475 0
      vertex -143.495 237.077 0
    endloop
  endfacet
  facet normal 0 0 -1
    outer loop
      vertex -161 229.19 0
      vertex -144.007 238.652 0
      vertex -144.001 238.568 0
    endloop
  endfacet
  facet normal -0 0 -1
    outer loop
      vertex -144.007 238.652 0
      vertex -161 229.19 0
      vertex -144.036 239.095 0
    endloop
  endfacet
  facet normal 0 0 -1
    outer loop
      vertex -161 229.19 0
      vertex -144.001 238.568 0
      vertex -143.985 238.486 0
    endloop
  endfacet
  facet normal 0 0 -1
    outer loop
      vertex -161 229.19 0
      vertex -143.985 238.486 0
      vertex -143.898 238.05 0
    endloop
  endfacet
  facet normal 0 0 -1
    outer loop
      vertex -161 229.19 0
      vertex -143.898 238.05 0
      vertex -143.871 237.971 0
    endloop
  endfacet
  facet normal 0 0 -1
    outer loop
      vertex -161 229.19 0
      vertex -143.871 237.971 0
      vertex -143.729 237.551 0
    endloop
  endfacet
  facet normal -0 0 -1
    outer loop
      vertex -143.691 237.475 0
      vertex -161 229.19 0
      vertex -143.729 237.551 0
    endloop
  endfacet
  facet normal -0 0 -1
    outer loop
      vertex -143.248 236.708 0
      vertex -161 229.19 0
      vertex -143.495 237.077 0
    endloop
  endfacet
  facet normal -0 0 -1
    outer loop
      vertex -142.909 236.305 0
      vertex -161 229.19 0
      vertex -143.202 236.638 0
    endloop
  endfacet
  facet normal 0 0 -1
    outer loop
      vertex -161 229.19 0
      vertex -142.854 236.241 0
      vertex -142.79 236.186 0
    endloop
  endfacet
  facet normal 0 0 -1
    outer loop
      vertex -161 229.19 0
      vertex -142.79 236.186 0
      vertex -142.457 235.893 0
    endloop
  endfacet
  facet normal 0 0 -1
    outer loop
      vertex -139.557 235.088 0
      vertex -161 229.19 0
      vertex -140 235.059 0
    endloop
  endfacet
  facet normal 0 0 -1
    outer loop
      vertex -161 229.19 0
      vertex -140.527 235.094 0
      vertex -140 235.059 0
    endloop
  endfacet
  facet normal 0 0 -1
    outer loop
      vertex -161 229.19 0
      vertex -140.609 235.11 0
      vertex -140.527 235.094 0
    endloop
  endfacet
  facet normal 0 0 -1
    outer loop
      vertex -161 229.19 0
      vertex -141.045 235.197 0
      vertex -140.609 235.11 0
    endloop
  endfacet
  facet normal -0 0 -1
    outer loop
      vertex -141.124 235.224 0
      vertex -161 229.19 0
      vertex -141.544 235.367 0
    endloop
  endfacet
  facet normal 0 0 -1
    outer loop
      vertex -161 229.19 0
      vertex -141.62 235.404 0
      vertex -141.544 235.367 0
    endloop
  endfacet
  facet normal 0 0 -1
    outer loop
      vertex -161 229.19 0
      vertex -142.018 235.6 0
      vertex -141.62 235.404 0
    endloop
  endfacet
  facet normal 0 0 -1
    outer loop
      vertex -161 229.19 0
      vertex -142.387 235.847 0
      vertex -142.018 235.6 0
    endloop
  endfacet
  facet normal 0 0 -1
    outer loop
      vertex -161 229.19 0
      vertex -142.457 235.893 0
      vertex -142.387 235.847 0
    endloop
  endfacet
  facet normal -0 0 -1
    outer loop
      vertex -144.036 239.095 0
      vertex -161 229.19 0
      vertex -160 248.5 0
    endloop
  endfacet
  facet normal 0 0 -1
    outer loop
      vertex -170.015 239.772 0
      vertex -160 248.5 0
      vertex -161 229.19 0
    endloop
  endfacet
  facet normal 0 0 -1
    outer loop
      vertex -178.5 1.5 0
      vertex -161 20.81 0
      vertex -163 1.5 0
    endloop
  endfacet
  facet normal 0 -0 -1
    outer loop
      vertex -172.987 238.763 0
      vertex -161 20.81 0
      vertex -178.5 1.5 0
    endloop
  endfacet
  facet normal 0 0 -1
    outer loop
      vertex -160 248.5 0
      vertex -163 248.5 0
      vertex -160 250 0
    endloop
  endfacet
  facet normal -0 0 -1
    outer loop
      vertex -160 250 0
      vertex -163 248.5 0
      vertex -163 250 0
    endloop
  endfacet
  facet normal 0 0 -1
    outer loop
      vertex -1.5 1.5 0
      vertex -19 20.81 0
      vertex -1.5 248.5 0
    endloop
  endfacet
  facet normal 0 0 -1
    outer loop
      vertex -36.2715 9.36058 0
      vertex -19 20.81 0
      vertex -1.5 1.5 0
    endloop
  endfacet
  facet normal 0 0 -1
    outer loop
      vertex -19 20.81 0
      vertex -35.9933 10.4621 0
      vertex -35.9643 10.905 0
    endloop
  endfacet
  facet normal 0 0 -1
    outer loop
      vertex -19 20.81 0
      vertex -35.9988 10.3782 0
      vertex -35.9933 10.4621 0
    endloop
  endfacet
  facet normal 0 0 -1
    outer loop
      vertex -19 20.81 0
      vertex -36.0152 10.2957 0
      vertex -35.9988 10.3782 0
    endloop
  endfacet
  facet normal 0 0 -1
    outer loop
      vertex -19 20.81 0
      vertex -36.1018 9.86047 0
      vertex -36.0152 10.2957 0
    endloop
  endfacet
  facet normal 0 0 -1
    outer loop
      vertex -19 20.81 0
      vertex -36.1288 9.78084 0
      vertex -36.1018 9.86047 0
    endloop
  endfacet
  facet normal 0 0 -1
    outer loop
      vertex -19 20.81 0
      vertex -36.2715 9.36058 0
      vertex -36.1288 9.78084 0
    endloop
  endfacet
  facet normal 0 0 -1
    outer loop
      vertex -1.5 1.5 0
      vertex -36.3087 9.28517 0
      vertex -36.2715 9.36058 0
    endloop
  endfacet
  facet normal 0 0 -1
    outer loop
      vertex -1.5 1.5 0
      vertex -36.505 8.88713 0
      vertex -36.3087 9.28517 0
    endloop
  endfacet
  facet normal 0 0 -1
    outer loop
      vertex -1.5 1.5 0
      vertex -36.7515 8.51812 0
      vertex -36.505 8.88713 0
    endloop
  endfacet
  facet normal 0 0 -1
    outer loop
      vertex -1.5 1.5 0
      vertex -36.7983 8.4482 0
      vertex -36.7515 8.51812 0
    endloop
  endfacet
  facet normal 0 0 -1
    outer loop
      vertex -1.5 1.5 0
      vertex -37.0909 8.11453 0
      vertex -36.7983 8.4482 0
    endloop
  endfacet
  facet normal 0 0 -1
    outer loop
      vertex -1.5 1.5 0
      vertex -37.1463 8.0513 0
      vertex -37.0909 8.11453 0
    endloop
  endfacet
  facet normal 0 0 -1
    outer loop
      vertex -1.5 1.5 0
      vertex -37.2095 7.99586 0
      vertex -37.1463 8.0513 0
    endloop
  endfacet
  facet normal 0 0 -1
    outer loop
      vertex -1.5 1.5 0
      vertex -37.5432 7.70324 0
      vertex -37.2095 7.99586 0
    endloop
  endfacet
  facet normal 0 0 -1
    outer loop
      vertex -1.5 1.5 0
      vertex -37.6131 7.65652 0
      vertex -37.5432 7.70324 0
    endloop
  endfacet
  facet normal 0 0 -1
    outer loop
      vertex -1.5 1.5 0
      vertex -37.9821 7.40996 0
      vertex -37.6131 7.65652 0
    endloop
  endfacet
  facet normal 0 0 -1
    outer loop
      vertex -1.5 1.5 0
      vertex -38.3802 7.21366 0
      vertex -37.9821 7.40996 0
    endloop
  endfacet
  facet normal 0 0 -1
    outer loop
      vertex -1.5 1.5 0
      vertex -38.4556 7.17647 0
      vertex -38.3802 7.21366 0
    endloop
  endfacet
  facet normal 0 0 -1
    outer loop
      vertex -1.5 1.5 0
      vertex -38.8759 7.03381 0
      vertex -38.4556 7.17647 0
    endloop
  endfacet
  facet normal 0 0 -1
    outer loop
      vertex -1.5 1.5 0
      vertex -38.9555 7.00679 0
      vertex -38.8759 7.03381 0
    endloop
  endfacet
  facet normal 0 0 -1
    outer loop
      vertex -1.5 1.5 0
      vertex -39.3908 6.9202 0
      vertex -38.9555 7.00679 0
    endloop
  endfacet
  facet normal 0 0 -1
    outer loop
      vertex -1.5 1.5 0
      vertex -39.4732 6.9038 0
      vertex -39.3908 6.9202 0
    endloop
  endfacet
  facet normal 0 0 -1
    outer loop
      vertex -1.5 1.5 0
      vertex -39.5571 6.8983 0
      vertex -39.4732 6.9038 0
    endloop
  endfacet
  facet normal 0 0 -1
    outer loop
      vertex -1.5 1.5 0
      vertex -40 6.86927 0
      vertex -39.5571 6.8983 0
    endloop
  endfacet
  facet normal 0 0 -1
    outer loop
      vertex -1.5 1.5 0
      vertex -40.4429 6.8983 0
      vertex -40 6.86927 0
    endloop
  endfacet
  facet normal 0 0 -1
    outer loop
      vertex -1.5 1.5 0
      vertex -40.5268 6.9038 0
      vertex -40.4429 6.8983 0
    endloop
  endfacet
  facet normal 0 0 1
    outer loop
      vertex -42.0179 7.40996 0
      vertex -42.4568 7.70324 0
      vertex -42.3869 7.65652 0
    endloop
  endfacet
  facet normal 0 0 -1
    outer loop
      vertex -43.495 8.88713 0
      vertex -43.7285 9.36058 0
      vertex -43.6913 9.28517 0
    endloop
  endfacet
  facet normal 0 0 1
    outer loop
      vertex -43.7285 9.36058 0
      vertex -43.8982 9.86047 0
      vertex -43.8712 9.78084 0
    endloop
  endfacet
  facet normal 0 0 -1
    outer loop
      vertex -44.0067 10.4621 0
      vertex -135.964 10.905 0
      vertex -44.0357 10.905 0
    endloop
  endfacet
  facet normal 0 0 -1
    outer loop
      vertex -44.0012 10.3782 0
      vertex -135.964 10.905 0
      vertex -44.0067 10.4621 0
    endloop
  endfacet
  facet normal 0 0 -1
    outer loop
      vertex -135.999 10.3782 0
      vertex -44.0012 10.3782 0
      vertex -43.9848 10.2957 0
    endloop
  endfacet
  facet normal 0 0 -1
    outer loop
      vertex -135.999 10.3782 0
      vertex -43.9848 10.2957 0
      vertex -43.8982 9.86047 0
    endloop
  endfacet
  facet normal 0 0 -1
    outer loop
      vertex -136.102 9.86047 0
      vertex -43.8982 9.86047 0
      vertex -43.7285 9.36058 0
    endloop
  endfacet
  facet normal 0 0 -1
    outer loop
      vertex -136.271 9.36058 0
      vertex -43.7285 9.36058 0
      vertex -43.495 8.88713 0
    endloop
  endfacet
  facet normal 0 0 -1
    outer loop
      vertex -136.505 8.88713 0
      vertex -43.495 8.88713 0
      vertex -43.2485 8.51812 0
    endloop
  endfacet
  facet normal 0 0 -1
    outer loop
      vertex -136.505 8.88713 0
      vertex -43.2485 8.51812 0
      vertex -43.2017 8.4482 0
    endloop
  endfacet
  facet normal 0 0 -1
    outer loop
      vertex -136.798 8.4482 0
      vertex -43.2017 8.4482 0
      vertex -42.9091 8.11453 0
    endloop
  endfacet
  facet normal 0 0 -1
    outer loop
      vertex -136.798 8.4482 0
      vertex -42.9091 8.11453 0
      vertex -42.8537 8.0513 0
    endloop
  endfacet
  facet normal 0 0 -1
    outer loop
      vertex -137.146 8.0513 0
      vertex -42.8537 8.0513 0
      vertex -42.7905 7.99586 0
    endloop
  endfacet
  facet normal 0 0 -1
    outer loop
      vertex -137.146 8.0513 0
      vertex -42.7905 7.99586 0
      vertex -42.4568 7.70324 0
    endloop
  endfacet
  facet normal 0 0 -1
    outer loop
      vertex -137.543 7.70324 0
      vertex -42.4568 7.70324 0
      vertex -42.0179 7.40996 0
    endloop
  endfacet
  facet normal 0 0 -1
    outer loop
      vertex -137.982 7.40996 0
      vertex -42.0179 7.40996 0
      vertex -41.6198 7.21366 0
    endloop
  endfacet
  facet normal 0 0 -1
    outer loop
      vertex -137.982 7.40996 0
      vertex -41.6198 7.21366 0
      vertex -41.5444 7.17647 0
    endloop
  endfacet
  facet normal 0 0 -1
    outer loop
      vertex -138.456 7.17647 0
      vertex -41.5444 7.17647 0
      vertex -41.1241 7.03381 0
    endloop
  endfacet
  facet normal 0 0 -1
    outer loop
      vertex -138.456 7.17647 0
      vertex -41.1241 7.03381 0
      vertex -41.0445 7.00679 0
    endloop
  endfacet
  facet normal 0 0 -1
    outer loop
      vertex -160 1.5 0
      vertex -41.0445 7.00679 0
      vertex -40.6092 6.9202 0
    endloop
  endfacet
  facet normal 0 0 -1
    outer loop
      vertex -160 1.5 0
      vertex -40.6092 6.9202 0
      vertex -40.5268 6.9038 0
    endloop
  endfacet
  facet normal 0 0 -1
    outer loop
      vertex -160 1.5 0
      vertex -40.5268 6.9038 0
      vertex -1.5 1.5 0
    endloop
  endfacet
  facet normal 0 0 -1
    outer loop
      vertex -44.0012 10.3782 0
      vertex -135.993 10.4621 0
      vertex -135.964 10.905 0
    endloop
  endfacet
  facet normal 0 0 -1
    outer loop
      vertex -44.0012 10.3782 0
      vertex -135.999 10.3782 0
      vertex -135.993 10.4621 0
    endloop
  endfacet
  facet normal 0 0 -1
    outer loop
      vertex -43.8982 9.86047 0
      vertex -136.015 10.2957 0
      vertex -135.999 10.3782 0
    endloop
  endfacet
  facet normal 0 0 -1
    outer loop
      vertex -43.8982 9.86047 0
      vertex -136.102 9.86047 0
      vertex -136.015 10.2957 0
    endloop
  endfacet
  facet normal 0 0 -1
    outer loop
      vertex -43.7285 9.36058 0
      vertex -136.129 9.78084 0
      vertex -136.102 9.86047 0
    endloop
  endfacet
  facet normal 0 0 -1
    outer loop
      vertex -43.7285 9.36058 0
      vertex -136.271 9.36058 0
      vertex -136.129 9.78084 0
    endloop
  endfacet
  facet normal 0 0 -1
    outer loop
      vertex -43.495 8.88713 0
      vertex -136.309 9.28517 0
      vertex -136.271 9.36058 0
    endloop
  endfacet
  facet normal 0 0 -1
    outer loop
      vertex -43.495 8.88713 0
      vertex -136.505 8.88713 0
      vertex -136.309 9.28517 0
    endloop
  endfacet
  facet normal 0 0 -1
    outer loop
      vertex -43.2017 8.4482 0
      vertex -136.752 8.51812 0
      vertex -136.505 8.88713 0
    endloop
  endfacet
  facet normal 0 0 -1
    outer loop
      vertex -43.2017 8.4482 0
      vertex -136.798 8.4482 0
      vertex -136.752 8.51812 0
    endloop
  endfacet
  facet normal 0 0 -1
    outer loop
      vertex -42.8537 8.0513 0
      vertex -137.091 8.11453 0
      vertex -136.798 8.4482 0
    endloop
  endfacet
  facet normal 0 0 -1
    outer loop
      vertex -42.8537 8.0513 0
      vertex -137.146 8.0513 0
      vertex -137.091 8.11453 0
    endloop
  endfacet
  facet normal 0 0 -1
    outer loop
      vertex -42.4568 7.70324 0
      vertex -137.21 7.99586 0
      vertex -137.146 8.0513 0
    endloop
  endfacet
  facet normal 0 0 -1
    outer loop
      vertex -42.4568 7.70324 0
      vertex -137.543 7.70324 0
      vertex -137.21 7.99586 0
    endloop
  endfacet
  facet normal 0 0 -1
    outer loop
      vertex -42.0179 7.40996 0
      vertex -137.613 7.65652 0
      vertex -137.543 7.70324 0
    endloop
  endfacet
  facet normal 0 0 -1
    outer loop
      vertex -42.0179 7.40996 0
      vertex -137.982 7.40996 0
      vertex -137.613 7.65652 0
    endloop
  endfacet
  facet normal 0 0 -1
    outer loop
      vertex -41.5444 7.17647 0
      vertex -138.38 7.21366 0
      vertex -137.982 7.40996 0
    endloop
  endfacet
  facet normal 0 0 -1
    outer loop
      vertex -41.5444 7.17647 0
      vertex -138.456 7.17647 0
      vertex -138.38 7.21366 0
    endloop
  endfacet
  facet normal 0 0 -1
    outer loop
      vertex -41.0445 7.00679 0
      vertex -138.876 7.03381 0
      vertex -138.456 7.17647 0
    endloop
  endfacet
  facet normal 0 0 -1
    outer loop
      vertex -41.0445 7.00679 0
      vertex -138.955 7.00679 0
      vertex -138.876 7.03381 0
    endloop
  endfacet
  facet normal -0 0 -1
    outer loop
      vertex -41.0445 7.00679 0
      vertex -160 1.5 0
      vertex -138.955 7.00679 0
    endloop
  endfacet
  facet normal 0 0 -1
    outer loop
      vertex -138.955 7.00679 0
      vertex -160 1.5 0
      vertex -139.391 6.9202 0
    endloop
  endfacet
  facet normal 0 0 -1
    outer loop
      vertex -139.391 6.9202 0
      vertex -160 1.5 0
      vertex -139.473 6.9038 0
    endloop
  endfacet
  facet normal 0 0 -1
    outer loop
      vertex -139.473 6.9038 0
      vertex -160 1.5 0
      vertex -139.557 6.8983 0
    endloop
  endfacet
  facet normal 0 0 -1
    outer loop
      vertex -160 1.5 0
      vertex -140.609 6.9202 0
      vertex -140.527 6.9038 0
    endloop
  endfacet
  facet normal 0 0 -1
    outer loop
      vertex -160 1.5 0
      vertex -141.124 7.03381 0
      vertex -141.045 7.00679 0
    endloop
  endfacet
  facet normal 0 0 -1
    outer loop
      vertex -160 1.5 0
      vertex -141.62 7.21366 0
      vertex -141.544 7.17647 0
    endloop
  endfacet
  facet normal 0 0 -1
    outer loop
      vertex -160 1.5 0
      vertex -142.909 8.11453 0
      vertex -142.854 8.0513 0
    endloop
  endfacet
  facet normal 0 0 -1
    outer loop
      vertex -160 1.5 0
      vertex -143.248 8.51812 0
      vertex -143.202 8.4482 0
    endloop
  endfacet
  facet normal 0 0 -1
    outer loop
      vertex -160 1.5 0
      vertex -143.691 9.28517 0
      vertex -143.495 8.88713 0
    endloop
  endfacet
  facet normal 0 0 -1
    outer loop
      vertex -160 1.5 0
      vertex -144.007 10.4621 0
      vertex -144.001 10.3782 0
    endloop
  endfacet
  facet normal -0 0 -1
    outer loop
      vertex -144.007 10.4621 0
      vertex -160 1.5 0
      vertex -144.036 10.905 0
    endloop
  endfacet
  facet normal -0 0 -1
    outer loop
      vertex -143.985 10.2957 0
      vertex -160 1.5 0
      vertex -144.001 10.3782 0
    endloop
  endfacet
  facet normal -0 0 -1
    outer loop
      vertex -143.898 9.86047 0
      vertex -160 1.5 0
      vertex -143.985 10.2957 0
    endloop
  endfacet
  facet normal -0 0 -1
    outer loop
      vertex -143.871 9.78084 0
      vertex -160 1.5 0
      vertex -143.898 9.86047 0
    endloop
  endfacet
  facet normal -0 0 -1
    outer loop
      vertex -143.729 9.36058 0
      vertex -160 1.5 0
      vertex -143.871 9.78084 0
    endloop
  endfacet
  facet normal -0 0 -1
    outer loop
      vertex -143.691 9.28517 0
      vertex -160 1.5 0
      vertex -143.729 9.36058 0
    endloop
  endfacet
  facet normal -0 0 -1
    outer loop
      vertex -143.248 8.51812 0
      vertex -160 1.5 0
      vertex -143.495 8.88713 0
    endloop
  endfacet
  facet normal -0 0 -1
    outer loop
      vertex -142.909 8.11453 0
      vertex -160 1.5 0
      vertex -143.202 8.4482 0
    endloop
  endfacet
  facet normal -0 0 -1
    outer loop
      vertex -142.79 7.99586 0
      vertex -160 1.5 0
      vertex -142.854 8.0513 0
    endloop
  endfacet
  facet normal -0 0 -1
    outer loop
      vertex -142.457 7.70324 0
      vertex -160 1.5 0
      vertex -142.79 7.99586 0
    endloop
  endfacet
  facet normal -0 0 -1
    outer loop
      vertex -142.387 7.65652 0
      vertex -160 1.5 0
      vertex -142.457 7.70324 0
    endloop
  endfacet
  facet normal -0 0 -1
    outer loop
      vertex -142.018 7.40996 0
      vertex -160 1.5 0
      vertex -142.387 7.65652 0
    endloop
  endfacet
  facet normal -0 0 -1
    outer loop
      vertex -141.62 7.21366 0
      vertex -160 1.5 0
      vertex -142.018 7.40996 0
    endloop
  endfacet
  facet normal -0 0 -1
    outer loop
      vertex -141.124 7.03381 0
      vertex -160 1.5 0
      vertex -141.544 7.17647 0
    endloop
  endfacet
  facet normal -0 0 -1
    outer loop
      vertex -140.609 6.9202 0
      vertex -160 1.5 0
      vertex -141.045 7.00679 0
    endloop
  endfacet
  facet normal -0 0 -1
    outer loop
      vertex -140.443 6.8983 0
      vertex -160 1.5 0
      vertex -140.527 6.9038 0
    endloop
  endfacet
  facet normal -0 0 -1
    outer loop
      vertex -140 6.86927 0
      vertex -160 1.5 0
      vertex -140.443 6.8983 0
    endloop
  endfacet
  facet normal 0 0 -1
    outer loop
      vertex -139.557 6.8983 0
      vertex -160 1.5 0
      vertex -140 6.86927 0
    endloop
  endfacet
  facet normal 0 0 -1
    outer loop
      vertex -19 229.19 0
      vertex -1.5 248.5 0
      vertex -19 20.81 0
    endloop
  endfacet
  facet normal 0 0 -1
    outer loop
      vertex -35.9933 239.538 0
      vertex -19 229.19 0
      vertex -35.9643 239.095 0
    endloop
  endfacet
  facet normal 0 0 -1
    outer loop
      vertex -35.9988 239.622 0
      vertex -19 229.19 0
      vertex -35.9933 239.538 0
    endloop
  endfacet
  facet normal 0 0 -1
    outer loop
      vertex -36.0152 239.704 0
      vertex -19 229.19 0
      vertex -35.9988 239.622 0
    endloop
  endfacet
  facet normal 0 0 -1
    outer loop
      vertex -36.1018 240.14 0
      vertex -19 229.19 0
      vertex -36.0152 239.704 0
    endloop
  endfacet
  facet normal 0 0 -1
    outer loop
      vertex -36.1288 240.219 0
      vertex -19 229.19 0
      vertex -36.1018 240.14 0
    endloop
  endfacet
  facet normal 0 0 -1
    outer loop
      vertex -36.2715 240.639 0
      vertex -19 229.19 0
      vertex -36.1288 240.219 0
    endloop
  endfacet
  facet normal 0 0 -1
    outer loop
      vertex -19 229.19 0
      vertex -36.2715 240.639 0
      vertex -1.5 248.5 0
    endloop
  endfacet
  facet normal 0 0 -1
    outer loop
      vertex -36.3087 240.715 0
      vertex -1.5 248.5 0
      vertex -36.2715 240.639 0
    endloop
  endfacet
  facet normal 0 0 -1
    outer loop
      vertex -36.505 241.113 0
      vertex -1.5 248.5 0
      vertex -36.3087 240.715 0
    endloop
  endfacet
  facet normal 0 0 -1
    outer loop
      vertex -36.7515 241.482 0
      vertex -1.5 248.5 0
      vertex -36.505 241.113 0
    endloop
  endfacet
  facet normal 0 0 -1
    outer loop
      vertex -36.7983 241.552 0
      vertex -1.5 248.5 0
      vertex -36.7515 241.482 0
    endloop
  endfacet
  facet normal 0 0 -1
    outer loop
      vertex -37.0909 241.885 0
      vertex -1.5 248.5 0
      vertex -36.7983 241.552 0
    endloop
  endfacet
  facet normal 0 0 -1
    outer loop
      vertex -37.1463 241.949 0
      vertex -1.5 248.5 0
      vertex -37.0909 241.885 0
    endloop
  endfacet
  facet normal 0 0 -1
    outer loop
      vertex -37.2095 242.004 0
      vertex -1.5 248.5 0
      vertex -37.1463 241.949 0
    endloop
  endfacet
  facet normal 0 0 -1
    outer loop
      vertex -37.5432 242.297 0
      vertex -1.5 248.5 0
      vertex -37.2095 242.004 0
    endloop
  endfacet
  facet normal 0 0 -1
    outer loop
      vertex -37.6131 242.343 0
      vertex -1.5 248.5 0
      vertex -37.5432 242.297 0
    endloop
  endfacet
  facet normal 0 0 -1
    outer loop
      vertex -37.9821 242.59 0
      vertex -1.5 248.5 0
      vertex -37.6131 242.343 0
    endloop
  endfacet
  facet normal 0 0 -1
    outer loop
      vertex -38.3802 242.786 0
      vertex -1.5 248.5 0
      vertex -37.9821 242.59 0
    endloop
  endfacet
  facet normal 0 0 -1
    outer loop
      vertex -38.4556 242.824 0
      vertex -1.5 248.5 0
      vertex -38.3802 242.786 0
    endloop
  endfacet
  facet normal 0 0 -1
    outer loop
      vertex -38.8759 242.966 0
      vertex -1.5 248.5 0
      vertex -38.4556 242.824 0
    endloop
  endfacet
  facet normal 0 0 -1
    outer loop
      vertex -38.9555 242.993 0
      vertex -1.5 248.5 0
      vertex -38.8759 242.966 0
    endloop
  endfacet
  facet normal 0 0 -1
    outer loop
      vertex -39.3908 243.08 0
      vertex -1.5 248.5 0
      vertex -38.9555 242.993 0
    endloop
  endfacet
  facet normal 0 0 -1
    outer loop
      vertex -39.4732 243.096 0
      vertex -1.5 248.5 0
      vertex -39.3908 243.08 0
    endloop
  endfacet
  facet normal 0 0 -1
    outer loop
      vertex -39.5571 243.102 0
      vertex -1.5 248.5 0
      vertex -39.4732 243.096 0
    endloop
  endfacet
  facet normal 0 0 -1
    outer loop
      vertex -40 243.131 0
      vertex -1.5 248.5 0
      vertex -39.5571 243.102 0
    endloop
  endfacet
  facet normal 0 0 -1
    outer loop
      vertex -40.4429 243.102 0
      vertex -1.5 248.5 0
      vertex -40 243.131 0
    endloop
  endfacet
  facet normal 0 0 -1
    outer loop
      vertex -40.5268 243.096 0
      vertex -1.5 248.5 0
      vertex -40.4429 243.102 0
    endloop
  endfacet
  facet normal 0 0 -1
    outer loop
      vertex -42.0179 242.59 0
      vertex -41.5444 242.824 0
      vertex -41.6198 242.786 0
    endloop
  endfacet
  facet normal 0 0 -1
    outer loop
      vertex -42.4568 242.297 0
      vertex -42.0179 242.59 0
      vertex -42.3869 242.343 0
    endloop
  endfacet
  facet normal 0 0 -1
    outer loop
      vertex -42.8537 241.949 0
      vertex -42.4568 242.297 0
      vertex -42.7905 242.004 0
    endloop
  endfacet
  facet normal 0 0 -1
    outer loop
      vertex -43.2017 241.552 0
      vertex -42.8537 241.949 0
      vertex -42.9091 241.885 0
    endloop
  endfacet
  facet normal 0 0 1
    outer loop
      vertex -43.7285 240.639 0
      vertex -43.495 241.113 0
      vertex -43.6913 240.715 0
    endloop
  endfacet
  facet normal 0 0 -1
    outer loop
      vertex -135.964 239.095 0
      vertex -44.0067 239.538 0
      vertex -44.0357 239.095 0
    endloop
  endfacet
  facet normal 0 0 -1
    outer loop
      vertex -135.964 239.095 0
      vertex -44.0012 239.622 0
      vertex -44.0067 239.538 0
    endloop
  endfacet
  facet normal 0 0 -1
    outer loop
      vertex -135.993 239.538 0
      vertex -44.0012 239.622 0
      vertex -135.964 239.095 0
    endloop
  endfacet
  facet normal 0 0 -1
    outer loop
      vertex -135.999 239.622 0
      vertex -44.0012 239.622 0
      vertex -135.993 239.538 0
    endloop
  endfacet
  facet normal 0 0 -1
    outer loop
      vertex -44.0012 239.622 0
      vertex -135.999 239.622 0
      vertex -43.9848 239.704 0
    endloop
  endfacet
  facet normal -0 0 -1
    outer loop
      vertex -43.9848 239.704 0
      vertex -135.999 239.622 0
      vertex -43.8982 240.14 0
    endloop
  endfacet
  facet normal 0 0 -1
    outer loop
      vertex -136.015 239.704 0
      vertex -43.8982 240.14 0
      vertex -135.999 239.622 0
    endloop
  endfacet
  facet normal 0 0 -1
    outer loop
      vertex -136.102 240.14 0
      vertex -43.8982 240.14 0
      vertex -136.015 239.704 0
    endloop
  endfacet
  facet normal 0 0 -1
    outer loop
      vertex -43.8982 240.14 0
      vertex -136.102 240.14 0
      vertex -43.8712 240.219 0
    endloop
  endfacet
  facet normal -0 0 -1
    outer loop
      vertex -43.8712 240.219 0
      vertex -136.102 240.14 0
      vertex -43.7285 240.639 0
    endloop
  endfacet
  facet normal 0 0 -1
    outer loop
      vertex -136.129 240.219 0
      vertex -43.7285 240.639 0
      vertex -136.102 240.14 0
    endloop
  endfacet
  facet normal 0 0 -1
    outer loop
      vertex -136.271 240.639 0
      vertex -43.7285 240.639 0
      vertex -136.129 240.219 0
    endloop
  endfacet
  facet normal 0 0 -1
    outer loop
      vertex -43.7285 240.639 0
      vertex -136.271 240.639 0
      vertex -43.495 241.113 0
    endloop
  endfacet
  facet normal 0 0 -1
    outer loop
      vertex -136.309 240.715 0
      vertex -43.495 241.113 0
      vertex -136.271 240.639 0
    endloop
  endfacet
  facet normal 0 0 -1
    outer loop
      vertex -136.505 241.113 0
      vertex -43.495 241.113 0
      vertex -136.309 240.715 0
    endloop
  endfacet
  facet normal 0 0 -1
    outer loop
      vertex -43.495 241.113 0
      vertex -136.505 241.113 0
      vertex -43.2485 241.482 0
    endloop
  endfacet
  facet normal -0 0 -1
    outer loop
      vertex -43.2485 241.482 0
      vertex -136.505 241.113 0
      vertex -43.2017 241.552 0
    endloop
  endfacet
  facet normal 0 0 -1
    outer loop
      vertex -136.752 241.482 0
      vertex -43.2017 241.552 0
      vertex -136.505 241.113 0
    endloop
  endfacet
  facet normal 0 0 -1
    outer loop
      vertex -136.798 241.552 0
      vertex -43.2017 241.552 0
      vertex -136.752 241.482 0
    endloop
  endfacet
  facet normal 0 0 -1
    outer loop
      vertex -43.2017 241.552 0
      vertex -136.798 241.552 0
      vertex -42.8537 241.949 0
    endloop
  endfacet
  facet normal 0 0 -1
    outer loop
      vertex -137.091 241.885 0
      vertex -42.8537 241.949 0
      vertex -136.798 241.552 0
    endloop
  endfacet
  facet normal 0 0 -1
    outer loop
      vertex -137.146 241.949 0
      vertex -42.8537 241.949 0
      vertex -137.091 241.885 0
    endloop
  endfacet
  facet normal 0 0 -1
    outer loop
      vertex -42.8537 241.949 0
      vertex -137.146 241.949 0
      vertex -42.4568 242.297 0
    endloop
  endfacet
  facet normal 0 0 -1
    outer loop
      vertex -137.21 242.004 0
      vertex -42.4568 242.297 0
      vertex -137.146 241.949 0
    endloop
  endfacet
  facet normal 0 0 -1
    outer loop
      vertex -137.543 242.297 0
      vertex -42.4568 242.297 0
      vertex -137.21 242.004 0
    endloop
  endfacet
  facet normal 0 0 -1
    outer loop
      vertex -42.4568 242.297 0
      vertex -137.543 242.297 0
      vertex -42.0179 242.59 0
    endloop
  endfacet
  facet normal 0 0 -1
    outer loop
      vertex -137.613 242.343 0
      vertex -42.0179 242.59 0
      vertex -137.543 242.297 0
    endloop
  endfacet
  facet normal 0 0 -1
    outer loop
      vertex -137.982 242.59 0
      vertex -42.0179 242.59 0
      vertex -137.613 242.343 0
    endloop
  endfacet
  facet normal 0 0 -1
    outer loop
      vertex -42.0179 242.59 0
      vertex -137.982 242.59 0
      vertex -41.5444 242.824 0
    endloop
  endfacet
  facet normal 0 0 -1
    outer loop
      vertex -138.38 242.786 0
      vertex -41.5444 242.824 0
      vertex -137.982 242.59 0
    endloop
  endfacet
  facet normal 0 0 -1
    outer loop
      vertex -138.456 242.824 0
      vertex -41.5444 242.824 0
      vertex -138.38 242.786 0
    endloop
  endfacet
  facet normal 0 0 -1
    outer loop
      vertex -41.5444 242.824 0
      vertex -138.456 242.824 0
      vertex -41.1241 242.966 0
    endloop
  endfacet
  facet normal -0 0 -1
    outer loop
      vertex -41.1241 242.966 0
      vertex -138.456 242.824 0
      vertex -41.0445 242.993 0
    endloop
  endfacet
  facet normal 0 0 -1
    outer loop
      vertex -138.876 242.966 0
      vertex -41.0445 242.993 0
      vertex -138.456 242.824 0
    endloop
  endfacet
  facet normal 0 0 -1
    outer loop
      vertex -138.955 242.993 0
      vertex -41.0445 242.993 0
      vertex -138.876 242.966 0
    endloop
  endfacet
  facet normal 0 0 -1
    outer loop
      vertex -160 248.5 0
      vertex -41.0445 242.993 0
      vertex -138.955 242.993 0
    endloop
  endfacet
  facet normal 0 0 -1
    outer loop
      vertex -41.0445 242.993 0
      vertex -160 248.5 0
      vertex -40.6092 243.08 0
    endloop
  endfacet
  facet normal 0 0 -1
    outer loop
      vertex -40.6092 243.08 0
      vertex -160 248.5 0
      vertex -40.5268 243.096 0
    endloop
  endfacet
  facet normal 0 0 -1
    outer loop
      vertex -160 248.5 0
      vertex -138.955 242.993 0
      vertex -139.391 243.08 0
    endloop
  endfacet
  facet normal 0 0 -1
    outer loop
      vertex -160 248.5 0
      vertex -139.391 243.08 0
      vertex -139.473 243.096 0
    endloop
  endfacet
  facet normal 0 0 -1
    outer loop
      vertex -160 248.5 0
      vertex -139.473 243.096 0
      vertex -139.557 243.102 0
    endloop
  endfacet
  facet normal 0 0 -1
    outer loop
      vertex -160 248.5 0
      vertex -139.557 243.102 0
      vertex -140 243.131 0
    endloop
  endfacet
  facet normal 0 0 1
    outer loop
      vertex -140.527 243.096 0
      vertex -140 243.131 0
      vertex -140.443 243.102 0
    endloop
  endfacet
  facet normal 0 0 -1
    outer loop
      vertex -160 248.5 0
      vertex -141.62 242.786 0
      vertex -142.018 242.59 0
    endloop
  endfacet
  facet normal 0 0 -1
    outer loop
      vertex -160 248.5 0
      vertex -142.387 242.343 0
      vertex -142.457 242.297 0
    endloop
  endfacet
  facet normal 0 0 -1
    outer loop
      vertex -160 248.5 0
      vertex -142.79 242.004 0
      vertex -142.854 241.949 0
    endloop
  endfacet
  facet normal 0 0 -1
    outer loop
      vertex -160 248.5 0
      vertex -142.909 241.885 0
      vertex -143.202 241.552 0
    endloop
  endfacet
  facet normal 0 0 -1
    outer loop
      vertex -160 248.5 0
      vertex -143.248 241.482 0
      vertex -143.495 241.113 0
    endloop
  endfacet
  facet normal 0 0 -1
    outer loop
      vertex -160 248.5 0
      vertex -143.691 240.715 0
      vertex -143.729 240.639 0
    endloop
  endfacet
  facet normal 0 0 -1
    outer loop
      vertex -160 248.5 0
      vertex -144.007 239.538 0
      vertex -144.036 239.095 0
    endloop
  endfacet
  facet normal 0 0 -1
    outer loop
      vertex -40.5268 243.096 0
      vertex -160 248.5 0
      vertex -1.5 248.5 0
    endloop
  endfacet
  facet normal 0 0 -1
    outer loop
      vertex -140.527 243.096 0
      vertex -160 248.5 0
      vertex -140 243.131 0
    endloop
  endfacet
  facet normal 0 0 -1
    outer loop
      vertex -140.609 243.08 0
      vertex -160 248.5 0
      vertex -140.527 243.096 0
    endloop
  endfacet
  facet normal 0 0 -1
    outer loop
      vertex -141.045 242.993 0
      vertex -160 248.5 0
      vertex -140.609 243.08 0
    endloop
  endfacet
  facet normal 0 0 -1
    outer loop
      vertex -141.124 242.966 0
      vertex -160 248.5 0
      vertex -141.045 242.993 0
    endloop
  endfacet
  facet normal 0 0 -1
    outer loop
      vertex -141.544 242.824 0
      vertex -160 248.5 0
      vertex -141.124 242.966 0
    endloop
  endfacet
  facet normal 0 0 -1
    outer loop
      vertex -141.62 242.786 0
      vertex -160 248.5 0
      vertex -141.544 242.824 0
    endloop
  endfacet
  facet normal 0 0 -1
    outer loop
      vertex -142.387 242.343 0
      vertex -160 248.5 0
      vertex -142.018 242.59 0
    endloop
  endfacet
  facet normal 0 0 -1
    outer loop
      vertex -142.79 242.004 0
      vertex -160 248.5 0
      vertex -142.457 242.297 0
    endloop
  endfacet
  facet normal 0 0 -1
    outer loop
      vertex -142.909 241.885 0
      vertex -160 248.5 0
      vertex -142.854 241.949 0
    endloop
  endfacet
  facet normal 0 0 -1
    outer loop
      vertex -143.248 241.482 0
      vertex -160 248.5 0
      vertex -143.202 241.552 0
    endloop
  endfacet
  facet normal 0 0 -1
    outer loop
      vertex -143.691 240.715 0
      vertex -160 248.5 0
      vertex -143.495 241.113 0
    endloop
  endfacet
  facet normal 0 0 -1
    outer loop
      vertex -143.871 240.219 0
      vertex -160 248.5 0
      vertex -143.729 240.639 0
    endloop
  endfacet
  facet normal 0 0 -1
    outer loop
      vertex -143.898 240.14 0
      vertex -160 248.5 0
      vertex -143.871 240.219 0
    endloop
  endfacet
  facet normal 0 0 -1
    outer loop
      vertex -143.985 239.704 0
      vertex -160 248.5 0
      vertex -143.898 240.14 0
    endloop
  endfacet
  facet normal 0 0 -1
    outer loop
      vertex -144.001 239.622 0
      vertex -160 248.5 0
      vertex -143.985 239.704 0
    endloop
  endfacet
  facet normal 0 0 -1
    outer loop
      vertex -144.007 239.538 0
      vertex -160 248.5 0
      vertex -144.001 239.622 0
    endloop
  endfacet
  facet normal 0 0 -1
    outer loop
      vertex -35.9933 11.3478 0
      vertex -19 20.81 0
      vertex -35.9643 10.905 0
    endloop
  endfacet
  facet normal 0 0 -1
    outer loop
      vertex -35.9988 11.4318 0
      vertex -19 20.81 0
      vertex -35.9933 11.3478 0
    endloop
  endfacet
  facet normal 0 0 -1
    outer loop
      vertex -36.0152 11.5142 0
      vertex -19 20.81 0
      vertex -35.9988 11.4318 0
    endloop
  endfacet
  facet normal 0 0 -1
    outer loop
      vertex -36.1018 11.9495 0
      vertex -19 20.81 0
      vertex -36.0152 11.5142 0
    endloop
  endfacet
  facet normal 0 0 -1
    outer loop
      vertex -36.1288 12.0291 0
      vertex -19 20.81 0
      vertex -36.1018 11.9495 0
    endloop
  endfacet
  facet normal 0 0 -1
    outer loop
      vertex -36.2715 12.4494 0
      vertex -19 20.81 0
      vertex -36.1288 12.0291 0
    endloop
  endfacet
  facet normal 0 0 -1
    outer loop
      vertex -36.3087 12.5248 0
      vertex -19 20.81 0
      vertex -36.2715 12.4494 0
    endloop
  endfacet
  facet normal 0 0 -1
    outer loop
      vertex -36.505 12.9228 0
      vertex -19 20.81 0
      vertex -36.3087 12.5248 0
    endloop
  endfacet
  facet normal 0 0 -1
    outer loop
      vertex -36.7515 13.2919 0
      vertex -19 20.81 0
      vertex -36.505 12.9228 0
    endloop
  endfacet
  facet normal 0 0 -1
    outer loop
      vertex -36.7983 13.3618 0
      vertex -19 20.81 0
      vertex -36.7515 13.2919 0
    endloop
  endfacet
  facet normal 0 0 -1
    outer loop
      vertex -37.0909 13.6954 0
      vertex -19 20.81 0
      vertex -36.7983 13.3618 0
    endloop
  endfacet
  facet normal 0 0 -1
    outer loop
      vertex -37.1463 13.7587 0
      vertex -19 20.81 0
      vertex -37.0909 13.6954 0
    endloop
  endfacet
  facet normal 0 0 -1
    outer loop
      vertex -37.2095 13.8141 0
      vertex -19 20.81 0
      vertex -37.1463 13.7587 0
    endloop
  endfacet
  facet normal 0 0 -1
    outer loop
      vertex -37.5432 14.1067 0
      vertex -19 20.81 0
      vertex -37.2095 13.8141 0
    endloop
  endfacet
  facet normal 0 0 -1
    outer loop
      vertex -37.6131 14.1535 0
      vertex -19 20.81 0
      vertex -37.5432 14.1067 0
    endloop
  endfacet
  facet normal 0 0 -1
    outer loop
      vertex -37.9821 14.4 0
      vertex -19 20.81 0
      vertex -37.6131 14.1535 0
    endloop
  endfacet
  facet normal 0 0 -1
    outer loop
      vertex -38.3802 14.5963 0
      vertex -19 20.81 0
      vertex -37.9821 14.4 0
    endloop
  endfacet
  facet normal 0 0 -1
    outer loop
      vertex -38.4556 14.6335 0
      vertex -19 20.81 0
      vertex -38.3802 14.5963 0
    endloop
  endfacet
  facet normal 0 0 -1
    outer loop
      vertex -38.8759 14.7762 0
      vertex -19 20.81 0
      vertex -38.4556 14.6335 0
    endloop
  endfacet
  facet normal 0 0 -1
    outer loop
      vertex -38.9555 14.8032 0
      vertex -19 20.81 0
      vertex -38.8759 14.7762 0
    endloop
  endfacet
  facet normal 0 0 -1
    outer loop
      vertex -39.3908 14.8898 0
      vertex -19 20.81 0
      vertex -38.9555 14.8032 0
    endloop
  endfacet
  facet normal 0 0 -1
    outer loop
      vertex -39.4732 14.9062 0
      vertex -19 20.81 0
      vertex -39.3908 14.8898 0
    endloop
  endfacet
  facet normal 0 0 -1
    outer loop
      vertex -39.5571 14.9117 0
      vertex -19 20.81 0
      vertex -39.4732 14.9062 0
    endloop
  endfacet
  facet normal 0 0 -1
    outer loop
      vertex -40 14.9407 0
      vertex -19 20.81 0
      vertex -39.5571 14.9117 0
    endloop
  endfacet
  facet normal 0 0 -1
    outer loop
      vertex -40.4429 14.9117 0
      vertex -19 20.81 0
      vertex -40 14.9407 0
    endloop
  endfacet
  facet normal 0 0 -1
    outer loop
      vertex -40.5268 14.9062 0
      vertex -19 20.81 0
      vertex -40.4429 14.9117 0
    endloop
  endfacet
  facet normal 0 0 -1
    outer loop
      vertex -40.6092 14.8898 0
      vertex -19 20.81 0
      vertex -40.5268 14.9062 0
    endloop
  endfacet
  facet normal 0 0 -1
    outer loop
      vertex -41.0445 14.8032 0
      vertex -19 20.81 0
      vertex -40.6092 14.8898 0
    endloop
  endfacet
  facet normal 0 0 1
    outer loop
      vertex -41.5444 14.6335 0
      vertex -41.0445 14.8032 0
      vertex -41.1241 14.7762 0
    endloop
  endfacet
  facet normal 0 0 1
    outer loop
      vertex -42.4568 14.1067 0
      vertex -42.0179 14.4 0
      vertex -42.3869 14.1535 0
    endloop
  endfacet
  facet normal 0 0 -1
    outer loop
      vertex -43.7285 12.4494 0
      vertex -43.495 12.9228 0
      vertex -43.6913 12.5248 0
    endloop
  endfacet
  facet normal 0 0 1
    outer loop
      vertex -43.8982 11.9495 0
      vertex -43.7285 12.4494 0
      vertex -43.8712 12.0291 0
    endloop
  endfacet
  facet normal 0 0 -1
    outer loop
      vertex -135.964 10.905 0
      vertex -44.0067 11.3478 0
      vertex -44.0357 10.905 0
    endloop
  endfacet
  facet normal 0 0 -1
    outer loop
      vertex -135.964 10.905 0
      vertex -44.0012 11.4318 0
      vertex -44.0067 11.3478 0
    endloop
  endfacet
  facet normal 0 0 -1
    outer loop
      vertex -135.993 11.3478 0
      vertex -44.0012 11.4318 0
      vertex -135.964 10.905 0
    endloop
  endfacet
  facet normal 0 0 -1
    outer loop
      vertex -135.999 11.4318 0
      vertex -44.0012 11.4318 0
      vertex -135.993 11.3478 0
    endloop
  endfacet
  facet normal 0 0 -1
    outer loop
      vertex -44.0012 11.4318 0
      vertex -135.999 11.4318 0
      vertex -43.9848 11.5142 0
    endloop
  endfacet
  facet normal -0 0 -1
    outer loop
      vertex -43.9848 11.5142 0
      vertex -135.999 11.4318 0
      vertex -43.8982 11.9495 0
    endloop
  endfacet
  facet normal 0 0 -1
    outer loop
      vertex -136.015 11.5142 0
      vertex -43.8982 11.9495 0
      vertex -135.999 11.4318 0
    endloop
  endfacet
  facet normal 0 0 -1
    outer loop
      vertex -136.102 11.9495 0
      vertex -43.8982 11.9495 0
      vertex -136.015 11.5142 0
    endloop
  endfacet
  facet normal 0 0 -1
    outer loop
      vertex -43.8982 11.9495 0
      vertex -136.102 11.9495 0
      vertex -43.7285 12.4494 0
    endloop
  endfacet
  facet normal 0 0 -1
    outer loop
      vertex -136.129 12.0291 0
      vertex -43.7285 12.4494 0
      vertex -136.102 11.9495 0
    endloop
  endfacet
  facet normal 0 0 -1
    outer loop
      vertex -136.271 12.4494 0
      vertex -43.7285 12.4494 0
      vertex -136.129 12.0291 0
    endloop
  endfacet
  facet normal 0 0 -1
    outer loop
      vertex -43.7285 12.4494 0
      vertex -136.271 12.4494 0
      vertex -43.495 12.9228 0
    endloop
  endfacet
  facet normal 0 0 -1
    outer loop
      vertex -136.309 12.5248 0
      vertex -43.495 12.9228 0
      vertex -136.271 12.4494 0
    endloop
  endfacet
  facet normal 0 0 -1
    outer loop
      vertex -136.505 12.9228 0
      vertex -43.495 12.9228 0
      vertex -136.309 12.5248 0
    endloop
  endfacet
  facet normal 0 0 -1
    outer loop
      vertex -43.495 12.9228 0
      vertex -136.505 12.9228 0
      vertex -43.2485 13.2919 0
    endloop
  endfacet
  facet normal -0 0 -1
    outer loop
      vertex -43.2485 13.2919 0
      vertex -136.505 12.9228 0
      vertex -43.2017 13.3618 0
    endloop
  endfacet
  facet normal 0 0 -1
    outer loop
      vertex -136.752 13.2919 0
      vertex -43.2017 13.3618 0
      vertex -136.505 12.9228 0
    endloop
  endfacet
  facet normal 0 0 -1
    outer loop
      vertex -136.798 13.3618 0
      vertex -43.2017 13.3618 0
      vertex -136.752 13.2919 0
    endloop
  endfacet
  facet normal 0 0 -1
    outer loop
      vertex -43.2017 13.3618 0
      vertex -136.798 13.3618 0
      vertex -42.9091 13.6954 0
    endloop
  endfacet
  facet normal -0 0 -1
    outer loop
      vertex -42.9091 13.6954 0
      vertex -136.798 13.3618 0
      vertex -42.8537 13.7587 0
    endloop
  endfacet
  facet normal 0 0 -1
    outer loop
      vertex -137.091 13.6954 0
      vertex -42.8537 13.7587 0
      vertex -136.798 13.3618 0
    endloop
  endfacet
  facet normal 0 0 -1
    outer loop
      vertex -137.146 13.7587 0
      vertex -42.8537 13.7587 0
      vertex -137.091 13.6954 0
    endloop
  endfacet
  facet normal 0 0 -1
    outer loop
      vertex -42.8537 13.7587 0
      vertex -137.146 13.7587 0
      vertex -42.7905 13.8141 0
    endloop
  endfacet
  facet normal -0 0 -1
    outer loop
      vertex -42.7905 13.8141 0
      vertex -137.146 13.7587 0
      vertex -42.4568 14.1067 0
    endloop
  endfacet
  facet normal 0 0 -1
    outer loop
      vertex -137.21 13.8141 0
      vertex -42.4568 14.1067 0
      vertex -137.146 13.7587 0
    endloop
  endfacet
  facet normal 0 0 -1
    outer loop
      vertex -137.543 14.1067 0
      vertex -42.4568 14.1067 0
      vertex -137.21 13.8141 0
    endloop
  endfacet
  facet normal 0 0 -1
    outer loop
      vertex -42.4568 14.1067 0
      vertex -137.543 14.1067 0
      vertex -42.0179 14.4 0
    endloop
  endfacet
  facet normal 0 0 -1
    outer loop
      vertex -137.613 14.1535 0
      vertex -42.0179 14.4 0
      vertex -137.543 14.1067 0
    endloop
  endfacet
  facet normal 0 0 -1
    outer loop
      vertex -137.982 14.4 0
      vertex -42.0179 14.4 0
      vertex -137.613 14.1535 0
    endloop
  endfacet
  facet normal 0 0 -1
    outer loop
      vertex -42.0179 14.4 0
      vertex -137.982 14.4 0
      vertex -41.6198 14.5963 0
    endloop
  endfacet
  facet normal -0 0 -1
    outer loop
      vertex -41.6198 14.5963 0
      vertex -137.982 14.4 0
      vertex -41.5444 14.6335 0
    endloop
  endfacet
  facet normal 0 0 -1
    outer loop
      vertex -138.38 14.5963 0
      vertex -41.5444 14.6335 0
      vertex -137.982 14.4 0
    endloop
  endfacet
  facet normal 0 0 -1
    outer loop
      vertex -138.456 14.6335 0
      vertex -41.5444 14.6335 0
      vertex -138.38 14.5963 0
    endloop
  endfacet
  facet normal 0 0 -1
    outer loop
      vertex -41.5444 14.6335 0
      vertex -138.456 14.6335 0
      vertex -41.0445 14.8032 0
    endloop
  endfacet
  facet normal 0 0 -1
    outer loop
      vertex -138.876 14.7762 0
      vertex -41.0445 14.8032 0
      vertex -138.456 14.6335 0
    endloop
  endfacet
  facet normal 0 0 -1
    outer loop
      vertex -138.955 14.8032 0
      vertex -41.0445 14.8032 0
      vertex -138.876 14.7762 0
    endloop
  endfacet
  facet normal 0 0 -1
    outer loop
      vertex -41.0445 14.8032 0
      vertex -138.955 14.8032 0
      vertex -19 20.81 0
    endloop
  endfacet
  facet normal 0 0 -1
    outer loop
      vertex -161 20.81 0
      vertex -138.955 14.8032 0
      vertex -139.391 14.8898 0
    endloop
  endfacet
  facet normal 0 0 -1
    outer loop
      vertex -161 20.81 0
      vertex -139.391 14.8898 0
      vertex -139.473 14.9062 0
    endloop
  endfacet
  facet normal 0 0 -1
    outer loop
      vertex -161 20.81 0
      vertex -139.473 14.9062 0
      vertex -139.557 14.9117 0
    endloop
  endfacet
  facet normal 0 0 -1
    outer loop
      vertex -161 20.81 0
      vertex -139.557 14.9117 0
      vertex -140 14.9407 0
    endloop
  endfacet
  facet normal 0 0 -1
    outer loop
      vertex -161 20.81 0
      vertex -140.609 14.8898 0
      vertex -141.045 14.8032 0
    endloop
  endfacet
  facet normal 0 0 -1
    outer loop
      vertex -161 20.81 0
      vertex -141.124 14.7762 0
      vertex -141.544 14.6335 0
    endloop
  endfacet
  facet normal 0 0 -1
    outer loop
      vertex -161 20.81 0
      vertex -141.62 14.5963 0
      vertex -142.018 14.4 0
    endloop
  endfacet
  facet normal 0 0 -1
    outer loop
      vertex -161 20.81 0
      vertex -142.909 13.6954 0
      vertex -143.202 13.3618 0
    endloop
  endfacet
  facet normal 0 0 -1
    outer loop
      vertex -161 20.81 0
      vertex -143.248 13.2919 0
      vertex -143.495 12.9228 0
    endloop
  endfacet
  facet normal 0 0 -1
    outer loop
      vertex -161 20.81 0
      vertex -143.691 12.5248 0
      vertex -143.729 12.4494 0
    endloop
  endfacet
  facet normal 0 0 -1
    outer loop
      vertex -161 20.81 0
      vertex -144.007 11.3478 0
      vertex -144.036 10.905 0
    endloop
  endfacet
  facet normal 0 0 -1
    outer loop
      vertex -161 20.81 0
      vertex -144.036 10.905 0
      vertex -160 1.5 0
    endloop
  endfacet
  facet normal 0 0 -1
    outer loop
      vertex -144.007 11.3478 0
      vertex -161 20.81 0
      vertex -144.001 11.4318 0
    endloop
  endfacet
  facet normal 0 0 -1
    outer loop
      vertex -144.001 11.4318 0
      vertex -161 20.81 0
      vertex -143.985 11.5142 0
    endloop
  endfacet
  facet normal 0 0 -1
    outer loop
      vertex -143.985 11.5142 0
      vertex -161 20.81 0
      vertex -143.898 11.9495 0
    endloop
  endfacet
  facet normal 0 0 -1
    outer loop
      vertex -143.898 11.9495 0
      vertex -161 20.81 0
      vertex -143.871 12.0291 0
    endloop
  endfacet
  facet normal 0 0 -1
    outer loop
      vertex -143.871 12.0291 0
      vertex -161 20.81 0
      vertex -143.729 12.4494 0
    endloop
  endfacet
  facet normal 0 0 -1
    outer loop
      vertex -143.691 12.5248 0
      vertex -161 20.81 0
      vertex -143.495 12.9228 0
    endloop
  endfacet
  facet normal 0 0 -1
    outer loop
      vertex -143.248 13.2919 0
      vertex -161 20.81 0
      vertex -143.202 13.3618 0
    endloop
  endfacet
  facet normal 0 0 -1
    outer loop
      vertex -142.909 13.6954 0
      vertex -161 20.81 0
      vertex -142.854 13.7587 0
    endloop
  endfacet
  facet normal 0 0 -1
    outer loop
      vertex -142.854 13.7587 0
      vertex -161 20.81 0
      vertex -142.79 13.8141 0
    endloop
  endfacet
  facet normal 0 0 -1
    outer loop
      vertex -138.955 14.8032 0
      vertex -161 20.81 0
      vertex -19 20.81 0
    endloop
  endfacet
  facet normal 0 0 -1
    outer loop
      vertex -140.443 14.9117 0
      vertex -161 20.81 0
      vertex -140 14.9407 0
    endloop
  endfacet
  facet normal 0 0 -1
    outer loop
      vertex -140.527 14.9062 0
      vertex -161 20.81 0
      vertex -140.443 14.9117 0
    endloop
  endfacet
  facet normal 0 0 -1
    outer loop
      vertex -140.609 14.8898 0
      vertex -161 20.81 0
      vertex -140.527 14.9062 0
    endloop
  endfacet
  facet normal 0 0 -1
    outer loop
      vertex -141.124 14.7762 0
      vertex -161 20.81 0
      vertex -141.045 14.8032 0
    endloop
  endfacet
  facet normal 0 0 -1
    outer loop
      vertex -141.62 14.5963 0
      vertex -161 20.81 0
      vertex -141.544 14.6335 0
    endloop
  endfacet
  facet normal 0 0 -1
    outer loop
      vertex -142.387 14.1535 0
      vertex -161 20.81 0
      vertex -142.018 14.4 0
    endloop
  endfacet
  facet normal 0 0 -1
    outer loop
      vertex -142.457 14.1067 0
      vertex -161 20.81 0
      vertex -142.387 14.1535 0
    endloop
  endfacet
  facet normal 0 0 -1
    outer loop
      vertex -142.79 13.8141 0
      vertex -161 20.81 0
      vertex -142.457 14.1067 0
    endloop
  endfacet
  facet normal 0 -0 -1
    outer loop
      vertex -170.234 239.125 0
      vertex -161 229.19 0
      vertex -170.362 238.935 0
    endloop
  endfacet
  facet normal -0 0 -1
    outer loop
      vertex -160 248.5 0
      vertex -170 240 0
      vertex -163 248.5 0
    endloop
  endfacet
  facet normal 0 -0 -1
    outer loop
      vertex -170 240 0
      vertex -160 248.5 0
      vertex -170.015 239.772 0
    endloop
  endfacet
  facet normal 0 -0 -1
    outer loop
      vertex -170.015 239.772 0
      vertex -161 229.19 0
      vertex -170.06 239.547 0
    endloop
  endfacet
  facet normal 0 -0 -1
    outer loop
      vertex -170.06 239.547 0
      vertex -161 229.19 0
      vertex -170.133 239.33 0
    endloop
  endfacet
  facet normal 0 -0 -1
    outer loop
      vertex -170.133 239.33 0
      vertex -161 229.19 0
      vertex -170.234 239.125 0
    endloop
  endfacet
  facet normal 0 0 -1
    outer loop
      vertex -161 229.19 0
      vertex -170.513 238.763 0
      vertex -170.362 238.935 0
    endloop
  endfacet
  facet normal 0 0 -1
    outer loop
      vertex -161 229.19 0
      vertex -170.685 238.612 0
      vertex -170.513 238.763 0
    endloop
  endfacet
  facet normal 0 0 -1
    outer loop
      vertex -161 229.19 0
      vertex -170.875 238.484 0
      vertex -170.685 238.612 0
    endloop
  endfacet
  facet normal 0 0 -1
    outer loop
      vertex -161 229.19 0
      vertex -171.08 238.383 0
      vertex -170.875 238.484 0
    endloop
  endfacet
  facet normal 0 0 -1
    outer loop
      vertex -161 229.19 0
      vertex -171.297 238.31 0
      vertex -171.08 238.383 0
    endloop
  endfacet
  facet normal 0 0 -1
    outer loop
      vertex -161 229.19 0
      vertex -171.522 238.265 0
      vertex -171.297 238.31 0
    endloop
  endfacet
  facet normal 0 0 -1
    outer loop
      vertex -161 229.19 0
      vertex -171.75 238.25 0
      vertex -171.522 238.265 0
    endloop
  endfacet
  facet normal 0 0 -1
    outer loop
      vertex -161 20.81 0
      vertex -172.815 238.612 0
      vertex -161 229.19 0
    endloop
  endfacet
  facet normal 0 0 -1
    outer loop
      vertex -161 229.19 0
      vertex -171.978 238.265 0
      vertex -171.75 238.25 0
    endloop
  endfacet
  facet normal 0 0 -1
    outer loop
      vertex -161 229.19 0
      vertex -172.203 238.31 0
      vertex -171.978 238.265 0
    endloop
  endfacet
  facet normal 0 0 -1
    outer loop
      vertex -161 229.19 0
      vertex -172.42 238.383 0
      vertex -172.203 238.31 0
    endloop
  endfacet
  facet normal 0 0 -1
    outer loop
      vertex -161 229.19 0
      vertex -172.625 238.484 0
      vertex -172.42 238.383 0
    endloop
  endfacet
  facet normal 0 0 -1
    outer loop
      vertex -161 229.19 0
      vertex -172.815 238.612 0
      vertex -172.625 238.484 0
    endloop
  endfacet
  facet normal 0 0 -1
    outer loop
      vertex -161 20.81 0
      vertex -172.987 238.763 0
      vertex -172.815 238.612 0
    endloop
  endfacet
  facet normal -0 0 -1
    outer loop
      vertex -172.987 238.763 0
      vertex -178.5 1.5 0
      vertex -173.138 238.935 0
    endloop
  endfacet
  facet normal -0 0 -1
    outer loop
      vertex -173.138 238.935 0
      vertex -178.5 1.5 0
      vertex -173.266 239.125 0
    endloop
  endfacet
  facet normal 0 0 -1
    outer loop
      vertex -178.5 248.5 0
      vertex -173.266 239.125 0
      vertex -178.5 1.5 0
    endloop
  endfacet
  facet normal 0 0 -1
    outer loop
      vertex -173.266 239.125 0
      vertex -178.5 248.5 0
      vertex -173.367 239.33 0
    endloop
  endfacet
  facet normal 0 0 -1
    outer loop
      vertex -173.367 239.33 0
      vertex -178.5 248.5 0
      vertex -173.44 239.547 0
    endloop
  endfacet
  facet normal 0 0 -1
    outer loop
      vertex -173.44 239.547 0
      vertex -178.5 248.5 0
      vertex -173.485 239.772 0
    endloop
  endfacet
  facet normal 0 0 -1
    outer loop
      vertex -170.015 240.228 0
      vertex -163 248.5 0
      vertex -170 240 0
    endloop
  endfacet
  facet normal 0 0 -1
    outer loop
      vertex -170.06 240.453 0
      vertex -163 248.5 0
      vertex -170.015 240.228 0
    endloop
  endfacet
  facet normal 0 0 -1
    outer loop
      vertex -170.133 240.67 0
      vertex -163 248.5 0
      vertex -170.06 240.453 0
    endloop
  endfacet
  facet normal 0 0 -1
    outer loop
      vertex -170.234 240.875 0
      vertex -163 248.5 0
      vertex -170.133 240.67 0
    endloop
  endfacet
  facet normal 0 0 -1
    outer loop
      vertex -170.362 241.065 0
      vertex -163 248.5 0
      vertex -170.234 240.875 0
    endloop
  endfacet
  facet normal 0 0 -1
    outer loop
      vertex -170.513 241.237 0
      vertex -163 248.5 0
      vertex -170.362 241.065 0
    endloop
  endfacet
  facet normal 0 0 -1
    outer loop
      vertex -170.685 241.388 0
      vertex -163 248.5 0
      vertex -170.513 241.237 0
    endloop
  endfacet
  facet normal 0 0 -1
    outer loop
      vertex -170.875 241.516 0
      vertex -163 248.5 0
      vertex -170.685 241.388 0
    endloop
  endfacet
  facet normal 0 0 -1
    outer loop
      vertex -171.08 241.617 0
      vertex -163 248.5 0
      vertex -170.875 241.516 0
    endloop
  endfacet
  facet normal 0 0 -1
    outer loop
      vertex -171.297 241.69 0
      vertex -163 248.5 0
      vertex -171.08 241.617 0
    endloop
  endfacet
  facet normal 0 0 -1
    outer loop
      vertex -171.522 241.735 0
      vertex -163 248.5 0
      vertex -171.297 241.69 0
    endloop
  endfacet
  facet normal 0 0 -1
    outer loop
      vertex -178.5 248.5 0
      vertex -171.522 241.735 0
      vertex -171.75 241.75 0
    endloop
  endfacet
  facet normal 0 0 -1
    outer loop
      vertex -178.5 248.5 0
      vertex -171.75 241.75 0
      vertex -171.978 241.735 0
    endloop
  endfacet
  facet normal 0 0 -1
    outer loop
      vertex -178.5 248.5 0
      vertex -171.978 241.735 0
      vertex -172.203 241.69 0
    endloop
  endfacet
  facet normal 0 0 -1
    outer loop
      vertex -178.5 248.5 0
      vertex -172.203 241.69 0
      vertex -172.42 241.617 0
    endloop
  endfacet
  facet normal 0 0 -1
    outer loop
      vertex -178.5 248.5 0
      vertex -172.42 241.617 0
      vertex -172.625 241.516 0
    endloop
  endfacet
  facet normal 0 0 -1
    outer loop
      vertex -178.5 248.5 0
      vertex -172.625 241.516 0
      vertex -172.815 241.388 0
    endloop
  endfacet
  facet normal 0 0 -1
    outer loop
      vertex -171.522 241.735 0
      vertex -178.5 248.5 0
      vertex -163 248.5 0
    endloop
  endfacet
  facet normal 0 0 -1
    outer loop
      vertex -172.987 241.237 0
      vertex -178.5 248.5 0
      vertex -172.815 241.388 0
    endloop
  endfacet
  facet normal 0 0 -1
    outer loop
      vertex -173.138 241.065 0
      vertex -178.5 248.5 0
      vertex -172.987 241.237 0
    endloop
  endfacet
  facet normal 0 0 -1
    outer loop
      vertex -173.266 240.875 0
      vertex -178.5 248.5 0
      vertex -173.138 241.065 0
    endloop
  endfacet
  facet normal 0 0 -1
    outer loop
      vertex -173.367 240.67 0
      vertex -178.5 248.5 0
      vertex -173.266 240.875 0
    endloop
  endfacet
  facet normal 0 0 -1
    outer loop
      vertex -173.44 240.453 0
      vertex -178.5 248.5 0
      vertex -173.367 240.67 0
    endloop
  endfacet
  facet normal 0 0 -1
    outer loop
      vertex -173.485 240.228 0
      vertex -178.5 248.5 0
      vertex -173.44 240.453 0
    endloop
  endfacet
  facet normal 0 0 -1
    outer loop
      vertex -173.5 240 0
      vertex -178.5 248.5 0
      vertex -173.485 240.228 0
    endloop
  endfacet
  facet normal 0 0 -1
    outer loop
      vertex -173.485 239.772 0
      vertex -178.5 248.5 0
      vertex -173.5 240 0
    endloop
  endfacet
  facet normal 0.707107 0 -0.707107
    outer loop
      vertex 0 250 1.5
      vertex -1.5 1.5 0
      vertex -1.5 248.5 0
    endloop
  endfacet
  facet normal 0.707107 0 -0.707107
    outer loop
      vertex -1.5 1.5 0
      vertex 0 250 1.5
      vertex 0 0 1.5
    endloop
  endfacet
  facet normal -0.707107 0 -0.707107
    outer loop
      vertex -178.5 1.5 0
      vertex -180 250 1.5
      vertex -178.5 248.5 0
    endloop
  endfacet
  facet normal -0.707107 -0 -0.707107
    outer loop
      vertex -180 250 1.5
      vertex -178.5 1.5 0
      vertex -180 0 1.5
    endloop
  endfacet
  facet normal 0 -0.707107 -0.707107
    outer loop
      vertex -178.5 1.5 0
      vertex -163 0 1.5
      vertex -180 0 1.5
    endloop
  endfacet
  facet normal 0 -0.707107 -0.707107
    outer loop
      vertex -163 0 1.5
      vertex -178.5 1.5 0
      vertex -163 1.5 0
    endloop
  endfacet
  facet normal -0 -0.707107 -0.707107
    outer loop
      vertex -1.5 1.5 0
      vertex -160 0 1.5
      vertex -160 1.5 0
    endloop
  endfacet
  facet normal 0 -0.707107 -0.707107
    outer loop
      vertex -160 0 1.5
      vertex -1.5 1.5 0
      vertex 0 0 1.5
    endloop
  endfacet
  facet normal 0 0.707107 -0.707107
    outer loop
      vertex -178.5 248.5 0
      vertex -163 250 1.5
      vertex -163 248.5 0
    endloop
  endfacet
  facet normal 0 0.707107 -0.707107
    outer loop
      vertex -163 250 1.5
      vertex -178.5 248.5 0
      vertex -180 250 1.5
    endloop
  endfacet
  facet normal 0 0.707107 -0.707107
    outer loop
      vertex -1.5 248.5 0
      vertex -160 250 1.5
      vertex 0 250 1.5
    endloop
  endfacet
  facet normal 0 0.707107 -0.707107
    outer loop
      vertex -160 250 1.5
      vertex -1.5 248.5 0
      vertex -160 248.5 0
    endloop
  endfacet
  facet normal 1 0 0
    outer loop
      vertex -177 247 32
      vertex -177 151.328 3
      vertex -177 247 3
    endloop
  endfacet
  facet normal 1 0 0
    outer loop
      vertex -177 151.328 3
      vertex -177 151.143 2.83063
      vertex -177 151.301 2.96863
    endloop
  endfacet
  facet normal 1 0 0
    outer loop
      vertex -177 151.328 3
      vertex -177 150.969 2.71436
      vertex -177 151.143 2.83063
    endloop
  endfacet
  facet normal 1 0 0
    outer loop
      vertex -177 151.328 3
      vertex -177 150.782 2.62179
      vertex -177 150.969 2.71436
    endloop
  endfacet
  facet normal 1 0 0
    outer loop
      vertex -177 151.328 3
      vertex -177 150.583 2.55452
      vertex -177 150.782 2.62179
    endloop
  endfacet
  facet normal 1 0 0
    outer loop
      vertex -177 151.328 3
      vertex -177 150.378 2.51369
      vertex -177 150.583 2.55452
    endloop
  endfacet
  facet normal 1 0 0
    outer loop
      vertex -177 151.328 3
      vertex -177 150.169 2.5
      vertex -177 150.378 2.51369
    endloop
  endfacet
  facet normal 1 0 0
    outer loop
      vertex -177 151.328 3
      vertex -177 149.961 2.51369
      vertex -177 150.169 2.5
    endloop
  endfacet
  facet normal 1 0 0
    outer loop
      vertex -177 151.328 3
      vertex -177 149.755 2.55452
      vertex -177 149.961 2.51369
    endloop
  endfacet
  facet normal 1 0 0
    outer loop
      vertex -177 149.01 3
      vertex -177 151.328 3
      vertex -177 247 32
    endloop
  endfacet
  facet normal 1 0 0
    outer loop
      vertex -177 151.328 3
      vertex -177 149.01 3
      vertex -177 149.755 2.55452
    endloop
  endfacet
  facet normal 1 0 0
    outer loop
      vertex -177 149.755 2.55452
      vertex -177 149.01 3
      vertex -177 149.557 2.62179
    endloop
  endfacet
  facet normal 1 0 0
    outer loop
      vertex -177 149.557 2.62179
      vertex -177 149.01 3
      vertex -177 149.369 2.71436
    endloop
  endfacet
  facet normal 1 0 0
    outer loop
      vertex -177 149.369 2.71436
      vertex -177 149.01 3
      vertex -177 149.195 2.83063
    endloop
  endfacet
  facet normal 1 0 0
    outer loop
      vertex -177 149.195 2.83063
      vertex -177 149.01 3
      vertex -177 149.038 2.96863
    endloop
  endfacet
  facet normal 1 0 0
    outer loop
      vertex -177 247 32
      vertex -177 144.809 3
      vertex -177 149.01 3
    endloop
  endfacet
  facet normal 1 0 0
    outer loop
      vertex -177 144.809 3
      vertex -177 144.624 2.83063
      vertex -177 144.781 2.96863
    endloop
  endfacet
  facet normal 1 0 0
    outer loop
      vertex -177 144.809 3
      vertex -177 144.45 2.71436
      vertex -177 144.624 2.83063
    endloop
  endfacet
  facet normal 1 0 0
    outer loop
      vertex -177 144.809 3
      vertex -177 144.262 2.62179
      vertex -177 144.45 2.71436
    endloop
  endfacet
  facet normal 1 0 0
    outer loop
      vertex -177 144.809 3
      vertex -177 144.064 2.55452
      vertex -177 144.262 2.62179
    endloop
  endfacet
  facet normal 1 0 0
    outer loop
      vertex -177 144.809 3
      vertex -177 143.859 2.51369
      vertex -177 144.064 2.55452
    endloop
  endfacet
  facet normal 1 0 0
    outer loop
      vertex -177 144.809 3
      vertex -177 143.65 2.5
      vertex -177 143.859 2.51369
    endloop
  endfacet
  facet normal 1 0 0
    outer loop
      vertex -177 144.809 3
      vertex -177 143.441 2.51369
      vertex -177 143.65 2.5
    endloop
  endfacet
  facet normal 1 0 0
    outer loop
      vertex -177 144.809 3
      vertex -177 143.236 2.55452
      vertex -177 143.441 2.51369
    endloop
  endfacet
  facet normal 1 0 0
    outer loop
      vertex -177 142.491 3
      vertex -177 144.809 3
      vertex -177 247 32
    endloop
  endfacet
  facet normal 1 0 0
    outer loop
      vertex -177 144.809 3
      vertex -177 142.491 3
      vertex -177 143.236 2.55452
    endloop
  endfacet
  facet normal 1 0 0
    outer loop
      vertex -177 143.236 2.55452
      vertex -177 142.491 3
      vertex -177 143.037 2.62179
    endloop
  endfacet
  facet normal 1 0 0
    outer loop
      vertex -177 143.037 2.62179
      vertex -177 142.491 3
      vertex -177 142.85 2.71436
    endloop
  endfacet
  facet normal 1 0 0
    outer loop
      vertex -177 142.85 2.71436
      vertex -177 142.491 3
      vertex -177 142.676 2.83063
    endloop
  endfacet
  facet normal 1 0 0
    outer loop
      vertex -177 142.676 2.83063
      vertex -177 142.491 3
      vertex -177 142.518 2.96863
    endloop
  endfacet
  facet normal 1 0 0
    outer loop
      vertex -177 247 32
      vertex -177 138.289 3
      vertex -177 142.491 3
    endloop
  endfacet
  facet normal 1 0 0
    outer loop
      vertex -177 138.289 3
      vertex -177 138.104 2.83063
      vertex -177 138.261 2.96863
    endloop
  endfacet
  facet normal 1 0 0
    outer loop
      vertex -177 138.289 3
      vertex -177 137.93 2.71436
      vertex -177 138.104 2.83063
    endloop
  endfacet
  facet normal 1 0 0
    outer loop
      vertex -177 138.289 3
      vertex -177 137.742 2.62179
      vertex -177 137.93 2.71436
    endloop
  endfacet
  facet normal 1 0 0
    outer loop
      vertex -177 138.289 3
      vertex -177 137.544 2.55452
      vertex -177 137.742 2.62179
    endloop
  endfacet
  facet normal 1 0 0
    outer loop
      vertex -177 138.289 3
      vertex -177 137.339 2.51369
      vertex -177 137.544 2.55452
    endloop
  endfacet
  facet normal 1 0 0
    outer loop
      vertex -177 138.289 3
      vertex -177 137.13 2.5
      vertex -177 137.339 2.51369
    endloop
  endfacet
  facet normal 1 0 0
    outer loop
      vertex -177 138.289 3
      vertex -177 136.921 2.51369
      vertex -177 137.13 2.5
    endloop
  endfacet
  facet normal 1 0 0
    outer loop
      vertex -177 138.289 3
      vertex -177 136.716 2.55452
      vertex -177 136.921 2.51369
    endloop
  endfacet
  facet normal 1 0 0
    outer loop
      vertex -177 138.289 3
      vertex -177 136.518 2.62179
      vertex -177 136.716 2.55452
    endloop
  endfacet
  facet normal 1 0 0
    outer loop
      vertex -177 135.971 3
      vertex -177 138.289 3
      vertex -177 247 32
    endloop
  endfacet
  facet normal 1 0 0
    outer loop
      vertex -177 138.289 3
      vertex -177 135.971 3
      vertex -177 136.518 2.62179
    endloop
  endfacet
  facet normal 1 0 0
    outer loop
      vertex -177 136.518 2.62179
      vertex -177 135.971 3
      vertex -177 136.33 2.71436
    endloop
  endfacet
  facet normal 1 0 0
    outer loop
      vertex -177 136.33 2.71436
      vertex -177 135.971 3
      vertex -177 136.156 2.83063
    endloop
  endfacet
  facet normal 1 0 0
    outer loop
      vertex -177 136.156 2.83063
      vertex -177 135.971 3
      vertex -177 135.999 2.96863
    endloop
  endfacet
  facet normal 1 -0 0
    outer loop
      vertex -177 20.1994 32
      vertex -177 135.971 3
      vertex -177 247 32
    endloop
  endfacet
  facet normal 1 0 0
    outer loop
      vertex -177 135.971 3
      vertex -177 20.1994 32
      vertex -177 20.1994 3
    endloop
  endfacet
  facet normal 0 1 -0
    outer loop
      vertex -3 3 3
      vertex -160 3 32
      vertex -3 3 32
    endloop
  endfacet
  facet normal 0 1 0
    outer loop
      vertex -160 3 32
      vertex -3 3 3
      vertex -160 3 3
    endloop
  endfacet
  facet normal 0 1 -0
    outer loop
      vertex -163 3 3
      vertex -166.7 3 32
      vertex -163 3 32
    endloop
  endfacet
  facet normal 0 1 0
    outer loop
      vertex -166.7 3 32
      vertex -163 3 3
      vertex -166.7 3 3
    endloop
  endfacet
  facet normal 0 -1 0
    outer loop
      vertex -171.293 247 13.47
      vertex -177 247 32
      vertex -171.75 247 13.5
    endloop
  endfacet
  facet normal 0 -1 0
    outer loop
      vertex -177 247 32
      vertex -172.207 247 13.47
      vertex -171.75 247 13.5
    endloop
  endfacet
  facet normal 0 -1 0
    outer loop
      vertex -177 247 32
      vertex -172.656 247 13.3807
      vertex -172.207 247 13.47
    endloop
  endfacet
  facet normal 0 -1 0
    outer loop
      vertex -177 247 32
      vertex -173.089 247 13.2336
      vertex -172.656 247 13.3807
    endloop
  endfacet
  facet normal 0 -1 0
    outer loop
      vertex -177 247 32
      vertex -173.5 247 13.0311
      vertex -173.089 247 13.2336
    endloop
  endfacet
  facet normal 0 -1 0
    outer loop
      vertex -177 247 32
      vertex -173.881 247 12.7767
      vertex -173.5 247 13.0311
    endloop
  endfacet
  facet normal 0 -1 0
    outer loop
      vertex -177 247 32
      vertex -174.225 247 12.4749
      vertex -173.881 247 12.7767
    endloop
  endfacet
  facet normal 0 -1 0
    outer loop
      vertex -177 247 32
      vertex -174.527 247 12.1307
      vertex -174.225 247 12.4749
    endloop
  endfacet
  facet normal 0 -1 0
    outer loop
      vertex -177 247 32
      vertex -174.781 247 11.75
      vertex -174.527 247 12.1307
    endloop
  endfacet
  facet normal 0 -1 0
    outer loop
      vertex -177 247 32
      vertex -174.984 247 11.3394
      vertex -174.781 247 11.75
    endloop
  endfacet
  facet normal 0 -1 0
    outer loop
      vertex -177 247 32
      vertex -175.131 247 10.9059
      vertex -174.984 247 11.3394
    endloop
  endfacet
  facet normal 0 -1 0
    outer loop
      vertex -177 247 32
      vertex -175.22 247 10.4568
      vertex -175.131 247 10.9059
    endloop
  endfacet
  facet normal 0 -1 0
    outer loop
      vertex -177 247 3
      vertex -175.22 247 10.4568
      vertex -177 247 32
    endloop
  endfacet
  facet normal 0 -1 0
    outer loop
      vertex -175.22 247 10.4568
      vertex -177 247 3
      vertex -175.25 247 10
    endloop
  endfacet
  facet normal 0 -1 -0
    outer loop
      vertex -172.207 247 6.52995
      vertex -177 247 3
      vertex -171.75 247 6.5
    endloop
  endfacet
  facet normal 0 -1 -0
    outer loop
      vertex -172.656 247 6.61926
      vertex -177 247 3
      vertex -172.207 247 6.52995
    endloop
  endfacet
  facet normal 0 -1 -0
    outer loop
      vertex -173.089 247 6.76643
      vertex -177 247 3
      vertex -172.656 247 6.61926
    endloop
  endfacet
  facet normal 0 -1 -0
    outer loop
      vertex -173.5 247 6.96892
      vertex -177 247 3
      vertex -173.089 247 6.76643
    endloop
  endfacet
  facet normal 0 -1 -0
    outer loop
      vertex -173.881 247 7.22327
      vertex -177 247 3
      vertex -173.5 247 6.96892
    endloop
  endfacet
  facet normal 0 -1 -0
    outer loop
      vertex -174.225 247 7.52513
      vertex -177 247 3
      vertex -173.881 247 7.22327
    endloop
  endfacet
  facet normal 0 -1 -0
    outer loop
      vertex -174.527 247 7.86934
      vertex -177 247 3
      vertex -174.225 247 7.52513
    endloop
  endfacet
  facet normal 0 -1 -0
    outer loop
      vertex -174.781 247 8.25
      vertex -177 247 3
      vertex -174.527 247 7.86934
    endloop
  endfacet
  facet normal 0 -1 -0
    outer loop
      vertex -174.984 247 8.66061
      vertex -177 247 3
      vertex -174.781 247 8.25
    endloop
  endfacet
  facet normal 0 -1 -0
    outer loop
      vertex -175.131 247 9.09415
      vertex -177 247 3
      vertex -174.984 247 8.66061
    endloop
  endfacet
  facet normal 0 -1 -0
    outer loop
      vertex -175.22 247 9.54317
      vertex -177 247 3
      vertex -175.131 247 9.09415
    endloop
  endfacet
  facet normal 0 -1 -0
    outer loop
      vertex -175.25 247 10
      vertex -177 247 3
      vertex -175.22 247 9.54317
    endloop
  endfacet
  facet normal 0 -1 0
    outer loop
      vertex -177 247 32
      vertex -171.293 247 13.47
      vertex -163 247 32
    endloop
  endfacet
  facet normal 0 -1 0
    outer loop
      vertex -170.844 247 13.3807
      vertex -163 247 32
      vertex -171.293 247 13.47
    endloop
  endfacet
  facet normal 0 -1 0
    outer loop
      vertex -170.411 247 13.2336
      vertex -163 247 32
      vertex -170.844 247 13.3807
    endloop
  endfacet
  facet normal 0 -1 0
    outer loop
      vertex -170 247 13.0311
      vertex -163 247 32
      vertex -170.411 247 13.2336
    endloop
  endfacet
  facet normal 0 -1 0
    outer loop
      vertex -169.619 247 12.7767
      vertex -163 247 32
      vertex -170 247 13.0311
    endloop
  endfacet
  facet normal 0 -1 0
    outer loop
      vertex -169.275 247 12.4749
      vertex -163 247 32
      vertex -169.619 247 12.7767
    endloop
  endfacet
  facet normal 0 -1 0
    outer loop
      vertex -166.8 247 10
      vertex -163 247 32
      vertex -169.275 247 12.4749
    endloop
  endfacet
  facet normal 0 -1 0
    outer loop
      vertex -177 247 3
      vertex -171.293 247 6.52995
      vertex -171.75 247 6.5
    endloop
  endfacet
  facet normal 0 -1 0
    outer loop
      vertex -163 247 3
      vertex -171.293 247 6.52995
      vertex -177 247 3
    endloop
  endfacet
  facet normal 0 -1 0
    outer loop
      vertex -171.293 247 6.52995
      vertex -163 247 3
      vertex -170.844 247 6.61926
    endloop
  endfacet
  facet normal 0 -1 0
    outer loop
      vertex -170.844 247 6.61926
      vertex -163 247 3
      vertex -170.411 247 6.76643
    endloop
  endfacet
  facet normal 0 -1 0
    outer loop
      vertex -166.8 247 10
      vertex -163 247 3
      vertex -163 247 32
    endloop
  endfacet
  facet normal 0 -1 0
    outer loop
      vertex -169.275 247 7.52513
      vertex -163 247 3
      vertex -166.8 247 10
    endloop
  endfacet
  facet normal 0 -1 0
    outer loop
      vertex -169.619 247 7.22327
      vertex -163 247 3
      vertex -169.275 247 7.52513
    endloop
  endfacet
  facet normal 0 -1 0
    outer loop
      vertex -170 247 6.96892
      vertex -163 247 3
      vertex -169.619 247 7.22327
    endloop
  endfacet
  facet normal 0 -1 0
    outer loop
      vertex -170.411 247 6.76643
      vertex -163 247 3
      vertex -170 247 6.96892
    endloop
  endfacet
  facet normal 0 -1 0
    outer loop
      vertex -160 247 3
      vertex -3 247 32
      vertex -160 247 32
    endloop
  endfacet
  facet normal 0 -1 -0
    outer loop
      vertex -3 247 32
      vertex -160 247 3
      vertex -3 247 3
    endloop
  endfacet
  facet normal -1 0 0
    outer loop
      vertex -3 3 3
      vertex -3 247 32
      vertex -3 247 3
    endloop
  endfacet
  facet normal -1 -0 0
    outer loop
      vertex -3 247 32
      vertex -3 3 3
      vertex -3 3 32
    endloop
  endfacet
  facet normal 0 0 1
    outer loop
      vertex -17 18.81 3
      vertex -35.0428 11.5576 3
      vertex -35 10.905 3
    endloop
  endfacet
  facet normal 0 0 1
    outer loop
      vertex -17 18.81 3
      vertex -35.1704 12.1991 3
      vertex -35.0428 11.5576 3
    endloop
  endfacet
  facet normal 0 0 1
    outer loop
      vertex -17 18.81 3
      vertex -35.3806 12.8184 3
      vertex -35.1704 12.1991 3
    endloop
  endfacet
  facet normal 0 0 1
    outer loop
      vertex -17 18.81 3
      vertex -35.6699 13.405 3
      vertex -35.3806 12.8184 3
    endloop
  endfacet
  facet normal 0 0 1
    outer loop
      vertex -17 18.81 3
      vertex -36.0332 13.9488 3
      vertex -35.6699 13.405 3
    endloop
  endfacet
  facet normal 0 0 1
    outer loop
      vertex -17 18.81 3
      vertex -36.4645 14.4405 3
      vertex -36.0332 13.9488 3
    endloop
  endfacet
  facet normal 0 0 1
    outer loop
      vertex -17 18.81 3
      vertex -36.9562 14.8718 3
      vertex -36.4645 14.4405 3
    endloop
  endfacet
  facet normal 0 0 1
    outer loop
      vertex -17 18.81 3
      vertex -37.5 15.2351 3
      vertex -36.9562 14.8718 3
    endloop
  endfacet
  facet normal 0 0 1
    outer loop
      vertex -17 18.81 3
      vertex -38.0866 15.5244 3
      vertex -37.5 15.2351 3
    endloop
  endfacet
  facet normal 0 0 1
    outer loop
      vertex -17 18.81 3
      vertex -38.7059 15.7346 3
      vertex -38.0866 15.5244 3
    endloop
  endfacet
  facet normal 0 0 1
    outer loop
      vertex -17 18.81 3
      vertex -39.3474 15.8622 3
      vertex -38.7059 15.7346 3
    endloop
  endfacet
  facet normal 0 0 1
    outer loop
      vertex -17 18.81 3
      vertex -40 15.905 3
      vertex -39.3474 15.8622 3
    endloop
  endfacet
  facet normal 0 0 1
    outer loop
      vertex -17 18.81 3
      vertex -40.6526 15.8622 3
      vertex -40 15.905 3
    endloop
  endfacet
  facet normal 0 0 1
    outer loop
      vertex -44.9572 11.5576 3
      vertex -86 10.905 3
      vertex -45 10.905 3
    endloop
  endfacet
  facet normal 0 0 1
    outer loop
      vertex -86.0342 11.4271 3
      vertex -44.9572 11.5576 3
      vertex -44.8296 12.1991 3
    endloop
  endfacet
  facet normal -0 0 1
    outer loop
      vertex -86.3045 12.4357 3
      vertex -44.8296 12.1991 3
      vertex -44.6194 12.8184 3
    endloop
  endfacet
  facet normal -0 0 1
    outer loop
      vertex -86.5359 12.905 3
      vertex -44.6194 12.8184 3
      vertex -44.3301 13.405 3
    endloop
  endfacet
  facet normal 0 0 1
    outer loop
      vertex -86.8266 13.34 3
      vertex -44.3301 13.405 3
      vertex -43.9668 13.9488 3
    endloop
  endfacet
  facet normal 0 0 1
    outer loop
      vertex -87.1716 13.7334 3
      vertex -43.9668 13.9488 3
      vertex -43.5355 14.4405 3
    endloop
  endfacet
  facet normal 0 0 1
    outer loop
      vertex -87.565 14.0784 3
      vertex -43.5355 14.4405 3
      vertex -43.0438 14.8718 3
    endloop
  endfacet
  facet normal 0 0 1
    outer loop
      vertex -88 14.3691 3
      vertex -43.0438 14.8718 3
      vertex -42.5 15.2351 3
    endloop
  endfacet
  facet normal 0 0 1
    outer loop
      vertex -88.4693 14.6005 3
      vertex -42.5 15.2351 3
      vertex -41.9134 15.5244 3
    endloop
  endfacet
  facet normal 0 0 1
    outer loop
      vertex -88.9647 14.7687 3
      vertex -41.9134 15.5244 3
      vertex -41.2941 15.7346 3
    endloop
  endfacet
  facet normal 0 0 1
    outer loop
      vertex -89.4779 14.8708 3
      vertex -41.2941 15.7346 3
      vertex -40.6526 15.8622 3
    endloop
  endfacet
  facet normal 0 0 1
    outer loop
      vertex -90 14.905 3
      vertex -40.6526 15.8622 3
      vertex -17 18.81 3
    endloop
  endfacet
  facet normal 0 0 1
    outer loop
      vertex -44.9572 11.5576 3
      vertex -86.0342 11.4271 3
      vertex -86 10.905 3
    endloop
  endfacet
  facet normal 0 0 1
    outer loop
      vertex -44.8296 12.1991 3
      vertex -86.1363 11.9403 3
      vertex -86.0342 11.4271 3
    endloop
  endfacet
  facet normal 0 0 1
    outer loop
      vertex -44.8296 12.1991 3
      vertex -86.3045 12.4357 3
      vertex -86.1363 11.9403 3
    endloop
  endfacet
  facet normal 0 0 1
    outer loop
      vertex -44.6194 12.8184 3
      vertex -86.5359 12.905 3
      vertex -86.3045 12.4357 3
    endloop
  endfacet
  facet normal 0 0 1
    outer loop
      vertex -44.3301 13.405 3
      vertex -86.8266 13.34 3
      vertex -86.5359 12.905 3
    endloop
  endfacet
  facet normal 0 0 1
    outer loop
      vertex -43.9668 13.9488 3
      vertex -87.1716 13.7334 3
      vertex -86.8266 13.34 3
    endloop
  endfacet
  facet normal 0 0 1
    outer loop
      vertex -43.5355 14.4405 3
      vertex -87.565 14.0784 3
      vertex -87.1716 13.7334 3
    endloop
  endfacet
  facet normal 0 0 1
    outer loop
      vertex -43.0438 14.8718 3
      vertex -88 14.3691 3
      vertex -87.565 14.0784 3
    endloop
  endfacet
  facet normal 0 0 1
    outer loop
      vertex -42.5 15.2351 3
      vertex -88.4693 14.6005 3
      vertex -88 14.3691 3
    endloop
  endfacet
  facet normal 0 0 1
    outer loop
      vertex -41.9134 15.5244 3
      vertex -88.9647 14.7687 3
      vertex -88.4693 14.6005 3
    endloop
  endfacet
  facet normal 0 0 1
    outer loop
      vertex -41.2941 15.7346 3
      vertex -89.4779 14.8708 3
      vertex -88.9647 14.7687 3
    endloop
  endfacet
  facet normal 0 0 1
    outer loop
      vertex -40.6526 15.8622 3
      vertex -90 14.905 3
      vertex -89.4779 14.8708 3
    endloop
  endfacet
  facet normal 0 0 1
    outer loop
      vertex -93.9658 11.4271 3
      vertex -135 10.905 3
      vertex -94 10.905 3
    endloop
  endfacet
  facet normal -0 0 1
    outer loop
      vertex -135.043 11.5576 3
      vertex -93.9658 11.4271 3
      vertex -93.8637 11.9403 3
    endloop
  endfacet
  facet normal -0 0 1
    outer loop
      vertex -135.17 12.1991 3
      vertex -93.8637 11.9403 3
      vertex -93.6955 12.4357 3
    endloop
  endfacet
  facet normal -0 0 1
    outer loop
      vertex -135.381 12.8184 3
      vertex -93.6955 12.4357 3
      vertex -93.4641 12.905 3
    endloop
  endfacet
  facet normal 0 0 1
    outer loop
      vertex -135.67 13.405 3
      vertex -93.4641 12.905 3
      vertex -93.1734 13.34 3
    endloop
  endfacet
  facet normal 0 0 1
    outer loop
      vertex -136.033 13.9488 3
      vertex -93.1734 13.34 3
      vertex -92.8284 13.7334 3
    endloop
  endfacet
  facet normal 0 0 1
    outer loop
      vertex -136.464 14.4405 3
      vertex -92.8284 13.7334 3
      vertex -92.435 14.0784 3
    endloop
  endfacet
  facet normal 0 0 1
    outer loop
      vertex -136.956 14.8718 3
      vertex -92.435 14.0784 3
      vertex -92 14.3691 3
    endloop
  endfacet
  facet normal 0 0 1
    outer loop
      vertex -137.5 15.2351 3
      vertex -92 14.3691 3
      vertex -91.5307 14.6005 3
    endloop
  endfacet
  facet normal 0 0 1
    outer loop
      vertex -138.087 15.5244 3
      vertex -91.5307 14.6005 3
      vertex -91.0353 14.7687 3
    endloop
  endfacet
  facet normal 0 0 1
    outer loop
      vertex -138.706 15.7346 3
      vertex -91.0353 14.7687 3
      vertex -90.5221 14.8708 3
    endloop
  endfacet
  facet normal 0 0 1
    outer loop
      vertex -93.9658 11.4271 3
      vertex -135.043 11.5576 3
      vertex -135 10.905 3
    endloop
  endfacet
  facet normal 0 0 1
    outer loop
      vertex -93.8637 11.9403 3
      vertex -135.17 12.1991 3
      vertex -135.043 11.5576 3
    endloop
  endfacet
  facet normal 0 0 1
    outer loop
      vertex -139.347 15.8622 3
      vertex -90.5221 14.8708 3
      vertex -90 14.905 3
    endloop
  endfacet
  facet normal 0 0 1
    outer loop
      vertex -93.6955 12.4357 3
      vertex -135.381 12.8184 3
      vertex -135.17 12.1991 3
    endloop
  endfacet
  facet normal -0 0 1
    outer loop
      vertex -160 18.81 3
      vertex -90 14.905 3
      vertex -17 18.81 3
    endloop
  endfacet
  facet normal 0 0 1
    outer loop
      vertex -93.4641 12.905 3
      vertex -135.67 13.405 3
      vertex -135.381 12.8184 3
    endloop
  endfacet
  facet normal 0 0 1
    outer loop
      vertex -93.1734 13.34 3
      vertex -136.033 13.9488 3
      vertex -135.67 13.405 3
    endloop
  endfacet
  facet normal 0 0 1
    outer loop
      vertex -92.8284 13.7334 3
      vertex -136.464 14.4405 3
      vertex -136.033 13.9488 3
    endloop
  endfacet
  facet normal 0 0 1
    outer loop
      vertex -92.435 14.0784 3
      vertex -136.956 14.8718 3
      vertex -136.464 14.4405 3
    endloop
  endfacet
  facet normal 0 0 1
    outer loop
      vertex -92 14.3691 3
      vertex -137.5 15.2351 3
      vertex -136.956 14.8718 3
    endloop
  endfacet
  facet normal 0 0 1
    outer loop
      vertex -91.5307 14.6005 3
      vertex -138.087 15.5244 3
      vertex -137.5 15.2351 3
    endloop
  endfacet
  facet normal 0 0 1
    outer loop
      vertex -91.0353 14.7687 3
      vertex -138.706 15.7346 3
      vertex -138.087 15.5244 3
    endloop
  endfacet
  facet normal 0 0 1
    outer loop
      vertex -90.5221 14.8708 3
      vertex -139.347 15.8622 3
      vertex -138.706 15.7346 3
    endloop
  endfacet
  facet normal 0 0 1
    outer loop
      vertex -90 14.905 3
      vertex -160 18.81 3
      vertex -139.347 15.8622 3
    endloop
  endfacet
  facet normal 0 0 1
    outer loop
      vertex -144.957 11.5576 3
      vertex -160 18.81 3
      vertex -145 10.905 3
    endloop
  endfacet
  facet normal 0 0 1
    outer loop
      vertex -144.83 12.1991 3
      vertex -160 18.81 3
      vertex -144.957 11.5576 3
    endloop
  endfacet
  facet normal 0 0 1
    outer loop
      vertex -144.619 12.8184 3
      vertex -160 18.81 3
      vertex -144.83 12.1991 3
    endloop
  endfacet
  facet normal 0 0 1
    outer loop
      vertex -144.33 13.405 3
      vertex -160 18.81 3
      vertex -144.619 12.8184 3
    endloop
  endfacet
  facet normal 0 0 1
    outer loop
      vertex -143.967 13.9488 3
      vertex -160 18.81 3
      vertex -144.33 13.405 3
    endloop
  endfacet
  facet normal 0 0 1
    outer loop
      vertex -143.536 14.4405 3
      vertex -160 18.81 3
      vertex -143.967 13.9488 3
    endloop
  endfacet
  facet normal 0 0 1
    outer loop
      vertex -143.044 14.8718 3
      vertex -160 18.81 3
      vertex -143.536 14.4405 3
    endloop
  endfacet
  facet normal 0 0 1
    outer loop
      vertex -142.5 15.2351 3
      vertex -160 18.81 3
      vertex -143.044 14.8718 3
    endloop
  endfacet
  facet normal 0 0 1
    outer loop
      vertex -141.913 15.5244 3
      vertex -160 18.81 3
      vertex -142.5 15.2351 3
    endloop
  endfacet
  facet normal 0 0 1
    outer loop
      vertex -141.294 15.7346 3
      vertex -160 18.81 3
      vertex -141.913 15.5244 3
    endloop
  endfacet
  facet normal 0 0 1
    outer loop
      vertex -140.653 15.8622 3
      vertex -160 18.81 3
      vertex -141.294 15.7346 3
    endloop
  endfacet
  facet normal 0 0 1
    outer loop
      vertex -140 15.905 3
      vertex -160 18.81 3
      vertex -140.653 15.8622 3
    endloop
  endfacet
  facet normal 0 0 1
    outer loop
      vertex -139.347 15.8622 3
      vertex -160 18.81 3
      vertex -140 15.905 3
    endloop
  endfacet
  facet normal 0 0 1
    outer loop
      vertex -3 247 3
      vertex -17 231.19 3
      vertex -3 3 3
    endloop
  endfacet
  facet normal -0 0 1
    outer loop
      vertex -35.3806 241.008 3
      vertex -17 231.19 3
      vertex -3 247 3
    endloop
  endfacet
  facet normal 0 0 1
    outer loop
      vertex -17 231.19 3
      vertex -35.0428 239.748 3
      vertex -35 239.095 3
    endloop
  endfacet
  facet normal 0 0 1
    outer loop
      vertex -17 231.19 3
      vertex -35.1704 240.389 3
      vertex -35.0428 239.748 3
    endloop
  endfacet
  facet normal 0 0 1
    outer loop
      vertex -17 231.19 3
      vertex -35.3806 241.008 3
      vertex -35.1704 240.389 3
    endloop
  endfacet
  facet normal 0 0 1
    outer loop
      vertex -3 247 3
      vertex -35.6699 241.595 3
      vertex -35.3806 241.008 3
    endloop
  endfacet
  facet normal 0 0 1
    outer loop
      vertex -3 247 3
      vertex -36.0332 242.139 3
      vertex -35.6699 241.595 3
    endloop
  endfacet
  facet normal 0 0 1
    outer loop
      vertex -3 247 3
      vertex -36.4645 242.631 3
      vertex -36.0332 242.139 3
    endloop
  endfacet
  facet normal 0 0 1
    outer loop
      vertex -3 247 3
      vertex -36.9562 243.062 3
      vertex -36.4645 242.631 3
    endloop
  endfacet
  facet normal 0 0 1
    outer loop
      vertex -3 247 3
      vertex -37.5 243.425 3
      vertex -36.9562 243.062 3
    endloop
  endfacet
  facet normal 0 0 1
    outer loop
      vertex -3 247 3
      vertex -38.0866 243.714 3
      vertex -37.5 243.425 3
    endloop
  endfacet
  facet normal 0 0 1
    outer loop
      vertex -3 247 3
      vertex -38.7059 243.925 3
      vertex -38.0866 243.714 3
    endloop
  endfacet
  facet normal 0 0 1
    outer loop
      vertex -3 247 3
      vertex -39.3474 244.052 3
      vertex -38.7059 243.925 3
    endloop
  endfacet
  facet normal 0 0 1
    outer loop
      vertex -3 247 3
      vertex -40 244.095 3
      vertex -39.3474 244.052 3
    endloop
  endfacet
  facet normal 0 0 1
    outer loop
      vertex -90 243.095 3
      vertex -40 244.095 3
      vertex -3 247 3
    endloop
  endfacet
  facet normal 0 0 1
    outer loop
      vertex -44.9572 239.748 3
      vertex -86 239.095 3
      vertex -45 239.095 3
    endloop
  endfacet
  facet normal 0 0 1
    outer loop
      vertex -86.0342 239.617 3
      vertex -44.9572 239.748 3
      vertex -44.8296 240.389 3
    endloop
  endfacet
  facet normal -0 0 1
    outer loop
      vertex -86.3045 240.626 3
      vertex -44.8296 240.389 3
      vertex -44.6194 241.008 3
    endloop
  endfacet
  facet normal -0 0 1
    outer loop
      vertex -86.5359 241.095 3
      vertex -44.6194 241.008 3
      vertex -44.3301 241.595 3
    endloop
  endfacet
  facet normal 0 0 1
    outer loop
      vertex -86.8266 241.53 3
      vertex -44.3301 241.595 3
      vertex -43.9668 242.139 3
    endloop
  endfacet
  facet normal 0 0 1
    outer loop
      vertex -87.1716 241.923 3
      vertex -43.9668 242.139 3
      vertex -43.5355 242.631 3
    endloop
  endfacet
  facet normal 0 0 1
    outer loop
      vertex -87.565 242.268 3
      vertex -43.5355 242.631 3
      vertex -43.0438 243.062 3
    endloop
  endfacet
  facet normal 0 0 1
    outer loop
      vertex -88 242.559 3
      vertex -43.0438 243.062 3
      vertex -42.5 243.425 3
    endloop
  endfacet
  facet normal 0 0 1
    outer loop
      vertex -88.4693 242.791 3
      vertex -42.5 243.425 3
      vertex -41.9134 243.714 3
    endloop
  endfacet
  facet normal 0 0 1
    outer loop
      vertex -88.9647 242.959 3
      vertex -41.9134 243.714 3
      vertex -41.2941 243.925 3
    endloop
  endfacet
  facet normal 0 0 1
    outer loop
      vertex -89.4779 243.061 3
      vertex -41.2941 243.925 3
      vertex -40.6526 244.052 3
    endloop
  endfacet
  facet normal 0 0 1
    outer loop
      vertex -44.9572 239.748 3
      vertex -86.0342 239.617 3
      vertex -86 239.095 3
    endloop
  endfacet
  facet normal 0 0 1
    outer loop
      vertex -44.8296 240.389 3
      vertex -86.1363 240.13 3
      vertex -86.0342 239.617 3
    endloop
  endfacet
  facet normal 0 0 1
    outer loop
      vertex -44.8296 240.389 3
      vertex -86.3045 240.626 3
      vertex -86.1363 240.13 3
    endloop
  endfacet
  facet normal 0 0 1
    outer loop
      vertex -40 244.095 3
      vertex -90 243.095 3
      vertex -40.6526 244.052 3
    endloop
  endfacet
  facet normal 0 0 1
    outer loop
      vertex -44.6194 241.008 3
      vertex -86.5359 241.095 3
      vertex -86.3045 240.626 3
    endloop
  endfacet
  facet normal 0 0 1
    outer loop
      vertex -44.3301 241.595 3
      vertex -86.8266 241.53 3
      vertex -86.5359 241.095 3
    endloop
  endfacet
  facet normal 0 0 1
    outer loop
      vertex -43.9668 242.139 3
      vertex -87.1716 241.923 3
      vertex -86.8266 241.53 3
    endloop
  endfacet
  facet normal 0 0 1
    outer loop
      vertex -43.5355 242.631 3
      vertex -87.565 242.268 3
      vertex -87.1716 241.923 3
    endloop
  endfacet
  facet normal 0 0 1
    outer loop
      vertex -43.0438 243.062 3
      vertex -88 242.559 3
      vertex -87.565 242.268 3
    endloop
  endfacet
  facet normal 0 0 1
    outer loop
      vertex -42.5 243.425 3
      vertex -88.4693 242.791 3
      vertex -88 242.559 3
    endloop
  endfacet
  facet normal 0 0 1
    outer loop
      vertex -41.9134 243.714 3
      vertex -88.9647 242.959 3
      vertex -88.4693 242.791 3
    endloop
  endfacet
  facet normal 0 0 1
    outer loop
      vertex -41.2941 243.925 3
      vertex -89.4779 243.061 3
      vertex -88.9647 242.959 3
    endloop
  endfacet
  facet normal 0 0 1
    outer loop
      vertex -40.6526 244.052 3
      vertex -90 243.095 3
      vertex -89.4779 243.061 3
    endloop
  endfacet
  facet normal 0 0 1
    outer loop
      vertex -93.9658 239.617 3
      vertex -135 239.095 3
      vertex -94 239.095 3
    endloop
  endfacet
  facet normal -0 0 1
    outer loop
      vertex -135.043 239.748 3
      vertex -93.9658 239.617 3
      vertex -93.8637 240.13 3
    endloop
  endfacet
  facet normal -0 0 1
    outer loop
      vertex -135.17 240.389 3
      vertex -93.8637 240.13 3
      vertex -93.6955 240.626 3
    endloop
  endfacet
  facet normal -0 0 1
    outer loop
      vertex -135.381 241.008 3
      vertex -93.6955 240.626 3
      vertex -93.4641 241.095 3
    endloop
  endfacet
  facet normal 0 0 1
    outer loop
      vertex -135.67 241.595 3
      vertex -93.4641 241.095 3
      vertex -93.1734 241.53 3
    endloop
  endfacet
  facet normal 0 0 1
    outer loop
      vertex -136.033 242.139 3
      vertex -93.1734 241.53 3
      vertex -92.8284 241.923 3
    endloop
  endfacet
  facet normal 0 0 1
    outer loop
      vertex -136.464 242.631 3
      vertex -92.8284 241.923 3
      vertex -92.435 242.268 3
    endloop
  endfacet
  facet normal 0 0 1
    outer loop
      vertex -136.956 243.062 3
      vertex -92.435 242.268 3
      vertex -92 242.559 3
    endloop
  endfacet
  facet normal 0 0 1
    outer loop
      vertex -137.5 243.425 3
      vertex -92 242.559 3
      vertex -91.5307 242.791 3
    endloop
  endfacet
  facet normal 0 0 1
    outer loop
      vertex -138.087 243.714 3
      vertex -91.5307 242.791 3
      vertex -91.0353 242.959 3
    endloop
  endfacet
  facet normal 0 0 1
    outer loop
      vertex -138.706 243.925 3
      vertex -91.0353 242.959 3
      vertex -90.5221 243.061 3
    endloop
  endfacet
  facet normal 0 0 1
    outer loop
      vertex -93.9658 239.617 3
      vertex -135.043 239.748 3
      vertex -135 239.095 3
    endloop
  endfacet
  facet normal 0 0 1
    outer loop
      vertex -93.8637 240.13 3
      vertex -135.17 240.389 3
      vertex -135.043 239.748 3
    endloop
  endfacet
  facet normal 0 0 1
    outer loop
      vertex -139.347 244.052 3
      vertex -90.5221 243.061 3
      vertex -90 243.095 3
    endloop
  endfacet
  facet normal 0 0 1
    outer loop
      vertex -93.6955 240.626 3
      vertex -135.381 241.008 3
      vertex -135.17 240.389 3
    endloop
  endfacet
  facet normal 0 0 1
    outer loop
      vertex -93.4641 241.095 3
      vertex -135.67 241.595 3
      vertex -135.381 241.008 3
    endloop
  endfacet
  facet normal -0 0 1
    outer loop
      vertex -160 247 3
      vertex -90 243.095 3
      vertex -3 247 3
    endloop
  endfacet
  facet normal 0 0 1
    outer loop
      vertex -93.1734 241.53 3
      vertex -136.033 242.139 3
      vertex -135.67 241.595 3
    endloop
  endfacet
  facet normal 0 0 1
    outer loop
      vertex -92.8284 241.923 3
      vertex -136.464 242.631 3
      vertex -136.033 242.139 3
    endloop
  endfacet
  facet normal 0 0 1
    outer loop
      vertex -92.435 242.268 3
      vertex -136.956 243.062 3
      vertex -136.464 242.631 3
    endloop
  endfacet
  facet normal 0 0 1
    outer loop
      vertex -92 242.559 3
      vertex -137.5 243.425 3
      vertex -136.956 243.062 3
    endloop
  endfacet
  facet normal 0 0 1
    outer loop
      vertex -91.5307 242.791 3
      vertex -138.087 243.714 3
      vertex -137.5 243.425 3
    endloop
  endfacet
  facet normal 0 0 1
    outer loop
      vertex -91.0353 242.959 3
      vertex -138.706 243.925 3
      vertex -138.087 243.714 3
    endloop
  endfacet
  facet normal 0 0 1
    outer loop
      vertex -90.5221 243.061 3
      vertex -139.347 244.052 3
      vertex -138.706 243.925 3
    endloop
  endfacet
  facet normal 0 0 1
    outer loop
      vertex -90 243.095 3
      vertex -160 247 3
      vertex -139.347 244.052 3
    endloop
  endfacet
  facet normal 0 0 1
    outer loop
      vertex -144.957 239.748 3
      vertex -160 247 3
      vertex -145 239.095 3
    endloop
  endfacet
  facet normal 0 0 1
    outer loop
      vertex -144.83 240.389 3
      vertex -160 247 3
      vertex -144.957 239.748 3
    endloop
  endfacet
  facet normal 0 0 1
    outer loop
      vertex -144.619 241.008 3
      vertex -160 247 3
      vertex -144.83 240.389 3
    endloop
  endfacet
  facet normal 0 0 1
    outer loop
      vertex -144.33 241.595 3
      vertex -160 247 3
      vertex -144.619 241.008 3
    endloop
  endfacet
  facet normal 0 0 1
    outer loop
      vertex -143.967 242.139 3
      vertex -160 247 3
      vertex -144.33 241.595 3
    endloop
  endfacet
  facet normal 0 0 1
    outer loop
      vertex -143.536 242.631 3
      vertex -160 247 3
      vertex -143.967 242.139 3
    endloop
  endfacet
  facet normal 0 0 1
    outer loop
      vertex -143.044 243.062 3
      vertex -160 247 3
      vertex -143.536 242.631 3
    endloop
  endfacet
  facet normal 0 0 1
    outer loop
      vertex -142.5 243.425 3
      vertex -160 247 3
      vertex -143.044 243.062 3
    endloop
  endfacet
  facet normal 0 0 1
    outer loop
      vertex -141.913 243.714 3
      vertex -160 247 3
      vertex -142.5 243.425 3
    endloop
  endfacet
  facet normal 0 0 1
    outer loop
      vertex -141.294 243.925 3
      vertex -160 247 3
      vertex -141.913 243.714 3
    endloop
  endfacet
  facet normal 0 0 1
    outer loop
      vertex -140.653 244.052 3
      vertex -160 247 3
      vertex -141.294 243.925 3
    endloop
  endfacet
  facet normal 0 0 1
    outer loop
      vertex -140 244.095 3
      vertex -160 247 3
      vertex -140.653 244.052 3
    endloop
  endfacet
  facet normal 0 0 1
    outer loop
      vertex -139.347 244.052 3
      vertex -160 247 3
      vertex -140 244.095 3
    endloop
  endfacet
  facet normal -0 0 1
    outer loop
      vertex -17 18.81 3
      vertex -3 3 3
      vertex -17 231.19 3
    endloop
  endfacet
  facet normal 0 0 1
    outer loop
      vertex -35.0428 10.2524 3
      vertex -17 18.81 3
      vertex -35 10.905 3
    endloop
  endfacet
  facet normal 0 0 1
    outer loop
      vertex -35.1704 9.61089 3
      vertex -17 18.81 3
      vertex -35.0428 10.2524 3
    endloop
  endfacet
  facet normal 0 0 1
    outer loop
      vertex -35.3806 8.99157 3
      vertex -17 18.81 3
      vertex -35.1704 9.61089 3
    endloop
  endfacet
  facet normal 0 0 1
    outer loop
      vertex -17 18.81 3
      vertex -35.3806 8.99157 3
      vertex -3 3 3
    endloop
  endfacet
  facet normal -0 0 1
    outer loop
      vertex -35.6699 8.40499 3
      vertex -3 3 3
      vertex -35.3806 8.99157 3
    endloop
  endfacet
  facet normal -0 0 1
    outer loop
      vertex -36.0332 7.86118 3
      vertex -3 3 3
      vertex -35.6699 8.40499 3
    endloop
  endfacet
  facet normal -0 0 1
    outer loop
      vertex -36.4645 7.36945 3
      vertex -3 3 3
      vertex -36.0332 7.86118 3
    endloop
  endfacet
  facet normal -0 0 1
    outer loop
      vertex -36.9562 6.93822 3
      vertex -3 3 3
      vertex -36.4645 7.36945 3
    endloop
  endfacet
  facet normal -0 0 1
    outer loop
      vertex -37.5 6.57486 3
      vertex -3 3 3
      vertex -36.9562 6.93822 3
    endloop
  endfacet
  facet normal -0 0 1
    outer loop
      vertex -38.0866 6.28559 3
      vertex -3 3 3
      vertex -37.5 6.57486 3
    endloop
  endfacet
  facet normal -0 0 1
    outer loop
      vertex -38.7059 6.07536 3
      vertex -3 3 3
      vertex -38.0866 6.28559 3
    endloop
  endfacet
  facet normal -0 0 1
    outer loop
      vertex -39.3474 5.94776 3
      vertex -3 3 3
      vertex -38.7059 6.07536 3
    endloop
  endfacet
  facet normal -0 0 1
    outer loop
      vertex -40 5.90499 3
      vertex -3 3 3
      vertex -39.3474 5.94776 3
    endloop
  endfacet
  facet normal 0 0 1
    outer loop
      vertex -90 6.90499 3
      vertex -40 5.90499 3
      vertex -40.6526 5.94776 3
    endloop
  endfacet
  facet normal -0 0 1
    outer loop
      vertex -86 10.905 3
      vertex -44.9572 10.2524 3
      vertex -45 10.905 3
    endloop
  endfacet
  facet normal -0 0 1
    outer loop
      vertex -86.0342 10.3829 3
      vertex -44.9572 10.2524 3
      vertex -86 10.905 3
    endloop
  endfacet
  facet normal 0 0 1
    outer loop
      vertex -44.9572 10.2524 3
      vertex -86.0342 10.3829 3
      vertex -44.8296 9.61089 3
    endloop
  endfacet
  facet normal -0 0 1
    outer loop
      vertex -86.1363 9.86971 3
      vertex -44.8296 9.61089 3
      vertex -86.0342 10.3829 3
    endloop
  endfacet
  facet normal 0 0 1
    outer loop
      vertex -86.3045 9.37425 3
      vertex -44.8296 9.61089 3
      vertex -86.1363 9.86971 3
    endloop
  endfacet
  facet normal 0 0 1
    outer loop
      vertex -44.8296 9.61089 3
      vertex -86.3045 9.37425 3
      vertex -44.6194 8.99157 3
    endloop
  endfacet
  facet normal 0 0 1
    outer loop
      vertex -86.5359 8.90499 3
      vertex -44.6194 8.99157 3
      vertex -86.3045 9.37425 3
    endloop
  endfacet
  facet normal 0 0 1
    outer loop
      vertex -44.6194 8.99157 3
      vertex -86.5359 8.90499 3
      vertex -44.3301 8.40499 3
    endloop
  endfacet
  facet normal -0 0 1
    outer loop
      vertex -86.8266 8.46994 3
      vertex -44.3301 8.40499 3
      vertex -86.5359 8.90499 3
    endloop
  endfacet
  facet normal 0 0 1
    outer loop
      vertex -44.3301 8.40499 3
      vertex -86.8266 8.46994 3
      vertex -43.9668 7.86118 3
    endloop
  endfacet
  facet normal -0 0 1
    outer loop
      vertex -87.1716 8.07656 3
      vertex -43.9668 7.86118 3
      vertex -86.8266 8.46994 3
    endloop
  endfacet
  facet normal 0 0 1
    outer loop
      vertex -43.9668 7.86118 3
      vertex -87.1716 8.07656 3
      vertex -43.5355 7.36945 3
    endloop
  endfacet
  facet normal -0 0 1
    outer loop
      vertex -87.565 7.73157 3
      vertex -43.5355 7.36945 3
      vertex -87.1716 8.07656 3
    endloop
  endfacet
  facet normal 0 0 1
    outer loop
      vertex -43.5355 7.36945 3
      vertex -87.565 7.73157 3
      vertex -43.0438 6.93822 3
    endloop
  endfacet
  facet normal -0 0 1
    outer loop
      vertex -88 7.44088 3
      vertex -43.0438 6.93822 3
      vertex -87.565 7.73157 3
    endloop
  endfacet
  facet normal 0 0 1
    outer loop
      vertex -43.0438 6.93822 3
      vertex -88 7.44088 3
      vertex -42.5 6.57486 3
    endloop
  endfacet
  facet normal -0 0 1
    outer loop
      vertex -88.4693 7.20947 3
      vertex -42.5 6.57486 3
      vertex -88 7.44088 3
    endloop
  endfacet
  facet normal 0 0 1
    outer loop
      vertex -42.5 6.57486 3
      vertex -88.4693 7.20947 3
      vertex -41.9134 6.28559 3
    endloop
  endfacet
  facet normal -0 0 1
    outer loop
      vertex -88.9647 7.04128 3
      vertex -41.9134 6.28559 3
      vertex -88.4693 7.20947 3
    endloop
  endfacet
  facet normal 0 0 1
    outer loop
      vertex -41.9134 6.28559 3
      vertex -88.9647 7.04128 3
      vertex -41.2941 6.07536 3
    endloop
  endfacet
  facet normal -0 0 1
    outer loop
      vertex -89.4779 6.93921 3
      vertex -41.2941 6.07536 3
      vertex -88.9647 7.04128 3
    endloop
  endfacet
  facet normal 0 0 1
    outer loop
      vertex -41.2941 6.07536 3
      vertex -89.4779 6.93921 3
      vertex -40.6526 5.94776 3
    endloop
  endfacet
  facet normal -0 0 1
    outer loop
      vertex -90 6.90499 3
      vertex -40.6526 5.94776 3
      vertex -89.4779 6.93921 3
    endloop
  endfacet
  facet normal 0 0 1
    outer loop
      vertex -40 5.90499 3
      vertex -90 6.90499 3
      vertex -3 3 3
    endloop
  endfacet
  facet normal -0 0 1
    outer loop
      vertex -135 10.905 3
      vertex -93.9658 10.3829 3
      vertex -94 10.905 3
    endloop
  endfacet
  facet normal 0 0 1
    outer loop
      vertex -135.043 10.2524 3
      vertex -93.9658 10.3829 3
      vertex -135 10.905 3
    endloop
  endfacet
  facet normal 0 0 1
    outer loop
      vertex -93.9658 10.3829 3
      vertex -135.043 10.2524 3
      vertex -93.8637 9.86971 3
    endloop
  endfacet
  facet normal 0 0 1
    outer loop
      vertex -135.17 9.61089 3
      vertex -93.8637 9.86971 3
      vertex -135.043 10.2524 3
    endloop
  endfacet
  facet normal 0 0 1
    outer loop
      vertex -93.8637 9.86971 3
      vertex -135.17 9.61089 3
      vertex -93.6955 9.37425 3
    endloop
  endfacet
  facet normal 0 0 1
    outer loop
      vertex -135.381 8.99157 3
      vertex -93.6955 9.37425 3
      vertex -135.17 9.61089 3
    endloop
  endfacet
  facet normal 0 0 1
    outer loop
      vertex -93.6955 9.37425 3
      vertex -135.381 8.99157 3
      vertex -93.4641 8.90499 3
    endloop
  endfacet
  facet normal 0 0 1
    outer loop
      vertex -135.67 8.40499 3
      vertex -93.4641 8.90499 3
      vertex -135.381 8.99157 3
    endloop
  endfacet
  facet normal 0 0 1
    outer loop
      vertex -93.4641 8.90499 3
      vertex -135.67 8.40499 3
      vertex -93.1734 8.46994 3
    endloop
  endfacet
  facet normal 0 0 1
    outer loop
      vertex -136.033 7.86118 3
      vertex -93.1734 8.46994 3
      vertex -135.67 8.40499 3
    endloop
  endfacet
  facet normal 0 0 1
    outer loop
      vertex -93.1734 8.46994 3
      vertex -136.033 7.86118 3
      vertex -92.8284 8.07656 3
    endloop
  endfacet
  facet normal 0 0 1
    outer loop
      vertex -136.464 7.36945 3
      vertex -92.8284 8.07656 3
      vertex -136.033 7.86118 3
    endloop
  endfacet
  facet normal 0 0 1
    outer loop
      vertex -92.8284 8.07656 3
      vertex -136.464 7.36945 3
      vertex -92.435 7.73157 3
    endloop
  endfacet
  facet normal 0 0 1
    outer loop
      vertex -136.956 6.93822 3
      vertex -92.435 7.73157 3
      vertex -136.464 7.36945 3
    endloop
  endfacet
  facet normal 0 0 1
    outer loop
      vertex -92.435 7.73157 3
      vertex -136.956 6.93822 3
      vertex -92 7.44088 3
    endloop
  endfacet
  facet normal 0 0 1
    outer loop
      vertex -137.5 6.57486 3
      vertex -92 7.44088 3
      vertex -136.956 6.93822 3
    endloop
  endfacet
  facet normal 0 0 1
    outer loop
      vertex -92 7.44088 3
      vertex -137.5 6.57486 3
      vertex -91.5307 7.20947 3
    endloop
  endfacet
  facet normal 0 0 1
    outer loop
      vertex -138.087 6.28559 3
      vertex -91.5307 7.20947 3
      vertex -137.5 6.57486 3
    endloop
  endfacet
  facet normal 0 0 1
    outer loop
      vertex -91.5307 7.20947 3
      vertex -138.087 6.28559 3
      vertex -91.0353 7.04128 3
    endloop
  endfacet
  facet normal 0 0 1
    outer loop
      vertex -138.706 6.07536 3
      vertex -91.0353 7.04128 3
      vertex -138.087 6.28559 3
    endloop
  endfacet
  facet normal 0 0 1
    outer loop
      vertex -91.0353 7.04128 3
      vertex -138.706 6.07536 3
      vertex -90.5221 6.93921 3
    endloop
  endfacet
  facet normal 0 0 1
    outer loop
      vertex -139.347 5.94776 3
      vertex -90.5221 6.93921 3
      vertex -138.706 6.07536 3
    endloop
  endfacet
  facet normal 0 0 1
    outer loop
      vertex -90.5221 6.93921 3
      vertex -139.347 5.94776 3
      vertex -90 6.90499 3
    endloop
  endfacet
  facet normal 0 0 1
    outer loop
      vertex -160 3 3
      vertex -90 6.90499 3
      vertex -139.347 5.94776 3
    endloop
  endfacet
  facet normal 0 0 1
    outer loop
      vertex -160 3 3
      vertex -139.347 5.94776 3
      vertex -140 5.90499 3
    endloop
  endfacet
  facet normal 0 0 1
    outer loop
      vertex -160 3 3
      vertex -145 10.905 3
      vertex -160 18.81 3
    endloop
  endfacet
  facet normal 0 0 1
    outer loop
      vertex -145 10.905 3
      vertex -160 3 3
      vertex -144.957 10.2524 3
    endloop
  endfacet
  facet normal 0 0 1
    outer loop
      vertex -144.957 10.2524 3
      vertex -160 3 3
      vertex -144.83 9.61089 3
    endloop
  endfacet
  facet normal 0 0 1
    outer loop
      vertex -144.83 9.61089 3
      vertex -160 3 3
      vertex -144.619 8.99157 3
    endloop
  endfacet
  facet normal 0 0 1
    outer loop
      vertex -144.619 8.99157 3
      vertex -160 3 3
      vertex -144.33 8.40499 3
    endloop
  endfacet
  facet normal 0 0 1
    outer loop
      vertex -144.33 8.40499 3
      vertex -160 3 3
      vertex -143.967 7.86118 3
    endloop
  endfacet
  facet normal 0 0 1
    outer loop
      vertex -143.967 7.86118 3
      vertex -160 3 3
      vertex -143.536 7.36945 3
    endloop
  endfacet
  facet normal 0 0 1
    outer loop
      vertex -90 6.90499 3
      vertex -160 3 3
      vertex -3 3 3
    endloop
  endfacet
  facet normal 0 0 1
    outer loop
      vertex -140.653 5.94776 3
      vertex -160 3 3
      vertex -140 5.90499 3
    endloop
  endfacet
  facet normal 0 0 1
    outer loop
      vertex -141.294 6.07536 3
      vertex -160 3 3
      vertex -140.653 5.94776 3
    endloop
  endfacet
  facet normal 0 0 1
    outer loop
      vertex -141.913 6.28559 3
      vertex -160 3 3
      vertex -141.294 6.07536 3
    endloop
  endfacet
  facet normal 0 0 1
    outer loop
      vertex -142.5 6.57486 3
      vertex -160 3 3
      vertex -141.913 6.28559 3
    endloop
  endfacet
  facet normal 0 0 1
    outer loop
      vertex -143.044 6.93822 3
      vertex -160 3 3
      vertex -142.5 6.57486 3
    endloop
  endfacet
  facet normal 0 0 1
    outer loop
      vertex -143.536 7.36945 3
      vertex -160 3 3
      vertex -143.044 6.93822 3
    endloop
  endfacet
  facet normal -0 0 1
    outer loop
      vertex -35.0428 238.442 3
      vertex -17 231.19 3
      vertex -35 239.095 3
    endloop
  endfacet
  facet normal -0 0 1
    outer loop
      vertex -35.1704 237.801 3
      vertex -17 231.19 3
      vertex -35.0428 238.442 3
    endloop
  endfacet
  facet normal -0 0 1
    outer loop
      vertex -35.3806 237.182 3
      vertex -17 231.19 3
      vertex -35.1704 237.801 3
    endloop
  endfacet
  facet normal -0 0 1
    outer loop
      vertex -35.6699 236.595 3
      vertex -17 231.19 3
      vertex -35.3806 237.182 3
    endloop
  endfacet
  facet normal -0 0 1
    outer loop
      vertex -36.0332 236.051 3
      vertex -17 231.19 3
      vertex -35.6699 236.595 3
    endloop
  endfacet
  facet normal -0 0 1
    outer loop
      vertex -36.4645 235.559 3
      vertex -17 231.19 3
      vertex -36.0332 236.051 3
    endloop
  endfacet
  facet normal -0 0 1
    outer loop
      vertex -36.9562 235.128 3
      vertex -17 231.19 3
      vertex -36.4645 235.559 3
    endloop
  endfacet
  facet normal -0 0 1
    outer loop
      vertex -37.5 234.765 3
      vertex -17 231.19 3
      vertex -36.9562 235.128 3
    endloop
  endfacet
  facet normal -0 0 1
    outer loop
      vertex -38.0866 234.476 3
      vertex -17 231.19 3
      vertex -37.5 234.765 3
    endloop
  endfacet
  facet normal -0 0 1
    outer loop
      vertex -38.7059 234.265 3
      vertex -17 231.19 3
      vertex -38.0866 234.476 3
    endloop
  endfacet
  facet normal -0 0 1
    outer loop
      vertex -39.3474 234.138 3
      vertex -17 231.19 3
      vertex -38.7059 234.265 3
    endloop
  endfacet
  facet normal -0 0 1
    outer loop
      vertex -40 234.095 3
      vertex -17 231.19 3
      vertex -39.3474 234.138 3
    endloop
  endfacet
  facet normal 0 0 1
    outer loop
      vertex -40.6526 234.138 3
      vertex -17 231.19 3
      vertex -40 234.095 3
    endloop
  endfacet
  facet normal -0 0 1
    outer loop
      vertex -86 239.095 3
      vertex -44.9572 238.442 3
      vertex -45 239.095 3
    endloop
  endfacet
  facet normal -0 0 1
    outer loop
      vertex -86.0342 238.573 3
      vertex -44.9572 238.442 3
      vertex -86 239.095 3
    endloop
  endfacet
  facet normal 0 0 1
    outer loop
      vertex -44.9572 238.442 3
      vertex -86.0342 238.573 3
      vertex -44.8296 237.801 3
    endloop
  endfacet
  facet normal -0 0 1
    outer loop
      vertex -86.1363 238.06 3
      vertex -44.8296 237.801 3
      vertex -86.0342 238.573 3
    endloop
  endfacet
  facet normal 0 0 1
    outer loop
      vertex -86.3045 237.564 3
      vertex -44.8296 237.801 3
      vertex -86.1363 238.06 3
    endloop
  endfacet
  facet normal 0 0 1
    outer loop
      vertex -44.8296 237.801 3
      vertex -86.3045 237.564 3
      vertex -44.6194 237.182 3
    endloop
  endfacet
  facet normal 0 0 1
    outer loop
      vertex -86.5359 237.095 3
      vertex -44.6194 237.182 3
      vertex -86.3045 237.564 3
    endloop
  endfacet
  facet normal 0 0 1
    outer loop
      vertex -44.6194 237.182 3
      vertex -86.5359 237.095 3
      vertex -44.3301 236.595 3
    endloop
  endfacet
  facet normal -0 0 1
    outer loop
      vertex -86.8266 236.66 3
      vertex -44.3301 236.595 3
      vertex -86.5359 237.095 3
    endloop
  endfacet
  facet normal 0 0 1
    outer loop
      vertex -44.3301 236.595 3
      vertex -86.8266 236.66 3
      vertex -43.9668 236.051 3
    endloop
  endfacet
  facet normal -0 0 1
    outer loop
      vertex -87.1716 236.267 3
      vertex -43.9668 236.051 3
      vertex -86.8266 236.66 3
    endloop
  endfacet
  facet normal 0 0 1
    outer loop
      vertex -43.9668 236.051 3
      vertex -87.1716 236.267 3
      vertex -43.5355 235.559 3
    endloop
  endfacet
  facet normal -0 0 1
    outer loop
      vertex -87.565 235.922 3
      vertex -43.5355 235.559 3
      vertex -87.1716 236.267 3
    endloop
  endfacet
  facet normal 0 0 1
    outer loop
      vertex -43.5355 235.559 3
      vertex -87.565 235.922 3
      vertex -43.0438 235.128 3
    endloop
  endfacet
  facet normal -0 0 1
    outer loop
      vertex -88 235.631 3
      vertex -43.0438 235.128 3
      vertex -87.565 235.922 3
    endloop
  endfacet
  facet normal 0 0 1
    outer loop
      vertex -43.0438 235.128 3
      vertex -88 235.631 3
      vertex -42.5 234.765 3
    endloop
  endfacet
  facet normal -0 0 1
    outer loop
      vertex -88.4693 235.399 3
      vertex -42.5 234.765 3
      vertex -88 235.631 3
    endloop
  endfacet
  facet normal 0 0 1
    outer loop
      vertex -42.5 234.765 3
      vertex -88.4693 235.399 3
      vertex -41.9134 234.476 3
    endloop
  endfacet
  facet normal -0 0 1
    outer loop
      vertex -88.9647 235.231 3
      vertex -41.9134 234.476 3
      vertex -88.4693 235.399 3
    endloop
  endfacet
  facet normal 0 0 1
    outer loop
      vertex -41.9134 234.476 3
      vertex -88.9647 235.231 3
      vertex -41.2941 234.265 3
    endloop
  endfacet
  facet normal -0 0 1
    outer loop
      vertex -89.4779 235.129 3
      vertex -41.2941 234.265 3
      vertex -88.9647 235.231 3
    endloop
  endfacet
  facet normal 0 0 1
    outer loop
      vertex -41.2941 234.265 3
      vertex -89.4779 235.129 3
      vertex -40.6526 234.138 3
    endloop
  endfacet
  facet normal -0 0 1
    outer loop
      vertex -90 235.095 3
      vertex -40.6526 234.138 3
      vertex -89.4779 235.129 3
    endloop
  endfacet
  facet normal 0 0 1
    outer loop
      vertex -40.6526 234.138 3
      vertex -90 235.095 3
      vertex -17 231.19 3
    endloop
  endfacet
  facet normal -0 0 1
    outer loop
      vertex -135 239.095 3
      vertex -93.9658 238.573 3
      vertex -94 239.095 3
    endloop
  endfacet
  facet normal 0 0 1
    outer loop
      vertex -135.043 238.442 3
      vertex -93.9658 238.573 3
      vertex -135 239.095 3
    endloop
  endfacet
  facet normal 0 0 1
    outer loop
      vertex -93.9658 238.573 3
      vertex -135.043 238.442 3
      vertex -93.8637 238.06 3
    endloop
  endfacet
  facet normal 0 0 1
    outer loop
      vertex -135.17 237.801 3
      vertex -93.8637 238.06 3
      vertex -135.043 238.442 3
    endloop
  endfacet
  facet normal 0 0 1
    outer loop
      vertex -93.8637 238.06 3
      vertex -135.17 237.801 3
      vertex -93.6955 237.564 3
    endloop
  endfacet
  facet normal 0 0 1
    outer loop
      vertex -135.381 237.182 3
      vertex -93.6955 237.564 3
      vertex -135.17 237.801 3
    endloop
  endfacet
  facet normal 0 0 1
    outer loop
      vertex -93.6955 237.564 3
      vertex -135.381 237.182 3
      vertex -93.4641 237.095 3
    endloop
  endfacet
  facet normal 0 0 1
    outer loop
      vertex -135.67 236.595 3
      vertex -93.4641 237.095 3
      vertex -135.381 237.182 3
    endloop
  endfacet
  facet normal 0 0 1
    outer loop
      vertex -93.4641 237.095 3
      vertex -135.67 236.595 3
      vertex -93.1734 236.66 3
    endloop
  endfacet
  facet normal 0 0 1
    outer loop
      vertex -136.033 236.051 3
      vertex -93.1734 236.66 3
      vertex -135.67 236.595 3
    endloop
  endfacet
  facet normal 0 0 1
    outer loop
      vertex -93.1734 236.66 3
      vertex -136.033 236.051 3
      vertex -92.8284 236.267 3
    endloop
  endfacet
  facet normal 0 0 1
    outer loop
      vertex -136.464 235.559 3
      vertex -92.8284 236.267 3
      vertex -136.033 236.051 3
    endloop
  endfacet
  facet normal 0 0 1
    outer loop
      vertex -92.8284 236.267 3
      vertex -136.464 235.559 3
      vertex -92.435 235.922 3
    endloop
  endfacet
  facet normal 0 0 1
    outer loop
      vertex -136.956 235.128 3
      vertex -92.435 235.922 3
      vertex -136.464 235.559 3
    endloop
  endfacet
  facet normal 0 0 1
    outer loop
      vertex -92.435 235.922 3
      vertex -136.956 235.128 3
      vertex -92 235.631 3
    endloop
  endfacet
  facet normal 0 0 1
    outer loop
      vertex -137.5 234.765 3
      vertex -92 235.631 3
      vertex -136.956 235.128 3
    endloop
  endfacet
  facet normal 0 0 1
    outer loop
      vertex -92 235.631 3
      vertex -137.5 234.765 3
      vertex -91.5307 235.399 3
    endloop
  endfacet
  facet normal 0 0 1
    outer loop
      vertex -138.087 234.476 3
      vertex -91.5307 235.399 3
      vertex -137.5 234.765 3
    endloop
  endfacet
  facet normal 0 0 1
    outer loop
      vertex -91.5307 235.399 3
      vertex -138.087 234.476 3
      vertex -91.0353 235.231 3
    endloop
  endfacet
  facet normal 0 0 1
    outer loop
      vertex -138.706 234.265 3
      vertex -91.0353 235.231 3
      vertex -138.087 234.476 3
    endloop
  endfacet
  facet normal 0 0 1
    outer loop
      vertex -91.0353 235.231 3
      vertex -138.706 234.265 3
      vertex -90.5221 235.129 3
    endloop
  endfacet
  facet normal 0 0 1
    outer loop
      vertex -139.347 234.138 3
      vertex -90.5221 235.129 3
      vertex -138.706 234.265 3
    endloop
  endfacet
  facet normal 0 0 1
    outer loop
      vertex -90.5221 235.129 3
      vertex -139.347 234.138 3
      vertex -90 235.095 3
    endloop
  endfacet
  facet normal 0 0 1
    outer loop
      vertex -160 231.19 3
      vertex -90 235.095 3
      vertex -139.347 234.138 3
    endloop
  endfacet
  facet normal 0 0 1
    outer loop
      vertex -160 231.19 3
      vertex -139.347 234.138 3
      vertex -140 234.095 3
    endloop
  endfacet
  facet normal 0 0 1
    outer loop
      vertex -160 231.19 3
      vertex -145 239.095 3
      vertex -160 247 3
    endloop
  endfacet
  facet normal 0 0 1
    outer loop
      vertex -145 239.095 3
      vertex -160 231.19 3
      vertex -144.957 238.442 3
    endloop
  endfacet
  facet normal 0 0 1
    outer loop
      vertex -144.957 238.442 3
      vertex -160 231.19 3
      vertex -144.83 237.801 3
    endloop
  endfacet
  facet normal 0 0 1
    outer loop
      vertex -144.83 237.801 3
      vertex -160 231.19 3
      vertex -144.619 237.182 3
    endloop
  endfacet
  facet normal 0 0 1
    outer loop
      vertex -144.619 237.182 3
      vertex -160 231.19 3
      vertex -144.33 236.595 3
    endloop
  endfacet
  facet normal 0 0 1
    outer loop
      vertex -144.33 236.595 3
      vertex -160 231.19 3
      vertex -143.967 236.051 3
    endloop
  endfacet
  facet normal 0 0 1
    outer loop
      vertex -143.967 236.051 3
      vertex -160 231.19 3
      vertex -143.536 235.559 3
    endloop
  endfacet
  facet normal 0 0 1
    outer loop
      vertex -90 235.095 3
      vertex -160 231.19 3
      vertex -17 231.19 3
    endloop
  endfacet
  facet normal 0 0 1
    outer loop
      vertex -140.653 234.138 3
      vertex -160 231.19 3
      vertex -140 234.095 3
    endloop
  endfacet
  facet normal 0 0 1
    outer loop
      vertex -141.294 234.265 3
      vertex -160 231.19 3
      vertex -140.653 234.138 3
    endloop
  endfacet
  facet normal 0 0 1
    outer loop
      vertex -141.913 234.476 3
      vertex -160 231.19 3
      vertex -141.294 234.265 3
    endloop
  endfacet
  facet normal 0 0 1
    outer loop
      vertex -142.5 234.765 3
      vertex -160 231.19 3
      vertex -141.913 234.476 3
    endloop
  endfacet
  facet normal 0 0 1
    outer loop
      vertex -143.044 235.128 3
      vertex -160 231.19 3
      vertex -142.5 234.765 3
    endloop
  endfacet
  facet normal 0 0 1
    outer loop
      vertex -143.536 235.559 3
      vertex -160 231.19 3
      vertex -143.044 235.128 3
    endloop
  endfacet
  facet normal -0 0 1
    outer loop
      vertex -177 135.971 3
      vertex -166.7 20.1994 3
      vertex -166.5 135.971 3
    endloop
  endfacet
  facet normal 0 0 1
    outer loop
      vertex -166.7 20.1994 3
      vertex -177 135.971 3
      vertex -177 20.1994 3
    endloop
  endfacet
  facet normal -0 0 1
    outer loop
      vertex -177 142.491 3
      vertex -166.5 138.289 3
      vertex -166.5 142.491 3
    endloop
  endfacet
  facet normal 0 0 1
    outer loop
      vertex -166.5 138.289 3
      vertex -177 142.491 3
      vertex -177 138.289 3
    endloop
  endfacet
  facet normal -0 0 1
    outer loop
      vertex -177 149.01 3
      vertex -166.5 144.809 3
      vertex -166.5 149.01 3
    endloop
  endfacet
  facet normal 0 0 1
    outer loop
      vertex -166.5 144.809 3
      vertex -177 149.01 3
      vertex -177 144.809 3
    endloop
  endfacet
  facet normal 0 0 1
    outer loop
      vertex -166.5 149.01 3
      vertex -163 247 3
      vertex -166.5 151.328 3
    endloop
  endfacet
  facet normal 0 0 1
    outer loop
      vertex -170.015 239.772 3
      vertex -163 247 3
      vertex -170 240 3
    endloop
  endfacet
  facet normal 0 0 1
    outer loop
      vertex -163 247 3
      vertex -170.015 240.228 3
      vertex -170 240 3
    endloop
  endfacet
  facet normal 0 0 1
    outer loop
      vertex -163 247 3
      vertex -170.06 240.453 3
      vertex -170.015 240.228 3
    endloop
  endfacet
  facet normal 0 0 1
    outer loop
      vertex -163 247 3
      vertex -170.133 240.67 3
      vertex -170.06 240.453 3
    endloop
  endfacet
  facet normal 0 0 1
    outer loop
      vertex -163 247 3
      vertex -170.234 240.875 3
      vertex -170.133 240.67 3
    endloop
  endfacet
  facet normal 0 0 1
    outer loop
      vertex -163 247 3
      vertex -170.362 241.065 3
      vertex -170.234 240.875 3
    endloop
  endfacet
  facet normal 0 0 1
    outer loop
      vertex -163 247 3
      vertex -170.513 241.237 3
      vertex -170.362 241.065 3
    endloop
  endfacet
  facet normal 0 0 1
    outer loop
      vertex -163 247 3
      vertex -170.685 241.388 3
      vertex -170.513 241.237 3
    endloop
  endfacet
  facet normal 0 0 1
    outer loop
      vertex -163 247 3
      vertex -170.875 241.516 3
      vertex -170.685 241.388 3
    endloop
  endfacet
  facet normal 0 0 1
    outer loop
      vertex -163 247 3
      vertex -171.08 241.617 3
      vertex -170.875 241.516 3
    endloop
  endfacet
  facet normal 0 0 1
    outer loop
      vertex -163 247 3
      vertex -171.297 241.69 3
      vertex -171.08 241.617 3
    endloop
  endfacet
  facet normal 0 0 1
    outer loop
      vertex -163 247 3
      vertex -171.522 241.735 3
      vertex -171.297 241.69 3
    endloop
  endfacet
  facet normal -0 0 1
    outer loop
      vertex -177 247 3
      vertex -171.522 241.735 3
      vertex -163 247 3
    endloop
  endfacet
  facet normal 0 0 1
    outer loop
      vertex -171.522 241.735 3
      vertex -177 247 3
      vertex -171.75 241.75 3
    endloop
  endfacet
  facet normal 0 0 1
    outer loop
      vertex -171.75 241.75 3
      vertex -177 247 3
      vertex -171.978 241.735 3
    endloop
  endfacet
  facet normal 0 0 1
    outer loop
      vertex -171.978 241.735 3
      vertex -177 247 3
      vertex -172.203 241.69 3
    endloop
  endfacet
  facet normal 0 0 1
    outer loop
      vertex -172.203 241.69 3
      vertex -177 247 3
      vertex -172.42 241.617 3
    endloop
  endfacet
  facet normal 0 0 1
    outer loop
      vertex -173.485 240.228 3
      vertex -177 247 3
      vertex -173.5 240 3
    endloop
  endfacet
  facet normal 0 0 1
    outer loop
      vertex -173.44 240.453 3
      vertex -177 247 3
      vertex -173.485 240.228 3
    endloop
  endfacet
  facet normal 0 0 1
    outer loop
      vertex -173.367 240.67 3
      vertex -177 247 3
      vertex -173.44 240.453 3
    endloop
  endfacet
  facet normal 0 0 1
    outer loop
      vertex -173.266 240.875 3
      vertex -177 247 3
      vertex -173.367 240.67 3
    endloop
  endfacet
  facet normal 0 0 1
    outer loop
      vertex -173.138 241.065 3
      vertex -177 247 3
      vertex -173.266 240.875 3
    endloop
  endfacet
  facet normal 0 0 1
    outer loop
      vertex -172.987 241.237 3
      vertex -177 247 3
      vertex -173.138 241.065 3
    endloop
  endfacet
  facet normal 0 0 1
    outer loop
      vertex -172.815 241.388 3
      vertex -177 247 3
      vertex -172.987 241.237 3
    endloop
  endfacet
  facet normal 0 0 1
    outer loop
      vertex -172.625 241.516 3
      vertex -177 247 3
      vertex -172.815 241.388 3
    endloop
  endfacet
  facet normal 0 0 1
    outer loop
      vertex -172.42 241.617 3
      vertex -177 247 3
      vertex -172.625 241.516 3
    endloop
  endfacet
  facet normal 0 0 1
    outer loop
      vertex -166.5 144.809 3
      vertex -163 247 3
      vertex -166.5 149.01 3
    endloop
  endfacet
  facet normal 0 0 1
    outer loop
      vertex -163 247 3
      vertex -166.5 144.809 3
      vertex -163 3 3
    endloop
  endfacet
  facet normal -0 0 1
    outer loop
      vertex -166.5 142.491 3
      vertex -163 3 3
      vertex -166.5 144.809 3
    endloop
  endfacet
  facet normal -0 0 1
    outer loop
      vertex -166.5 138.289 3
      vertex -163 3 3
      vertex -166.5 142.491 3
    endloop
  endfacet
  facet normal -0 0 1
    outer loop
      vertex -166.5 135.971 3
      vertex -163 3 3
      vertex -166.5 138.289 3
    endloop
  endfacet
  facet normal -0 0 1
    outer loop
      vertex -166.7 20.1994 3
      vertex -163 3 3
      vertex -166.5 135.971 3
    endloop
  endfacet
  facet normal 0 0 1
    outer loop
      vertex -163 3 3
      vertex -166.7 20.1994 3
      vertex -166.7 3 3
    endloop
  endfacet
  facet normal 0 0 1
    outer loop
      vertex -170.06 239.547 3
      vertex -163 247 3
      vertex -170.015 239.772 3
    endloop
  endfacet
  facet normal 0 0 1
    outer loop
      vertex -170.133 239.33 3
      vertex -163 247 3
      vertex -170.06 239.547 3
    endloop
  endfacet
  facet normal 0 0 1
    outer loop
      vertex -170.234 239.125 3
      vertex -163 247 3
      vertex -170.133 239.33 3
    endloop
  endfacet
  facet normal 0 0 1
    outer loop
      vertex -170.362 238.935 3
      vertex -163 247 3
      vertex -170.234 239.125 3
    endloop
  endfacet
  facet normal 0 0 1
    outer loop
      vertex -163 247 3
      vertex -170.362 238.935 3
      vertex -166.5 151.328 3
    endloop
  endfacet
  facet normal -0 0 1
    outer loop
      vertex -170.513 238.763 3
      vertex -166.5 151.328 3
      vertex -170.362 238.935 3
    endloop
  endfacet
  facet normal -0 0 1
    outer loop
      vertex -170.685 238.612 3
      vertex -166.5 151.328 3
      vertex -170.513 238.763 3
    endloop
  endfacet
  facet normal -0 0 1
    outer loop
      vertex -170.875 238.484 3
      vertex -166.5 151.328 3
      vertex -170.685 238.612 3
    endloop
  endfacet
  facet normal -0 0 1
    outer loop
      vertex -171.08 238.383 3
      vertex -166.5 151.328 3
      vertex -170.875 238.484 3
    endloop
  endfacet
  facet normal -0 0 1
    outer loop
      vertex -171.297 238.31 3
      vertex -166.5 151.328 3
      vertex -171.08 238.383 3
    endloop
  endfacet
  facet normal -0 0 1
    outer loop
      vertex -171.522 238.265 3
      vertex -166.5 151.328 3
      vertex -171.297 238.31 3
    endloop
  endfacet
  facet normal -0 0 1
    outer loop
      vertex -171.75 238.25 3
      vertex -166.5 151.328 3
      vertex -171.522 238.265 3
    endloop
  endfacet
  facet normal 0 0 1
    outer loop
      vertex -177 151.328 3
      vertex -171.75 238.25 3
      vertex -171.978 238.265 3
    endloop
  endfacet
  facet normal 0 0 1
    outer loop
      vertex -177 151.328 3
      vertex -171.978 238.265 3
      vertex -172.203 238.31 3
    endloop
  endfacet
  facet normal 0 0 1
    outer loop
      vertex -177 151.328 3
      vertex -172.203 238.31 3
      vertex -172.42 238.383 3
    endloop
  endfacet
  facet normal 0 0 1
    outer loop
      vertex -177 151.328 3
      vertex -172.42 238.383 3
      vertex -172.625 238.484 3
    endloop
  endfacet
  facet normal 0 0 1
    outer loop
      vertex -177 151.328 3
      vertex -172.625 238.484 3
      vertex -172.815 238.612 3
    endloop
  endfacet
  facet normal 0 0 1
    outer loop
      vertex -177 151.328 3
      vertex -172.815 238.612 3
      vertex -172.987 238.763 3
    endloop
  endfacet
  facet normal 0 0 1
    outer loop
      vertex -177 151.328 3
      vertex -172.987 238.763 3
      vertex -173.138 238.935 3
    endloop
  endfacet
  facet normal 0 0 1
    outer loop
      vertex -177 151.328 3
      vertex -173.138 238.935 3
      vertex -173.266 239.125 3
    endloop
  endfacet
  facet normal 0 0 1
    outer loop
      vertex -177 151.328 3
      vertex -173.266 239.125 3
      vertex -173.367 239.33 3
    endloop
  endfacet
  facet normal 0 0 1
    outer loop
      vertex -177 247 3
      vertex -173.367 239.33 3
      vertex -173.44 239.547 3
    endloop
  endfacet
  facet normal 0 0 1
    outer loop
      vertex -177 247 3
      vertex -173.44 239.547 3
      vertex -173.485 239.772 3
    endloop
  endfacet
  facet normal 0 0 1
    outer loop
      vertex -177 247 3
      vertex -173.485 239.772 3
      vertex -173.5 240 3
    endloop
  endfacet
  facet normal 0 0 1
    outer loop
      vertex -173.367 239.33 3
      vertex -177 247 3
      vertex -177 151.328 3
    endloop
  endfacet
  facet normal 0 0 1
    outer loop
      vertex -171.75 238.25 3
      vertex -177 151.328 3
      vertex -166.5 151.328 3
    endloop
  endfacet
  facet normal -1 0 0
    outer loop
      vertex -163 0 0
      vertex -163 0 1.5
      vertex -163 1.5 0
    endloop
  endfacet
  facet normal -1 0 0
    outer loop
      vertex -163 248.5 0
      vertex -163 250 1.5
      vertex -163 250 0
    endloop
  endfacet
  facet normal -1 0 0
    outer loop
      vertex -163 247 3
      vertex -163 231.2 29
      vertex -163 247 32
    endloop
  endfacet
  facet normal -1 0 0
    outer loop
      vertex -163 217.427 16.8012
      vertex -163 231.2 29
      vertex -163 247 3
    endloop
  endfacet
  facet normal -1 0 0
    outer loop
      vertex -163 231.2 29
      vertex -163 217.496 17.1476
      vertex -163 217.519 17.5
    endloop
  endfacet
  facet normal -1 0 0
    outer loop
      vertex -163 231.2 29
      vertex -163 217.427 16.8012
      vertex -163 217.496 17.1476
    endloop
  endfacet
  facet normal -1 0 0
    outer loop
      vertex -163 247 3
      vertex -163 217.314 16.4668
      vertex -163 217.427 16.8012
    endloop
  endfacet
  facet normal -1 0 0
    outer loop
      vertex -163 247 3
      vertex -163 217.157 16.15
      vertex -163 217.314 16.4668
    endloop
  endfacet
  facet normal -1 0 0
    outer loop
      vertex -163 247 3
      vertex -163 216.961 15.8563
      vertex -163 217.157 16.15
    endloop
  endfacet
  facet normal -1 0 0
    outer loop
      vertex -163 247 3
      vertex -163 216.728 15.5908
      vertex -163 216.961 15.8563
    endloop
  endfacet
  facet normal -1 0 0
    outer loop
      vertex -163 247 3
      vertex -163 216.463 15.3579
      vertex -163 216.728 15.5908
    endloop
  endfacet
  facet normal -1 0 0
    outer loop
      vertex -163 247 3
      vertex -163 216.169 15.1617
      vertex -163 216.463 15.3579
    endloop
  endfacet
  facet normal -1 0 0
    outer loop
      vertex -163 247 3
      vertex -163 215.852 15.0055
      vertex -163 216.169 15.1617
    endloop
  endfacet
  facet normal -1 0 0
    outer loop
      vertex -163 247 3
      vertex -163 215.518 14.892
      vertex -163 215.852 15.0055
    endloop
  endfacet
  facet normal -1 0 0
    outer loop
      vertex -163 247 3
      vertex -163 215.171 14.8231
      vertex -163 215.518 14.892
    endloop
  endfacet
  facet normal -1 0 0
    outer loop
      vertex -163 247 3
      vertex -163 214.819 14.8
      vertex -163 215.171 14.8231
    endloop
  endfacet
  facet normal -1 0 0
    outer loop
      vertex -163 247 3
      vertex -163 214.467 14.8231
      vertex -163 214.819 14.8
    endloop
  endfacet
  facet normal -1 0 0
    outer loop
      vertex -163 195.171 14.8231
      vertex -163 214.467 14.8231
      vertex -163 247 3
    endloop
  endfacet
  facet normal -1 0 0
    outer loop
      vertex -163 214.467 14.8231
      vertex -163 195.171 14.8231
      vertex -163 214.12 14.892
    endloop
  endfacet
  facet normal -1 0 0
    outer loop
      vertex -163 212.119 17.5
      vertex -163 197.519 17.5
      vertex -163 212.119 29
    endloop
  endfacet
  facet normal -1 0 0
    outer loop
      vertex -163 212.142 17.1476
      vertex -163 197.519 17.5
      vertex -163 212.119 17.5
    endloop
  endfacet
  facet normal -1 0 0
    outer loop
      vertex -163 197.496 17.1476
      vertex -163 212.142 17.1476
      vertex -163 212.211 16.8012
    endloop
  endfacet
  facet normal -1 0 0
    outer loop
      vertex -163 197.427 16.8012
      vertex -163 212.211 16.8012
      vertex -163 212.325 16.4668
    endloop
  endfacet
  facet normal -1 0 0
    outer loop
      vertex -163 197.314 16.4668
      vertex -163 212.325 16.4668
      vertex -163 212.481 16.15
    endloop
  endfacet
  facet normal -1 0 0
    outer loop
      vertex -163 197.157 16.15
      vertex -163 212.481 16.15
      vertex -163 212.677 15.8563
    endloop
  endfacet
  facet normal -1 0 0
    outer loop
      vertex -163 196.961 15.8563
      vertex -163 212.677 15.8563
      vertex -163 212.91 15.5908
    endloop
  endfacet
  facet normal -1 0 0
    outer loop
      vertex -163 196.728 15.5908
      vertex -163 212.91 15.5908
      vertex -163 213.175 15.3579
    endloop
  endfacet
  facet normal -1 0 0
    outer loop
      vertex -163 196.463 15.3579
      vertex -163 213.175 15.3579
      vertex -163 213.469 15.1617
    endloop
  endfacet
  facet normal -1 0 0
    outer loop
      vertex -163 196.169 15.1617
      vertex -163 213.469 15.1617
      vertex -163 213.786 15.0055
    endloop
  endfacet
  facet normal -1 0 -0
    outer loop
      vertex -163 195.518 14.892
      vertex -163 214.12 14.892
      vertex -163 195.171 14.8231
    endloop
  endfacet
  facet normal -1 0 0
    outer loop
      vertex -163 212.142 17.1476
      vertex -163 197.496 17.1476
      vertex -163 197.519 17.5
    endloop
  endfacet
  facet normal -1 0 0
    outer loop
      vertex -163 212.211 16.8012
      vertex -163 197.427 16.8012
      vertex -163 197.496 17.1476
    endloop
  endfacet
  facet normal -1 0 0
    outer loop
      vertex -163 212.325 16.4668
      vertex -163 197.314 16.4668
      vertex -163 197.427 16.8012
    endloop
  endfacet
  facet normal -1 0 0
    outer loop
      vertex -163 212.481 16.15
      vertex -163 197.157 16.15
      vertex -163 197.314 16.4668
    endloop
  endfacet
  facet normal -1 0 0
    outer loop
      vertex -163 212.677 15.8563
      vertex -163 196.961 15.8563
      vertex -163 197.157 16.15
    endloop
  endfacet
  facet normal -1 0 0
    outer loop
      vertex -163 212.91 15.5908
      vertex -163 196.728 15.5908
      vertex -163 196.961 15.8563
    endloop
  endfacet
  facet normal -1 0 0
    outer loop
      vertex -163 213.175 15.3579
      vertex -163 196.463 15.3579
      vertex -163 196.728 15.5908
    endloop
  endfacet
  facet normal -1 0 0
    outer loop
      vertex -163 213.469 15.1617
      vertex -163 196.169 15.1617
      vertex -163 196.463 15.3579
    endloop
  endfacet
  facet normal -1 0 0
    outer loop
      vertex -163 213.786 15.0055
      vertex -163 195.852 15.0055
      vertex -163 196.169 15.1617
    endloop
  endfacet
  facet normal -1 -0 0
    outer loop
      vertex -163 213.786 15.0055
      vertex -163 195.518 14.892
      vertex -163 195.852 15.0055
    endloop
  endfacet
  facet normal -1 0 0
    outer loop
      vertex -163 214.12 14.892
      vertex -163 195.518 14.892
      vertex -163 213.786 15.0055
    endloop
  endfacet
  facet normal -1 0 0
    outer loop
      vertex -163 247 3
      vertex -163 194.819 14.8
      vertex -163 195.171 14.8231
    endloop
  endfacet
  facet normal -1 0 0
    outer loop
      vertex -163 247 3
      vertex -163 194.467 14.8231
      vertex -163 194.819 14.8
    endloop
  endfacet
  facet normal -1 0 0
    outer loop
      vertex -163 175.171 14.8231
      vertex -163 194.467 14.8231
      vertex -163 247 3
    endloop
  endfacet
  facet normal -1 0 0
    outer loop
      vertex -163 192.119 17.5
      vertex -163 177.519 17.5
      vertex -163 192.119 29
    endloop
  endfacet
  facet normal -1 0 0
    outer loop
      vertex -163 192.142 17.1476
      vertex -163 177.519 17.5
      vertex -163 192.119 17.5
    endloop
  endfacet
  facet normal -1 0 0
    outer loop
      vertex -163 177.496 17.1476
      vertex -163 192.142 17.1476
      vertex -163 192.211 16.8012
    endloop
  endfacet
  facet normal -1 0 0
    outer loop
      vertex -163 177.427 16.8012
      vertex -163 192.211 16.8012
      vertex -163 192.325 16.4668
    endloop
  endfacet
  facet normal -1 0 0
    outer loop
      vertex -163 177.314 16.4668
      vertex -163 192.325 16.4668
      vertex -163 192.481 16.15
    endloop
  endfacet
  facet normal -1 0 0
    outer loop
      vertex -163 177.157 16.15
      vertex -163 192.481 16.15
      vertex -163 192.677 15.8563
    endloop
  endfacet
  facet normal -1 0 0
    outer loop
      vertex -163 176.961 15.8563
      vertex -163 192.677 15.8563
      vertex -163 192.91 15.5908
    endloop
  endfacet
  facet normal -1 0 0
    outer loop
      vertex -163 176.728 15.5908
      vertex -163 192.91 15.5908
      vertex -163 193.175 15.3579
    endloop
  endfacet
  facet normal -1 0 0
    outer loop
      vertex -163 176.463 15.3579
      vertex -163 193.175 15.3579
      vertex -163 193.469 15.1617
    endloop
  endfacet
  facet normal -1 0 0
    outer loop
      vertex -163 176.169 15.1617
      vertex -163 193.469 15.1617
      vertex -163 193.786 15.0055
    endloop
  endfacet
  facet normal -1 0 0
    outer loop
      vertex -163 175.852 15.0055
      vertex -163 193.786 15.0055
      vertex -163 194.12 14.892
    endloop
  endfacet
  facet normal -1 0 0
    outer loop
      vertex -163 194.467 14.8231
      vertex -163 175.171 14.8231
      vertex -163 194.12 14.892
    endloop
  endfacet
  facet normal -1 0 0
    outer loop
      vertex -163 192.142 17.1476
      vertex -163 177.496 17.1476
      vertex -163 177.519 17.5
    endloop
  endfacet
  facet normal -1 0 0
    outer loop
      vertex -163 192.211 16.8012
      vertex -163 177.427 16.8012
      vertex -163 177.496 17.1476
    endloop
  endfacet
  facet normal -1 0 0
    outer loop
      vertex -163 192.325 16.4668
      vertex -163 177.314 16.4668
      vertex -163 177.427 16.8012
    endloop
  endfacet
  facet normal -1 0 0
    outer loop
      vertex -163 192.481 16.15
      vertex -163 177.157 16.15
      vertex -163 177.314 16.4668
    endloop
  endfacet
  facet normal -1 0 0
    outer loop
      vertex -163 192.677 15.8563
      vertex -163 176.961 15.8563
      vertex -163 177.157 16.15
    endloop
  endfacet
  facet normal -1 0 0
    outer loop
      vertex -163 192.91 15.5908
      vertex -163 176.728 15.5908
      vertex -163 176.961 15.8563
    endloop
  endfacet
  facet normal -1 0 0
    outer loop
      vertex -163 193.175 15.3579
      vertex -163 176.463 15.3579
      vertex -163 176.728 15.5908
    endloop
  endfacet
  facet normal -1 0 0
    outer loop
      vertex -163 193.469 15.1617
      vertex -163 176.169 15.1617
      vertex -163 176.463 15.3579
    endloop
  endfacet
  facet normal -1 0 0
    outer loop
      vertex -163 193.786 15.0055
      vertex -163 175.852 15.0055
      vertex -163 176.169 15.1617
    endloop
  endfacet
  facet normal -1 0 0
    outer loop
      vertex -163 194.12 14.892
      vertex -163 175.518 14.892
      vertex -163 175.852 15.0055
    endloop
  endfacet
  facet normal -1 -0 0
    outer loop
      vertex -163 194.12 14.892
      vertex -163 175.171 14.8231
      vertex -163 175.518 14.892
    endloop
  endfacet
  facet normal -1 0 0
    outer loop
      vertex -163 247 3
      vertex -163 174.819 14.8
      vertex -163 175.171 14.8231
    endloop
  endfacet
  facet normal -1 0 0
    outer loop
      vertex -163 154.819 14.8
      vertex -163 174.819 14.8
      vertex -163 247 3
    endloop
  endfacet
  facet normal -1 0 0
    outer loop
      vertex -163 172.119 17.5
      vertex -163 157.519 17.5
      vertex -163 172.119 29
    endloop
  endfacet
  facet normal -1 0 0
    outer loop
      vertex -163 172.142 17.1476
      vertex -163 157.519 17.5
      vertex -163 172.119 17.5
    endloop
  endfacet
  facet normal -1 0 0
    outer loop
      vertex -163 157.496 17.1476
      vertex -163 172.142 17.1476
      vertex -163 172.211 16.8012
    endloop
  endfacet
  facet normal -1 0 0
    outer loop
      vertex -163 157.427 16.8012
      vertex -163 172.211 16.8012
      vertex -163 172.325 16.4668
    endloop
  endfacet
  facet normal -1 0 0
    outer loop
      vertex -163 157.314 16.4668
      vertex -163 172.325 16.4668
      vertex -163 172.481 16.15
    endloop
  endfacet
  facet normal -1 0 0
    outer loop
      vertex -163 157.157 16.15
      vertex -163 172.481 16.15
      vertex -163 172.677 15.8563
    endloop
  endfacet
  facet normal -1 0 0
    outer loop
      vertex -163 156.961 15.8563
      vertex -163 172.677 15.8563
      vertex -163 172.91 15.5908
    endloop
  endfacet
  facet normal -1 0 0
    outer loop
      vertex -163 156.728 15.5908
      vertex -163 172.91 15.5908
      vertex -163 173.175 15.3579
    endloop
  endfacet
  facet normal -1 0 0
    outer loop
      vertex -163 156.463 15.3579
      vertex -163 173.175 15.3579
      vertex -163 173.469 15.1617
    endloop
  endfacet
  facet normal -1 0 0
    outer loop
      vertex -163 156.169 15.1617
      vertex -163 173.469 15.1617
      vertex -163 173.786 15.0055
    endloop
  endfacet
  facet normal -1 0 0
    outer loop
      vertex -163 155.852 15.0055
      vertex -163 173.786 15.0055
      vertex -163 174.12 14.892
    endloop
  endfacet
  facet normal -1 0 0
    outer loop
      vertex -163 155.518 14.892
      vertex -163 174.12 14.892
      vertex -163 174.467 14.8231
    endloop
  endfacet
  facet normal -1 0 0
    outer loop
      vertex -163 174.819 14.8
      vertex -163 154.819 14.8
      vertex -163 174.467 14.8231
    endloop
  endfacet
  facet normal -1 0 0
    outer loop
      vertex -163 172.142 17.1476
      vertex -163 157.496 17.1476
      vertex -163 157.519 17.5
    endloop
  endfacet
  facet normal -1 0 0
    outer loop
      vertex -163 172.211 16.8012
      vertex -163 157.427 16.8012
      vertex -163 157.496 17.1476
    endloop
  endfacet
  facet normal -1 0 0
    outer loop
      vertex -163 172.325 16.4668
      vertex -163 157.314 16.4668
      vertex -163 157.427 16.8012
    endloop
  endfacet
  facet normal -1 0 0
    outer loop
      vertex -163 172.481 16.15
      vertex -163 157.157 16.15
      vertex -163 157.314 16.4668
    endloop
  endfacet
  facet normal -1 0 0
    outer loop
      vertex -163 172.677 15.8563
      vertex -163 156.961 15.8563
      vertex -163 157.157 16.15
    endloop
  endfacet
  facet normal -1 0 0
    outer loop
      vertex -163 172.91 15.5908
      vertex -163 156.728 15.5908
      vertex -163 156.961 15.8563
    endloop
  endfacet
  facet normal -1 0 0
    outer loop
      vertex -163 173.175 15.3579
      vertex -163 156.463 15.3579
      vertex -163 156.728 15.5908
    endloop
  endfacet
  facet normal -1 0 0
    outer loop
      vertex -163 173.469 15.1617
      vertex -163 156.169 15.1617
      vertex -163 156.463 15.3579
    endloop
  endfacet
  facet normal -1 0 0
    outer loop
      vertex -163 173.786 15.0055
      vertex -163 155.852 15.0055
      vertex -163 156.169 15.1617
    endloop
  endfacet
  facet normal -1 0 0
    outer loop
      vertex -163 174.12 14.892
      vertex -163 155.518 14.892
      vertex -163 155.852 15.0055
    endloop
  endfacet
  facet normal -1 0 0
    outer loop
      vertex -163 174.467 14.8231
      vertex -163 155.171 14.8231
      vertex -163 155.518 14.892
    endloop
  endfacet
  facet normal -1 -0 0
    outer loop
      vertex -163 174.467 14.8231
      vertex -163 154.819 14.8
      vertex -163 155.171 14.8231
    endloop
  endfacet
  facet normal -1 0 0
    outer loop
      vertex -163 134.819 14.8
      vertex -163 154.819 14.8
      vertex -163 247 3
    endloop
  endfacet
  facet normal -1 0 0
    outer loop
      vertex -163 152.119 17.5
      vertex -163 137.519 17.5
      vertex -163 152.119 29
    endloop
  endfacet
  facet normal -1 0 0
    outer loop
      vertex -163 152.142 17.1476
      vertex -163 137.519 17.5
      vertex -163 152.119 17.5
    endloop
  endfacet
  facet normal -1 0 0
    outer loop
      vertex -163 137.496 17.1476
      vertex -163 152.142 17.1476
      vertex -163 152.211 16.8012
    endloop
  endfacet
  facet normal -1 0 0
    outer loop
      vertex -163 137.427 16.8012
      vertex -163 152.211 16.8012
      vertex -163 152.325 16.4668
    endloop
  endfacet
  facet normal -1 0 0
    outer loop
      vertex -163 137.314 16.4668
      vertex -163 152.325 16.4668
      vertex -163 152.481 16.15
    endloop
  endfacet
  facet normal -1 0 0
    outer loop
      vertex -163 137.157 16.15
      vertex -163 152.481 16.15
      vertex -163 152.677 15.8563
    endloop
  endfacet
  facet normal -1 0 0
    outer loop
      vertex -163 136.961 15.8563
      vertex -163 152.677 15.8563
      vertex -163 152.91 15.5908
    endloop
  endfacet
  facet normal -1 0 0
    outer loop
      vertex -163 136.728 15.5908
      vertex -163 152.91 15.5908
      vertex -163 153.175 15.3579
    endloop
  endfacet
  facet normal -1 0 0
    outer loop
      vertex -163 136.463 15.3579
      vertex -163 153.175 15.3579
      vertex -163 153.469 15.1617
    endloop
  endfacet
  facet normal -1 0 0
    outer loop
      vertex -163 136.169 15.1617
      vertex -163 153.469 15.1617
      vertex -163 153.786 15.0055
    endloop
  endfacet
  facet normal -1 0 0
    outer loop
      vertex -163 135.852 15.0055
      vertex -163 153.786 15.0055
      vertex -163 154.12 14.892
    endloop
  endfacet
  facet normal -1 0 0
    outer loop
      vertex -163 135.518 14.892
      vertex -163 154.12 14.892
      vertex -163 154.467 14.8231
    endloop
  endfacet
  facet normal -1 0 0
    outer loop
      vertex -163 152.142 17.1476
      vertex -163 137.496 17.1476
      vertex -163 137.519 17.5
    endloop
  endfacet
  facet normal -1 0 0
    outer loop
      vertex -163 152.211 16.8012
      vertex -163 137.427 16.8012
      vertex -163 137.496 17.1476
    endloop
  endfacet
  facet normal -1 0 0
    outer loop
      vertex -163 154.819 14.8
      vertex -163 134.819 14.8
      vertex -163 154.467 14.8231
    endloop
  endfacet
  facet normal -1 0 0
    outer loop
      vertex -163 152.325 16.4668
      vertex -163 137.314 16.4668
      vertex -163 137.427 16.8012
    endloop
  endfacet
  facet normal -1 0 0
    outer loop
      vertex -163 152.481 16.15
      vertex -163 137.157 16.15
      vertex -163 137.314 16.4668
    endloop
  endfacet
  facet normal -1 0 0
    outer loop
      vertex -163 152.677 15.8563
      vertex -163 136.961 15.8563
      vertex -163 137.157 16.15
    endloop
  endfacet
  facet normal -1 0 0
    outer loop
      vertex -163 152.91 15.5908
      vertex -163 136.728 15.5908
      vertex -163 136.961 15.8563
    endloop
  endfacet
  facet normal -1 0 0
    outer loop
      vertex -163 153.175 15.3579
      vertex -163 136.463 15.3579
      vertex -163 136.728 15.5908
    endloop
  endfacet
  facet normal -1 0 0
    outer loop
      vertex -163 153.469 15.1617
      vertex -163 136.169 15.1617
      vertex -163 136.463 15.3579
    endloop
  endfacet
  facet normal -1 0 0
    outer loop
      vertex -163 153.786 15.0055
      vertex -163 135.852 15.0055
      vertex -163 136.169 15.1617
    endloop
  endfacet
  facet normal -1 0 0
    outer loop
      vertex -163 154.12 14.892
      vertex -163 135.518 14.892
      vertex -163 135.852 15.0055
    endloop
  endfacet
  facet normal -1 0 0
    outer loop
      vertex -163 154.467 14.8231
      vertex -163 135.171 14.8231
      vertex -163 135.518 14.892
    endloop
  endfacet
  facet normal -1 -0 0
    outer loop
      vertex -163 154.467 14.8231
      vertex -163 134.819 14.8
      vertex -163 135.171 14.8231
    endloop
  endfacet
  facet normal -1 0 0
    outer loop
      vertex -163 114.819 14.8
      vertex -163 134.819 14.8
      vertex -163 247 3
    endloop
  endfacet
  facet normal -1 0 0
    outer loop
      vertex -163 132.119 17.5
      vertex -163 117.519 17.5
      vertex -163 132.119 29
    endloop
  endfacet
  facet normal -1 0 0
    outer loop
      vertex -163 132.142 17.1476
      vertex -163 117.519 17.5
      vertex -163 132.119 17.5
    endloop
  endfacet
  facet normal -1 0 0
    outer loop
      vertex -163 117.496 17.1476
      vertex -163 132.142 17.1476
      vertex -163 132.211 16.8012
    endloop
  endfacet
  facet normal -1 0 0
    outer loop
      vertex -163 117.427 16.8012
      vertex -163 132.211 16.8012
      vertex -163 132.325 16.4668
    endloop
  endfacet
  facet normal -1 0 0
    outer loop
      vertex -163 117.314 16.4668
      vertex -163 132.325 16.4668
      vertex -163 132.481 16.15
    endloop
  endfacet
  facet normal -1 0 0
    outer loop
      vertex -163 117.157 16.15
      vertex -163 132.481 16.15
      vertex -163 132.677 15.8563
    endloop
  endfacet
  facet normal -1 0 0
    outer loop
      vertex -163 116.961 15.8563
      vertex -163 132.677 15.8563
      vertex -163 132.91 15.5908
    endloop
  endfacet
  facet normal -1 0 0
    outer loop
      vertex -163 116.728 15.5908
      vertex -163 132.91 15.5908
      vertex -163 133.175 15.3579
    endloop
  endfacet
  facet normal -1 0 0
    outer loop
      vertex -163 116.463 15.3579
      vertex -163 133.175 15.3579
      vertex -163 133.469 15.1617
    endloop
  endfacet
  facet normal -1 0 0
    outer loop
      vertex -163 116.169 15.1617
      vertex -163 133.469 15.1617
      vertex -163 133.786 15.0055
    endloop
  endfacet
  facet normal -1 0 0
    outer loop
      vertex -163 115.852 15.0055
      vertex -163 133.786 15.0055
      vertex -163 134.12 14.892
    endloop
  endfacet
  facet normal -1 0 0
    outer loop
      vertex -163 115.518 14.892
      vertex -163 134.12 14.892
      vertex -163 134.467 14.8231
    endloop
  endfacet
  facet normal -1 0 0
    outer loop
      vertex -163 132.142 17.1476
      vertex -163 117.496 17.1476
      vertex -163 117.519 17.5
    endloop
  endfacet
  facet normal -1 0 0
    outer loop
      vertex -163 132.211 16.8012
      vertex -163 117.427 16.8012
      vertex -163 117.496 17.1476
    endloop
  endfacet
  facet normal -1 0 0
    outer loop
      vertex -163 132.325 16.4668
      vertex -163 117.314 16.4668
      vertex -163 117.427 16.8012
    endloop
  endfacet
  facet normal -1 0 0
    outer loop
      vertex -163 134.819 14.8
      vertex -163 114.819 14.8
      vertex -163 134.467 14.8231
    endloop
  endfacet
  facet normal -1 0 0
    outer loop
      vertex -163 132.481 16.15
      vertex -163 117.157 16.15
      vertex -163 117.314 16.4668
    endloop
  endfacet
  facet normal -1 0 0
    outer loop
      vertex -163 132.677 15.8563
      vertex -163 116.961 15.8563
      vertex -163 117.157 16.15
    endloop
  endfacet
  facet normal -1 0 0
    outer loop
      vertex -163 132.91 15.5908
      vertex -163 116.728 15.5908
      vertex -163 116.961 15.8563
    endloop
  endfacet
  facet normal -1 0 0
    outer loop
      vertex -163 133.175 15.3579
      vertex -163 116.463 15.3579
      vertex -163 116.728 15.5908
    endloop
  endfacet
  facet normal -1 0 0
    outer loop
      vertex -163 133.469 15.1617
      vertex -163 116.169 15.1617
      vertex -163 116.463 15.3579
    endloop
  endfacet
  facet normal -1 0 0
    outer loop
      vertex -163 133.786 15.0055
      vertex -163 115.852 15.0055
      vertex -163 116.169 15.1617
    endloop
  endfacet
  facet normal -1 0 0
    outer loop
      vertex -163 134.12 14.892
      vertex -163 115.518 14.892
      vertex -163 115.852 15.0055
    endloop
  endfacet
  facet normal -1 0 0
    outer loop
      vertex -163 134.467 14.8231
      vertex -163 115.171 14.8231
      vertex -163 115.518 14.892
    endloop
  endfacet
  facet normal -1 -0 0
    outer loop
      vertex -163 134.467 14.8231
      vertex -163 114.819 14.8
      vertex -163 115.171 14.8231
    endloop
  endfacet
  facet normal -1 0 0
    outer loop
      vertex -163 3 3
      vertex -163 114.819 14.8
      vertex -163 247 3
    endloop
  endfacet
  facet normal -1 0 0
    outer loop
      vertex -163 112.119 17.5
      vertex -163 97.5191 17.5
      vertex -163 112.119 29
    endloop
  endfacet
  facet normal -1 0 0
    outer loop
      vertex -163 112.142 17.1476
      vertex -163 97.5191 17.5
      vertex -163 112.119 17.5
    endloop
  endfacet
  facet normal -1 0 0
    outer loop
      vertex -163 97.496 17.1476
      vertex -163 112.142 17.1476
      vertex -163 112.211 16.8012
    endloop
  endfacet
  facet normal -1 0 0
    outer loop
      vertex -163 97.4271 16.8012
      vertex -163 112.211 16.8012
      vertex -163 112.325 16.4668
    endloop
  endfacet
  facet normal -1 0 0
    outer loop
      vertex -163 97.3136 16.4668
      vertex -163 112.325 16.4668
      vertex -163 112.481 16.15
    endloop
  endfacet
  facet normal -1 0 0
    outer loop
      vertex -163 97.1573 16.15
      vertex -163 112.481 16.15
      vertex -163 112.677 15.8563
    endloop
  endfacet
  facet normal -1 0 0
    outer loop
      vertex -163 96.9611 15.8563
      vertex -163 112.677 15.8563
      vertex -163 112.91 15.5908
    endloop
  endfacet
  facet normal -1 0 0
    outer loop
      vertex -163 96.7283 15.5908
      vertex -163 112.91 15.5908
      vertex -163 113.175 15.3579
    endloop
  endfacet
  facet normal -1 0 0
    outer loop
      vertex -163 96.4627 15.3579
      vertex -163 113.175 15.3579
      vertex -163 113.469 15.1617
    endloop
  endfacet
  facet normal -1 0 0
    outer loop
      vertex -163 96.1691 15.1617
      vertex -163 113.469 15.1617
      vertex -163 113.786 15.0055
    endloop
  endfacet
  facet normal -1 0 0
    outer loop
      vertex -163 95.8523 15.0055
      vertex -163 113.786 15.0055
      vertex -163 114.12 14.892
    endloop
  endfacet
  facet normal -1 0 0
    outer loop
      vertex -163 95.5179 14.892
      vertex -163 114.12 14.892
      vertex -163 114.467 14.8231
    endloop
  endfacet
  facet normal -1 0 0
    outer loop
      vertex -163 112.142 17.1476
      vertex -163 97.496 17.1476
      vertex -163 97.5191 17.5
    endloop
  endfacet
  facet normal -1 0 0
    outer loop
      vertex -163 112.211 16.8012
      vertex -163 97.4271 16.8012
      vertex -163 97.496 17.1476
    endloop
  endfacet
  facet normal -1 0 0
    outer loop
      vertex -163 112.325 16.4668
      vertex -163 97.3136 16.4668
      vertex -163 97.4271 16.8012
    endloop
  endfacet
  facet normal -1 0 0
    outer loop
      vertex -163 112.481 16.15
      vertex -163 97.1573 16.15
      vertex -163 97.3136 16.4668
    endloop
  endfacet
  facet normal -1 0 -0
    outer loop
      vertex -163 94.8191 14.8
      vertex -163 114.819 14.8
      vertex -163 3 3
    endloop
  endfacet
  facet normal -1 0 0
    outer loop
      vertex -163 112.677 15.8563
      vertex -163 96.9611 15.8563
      vertex -163 97.1573 16.15
    endloop
  endfacet
  facet normal -1 0 0
    outer loop
      vertex -163 112.91 15.5908
      vertex -163 96.7283 15.5908
      vertex -163 96.9611 15.8563
    endloop
  endfacet
  facet normal -1 0 0
    outer loop
      vertex -163 113.175 15.3579
      vertex -163 96.4627 15.3579
      vertex -163 96.7283 15.5908
    endloop
  endfacet
  facet normal -1 0 0
    outer loop
      vertex -163 113.469 15.1617
      vertex -163 96.1691 15.1617
      vertex -163 96.4627 15.3579
    endloop
  endfacet
  facet normal -1 0 0
    outer loop
      vertex -163 113.786 15.0055
      vertex -163 95.8523 15.0055
      vertex -163 96.1691 15.1617
    endloop
  endfacet
  facet normal -1 0 0
    outer loop
      vertex -163 114.12 14.892
      vertex -163 95.5179 14.892
      vertex -163 95.8523 15.0055
    endloop
  endfacet
  facet normal -1 0 0
    outer loop
      vertex -163 114.467 14.8231
      vertex -163 95.1715 14.8231
      vertex -163 95.5179 14.892
    endloop
  endfacet
  facet normal -1 -0 0
    outer loop
      vertex -163 114.467 14.8231
      vertex -163 94.8191 14.8
      vertex -163 95.1715 14.8231
    endloop
  endfacet
  facet normal -1 0 0
    outer loop
      vertex -163 114.819 14.8
      vertex -163 94.8191 14.8
      vertex -163 114.467 14.8231
    endloop
  endfacet
  facet normal -1 0 0
    outer loop
      vertex -163 92.1191 17.5
      vertex -163 77.5191 17.5
      vertex -163 92.1191 29
    endloop
  endfacet
  facet normal -1 0 0
    outer loop
      vertex -163 92.1422 17.1476
      vertex -163 77.5191 17.5
      vertex -163 92.1191 17.5
    endloop
  endfacet
  facet normal -1 0 0
    outer loop
      vertex -163 77.496 17.1476
      vertex -163 92.1422 17.1476
      vertex -163 92.2111 16.8012
    endloop
  endfacet
  facet normal -1 0 0
    outer loop
      vertex -163 77.4271 16.8012
      vertex -163 92.2111 16.8012
      vertex -163 92.3246 16.4668
    endloop
  endfacet
  facet normal -1 0 0
    outer loop
      vertex -163 77.3136 16.4668
      vertex -163 92.3246 16.4668
      vertex -163 92.4808 16.15
    endloop
  endfacet
  facet normal -1 0 0
    outer loop
      vertex -163 77.1573 16.15
      vertex -163 92.4808 16.15
      vertex -163 92.677 15.8563
    endloop
  endfacet
  facet normal -1 0 0
    outer loop
      vertex -163 76.9611 15.8563
      vertex -163 92.677 15.8563
      vertex -163 92.9099 15.5908
    endloop
  endfacet
  facet normal -1 0 0
    outer loop
      vertex -163 76.7283 15.5908
      vertex -163 92.9099 15.5908
      vertex -163 93.1754 15.3579
    endloop
  endfacet
  facet normal -1 0 0
    outer loop
      vertex -163 76.4627 15.3579
      vertex -163 93.1754 15.3579
      vertex -163 93.4691 15.1617
    endloop
  endfacet
  facet normal -1 0 0
    outer loop
      vertex -163 76.1691 15.1617
      vertex -163 93.4691 15.1617
      vertex -163 93.7858 15.0055
    endloop
  endfacet
  facet normal -1 0 0
    outer loop
      vertex -163 75.8523 15.0055
      vertex -163 93.7858 15.0055
      vertex -163 94.1203 14.892
    endloop
  endfacet
  facet normal -1 0 0
    outer loop
      vertex -163 75.5179 14.892
      vertex -163 94.1203 14.892
      vertex -163 94.4667 14.8231
    endloop
  endfacet
  facet normal -1 0 0
    outer loop
      vertex -163 92.1422 17.1476
      vertex -163 77.496 17.1476
      vertex -163 77.5191 17.5
    endloop
  endfacet
  facet normal -1 0 0
    outer loop
      vertex -163 92.2111 16.8012
      vertex -163 77.4271 16.8012
      vertex -163 77.496 17.1476
    endloop
  endfacet
  facet normal -1 0 0
    outer loop
      vertex -163 92.3246 16.4668
      vertex -163 77.3136 16.4668
      vertex -163 77.4271 16.8012
    endloop
  endfacet
  facet normal -1 0 0
    outer loop
      vertex -163 92.4808 16.15
      vertex -163 77.1573 16.15
      vertex -163 77.3136 16.4668
    endloop
  endfacet
  facet normal -1 0 -0
    outer loop
      vertex -163 74.8191 14.8
      vertex -163 94.8191 14.8
      vertex -163 3 3
    endloop
  endfacet
  facet normal -1 0 0
    outer loop
      vertex -163 92.677 15.8563
      vertex -163 76.9611 15.8563
      vertex -163 77.1573 16.15
    endloop
  endfacet
  facet normal -1 0 0
    outer loop
      vertex -163 92.9099 15.5908
      vertex -163 76.7283 15.5908
      vertex -163 76.9611 15.8563
    endloop
  endfacet
  facet normal -1 0 0
    outer loop
      vertex -163 93.1754 15.3579
      vertex -163 76.4627 15.3579
      vertex -163 76.7283 15.5908
    endloop
  endfacet
  facet normal -1 0 0
    outer loop
      vertex -163 93.4691 15.1617
      vertex -163 76.1691 15.1617
      vertex -163 76.4627 15.3579
    endloop
  endfacet
  facet normal -1 0 0
    outer loop
      vertex -163 93.7858 15.0055
      vertex -163 75.8523 15.0055
      vertex -163 76.1691 15.1617
    endloop
  endfacet
  facet normal -1 0 0
    outer loop
      vertex -163 94.1203 14.892
      vertex -163 75.5179 14.892
      vertex -163 75.8523 15.0055
    endloop
  endfacet
  facet normal -1 0 0
    outer loop
      vertex -163 94.4667 14.8231
      vertex -163 75.1715 14.8231
      vertex -163 75.5179 14.892
    endloop
  endfacet
  facet normal -1 0 0
    outer loop
      vertex -163 94.8191 14.8
      vertex -163 74.8191 14.8
      vertex -163 94.4667 14.8231
    endloop
  endfacet
  facet normal -1 -0 0
    outer loop
      vertex -163 94.4667 14.8231
      vertex -163 74.8191 14.8
      vertex -163 75.1715 14.8231
    endloop
  endfacet
  facet normal -1 0 0
    outer loop
      vertex -163 72.1191 17.5
      vertex -163 57.5191 17.5
      vertex -163 72.1191 29
    endloop
  endfacet
  facet normal -1 0 0
    outer loop
      vertex -163 72.1422 17.1476
      vertex -163 57.5191 17.5
      vertex -163 72.1191 17.5
    endloop
  endfacet
  facet normal -1 0 0
    outer loop
      vertex -163 57.496 17.1476
      vertex -163 72.1422 17.1476
      vertex -163 72.2111 16.8012
    endloop
  endfacet
  facet normal -1 0 0
    outer loop
      vertex -163 57.4271 16.8012
      vertex -163 72.2111 16.8012
      vertex -163 72.3246 16.4668
    endloop
  endfacet
  facet normal -1 0 0
    outer loop
      vertex -163 57.3135 16.4668
      vertex -163 72.3246 16.4668
      vertex -163 72.4808 16.15
    endloop
  endfacet
  facet normal -1 0 0
    outer loop
      vertex -163 57.1573 16.15
      vertex -163 72.4808 16.15
      vertex -163 72.677 15.8563
    endloop
  endfacet
  facet normal -1 0 0
    outer loop
      vertex -163 56.9611 15.8563
      vertex -163 72.677 15.8563
      vertex -163 72.9099 15.5908
    endloop
  endfacet
  facet normal -1 0 0
    outer loop
      vertex -163 56.7283 15.5908
      vertex -163 72.9099 15.5908
      vertex -163 73.1754 15.3579
    endloop
  endfacet
  facet normal -1 0 0
    outer loop
      vertex -163 56.4627 15.3579
      vertex -163 73.1754 15.3579
      vertex -163 73.4691 15.1617
    endloop
  endfacet
  facet normal -1 0 0
    outer loop
      vertex -163 56.1691 15.1617
      vertex -163 73.4691 15.1617
      vertex -163 73.7858 15.0055
    endloop
  endfacet
  facet normal -1 0 0
    outer loop
      vertex -163 55.8523 15.0055
      vertex -163 73.7858 15.0055
      vertex -163 74.1203 14.892
    endloop
  endfacet
  facet normal -1 0 0
    outer loop
      vertex -163 55.5179 14.892
      vertex -163 74.1203 14.892
      vertex -163 74.4667 14.8231
    endloop
  endfacet
  facet normal -1 0 0
    outer loop
      vertex -163 72.1422 17.1476
      vertex -163 57.496 17.1476
      vertex -163 57.5191 17.5
    endloop
  endfacet
  facet normal -1 0 0
    outer loop
      vertex -163 72.2111 16.8012
      vertex -163 57.4271 16.8012
      vertex -163 57.496 17.1476
    endloop
  endfacet
  facet normal -1 0 0
    outer loop
      vertex -163 72.3246 16.4668
      vertex -163 57.3135 16.4668
      vertex -163 57.4271 16.8012
    endloop
  endfacet
  facet normal -1 0 0
    outer loop
      vertex -163 72.4808 16.15
      vertex -163 57.1573 16.15
      vertex -163 57.3135 16.4668
    endloop
  endfacet
  facet normal -1 0 0
    outer loop
      vertex -163 72.677 15.8563
      vertex -163 56.9611 15.8563
      vertex -163 57.1573 16.15
    endloop
  endfacet
  facet normal -1 -0 0
    outer loop
      vertex -163 74.8191 14.8
      vertex -163 3 3
      vertex -163 74.4667 14.8231
    endloop
  endfacet
  facet normal -1 0 0
    outer loop
      vertex -163 72.9099 15.5908
      vertex -163 56.7283 15.5908
      vertex -163 56.9611 15.8563
    endloop
  endfacet
  facet normal -1 0 0
    outer loop
      vertex -163 73.1754 15.3579
      vertex -163 56.4627 15.3579
      vertex -163 56.7283 15.5908
    endloop
  endfacet
  facet normal -1 0 0
    outer loop
      vertex -163 73.4691 15.1617
      vertex -163 56.1691 15.1617
      vertex -163 56.4627 15.3579
    endloop
  endfacet
  facet normal -1 0 0
    outer loop
      vertex -163 73.7858 15.0055
      vertex -163 55.8523 15.0055
      vertex -163 56.1691 15.1617
    endloop
  endfacet
  facet normal -1 0 0
    outer loop
      vertex -163 74.1203 14.892
      vertex -163 55.5179 14.892
      vertex -163 55.8523 15.0055
    endloop
  endfacet
  facet normal -1 0 0
    outer loop
      vertex -163 74.4667 14.8231
      vertex -163 55.1715 14.8231
      vertex -163 55.5179 14.892
    endloop
  endfacet
  facet normal -1 -0 0
    outer loop
      vertex -163 74.4667 14.8231
      vertex -163 3 3
      vertex -163 55.1715 14.8231
    endloop
  endfacet
  facet normal -1 0 0
    outer loop
      vertex -163 52.1191 17.5
      vertex -163 37.5191 17.5
      vertex -163 52.1191 29
    endloop
  endfacet
  facet normal -1 0 0
    outer loop
      vertex -163 52.1422 17.1476
      vertex -163 37.5191 17.5
      vertex -163 52.1191 17.5
    endloop
  endfacet
  facet normal -1 0 0
    outer loop
      vertex -163 37.496 17.1476
      vertex -163 52.1422 17.1476
      vertex -163 52.2111 16.8012
    endloop
  endfacet
  facet normal -1 0 0
    outer loop
      vertex -163 37.4271 16.8012
      vertex -163 52.2111 16.8012
      vertex -163 52.3246 16.4668
    endloop
  endfacet
  facet normal -1 0 0
    outer loop
      vertex -163 37.3135 16.4668
      vertex -163 52.3246 16.4668
      vertex -163 52.4808 16.15
    endloop
  endfacet
  facet normal -1 0 0
    outer loop
      vertex -163 37.1573 16.15
      vertex -163 52.4808 16.15
      vertex -163 52.677 15.8563
    endloop
  endfacet
  facet normal -1 0 0
    outer loop
      vertex -163 36.9611 15.8563
      vertex -163 52.677 15.8563
      vertex -163 52.9099 15.5908
    endloop
  endfacet
  facet normal -1 0 0
    outer loop
      vertex -163 36.7283 15.5908
      vertex -163 52.9099 15.5908
      vertex -163 53.1754 15.3579
    endloop
  endfacet
  facet normal -1 0 0
    outer loop
      vertex -163 36.4627 15.3579
      vertex -163 53.1754 15.3579
      vertex -163 53.4691 15.1617
    endloop
  endfacet
  facet normal -1 0 0
    outer loop
      vertex -163 36.1691 15.1617
      vertex -163 53.4691 15.1617
      vertex -163 53.7858 15.0055
    endloop
  endfacet
  facet normal -1 0 0
    outer loop
      vertex -163 35.8523 15.0055
      vertex -163 53.7858 15.0055
      vertex -163 54.1203 14.892
    endloop
  endfacet
  facet normal -1 0 0
    outer loop
      vertex -163 35.5179 14.892
      vertex -163 54.1203 14.892
      vertex -163 54.4667 14.8231
    endloop
  endfacet
  facet normal -1 0 0
    outer loop
      vertex -163 52.1422 17.1476
      vertex -163 37.496 17.1476
      vertex -163 37.5191 17.5
    endloop
  endfacet
  facet normal -1 0 0
    outer loop
      vertex -163 52.2111 16.8012
      vertex -163 37.4271 16.8012
      vertex -163 37.496 17.1476
    endloop
  endfacet
  facet normal -1 0 0
    outer loop
      vertex -163 52.3246 16.4668
      vertex -163 37.3135 16.4668
      vertex -163 37.4271 16.8012
    endloop
  endfacet
  facet normal -1 0 0
    outer loop
      vertex -163 52.4808 16.15
      vertex -163 37.1573 16.15
      vertex -163 37.3135 16.4668
    endloop
  endfacet
  facet normal -1 0 0
    outer loop
      vertex -163 52.677 15.8563
      vertex -163 36.9611 15.8563
      vertex -163 37.1573 16.15
    endloop
  endfacet
  facet normal -1 0 0
    outer loop
      vertex -163 3 3
      vertex -163 54.4667 14.8231
      vertex -163 54.8191 14.8
    endloop
  endfacet
  facet normal -1 0 0
    outer loop
      vertex -163 55.1715 14.8231
      vertex -163 3 3
      vertex -163 54.8191 14.8
    endloop
  endfacet
  facet normal -1 0 0
    outer loop
      vertex -163 52.9099 15.5908
      vertex -163 36.7283 15.5908
      vertex -163 36.9611 15.8563
    endloop
  endfacet
  facet normal -1 0 0
    outer loop
      vertex -163 53.1754 15.3579
      vertex -163 36.4627 15.3579
      vertex -163 36.7283 15.5908
    endloop
  endfacet
  facet normal -1 0 0
    outer loop
      vertex -163 53.4691 15.1617
      vertex -163 36.1691 15.1617
      vertex -163 36.4627 15.3579
    endloop
  endfacet
  facet normal -1 0 0
    outer loop
      vertex -163 53.7858 15.0055
      vertex -163 35.8523 15.0055
      vertex -163 36.1691 15.1617
    endloop
  endfacet
  facet normal -1 0 0
    outer loop
      vertex -163 54.1203 14.892
      vertex -163 35.5179 14.892
      vertex -163 35.8523 15.0055
    endloop
  endfacet
  facet normal -1 -0 0
    outer loop
      vertex -163 54.4667 14.8231
      vertex -163 3 3
      vertex -163 35.1715 14.8231
    endloop
  endfacet
  facet normal -1 0 0
    outer loop
      vertex -163 54.4667 14.8231
      vertex -163 35.1715 14.8231
      vertex -163 35.5179 14.892
    endloop
  endfacet
  facet normal -1 0 0
    outer loop
      vertex -163 32.1191 17.5
      vertex -163 18.8 29
      vertex -163 32.1191 29
    endloop
  endfacet
  facet normal -1 0 0
    outer loop
      vertex -163 32.1422 17.1476
      vertex -163 18.8 29
      vertex -163 32.1191 17.5
    endloop
  endfacet
  facet normal -1 0 0
    outer loop
      vertex -163 32.2111 16.8012
      vertex -163 18.8 29
      vertex -163 32.1422 17.1476
    endloop
  endfacet
  facet normal -1 0 0
    outer loop
      vertex -163 3 3
      vertex -163 32.2111 16.8012
      vertex -163 32.3246 16.4668
    endloop
  endfacet
  facet normal -1 0 0
    outer loop
      vertex -163 3 3
      vertex -163 32.3246 16.4668
      vertex -163 32.4808 16.15
    endloop
  endfacet
  facet normal -1 0 0
    outer loop
      vertex -163 3 3
      vertex -163 32.4808 16.15
      vertex -163 32.677 15.8563
    endloop
  endfacet
  facet normal -1 0 0
    outer loop
      vertex -163 3 3
      vertex -163 32.677 15.8563
      vertex -163 32.9099 15.5908
    endloop
  endfacet
  facet normal -1 0 0
    outer loop
      vertex -163 35.1715 14.8231
      vertex -163 3 3
      vertex -163 34.8191 14.8
    endloop
  endfacet
  facet normal -1 0 0
    outer loop
      vertex -163 3 3
      vertex -163 34.4667 14.8231
      vertex -163 34.8191 14.8
    endloop
  endfacet
  facet normal -1 0 0
    outer loop
      vertex -163 3 3
      vertex -163 34.1203 14.892
      vertex -163 34.4667 14.8231
    endloop
  endfacet
  facet normal -1 0 0
    outer loop
      vertex -163 3 3
      vertex -163 33.7858 15.0055
      vertex -163 34.1203 14.892
    endloop
  endfacet
  facet normal -1 0 0
    outer loop
      vertex -163 3 3
      vertex -163 33.4691 15.1617
      vertex -163 33.7858 15.0055
    endloop
  endfacet
  facet normal -1 0 0
    outer loop
      vertex -163 3 3
      vertex -163 33.1754 15.3579
      vertex -163 33.4691 15.1617
    endloop
  endfacet
  facet normal -1 0 0
    outer loop
      vertex -163 3 3
      vertex -163 32.9099 15.5908
      vertex -163 33.1754 15.3579
    endloop
  endfacet
  facet normal -1 -0 0
    outer loop
      vertex -163 32.2111 16.8012
      vertex -163 3 3
      vertex -163 18.8 29
    endloop
  endfacet
  facet normal -1 0 0
    outer loop
      vertex -163 3 32
      vertex -163 18.8 29
      vertex -163 3 3
    endloop
  endfacet
  facet normal -1 0 0
    outer loop
      vertex -163 18.8 29
      vertex -163 3 32
      vertex -163 18.8 32
    endloop
  endfacet
  facet normal -1 -0 0
    outer loop
      vertex -163 247 32
      vertex -163 231.2 29
      vertex -163 231.2 32
    endloop
  endfacet
  facet normal -1 -0 0
    outer loop
      vertex -163 231.2 29
      vertex -163 217.519 17.5
      vertex -163 217.519 29
    endloop
  endfacet
  facet normal -1 -0 0
    outer loop
      vertex -163 212.119 29
      vertex -163 197.519 17.5
      vertex -163 197.519 29
    endloop
  endfacet
  facet normal -1 -0 0
    outer loop
      vertex -163 192.119 29
      vertex -163 177.519 17.5
      vertex -163 177.519 29
    endloop
  endfacet
  facet normal -1 -0 0
    outer loop
      vertex -163 172.119 29
      vertex -163 157.519 17.5
      vertex -163 157.519 29
    endloop
  endfacet
  facet normal -1 -0 0
    outer loop
      vertex -163 152.119 29
      vertex -163 137.519 17.5
      vertex -163 137.519 29
    endloop
  endfacet
  facet normal -1 -0 0
    outer loop
      vertex -163 132.119 29
      vertex -163 117.519 17.5
      vertex -163 117.519 29
    endloop
  endfacet
  facet normal -1 -0 0
    outer loop
      vertex -163 112.119 29
      vertex -163 97.5191 17.5
      vertex -163 97.5191 29
    endloop
  endfacet
  facet normal -1 -0 0
    outer loop
      vertex -163 92.1191 29
      vertex -163 77.5191 17.5
      vertex -163 77.5191 29
    endloop
  endfacet
  facet normal -1 -0 0
    outer loop
      vertex -163 72.1191 29
      vertex -163 57.5191 17.5
      vertex -163 57.5191 29
    endloop
  endfacet
  facet normal -1 -0 0
    outer loop
      vertex -163 52.1191 29
      vertex -163 37.5191 17.5
      vertex -163 37.5191 29
    endloop
  endfacet
  facet normal 0 -1 0
    outer loop
      vertex -160 18.81 3
      vertex -159.99 18.81 29
      vertex -160 18.81 29
    endloop
  endfacet
  facet normal 0 -1 -0
    outer loop
      vertex -159.99 18.81 29
      vertex -160 18.81 3
      vertex -20.01 18.81 29
    endloop
  endfacet
  facet normal 0 -1 0
    outer loop
      vertex -17 18.81 3
      vertex -20.01 18.81 29
      vertex -160 18.81 3
    endloop
  endfacet
  facet normal 0 -1 0
    outer loop
      vertex -20.01 18.81 29
      vertex -17 18.81 3
      vertex -17 18.81 29
    endloop
  endfacet
  facet normal 0 -1 0
    outer loop
      vertex -159.99 18.81 29
      vertex -20.01 18.81 32
      vertex -159.99 18.81 32
    endloop
  endfacet
  facet normal 0 -1 -0
    outer loop
      vertex -20.01 18.81 32
      vertex -159.99 18.81 29
      vertex -20.01 18.81 29
    endloop
  endfacet
  facet normal 0 1 -0
    outer loop
      vertex -17 231.19 3
      vertex -20.01 231.19 29
      vertex -17 231.19 29
    endloop
  endfacet
  facet normal 0 1 0
    outer loop
      vertex -160 231.19 3
      vertex -20.01 231.19 29
      vertex -17 231.19 3
    endloop
  endfacet
  facet normal 0 1 0
    outer loop
      vertex -20.01 231.19 29
      vertex -160 231.19 3
      vertex -159.99 231.19 29
    endloop
  endfacet
  facet normal 0 1 0
    outer loop
      vertex -159.99 231.19 29
      vertex -160 231.19 3
      vertex -160 231.19 29
    endloop
  endfacet
  facet normal 0 1 -0
    outer loop
      vertex -20.01 231.19 29
      vertex -159.99 231.19 32
      vertex -20.01 231.19 32
    endloop
  endfacet
  facet normal 0 1 0
    outer loop
      vertex -159.99 231.19 32
      vertex -20.01 231.19 29
      vertex -159.99 231.19 29
    endloop
  endfacet
  facet normal 1 0 0
    outer loop
      vertex -17 32.1191 29
      vertex -17 18.81 29
      vertex -17 32.1191 17.5
    endloop
  endfacet
  facet normal 1 0 0
    outer loop
      vertex -17 52.1191 29
      vertex -17 37.5191 29
      vertex -17 52.1191 17.5
    endloop
  endfacet
  facet normal 1 0 0
    outer loop
      vertex -17 72.1191 29
      vertex -17 57.5191 29
      vertex -17 72.1191 17.5
    endloop
  endfacet
  facet normal 1 0 0
    outer loop
      vertex -17 92.1191 29
      vertex -17 77.5191 29
      vertex -17 92.1191 17.5
    endloop
  endfacet
  facet normal 1 0 0
    outer loop
      vertex -17 112.119 29
      vertex -17 97.5191 29
      vertex -17 112.119 17.5
    endloop
  endfacet
  facet normal 1 0 0
    outer loop
      vertex -17 132.119 29
      vertex -17 117.519 29
      vertex -17 132.119 17.5
    endloop
  endfacet
  facet normal 1 0 0
    outer loop
      vertex -17 152.119 29
      vertex -17 137.519 29
      vertex -17 152.119 17.5
    endloop
  endfacet
  facet normal 1 0 0
    outer loop
      vertex -17 172.119 29
      vertex -17 157.519 29
      vertex -17 172.119 17.5
    endloop
  endfacet
  facet normal 1 0 0
    outer loop
      vertex -17 192.119 29
      vertex -17 177.519 29
      vertex -17 192.119 17.5
    endloop
  endfacet
  facet normal 1 0 0
    outer loop
      vertex -17 212.119 29
      vertex -17 197.519 29
      vertex -17 212.119 17.5
    endloop
  endfacet
  facet normal 1 0 0
    outer loop
      vertex -17 217.519 17.5
      vertex -17 231.19 29
      vertex -17 217.519 29
    endloop
  endfacet
  facet normal 1 0 0
    outer loop
      vertex -17 217.496 17.1476
      vertex -17 231.19 29
      vertex -17 217.519 17.5
    endloop
  endfacet
  facet normal 1 0 0
    outer loop
      vertex -17 231.19 29
      vertex -17 217.496 17.1476
      vertex -17 231.19 3
    endloop
  endfacet
  facet normal 1 -0 0
    outer loop
      vertex -17 217.427 16.8012
      vertex -17 231.19 3
      vertex -17 217.496 17.1476
    endloop
  endfacet
  facet normal 1 -0 0
    outer loop
      vertex -17 217.314 16.4668
      vertex -17 231.19 3
      vertex -17 217.427 16.8012
    endloop
  endfacet
  facet normal 1 -0 0
    outer loop
      vertex -17 217.157 16.15
      vertex -17 231.19 3
      vertex -17 217.314 16.4668
    endloop
  endfacet
  facet normal 1 -0 0
    outer loop
      vertex -17 216.961 15.8563
      vertex -17 231.19 3
      vertex -17 217.157 16.15
    endloop
  endfacet
  facet normal 1 -0 0
    outer loop
      vertex -17 216.728 15.5908
      vertex -17 231.19 3
      vertex -17 216.961 15.8563
    endloop
  endfacet
  facet normal 1 -0 0
    outer loop
      vertex -17 216.463 15.3579
      vertex -17 231.19 3
      vertex -17 216.728 15.5908
    endloop
  endfacet
  facet normal 1 -0 0
    outer loop
      vertex -17 216.169 15.1617
      vertex -17 231.19 3
      vertex -17 216.463 15.3579
    endloop
  endfacet
  facet normal 1 -0 0
    outer loop
      vertex -17 215.852 15.0055
      vertex -17 231.19 3
      vertex -17 216.169 15.1617
    endloop
  endfacet
  facet normal 1 -0 0
    outer loop
      vertex -17 215.518 14.892
      vertex -17 231.19 3
      vertex -17 215.852 15.0055
    endloop
  endfacet
  facet normal 1 -0 0
    outer loop
      vertex -17 215.171 14.8231
      vertex -17 231.19 3
      vertex -17 215.518 14.892
    endloop
  endfacet
  facet normal 1 -0 0
    outer loop
      vertex -17 214.819 14.8
      vertex -17 231.19 3
      vertex -17 215.171 14.8231
    endloop
  endfacet
  facet normal 1 0 0
    outer loop
      vertex -17 214.467 14.8231
      vertex -17 231.19 3
      vertex -17 214.819 14.8
    endloop
  endfacet
  facet normal 1 0 0
    outer loop
      vertex -17 214.12 14.892
      vertex -17 231.19 3
      vertex -17 214.467 14.8231
    endloop
  endfacet
  facet normal 1 0 0
    outer loop
      vertex -17 195.518 14.892
      vertex -17 214.12 14.892
      vertex -17 213.786 15.0055
    endloop
  endfacet
  facet normal 1 0 0
    outer loop
      vertex -17 195.852 15.0055
      vertex -17 213.786 15.0055
      vertex -17 213.469 15.1617
    endloop
  endfacet
  facet normal 1 0 0
    outer loop
      vertex -17 196.169 15.1617
      vertex -17 213.469 15.1617
      vertex -17 213.175 15.3579
    endloop
  endfacet
  facet normal 1 0 0
    outer loop
      vertex -17 197.519 17.5
      vertex -17 212.119 17.5
      vertex -17 197.519 29
    endloop
  endfacet
  facet normal 1 0 0
    outer loop
      vertex -17 212.119 17.5
      vertex -17 197.519 17.5
      vertex -17 212.142 17.1476
    endloop
  endfacet
  facet normal 1 0 0
    outer loop
      vertex -17 197.496 17.1476
      vertex -17 212.142 17.1476
      vertex -17 197.519 17.5
    endloop
  endfacet
  facet normal 1 0 0
    outer loop
      vertex -17 212.142 17.1476
      vertex -17 197.496 17.1476
      vertex -17 212.211 16.8012
    endloop
  endfacet
  facet normal 1 0 0
    outer loop
      vertex -17 197.427 16.8012
      vertex -17 212.211 16.8012
      vertex -17 197.496 17.1476
    endloop
  endfacet
  facet normal 1 0 0
    outer loop
      vertex -17 212.211 16.8012
      vertex -17 197.427 16.8012
      vertex -17 212.325 16.4668
    endloop
  endfacet
  facet normal 1 0 0
    outer loop
      vertex -17 197.314 16.4668
      vertex -17 212.325 16.4668
      vertex -17 197.427 16.8012
    endloop
  endfacet
  facet normal 1 0 0
    outer loop
      vertex -17 212.325 16.4668
      vertex -17 197.314 16.4668
      vertex -17 212.481 16.15
    endloop
  endfacet
  facet normal 1 0 0
    outer loop
      vertex -17 197.157 16.15
      vertex -17 212.481 16.15
      vertex -17 197.314 16.4668
    endloop
  endfacet
  facet normal 1 0 0
    outer loop
      vertex -17 212.481 16.15
      vertex -17 197.157 16.15
      vertex -17 212.677 15.8563
    endloop
  endfacet
  facet normal 1 0 0
    outer loop
      vertex -17 196.961 15.8563
      vertex -17 212.677 15.8563
      vertex -17 197.157 16.15
    endloop
  endfacet
  facet normal 1 0 0
    outer loop
      vertex -17 212.677 15.8563
      vertex -17 196.961 15.8563
      vertex -17 212.91 15.5908
    endloop
  endfacet
  facet normal 1 0 0
    outer loop
      vertex -17 196.728 15.5908
      vertex -17 212.91 15.5908
      vertex -17 196.961 15.8563
    endloop
  endfacet
  facet normal 1 0 0
    outer loop
      vertex -17 212.91 15.5908
      vertex -17 196.728 15.5908
      vertex -17 213.175 15.3579
    endloop
  endfacet
  facet normal 1 0 0
    outer loop
      vertex -17 196.463 15.3579
      vertex -17 213.175 15.3579
      vertex -17 196.728 15.5908
    endloop
  endfacet
  facet normal 1 0 0
    outer loop
      vertex -17 196.169 15.1617
      vertex -17 213.175 15.3579
      vertex -17 196.463 15.3579
    endloop
  endfacet
  facet normal 1 0 0
    outer loop
      vertex -17 213.469 15.1617
      vertex -17 196.169 15.1617
      vertex -17 195.852 15.0055
    endloop
  endfacet
  facet normal 1 0 0
    outer loop
      vertex -17 213.786 15.0055
      vertex -17 195.852 15.0055
      vertex -17 195.518 14.892
    endloop
  endfacet
  facet normal 1 0 0
    outer loop
      vertex -17 214.12 14.892
      vertex -17 195.518 14.892
      vertex -17 231.19 3
    endloop
  endfacet
  facet normal 1 -0 0
    outer loop
      vertex -17 195.171 14.8231
      vertex -17 231.19 3
      vertex -17 195.518 14.892
    endloop
  endfacet
  facet normal 1 -0 0
    outer loop
      vertex -17 194.819 14.8
      vertex -17 231.19 3
      vertex -17 195.171 14.8231
    endloop
  endfacet
  facet normal 1 0 0
    outer loop
      vertex -17 194.467 14.8231
      vertex -17 231.19 3
      vertex -17 194.819 14.8
    endloop
  endfacet
  facet normal 1 0 0
    outer loop
      vertex -17 175.171 14.8231
      vertex -17 194.467 14.8231
      vertex -17 194.12 14.892
    endloop
  endfacet
  facet normal 1 0 0
    outer loop
      vertex -17 177.519 17.5
      vertex -17 192.119 17.5
      vertex -17 177.519 29
    endloop
  endfacet
  facet normal 1 0 0
    outer loop
      vertex -17 192.119 17.5
      vertex -17 177.519 17.5
      vertex -17 192.142 17.1476
    endloop
  endfacet
  facet normal 1 0 0
    outer loop
      vertex -17 177.496 17.1476
      vertex -17 192.142 17.1476
      vertex -17 177.519 17.5
    endloop
  endfacet
  facet normal 1 0 0
    outer loop
      vertex -17 192.142 17.1476
      vertex -17 177.496 17.1476
      vertex -17 192.211 16.8012
    endloop
  endfacet
  facet normal 1 0 0
    outer loop
      vertex -17 177.427 16.8012
      vertex -17 192.211 16.8012
      vertex -17 177.496 17.1476
    endloop
  endfacet
  facet normal 1 0 0
    outer loop
      vertex -17 192.211 16.8012
      vertex -17 177.427 16.8012
      vertex -17 192.325 16.4668
    endloop
  endfacet
  facet normal 1 0 0
    outer loop
      vertex -17 177.314 16.4668
      vertex -17 192.325 16.4668
      vertex -17 177.427 16.8012
    endloop
  endfacet
  facet normal 1 0 0
    outer loop
      vertex -17 192.325 16.4668
      vertex -17 177.314 16.4668
      vertex -17 192.481 16.15
    endloop
  endfacet
  facet normal 1 0 0
    outer loop
      vertex -17 177.157 16.15
      vertex -17 192.481 16.15
      vertex -17 177.314 16.4668
    endloop
  endfacet
  facet normal 1 0 0
    outer loop
      vertex -17 192.481 16.15
      vertex -17 177.157 16.15
      vertex -17 192.677 15.8563
    endloop
  endfacet
  facet normal 1 0 0
    outer loop
      vertex -17 176.961 15.8563
      vertex -17 192.677 15.8563
      vertex -17 177.157 16.15
    endloop
  endfacet
  facet normal 1 0 0
    outer loop
      vertex -17 192.677 15.8563
      vertex -17 176.961 15.8563
      vertex -17 192.91 15.5908
    endloop
  endfacet
  facet normal 1 0 0
    outer loop
      vertex -17 176.728 15.5908
      vertex -17 192.91 15.5908
      vertex -17 176.961 15.8563
    endloop
  endfacet
  facet normal 1 0 0
    outer loop
      vertex -17 192.91 15.5908
      vertex -17 176.728 15.5908
      vertex -17 193.175 15.3579
    endloop
  endfacet
  facet normal 1 0 0
    outer loop
      vertex -17 176.463 15.3579
      vertex -17 193.175 15.3579
      vertex -17 176.728 15.5908
    endloop
  endfacet
  facet normal 1 0 0
    outer loop
      vertex -17 193.175 15.3579
      vertex -17 176.463 15.3579
      vertex -17 193.469 15.1617
    endloop
  endfacet
  facet normal 1 0 0
    outer loop
      vertex -17 176.169 15.1617
      vertex -17 193.469 15.1617
      vertex -17 176.463 15.3579
    endloop
  endfacet
  facet normal 1 0 0
    outer loop
      vertex -17 193.469 15.1617
      vertex -17 176.169 15.1617
      vertex -17 193.786 15.0055
    endloop
  endfacet
  facet normal 1 0 0
    outer loop
      vertex -17 175.852 15.0055
      vertex -17 193.786 15.0055
      vertex -17 176.169 15.1617
    endloop
  endfacet
  facet normal 1 0 0
    outer loop
      vertex -17 193.786 15.0055
      vertex -17 175.852 15.0055
      vertex -17 194.12 14.892
    endloop
  endfacet
  facet normal 1 0 0
    outer loop
      vertex -17 175.518 14.892
      vertex -17 194.12 14.892
      vertex -17 175.852 15.0055
    endloop
  endfacet
  facet normal 1 0 0
    outer loop
      vertex -17 175.171 14.8231
      vertex -17 194.12 14.892
      vertex -17 175.518 14.892
    endloop
  endfacet
  facet normal 1 0 0
    outer loop
      vertex -17 194.467 14.8231
      vertex -17 175.171 14.8231
      vertex -17 231.19 3
    endloop
  endfacet
  facet normal 1 -0 0
    outer loop
      vertex -17 174.819 14.8
      vertex -17 231.19 3
      vertex -17 175.171 14.8231
    endloop
  endfacet
  facet normal 1 0 0
    outer loop
      vertex -17 154.819 14.8
      vertex -17 174.819 14.8
      vertex -17 174.467 14.8231
    endloop
  endfacet
  facet normal 1 0 0
    outer loop
      vertex -17 155.171 14.8231
      vertex -17 174.467 14.8231
      vertex -17 174.12 14.892
    endloop
  endfacet
  facet normal 1 0 0
    outer loop
      vertex -17 157.519 17.5
      vertex -17 172.119 17.5
      vertex -17 157.519 29
    endloop
  endfacet
  facet normal 1 0 0
    outer loop
      vertex -17 172.119 17.5
      vertex -17 157.519 17.5
      vertex -17 172.142 17.1476
    endloop
  endfacet
  facet normal 1 0 0
    outer loop
      vertex -17 157.496 17.1476
      vertex -17 172.142 17.1476
      vertex -17 157.519 17.5
    endloop
  endfacet
  facet normal 1 0 0
    outer loop
      vertex -17 172.142 17.1476
      vertex -17 157.496 17.1476
      vertex -17 172.211 16.8012
    endloop
  endfacet
  facet normal 1 0 0
    outer loop
      vertex -17 157.427 16.8012
      vertex -17 172.211 16.8012
      vertex -17 157.496 17.1476
    endloop
  endfacet
  facet normal 1 0 0
    outer loop
      vertex -17 172.211 16.8012
      vertex -17 157.427 16.8012
      vertex -17 172.325 16.4668
    endloop
  endfacet
  facet normal 1 0 0
    outer loop
      vertex -17 157.314 16.4668
      vertex -17 172.325 16.4668
      vertex -17 157.427 16.8012
    endloop
  endfacet
  facet normal 1 0 0
    outer loop
      vertex -17 172.325 16.4668
      vertex -17 157.314 16.4668
      vertex -17 172.481 16.15
    endloop
  endfacet
  facet normal 1 0 0
    outer loop
      vertex -17 157.157 16.15
      vertex -17 172.481 16.15
      vertex -17 157.314 16.4668
    endloop
  endfacet
  facet normal 1 0 0
    outer loop
      vertex -17 172.481 16.15
      vertex -17 157.157 16.15
      vertex -17 172.677 15.8563
    endloop
  endfacet
  facet normal 1 0 0
    outer loop
      vertex -17 156.961 15.8563
      vertex -17 172.677 15.8563
      vertex -17 157.157 16.15
    endloop
  endfacet
  facet normal 1 0 0
    outer loop
      vertex -17 172.677 15.8563
      vertex -17 156.961 15.8563
      vertex -17 172.91 15.5908
    endloop
  endfacet
  facet normal 1 0 0
    outer loop
      vertex -17 156.728 15.5908
      vertex -17 172.91 15.5908
      vertex -17 156.961 15.8563
    endloop
  endfacet
  facet normal 1 0 0
    outer loop
      vertex -17 172.91 15.5908
      vertex -17 156.728 15.5908
      vertex -17 173.175 15.3579
    endloop
  endfacet
  facet normal 1 0 0
    outer loop
      vertex -17 156.463 15.3579
      vertex -17 173.175 15.3579
      vertex -17 156.728 15.5908
    endloop
  endfacet
  facet normal 1 0 0
    outer loop
      vertex -17 173.175 15.3579
      vertex -17 156.463 15.3579
      vertex -17 173.469 15.1617
    endloop
  endfacet
  facet normal 1 0 0
    outer loop
      vertex -17 156.169 15.1617
      vertex -17 173.469 15.1617
      vertex -17 156.463 15.3579
    endloop
  endfacet
  facet normal 1 0 0
    outer loop
      vertex -17 173.469 15.1617
      vertex -17 156.169 15.1617
      vertex -17 173.786 15.0055
    endloop
  endfacet
  facet normal 1 0 0
    outer loop
      vertex -17 155.852 15.0055
      vertex -17 173.786 15.0055
      vertex -17 156.169 15.1617
    endloop
  endfacet
  facet normal 1 0 0
    outer loop
      vertex -17 173.786 15.0055
      vertex -17 155.852 15.0055
      vertex -17 174.12 14.892
    endloop
  endfacet
  facet normal 1 0 0
    outer loop
      vertex -17 155.518 14.892
      vertex -17 174.12 14.892
      vertex -17 155.852 15.0055
    endloop
  endfacet
  facet normal 1 0 0
    outer loop
      vertex -17 155.171 14.8231
      vertex -17 174.12 14.892
      vertex -17 155.518 14.892
    endloop
  endfacet
  facet normal 1 0 0
    outer loop
      vertex -17 154.819 14.8
      vertex -17 174.467 14.8231
      vertex -17 155.171 14.8231
    endloop
  endfacet
  facet normal 1 0 0
    outer loop
      vertex -17 174.819 14.8
      vertex -17 154.819 14.8
      vertex -17 231.19 3
    endloop
  endfacet
  facet normal 1 0 0
    outer loop
      vertex -17 134.819 14.8
      vertex -17 154.819 14.8
      vertex -17 154.467 14.8231
    endloop
  endfacet
  facet normal 1 0 0
    outer loop
      vertex -17 137.519 17.5
      vertex -17 152.119 17.5
      vertex -17 137.519 29
    endloop
  endfacet
  facet normal 1 0 0
    outer loop
      vertex -17 152.119 17.5
      vertex -17 137.519 17.5
      vertex -17 152.142 17.1476
    endloop
  endfacet
  facet normal 1 0 0
    outer loop
      vertex -17 137.496 17.1476
      vertex -17 152.142 17.1476
      vertex -17 137.519 17.5
    endloop
  endfacet
  facet normal 1 0 0
    outer loop
      vertex -17 152.142 17.1476
      vertex -17 137.496 17.1476
      vertex -17 152.211 16.8012
    endloop
  endfacet
  facet normal 1 0 0
    outer loop
      vertex -17 137.427 16.8012
      vertex -17 152.211 16.8012
      vertex -17 137.496 17.1476
    endloop
  endfacet
  facet normal 1 0 0
    outer loop
      vertex -17 152.211 16.8012
      vertex -17 137.427 16.8012
      vertex -17 152.325 16.4668
    endloop
  endfacet
  facet normal 1 0 0
    outer loop
      vertex -17 137.314 16.4668
      vertex -17 152.325 16.4668
      vertex -17 137.427 16.8012
    endloop
  endfacet
  facet normal 1 0 0
    outer loop
      vertex -17 152.325 16.4668
      vertex -17 137.314 16.4668
      vertex -17 152.481 16.15
    endloop
  endfacet
  facet normal 1 0 0
    outer loop
      vertex -17 137.157 16.15
      vertex -17 152.481 16.15
      vertex -17 137.314 16.4668
    endloop
  endfacet
  facet normal 1 0 0
    outer loop
      vertex -17 152.481 16.15
      vertex -17 137.157 16.15
      vertex -17 152.677 15.8563
    endloop
  endfacet
  facet normal 1 0 0
    outer loop
      vertex -17 136.961 15.8563
      vertex -17 152.677 15.8563
      vertex -17 137.157 16.15
    endloop
  endfacet
  facet normal 1 0 0
    outer loop
      vertex -17 152.677 15.8563
      vertex -17 136.961 15.8563
      vertex -17 152.91 15.5908
    endloop
  endfacet
  facet normal 1 0 0
    outer loop
      vertex -17 136.728 15.5908
      vertex -17 152.91 15.5908
      vertex -17 136.961 15.8563
    endloop
  endfacet
  facet normal 1 0 0
    outer loop
      vertex -17 152.91 15.5908
      vertex -17 136.728 15.5908
      vertex -17 153.175 15.3579
    endloop
  endfacet
  facet normal 1 0 0
    outer loop
      vertex -17 136.463 15.3579
      vertex -17 153.175 15.3579
      vertex -17 136.728 15.5908
    endloop
  endfacet
  facet normal 1 0 0
    outer loop
      vertex -17 153.175 15.3579
      vertex -17 136.463 15.3579
      vertex -17 153.469 15.1617
    endloop
  endfacet
  facet normal 1 0 0
    outer loop
      vertex -17 136.169 15.1617
      vertex -17 153.469 15.1617
      vertex -17 136.463 15.3579
    endloop
  endfacet
  facet normal 1 0 0
    outer loop
      vertex -17 153.469 15.1617
      vertex -17 136.169 15.1617
      vertex -17 153.786 15.0055
    endloop
  endfacet
  facet normal 1 0 0
    outer loop
      vertex -17 135.852 15.0055
      vertex -17 153.786 15.0055
      vertex -17 136.169 15.1617
    endloop
  endfacet
  facet normal 1 0 0
    outer loop
      vertex -17 153.786 15.0055
      vertex -17 135.852 15.0055
      vertex -17 154.12 14.892
    endloop
  endfacet
  facet normal 1 0 0
    outer loop
      vertex -17 135.518 14.892
      vertex -17 154.12 14.892
      vertex -17 135.852 15.0055
    endloop
  endfacet
  facet normal 1 0 0
    outer loop
      vertex -17 154.12 14.892
      vertex -17 135.518 14.892
      vertex -17 154.467 14.8231
    endloop
  endfacet
  facet normal 1 0 0
    outer loop
      vertex -17 135.171 14.8231
      vertex -17 154.467 14.8231
      vertex -17 135.518 14.892
    endloop
  endfacet
  facet normal 1 0 0
    outer loop
      vertex -17 134.819 14.8
      vertex -17 154.467 14.8231
      vertex -17 135.171 14.8231
    endloop
  endfacet
  facet normal 1 0 0
    outer loop
      vertex -17 154.819 14.8
      vertex -17 134.819 14.8
      vertex -17 231.19 3
    endloop
  endfacet
  facet normal 1 0 0
    outer loop
      vertex -17 114.819 14.8
      vertex -17 134.819 14.8
      vertex -17 134.467 14.8231
    endloop
  endfacet
  facet normal 1 0 0
    outer loop
      vertex -17 117.519 17.5
      vertex -17 132.119 17.5
      vertex -17 117.519 29
    endloop
  endfacet
  facet normal 1 0 0
    outer loop
      vertex -17 132.119 17.5
      vertex -17 117.519 17.5
      vertex -17 132.142 17.1476
    endloop
  endfacet
  facet normal 1 0 0
    outer loop
      vertex -17 117.496 17.1476
      vertex -17 132.142 17.1476
      vertex -17 117.519 17.5
    endloop
  endfacet
  facet normal 1 0 0
    outer loop
      vertex -17 132.142 17.1476
      vertex -17 117.496 17.1476
      vertex -17 132.211 16.8012
    endloop
  endfacet
  facet normal 1 0 0
    outer loop
      vertex -17 117.427 16.8012
      vertex -17 132.211 16.8012
      vertex -17 117.496 17.1476
    endloop
  endfacet
  facet normal 1 0 0
    outer loop
      vertex -17 132.211 16.8012
      vertex -17 117.427 16.8012
      vertex -17 132.325 16.4668
    endloop
  endfacet
  facet normal 1 0 0
    outer loop
      vertex -17 117.314 16.4668
      vertex -17 132.325 16.4668
      vertex -17 117.427 16.8012
    endloop
  endfacet
  facet normal 1 0 0
    outer loop
      vertex -17 132.325 16.4668
      vertex -17 117.314 16.4668
      vertex -17 132.481 16.15
    endloop
  endfacet
  facet normal 1 0 0
    outer loop
      vertex -17 117.157 16.15
      vertex -17 132.481 16.15
      vertex -17 117.314 16.4668
    endloop
  endfacet
  facet normal 1 0 0
    outer loop
      vertex -17 132.481 16.15
      vertex -17 117.157 16.15
      vertex -17 132.677 15.8563
    endloop
  endfacet
  facet normal 1 0 0
    outer loop
      vertex -17 116.961 15.8563
      vertex -17 132.677 15.8563
      vertex -17 117.157 16.15
    endloop
  endfacet
  facet normal 1 0 0
    outer loop
      vertex -17 132.677 15.8563
      vertex -17 116.961 15.8563
      vertex -17 132.91 15.5908
    endloop
  endfacet
  facet normal 1 0 0
    outer loop
      vertex -17 116.728 15.5908
      vertex -17 132.91 15.5908
      vertex -17 116.961 15.8563
    endloop
  endfacet
  facet normal 1 0 0
    outer loop
      vertex -17 132.91 15.5908
      vertex -17 116.728 15.5908
      vertex -17 133.175 15.3579
    endloop
  endfacet
  facet normal 1 0 0
    outer loop
      vertex -17 116.463 15.3579
      vertex -17 133.175 15.3579
      vertex -17 116.728 15.5908
    endloop
  endfacet
  facet normal 1 0 0
    outer loop
      vertex -17 133.175 15.3579
      vertex -17 116.463 15.3579
      vertex -17 133.469 15.1617
    endloop
  endfacet
  facet normal 1 0 0
    outer loop
      vertex -17 116.169 15.1617
      vertex -17 133.469 15.1617
      vertex -17 116.463 15.3579
    endloop
  endfacet
  facet normal 1 0 0
    outer loop
      vertex -17 133.469 15.1617
      vertex -17 116.169 15.1617
      vertex -17 133.786 15.0055
    endloop
  endfacet
  facet normal 1 0 0
    outer loop
      vertex -17 115.852 15.0055
      vertex -17 133.786 15.0055
      vertex -17 116.169 15.1617
    endloop
  endfacet
  facet normal 1 0 0
    outer loop
      vertex -17 133.786 15.0055
      vertex -17 115.852 15.0055
      vertex -17 134.12 14.892
    endloop
  endfacet
  facet normal 1 0 0
    outer loop
      vertex -17 115.518 14.892
      vertex -17 134.12 14.892
      vertex -17 115.852 15.0055
    endloop
  endfacet
  facet normal 1 0 0
    outer loop
      vertex -17 134.12 14.892
      vertex -17 115.518 14.892
      vertex -17 134.467 14.8231
    endloop
  endfacet
  facet normal 1 0 0
    outer loop
      vertex -17 115.171 14.8231
      vertex -17 134.467 14.8231
      vertex -17 115.518 14.892
    endloop
  endfacet
  facet normal 1 0 0
    outer loop
      vertex -17 114.819 14.8
      vertex -17 134.467 14.8231
      vertex -17 115.171 14.8231
    endloop
  endfacet
  facet normal 1 0 0
    outer loop
      vertex -17 134.819 14.8
      vertex -17 114.819 14.8
      vertex -17 231.19 3
    endloop
  endfacet
  facet normal 1 0 0
    outer loop
      vertex -17 94.8191 14.8
      vertex -17 114.819 14.8
      vertex -17 114.467 14.8231
    endloop
  endfacet
  facet normal 1 0 0
    outer loop
      vertex -17 97.5191 17.5
      vertex -17 112.119 17.5
      vertex -17 97.5191 29
    endloop
  endfacet
  facet normal 1 0 0
    outer loop
      vertex -17 112.119 17.5
      vertex -17 97.5191 17.5
      vertex -17 112.142 17.1476
    endloop
  endfacet
  facet normal 1 0 0
    outer loop
      vertex -17 97.496 17.1476
      vertex -17 112.142 17.1476
      vertex -17 97.5191 17.5
    endloop
  endfacet
  facet normal 1 0 0
    outer loop
      vertex -17 112.142 17.1476
      vertex -17 97.496 17.1476
      vertex -17 112.211 16.8012
    endloop
  endfacet
  facet normal 1 0 0
    outer loop
      vertex -17 97.4271 16.8012
      vertex -17 112.211 16.8012
      vertex -17 97.496 17.1476
    endloop
  endfacet
  facet normal 1 0 0
    outer loop
      vertex -17 112.211 16.8012
      vertex -17 97.4271 16.8012
      vertex -17 112.325 16.4668
    endloop
  endfacet
  facet normal 1 0 0
    outer loop
      vertex -17 97.3136 16.4668
      vertex -17 112.325 16.4668
      vertex -17 97.4271 16.8012
    endloop
  endfacet
  facet normal 1 0 0
    outer loop
      vertex -17 112.325 16.4668
      vertex -17 97.3136 16.4668
      vertex -17 112.481 16.15
    endloop
  endfacet
  facet normal 1 0 0
    outer loop
      vertex -17 97.1573 16.15
      vertex -17 112.481 16.15
      vertex -17 97.3136 16.4668
    endloop
  endfacet
  facet normal 1 0 0
    outer loop
      vertex -17 112.481 16.15
      vertex -17 97.1573 16.15
      vertex -17 112.677 15.8563
    endloop
  endfacet
  facet normal 1 0 0
    outer loop
      vertex -17 96.9611 15.8563
      vertex -17 112.677 15.8563
      vertex -17 97.1573 16.15
    endloop
  endfacet
  facet normal 1 0 0
    outer loop
      vertex -17 112.677 15.8563
      vertex -17 96.9611 15.8563
      vertex -17 112.91 15.5908
    endloop
  endfacet
  facet normal 1 0 0
    outer loop
      vertex -17 96.7283 15.5908
      vertex -17 112.91 15.5908
      vertex -17 96.9611 15.8563
    endloop
  endfacet
  facet normal 1 0 0
    outer loop
      vertex -17 112.91 15.5908
      vertex -17 96.7283 15.5908
      vertex -17 113.175 15.3579
    endloop
  endfacet
  facet normal 1 0 0
    outer loop
      vertex -17 96.4627 15.3579
      vertex -17 113.175 15.3579
      vertex -17 96.7283 15.5908
    endloop
  endfacet
  facet normal 1 0 0
    outer loop
      vertex -17 113.175 15.3579
      vertex -17 96.4627 15.3579
      vertex -17 113.469 15.1617
    endloop
  endfacet
  facet normal 1 0 0
    outer loop
      vertex -17 96.1691 15.1617
      vertex -17 113.469 15.1617
      vertex -17 96.4627 15.3579
    endloop
  endfacet
  facet normal 1 0 0
    outer loop
      vertex -17 113.469 15.1617
      vertex -17 96.1691 15.1617
      vertex -17 113.786 15.0055
    endloop
  endfacet
  facet normal 1 0 0
    outer loop
      vertex -17 95.8523 15.0055
      vertex -17 113.786 15.0055
      vertex -17 96.1691 15.1617
    endloop
  endfacet
  facet normal 1 0 0
    outer loop
      vertex -17 113.786 15.0055
      vertex -17 95.8523 15.0055
      vertex -17 114.12 14.892
    endloop
  endfacet
  facet normal 1 0 0
    outer loop
      vertex -17 95.5179 14.892
      vertex -17 114.12 14.892
      vertex -17 95.8523 15.0055
    endloop
  endfacet
  facet normal 1 0 0
    outer loop
      vertex -17 114.12 14.892
      vertex -17 95.5179 14.892
      vertex -17 114.467 14.8231
    endloop
  endfacet
  facet normal 1 0 0
    outer loop
      vertex -17 95.1715 14.8231
      vertex -17 114.467 14.8231
      vertex -17 95.5179 14.892
    endloop
  endfacet
  facet normal 1 0 0
    outer loop
      vertex -17 94.8191 14.8
      vertex -17 114.467 14.8231
      vertex -17 95.1715 14.8231
    endloop
  endfacet
  facet normal 1 0 0
    outer loop
      vertex -17 114.819 14.8
      vertex -17 94.8191 14.8
      vertex -17 18.81 3
    endloop
  endfacet
  facet normal 1 0 0
    outer loop
      vertex -17 74.8191 14.8
      vertex -17 94.8191 14.8
      vertex -17 94.4667 14.8231
    endloop
  endfacet
  facet normal 1 0 0
    outer loop
      vertex -17 77.5191 17.5
      vertex -17 92.1191 17.5
      vertex -17 77.5191 29
    endloop
  endfacet
  facet normal 1 0 0
    outer loop
      vertex -17 92.1191 17.5
      vertex -17 77.5191 17.5
      vertex -17 92.1422 17.1476
    endloop
  endfacet
  facet normal 1 0 0
    outer loop
      vertex -17 77.496 17.1476
      vertex -17 92.1422 17.1476
      vertex -17 77.5191 17.5
    endloop
  endfacet
  facet normal 1 0 0
    outer loop
      vertex -17 92.1422 17.1476
      vertex -17 77.496 17.1476
      vertex -17 92.2111 16.8012
    endloop
  endfacet
  facet normal 1 0 0
    outer loop
      vertex -17 77.4271 16.8012
      vertex -17 92.2111 16.8012
      vertex -17 77.496 17.1476
    endloop
  endfacet
  facet normal 1 0 0
    outer loop
      vertex -17 92.2111 16.8012
      vertex -17 77.4271 16.8012
      vertex -17 92.3246 16.4668
    endloop
  endfacet
  facet normal 1 0 0
    outer loop
      vertex -17 77.3136 16.4668
      vertex -17 92.3246 16.4668
      vertex -17 77.4271 16.8012
    endloop
  endfacet
  facet normal 1 0 0
    outer loop
      vertex -17 92.3246 16.4668
      vertex -17 77.3136 16.4668
      vertex -17 92.4808 16.15
    endloop
  endfacet
  facet normal 1 0 0
    outer loop
      vertex -17 77.1573 16.15
      vertex -17 92.4808 16.15
      vertex -17 77.3136 16.4668
    endloop
  endfacet
  facet normal 1 0 0
    outer loop
      vertex -17 92.4808 16.15
      vertex -17 77.1573 16.15
      vertex -17 92.677 15.8563
    endloop
  endfacet
  facet normal 1 0 0
    outer loop
      vertex -17 76.9611 15.8563
      vertex -17 92.677 15.8563
      vertex -17 77.1573 16.15
    endloop
  endfacet
  facet normal 1 0 0
    outer loop
      vertex -17 92.677 15.8563
      vertex -17 76.9611 15.8563
      vertex -17 92.9099 15.5908
    endloop
  endfacet
  facet normal 1 0 0
    outer loop
      vertex -17 76.7283 15.5908
      vertex -17 92.9099 15.5908
      vertex -17 76.9611 15.8563
    endloop
  endfacet
  facet normal 1 0 0
    outer loop
      vertex -17 92.9099 15.5908
      vertex -17 76.7283 15.5908
      vertex -17 93.1754 15.3579
    endloop
  endfacet
  facet normal 1 0 0
    outer loop
      vertex -17 76.4627 15.3579
      vertex -17 93.1754 15.3579
      vertex -17 76.7283 15.5908
    endloop
  endfacet
  facet normal 1 0 0
    outer loop
      vertex -17 93.1754 15.3579
      vertex -17 76.4627 15.3579
      vertex -17 93.4691 15.1617
    endloop
  endfacet
  facet normal 1 0 0
    outer loop
      vertex -17 76.1691 15.1617
      vertex -17 93.4691 15.1617
      vertex -17 76.4627 15.3579
    endloop
  endfacet
  facet normal 1 0 0
    outer loop
      vertex -17 93.4691 15.1617
      vertex -17 76.1691 15.1617
      vertex -17 93.7858 15.0055
    endloop
  endfacet
  facet normal 1 0 0
    outer loop
      vertex -17 75.8523 15.0055
      vertex -17 93.7858 15.0055
      vertex -17 76.1691 15.1617
    endloop
  endfacet
  facet normal 1 0 0
    outer loop
      vertex -17 93.7858 15.0055
      vertex -17 75.8523 15.0055
      vertex -17 94.1203 14.892
    endloop
  endfacet
  facet normal 1 0 0
    outer loop
      vertex -17 75.5179 14.892
      vertex -17 94.1203 14.892
      vertex -17 75.8523 15.0055
    endloop
  endfacet
  facet normal 1 0 0
    outer loop
      vertex -17 94.1203 14.892
      vertex -17 75.5179 14.892
      vertex -17 94.4667 14.8231
    endloop
  endfacet
  facet normal 1 0 0
    outer loop
      vertex -17 75.1715 14.8231
      vertex -17 94.4667 14.8231
      vertex -17 75.5179 14.892
    endloop
  endfacet
  facet normal 1 0 0
    outer loop
      vertex -17 74.8191 14.8
      vertex -17 94.4667 14.8231
      vertex -17 75.1715 14.8231
    endloop
  endfacet
  facet normal 1 0 0
    outer loop
      vertex -17 94.8191 14.8
      vertex -17 74.8191 14.8
      vertex -17 18.81 3
    endloop
  endfacet
  facet normal 1 0 0
    outer loop
      vertex -17 18.81 3
      vertex -17 74.8191 14.8
      vertex -17 74.4667 14.8231
    endloop
  endfacet
  facet normal 1 0 0
    outer loop
      vertex -17 57.5191 17.5
      vertex -17 72.1191 17.5
      vertex -17 57.5191 29
    endloop
  endfacet
  facet normal 1 0 0
    outer loop
      vertex -17 72.1191 17.5
      vertex -17 57.5191 17.5
      vertex -17 72.1422 17.1476
    endloop
  endfacet
  facet normal 1 0 0
    outer loop
      vertex -17 57.496 17.1476
      vertex -17 72.1422 17.1476
      vertex -17 57.5191 17.5
    endloop
  endfacet
  facet normal 1 0 0
    outer loop
      vertex -17 72.1422 17.1476
      vertex -17 57.496 17.1476
      vertex -17 72.2111 16.8012
    endloop
  endfacet
  facet normal 1 0 0
    outer loop
      vertex -17 57.4271 16.8012
      vertex -17 72.2111 16.8012
      vertex -17 57.496 17.1476
    endloop
  endfacet
  facet normal 1 0 0
    outer loop
      vertex -17 72.2111 16.8012
      vertex -17 57.4271 16.8012
      vertex -17 72.3246 16.4668
    endloop
  endfacet
  facet normal 1 0 0
    outer loop
      vertex -17 57.3135 16.4668
      vertex -17 72.3246 16.4668
      vertex -17 57.4271 16.8012
    endloop
  endfacet
  facet normal 1 0 0
    outer loop
      vertex -17 72.3246 16.4668
      vertex -17 57.3135 16.4668
      vertex -17 72.4808 16.15
    endloop
  endfacet
  facet normal 1 0 0
    outer loop
      vertex -17 57.1573 16.15
      vertex -17 72.4808 16.15
      vertex -17 57.3135 16.4668
    endloop
  endfacet
  facet normal 1 0 0
    outer loop
      vertex -17 72.4808 16.15
      vertex -17 57.1573 16.15
      vertex -17 72.677 15.8563
    endloop
  endfacet
  facet normal 1 0 0
    outer loop
      vertex -17 56.9611 15.8563
      vertex -17 72.677 15.8563
      vertex -17 57.1573 16.15
    endloop
  endfacet
  facet normal 1 0 0
    outer loop
      vertex -17 72.677 15.8563
      vertex -17 56.9611 15.8563
      vertex -17 72.9099 15.5908
    endloop
  endfacet
  facet normal 1 0 0
    outer loop
      vertex -17 56.7283 15.5908
      vertex -17 72.9099 15.5908
      vertex -17 56.9611 15.8563
    endloop
  endfacet
  facet normal 1 0 0
    outer loop
      vertex -17 72.9099 15.5908
      vertex -17 56.7283 15.5908
      vertex -17 73.1754 15.3579
    endloop
  endfacet
  facet normal 1 0 0
    outer loop
      vertex -17 56.4627 15.3579
      vertex -17 73.1754 15.3579
      vertex -17 56.7283 15.5908
    endloop
  endfacet
  facet normal 1 0 0
    outer loop
      vertex -17 73.1754 15.3579
      vertex -17 56.4627 15.3579
      vertex -17 73.4691 15.1617
    endloop
  endfacet
  facet normal 1 0 0
    outer loop
      vertex -17 56.1691 15.1617
      vertex -17 73.4691 15.1617
      vertex -17 56.4627 15.3579
    endloop
  endfacet
  facet normal 1 0 0
    outer loop
      vertex -17 73.4691 15.1617
      vertex -17 56.1691 15.1617
      vertex -17 73.7858 15.0055
    endloop
  endfacet
  facet normal 1 0 0
    outer loop
      vertex -17 55.8523 15.0055
      vertex -17 73.7858 15.0055
      vertex -17 56.1691 15.1617
    endloop
  endfacet
  facet normal 1 0 0
    outer loop
      vertex -17 73.7858 15.0055
      vertex -17 55.8523 15.0055
      vertex -17 74.1203 14.892
    endloop
  endfacet
  facet normal 1 0 0
    outer loop
      vertex -17 55.5179 14.892
      vertex -17 74.1203 14.892
      vertex -17 55.8523 15.0055
    endloop
  endfacet
  facet normal 1 0 0
    outer loop
      vertex -17 74.1203 14.892
      vertex -17 55.5179 14.892
      vertex -17 74.4667 14.8231
    endloop
  endfacet
  facet normal 1 0 0
    outer loop
      vertex -17 55.1715 14.8231
      vertex -17 74.4667 14.8231
      vertex -17 55.5179 14.892
    endloop
  endfacet
  facet normal 1 0 0
    outer loop
      vertex -17 74.4667 14.8231
      vertex -17 55.1715 14.8231
      vertex -17 18.81 3
    endloop
  endfacet
  facet normal 1 0 0
    outer loop
      vertex -17 18.81 3
      vertex -17 55.1715 14.8231
      vertex -17 54.8191 14.8
    endloop
  endfacet
  facet normal 1 0 0
    outer loop
      vertex -17 18.81 3
      vertex -17 54.8191 14.8
      vertex -17 54.4667 14.8231
    endloop
  endfacet
  facet normal 1 0 0
    outer loop
      vertex -17 37.5191 17.5
      vertex -17 52.1191 17.5
      vertex -17 37.5191 29
    endloop
  endfacet
  facet normal 1 0 0
    outer loop
      vertex -17 52.1191 17.5
      vertex -17 37.5191 17.5
      vertex -17 52.1422 17.1476
    endloop
  endfacet
  facet normal 1 0 0
    outer loop
      vertex -17 37.496 17.1476
      vertex -17 52.1422 17.1476
      vertex -17 37.5191 17.5
    endloop
  endfacet
  facet normal 1 0 0
    outer loop
      vertex -17 52.1422 17.1476
      vertex -17 37.496 17.1476
      vertex -17 52.2111 16.8012
    endloop
  endfacet
  facet normal 1 0 0
    outer loop
      vertex -17 37.4271 16.8012
      vertex -17 52.2111 16.8012
      vertex -17 37.496 17.1476
    endloop
  endfacet
  facet normal 1 0 0
    outer loop
      vertex -17 52.2111 16.8012
      vertex -17 37.4271 16.8012
      vertex -17 52.3246 16.4668
    endloop
  endfacet
  facet normal 1 0 0
    outer loop
      vertex -17 37.3135 16.4668
      vertex -17 52.3246 16.4668
      vertex -17 37.4271 16.8012
    endloop
  endfacet
  facet normal 1 0 0
    outer loop
      vertex -17 52.3246 16.4668
      vertex -17 37.3135 16.4668
      vertex -17 52.4808 16.15
    endloop
  endfacet
  facet normal 1 0 0
    outer loop
      vertex -17 37.1573 16.15
      vertex -17 52.4808 16.15
      vertex -17 37.3135 16.4668
    endloop
  endfacet
  facet normal 1 0 0
    outer loop
      vertex -17 52.4808 16.15
      vertex -17 37.1573 16.15
      vertex -17 52.677 15.8563
    endloop
  endfacet
  facet normal 1 0 0
    outer loop
      vertex -17 36.9611 15.8563
      vertex -17 52.677 15.8563
      vertex -17 37.1573 16.15
    endloop
  endfacet
  facet normal 1 0 0
    outer loop
      vertex -17 52.677 15.8563
      vertex -17 36.9611 15.8563
      vertex -17 52.9099 15.5908
    endloop
  endfacet
  facet normal 1 0 0
    outer loop
      vertex -17 36.7283 15.5908
      vertex -17 52.9099 15.5908
      vertex -17 36.9611 15.8563
    endloop
  endfacet
  facet normal 1 0 0
    outer loop
      vertex -17 52.9099 15.5908
      vertex -17 36.7283 15.5908
      vertex -17 53.1754 15.3579
    endloop
  endfacet
  facet normal 1 0 0
    outer loop
      vertex -17 36.4627 15.3579
      vertex -17 53.1754 15.3579
      vertex -17 36.7283 15.5908
    endloop
  endfacet
  facet normal 1 0 0
    outer loop
      vertex -17 53.1754 15.3579
      vertex -17 36.4627 15.3579
      vertex -17 53.4691 15.1617
    endloop
  endfacet
  facet normal 1 0 0
    outer loop
      vertex -17 36.1691 15.1617
      vertex -17 53.4691 15.1617
      vertex -17 36.4627 15.3579
    endloop
  endfacet
  facet normal 1 0 0
    outer loop
      vertex -17 53.4691 15.1617
      vertex -17 36.1691 15.1617
      vertex -17 53.7858 15.0055
    endloop
  endfacet
  facet normal 1 0 0
    outer loop
      vertex -17 35.8523 15.0055
      vertex -17 53.7858 15.0055
      vertex -17 36.1691 15.1617
    endloop
  endfacet
  facet normal 1 0 0
    outer loop
      vertex -17 53.7858 15.0055
      vertex -17 35.8523 15.0055
      vertex -17 54.1203 14.892
    endloop
  endfacet
  facet normal 1 0 0
    outer loop
      vertex -17 35.5179 14.892
      vertex -17 54.1203 14.892
      vertex -17 35.8523 15.0055
    endloop
  endfacet
  facet normal 1 0 0
    outer loop
      vertex -17 18.81 3
      vertex -17 54.1203 14.892
      vertex -17 35.5179 14.892
    endloop
  endfacet
  facet normal 1 0 0
    outer loop
      vertex -17 54.1203 14.892
      vertex -17 18.81 3
      vertex -17 54.4667 14.8231
    endloop
  endfacet
  facet normal 1 0 0
    outer loop
      vertex -17 18.81 3
      vertex -17 35.5179 14.892
      vertex -17 35.1715 14.8231
    endloop
  endfacet
  facet normal 1 0 0
    outer loop
      vertex -17 18.81 3
      vertex -17 35.1715 14.8231
      vertex -17 34.8191 14.8
    endloop
  endfacet
  facet normal 1 0 0
    outer loop
      vertex -17 18.81 29
      vertex -17 32.1422 17.1476
      vertex -17 32.1191 17.5
    endloop
  endfacet
  facet normal 1 0 0
    outer loop
      vertex -17 18.81 3
      vertex -17 32.1422 17.1476
      vertex -17 18.81 29
    endloop
  endfacet
  facet normal 1 0 0
    outer loop
      vertex -17 32.1422 17.1476
      vertex -17 18.81 3
      vertex -17 32.2111 16.8012
    endloop
  endfacet
  facet normal 1 0 0
    outer loop
      vertex -17 32.2111 16.8012
      vertex -17 18.81 3
      vertex -17 32.3246 16.4668
    endloop
  endfacet
  facet normal 1 0 0
    outer loop
      vertex -17 32.3246 16.4668
      vertex -17 18.81 3
      vertex -17 32.4808 16.15
    endloop
  endfacet
  facet normal 1 0 0
    outer loop
      vertex -17 32.4808 16.15
      vertex -17 18.81 3
      vertex -17 32.677 15.8563
    endloop
  endfacet
  facet normal 1 0 0
    outer loop
      vertex -17 114.819 14.8
      vertex -17 18.81 3
      vertex -17 231.19 3
    endloop
  endfacet
  facet normal 1 0 0
    outer loop
      vertex -17 34.4667 14.8231
      vertex -17 18.81 3
      vertex -17 34.8191 14.8
    endloop
  endfacet
  facet normal 1 0 0
    outer loop
      vertex -17 34.1203 14.892
      vertex -17 18.81 3
      vertex -17 34.4667 14.8231
    endloop
  endfacet
  facet normal 1 0 0
    outer loop
      vertex -17 33.7858 15.0055
      vertex -17 18.81 3
      vertex -17 34.1203 14.892
    endloop
  endfacet
  facet normal 1 0 0
    outer loop
      vertex -17 33.4691 15.1617
      vertex -17 18.81 3
      vertex -17 33.7858 15.0055
    endloop
  endfacet
  facet normal 1 0 0
    outer loop
      vertex -17 33.1754 15.3579
      vertex -17 18.81 3
      vertex -17 33.4691 15.1617
    endloop
  endfacet
  facet normal 1 0 0
    outer loop
      vertex -17 32.9099 15.5908
      vertex -17 18.81 3
      vertex -17 33.1754 15.3579
    endloop
  endfacet
  facet normal 1 0 0
    outer loop
      vertex -17 32.677 15.8563
      vertex -17 18.81 3
      vertex -17 32.9099 15.5908
    endloop
  endfacet
  facet normal 1 0 0
    outer loop
      vertex -160 0 0
      vertex -160 1.5 0
      vertex -160 0 1.5
    endloop
  endfacet
  facet normal 1 0 0
    outer loop
      vertex -160 248.5 0
      vertex -160 250 0
      vertex -160 250 1.5
    endloop
  endfacet
  facet normal 1 0 0
    outer loop
      vertex -160 231.2 29
      vertex -160 247 32
      vertex -160 231.2 32
    endloop
  endfacet
  facet normal 1 0 0
    outer loop
      vertex -160 247 32
      vertex -160 231.2 29
      vertex -160 247 3
    endloop
  endfacet
  facet normal 1 0 0
    outer loop
      vertex -160 231.19 3
      vertex -160 231.2 29
      vertex -160 231.19 29
    endloop
  endfacet
  facet normal 1 0 0
    outer loop
      vertex -160 231.2 29
      vertex -160 231.19 3
      vertex -160 247 3
    endloop
  endfacet
  facet normal 1 0 0
    outer loop
      vertex -160 18.8 32
      vertex -160 3 32
      vertex -160 18.8 29
    endloop
  endfacet
  facet normal 1 -0 0
    outer loop
      vertex -160 18.8 29
      vertex -160 18.81 3
      vertex -160 18.81 29
    endloop
  endfacet
  facet normal 1 0 0
    outer loop
      vertex -160 3 3
      vertex -160 18.8 29
      vertex -160 3 32
    endloop
  endfacet
  facet normal 1 0 0
    outer loop
      vertex -160 18.8 29
      vertex -160 3 3
      vertex -160 18.81 3
    endloop
  endfacet
  facet normal 1 -0 0
    outer loop
      vertex -160 21.81 4
      vertex -160 228.19 1.01
      vertex -160 228.19 4
    endloop
  endfacet
  facet normal 1 0 0
    outer loop
      vertex -160 228.19 1.01
      vertex -160 21.81 4
      vertex -160 21.81 1.01
    endloop
  endfacet
  facet normal 1 0 0
    outer loop
      vertex -160 32.1191 29
      vertex -160 21.81 29
      vertex -160 32.1191 17.5
    endloop
  endfacet
  facet normal 1 0 0
    outer loop
      vertex -160 52.1191 29
      vertex -160 37.5191 29
      vertex -160 52.1191 17.5
    endloop
  endfacet
  facet normal 1 0 0
    outer loop
      vertex -160 72.1191 29
      vertex -160 57.5191 29
      vertex -160 72.1191 17.5
    endloop
  endfacet
  facet normal 1 0 0
    outer loop
      vertex -160 92.1191 29
      vertex -160 77.5191 29
      vertex -160 92.1191 17.5
    endloop
  endfacet
  facet normal 1 0 0
    outer loop
      vertex -160 112.119 29
      vertex -160 97.5191 29
      vertex -160 112.119 17.5
    endloop
  endfacet
  facet normal 1 0 0
    outer loop
      vertex -160 132.119 29
      vertex -160 117.519 29
      vertex -160 132.119 17.5
    endloop
  endfacet
  facet normal 1 0 0
    outer loop
      vertex -160 152.119 29
      vertex -160 137.519 29
      vertex -160 152.119 17.5
    endloop
  endfacet
  facet normal 1 0 0
    outer loop
      vertex -160 172.119 29
      vertex -160 157.519 29
      vertex -160 172.119 17.5
    endloop
  endfacet
  facet normal 1 0 0
    outer loop
      vertex -160 192.119 29
      vertex -160 177.519 29
      vertex -160 192.119 17.5
    endloop
  endfacet
  facet normal 1 0 0
    outer loop
      vertex -160 212.119 29
      vertex -160 197.519 29
      vertex -160 212.119 17.5
    endloop
  endfacet
  facet normal 1 0 0
    outer loop
      vertex -160 217.519 17.5
      vertex -160 228.19 29
      vertex -160 217.519 29
    endloop
  endfacet
  facet normal 1 0 0
    outer loop
      vertex -160 228.19 29
      vertex -160 217.519 17.5
      vertex -160 228.19 4
    endloop
  endfacet
  facet normal 1 -0 0
    outer loop
      vertex -160 217.496 17.1476
      vertex -160 228.19 4
      vertex -160 217.519 17.5
    endloop
  endfacet
  facet normal 1 -0 0
    outer loop
      vertex -160 217.427 16.8012
      vertex -160 228.19 4
      vertex -160 217.496 17.1476
    endloop
  endfacet
  facet normal 1 -0 0
    outer loop
      vertex -160 217.314 16.4668
      vertex -160 228.19 4
      vertex -160 217.427 16.8012
    endloop
  endfacet
  facet normal 1 -0 0
    outer loop
      vertex -160 217.157 16.15
      vertex -160 228.19 4
      vertex -160 217.314 16.4668
    endloop
  endfacet
  facet normal 1 -0 0
    outer loop
      vertex -160 216.961 15.8563
      vertex -160 228.19 4
      vertex -160 217.157 16.15
    endloop
  endfacet
  facet normal 1 -0 0
    outer loop
      vertex -160 216.728 15.5908
      vertex -160 228.19 4
      vertex -160 216.961 15.8563
    endloop
  endfacet
  facet normal 1 -0 0
    outer loop
      vertex -160 216.463 15.3579
      vertex -160 228.19 4
      vertex -160 216.728 15.5908
    endloop
  endfacet
  facet normal 1 -0 0
    outer loop
      vertex -160 216.169 15.1617
      vertex -160 228.19 4
      vertex -160 216.463 15.3579
    endloop
  endfacet
  facet normal 1 -0 0
    outer loop
      vertex -160 215.852 15.0055
      vertex -160 228.19 4
      vertex -160 216.169 15.1617
    endloop
  endfacet
  facet normal 1 -0 0
    outer loop
      vertex -160 215.518 14.892
      vertex -160 228.19 4
      vertex -160 215.852 15.0055
    endloop
  endfacet
  facet normal 1 -0 0
    outer loop
      vertex -160 215.171 14.8231
      vertex -160 228.19 4
      vertex -160 215.518 14.892
    endloop
  endfacet
  facet normal 1 -0 0
    outer loop
      vertex -160 214.819 14.8
      vertex -160 228.19 4
      vertex -160 215.171 14.8231
    endloop
  endfacet
  facet normal 1 0 0
    outer loop
      vertex -160 214.467 14.8231
      vertex -160 228.19 4
      vertex -160 214.819 14.8
    endloop
  endfacet
  facet normal 1 0 0
    outer loop
      vertex -160 214.12 14.892
      vertex -160 228.19 4
      vertex -160 214.467 14.8231
    endloop
  endfacet
  facet normal 1 0 0
    outer loop
      vertex -160 213.786 15.0055
      vertex -160 228.19 4
      vertex -160 214.12 14.892
    endloop
  endfacet
  facet normal 1 0 0
    outer loop
      vertex -160 195.852 15.0055
      vertex -160 213.786 15.0055
      vertex -160 213.469 15.1617
    endloop
  endfacet
  facet normal 1 0 0
    outer loop
      vertex -160 196.169 15.1617
      vertex -160 213.469 15.1617
      vertex -160 213.175 15.3579
    endloop
  endfacet
  facet normal 1 0 0
    outer loop
      vertex -160 197.519 17.5
      vertex -160 212.119 17.5
      vertex -160 197.519 29
    endloop
  endfacet
  facet normal 1 0 0
    outer loop
      vertex -160 212.119 17.5
      vertex -160 197.519 17.5
      vertex -160 212.142 17.1476
    endloop
  endfacet
  facet normal 1 0 0
    outer loop
      vertex -160 197.496 17.1476
      vertex -160 212.142 17.1476
      vertex -160 197.519 17.5
    endloop
  endfacet
  facet normal 1 0 0
    outer loop
      vertex -160 212.142 17.1476
      vertex -160 197.496 17.1476
      vertex -160 212.211 16.8012
    endloop
  endfacet
  facet normal 1 0 0
    outer loop
      vertex -160 197.427 16.8012
      vertex -160 212.211 16.8012
      vertex -160 197.496 17.1476
    endloop
  endfacet
  facet normal 1 0 0
    outer loop
      vertex -160 212.211 16.8012
      vertex -160 197.427 16.8012
      vertex -160 212.325 16.4668
    endloop
  endfacet
  facet normal 1 0 0
    outer loop
      vertex -160 197.314 16.4668
      vertex -160 212.325 16.4668
      vertex -160 197.427 16.8012
    endloop
  endfacet
  facet normal 1 0 0
    outer loop
      vertex -160 212.325 16.4668
      vertex -160 197.314 16.4668
      vertex -160 212.481 16.15
    endloop
  endfacet
  facet normal 1 0 0
    outer loop
      vertex -160 197.157 16.15
      vertex -160 212.481 16.15
      vertex -160 197.314 16.4668
    endloop
  endfacet
  facet normal 1 0 0
    outer loop
      vertex -160 212.481 16.15
      vertex -160 197.157 16.15
      vertex -160 212.677 15.8563
    endloop
  endfacet
  facet normal 1 0 0
    outer loop
      vertex -160 196.961 15.8563
      vertex -160 212.677 15.8563
      vertex -160 197.157 16.15
    endloop
  endfacet
  facet normal 1 0 0
    outer loop
      vertex -160 212.677 15.8563
      vertex -160 196.961 15.8563
      vertex -160 212.91 15.5908
    endloop
  endfacet
  facet normal 1 0 0
    outer loop
      vertex -160 196.728 15.5908
      vertex -160 212.91 15.5908
      vertex -160 196.961 15.8563
    endloop
  endfacet
  facet normal 1 0 0
    outer loop
      vertex -160 212.91 15.5908
      vertex -160 196.728 15.5908
      vertex -160 213.175 15.3579
    endloop
  endfacet
  facet normal 1 0 0
    outer loop
      vertex -160 196.463 15.3579
      vertex -160 213.175 15.3579
      vertex -160 196.728 15.5908
    endloop
  endfacet
  facet normal 1 0 0
    outer loop
      vertex -160 196.169 15.1617
      vertex -160 213.175 15.3579
      vertex -160 196.463 15.3579
    endloop
  endfacet
  facet normal 1 0 0
    outer loop
      vertex -160 213.469 15.1617
      vertex -160 196.169 15.1617
      vertex -160 195.852 15.0055
    endloop
  endfacet
  facet normal 1 0 0
    outer loop
      vertex -160 213.786 15.0055
      vertex -160 195.852 15.0055
      vertex -160 228.19 4
    endloop
  endfacet
  facet normal 1 -0 0
    outer loop
      vertex -160 195.518 14.892
      vertex -160 228.19 4
      vertex -160 195.852 15.0055
    endloop
  endfacet
  facet normal 1 -0 0
    outer loop
      vertex -160 195.171 14.8231
      vertex -160 228.19 4
      vertex -160 195.518 14.892
    endloop
  endfacet
  facet normal 1 -0 0
    outer loop
      vertex -160 194.819 14.8
      vertex -160 228.19 4
      vertex -160 195.171 14.8231
    endloop
  endfacet
  facet normal 1 0 0
    outer loop
      vertex -160 194.467 14.8231
      vertex -160 228.19 4
      vertex -160 194.819 14.8
    endloop
  endfacet
  facet normal 1 0 0
    outer loop
      vertex -160 175.171 14.8231
      vertex -160 194.467 14.8231
      vertex -160 194.12 14.892
    endloop
  endfacet
  facet normal 1 0 0
    outer loop
      vertex -160 177.519 17.5
      vertex -160 192.119 17.5
      vertex -160 177.519 29
    endloop
  endfacet
  facet normal 1 0 0
    outer loop
      vertex -160 192.119 17.5
      vertex -160 177.519 17.5
      vertex -160 192.142 17.1476
    endloop
  endfacet
  facet normal 1 0 0
    outer loop
      vertex -160 177.496 17.1476
      vertex -160 192.142 17.1476
      vertex -160 177.519 17.5
    endloop
  endfacet
  facet normal 1 0 0
    outer loop
      vertex -160 192.142 17.1476
      vertex -160 177.496 17.1476
      vertex -160 192.211 16.8012
    endloop
  endfacet
  facet normal 1 0 0
    outer loop
      vertex -160 177.427 16.8012
      vertex -160 192.211 16.8012
      vertex -160 177.496 17.1476
    endloop
  endfacet
  facet normal 1 0 0
    outer loop
      vertex -160 192.211 16.8012
      vertex -160 177.427 16.8012
      vertex -160 192.325 16.4668
    endloop
  endfacet
  facet normal 1 0 0
    outer loop
      vertex -160 177.314 16.4668
      vertex -160 192.325 16.4668
      vertex -160 177.427 16.8012
    endloop
  endfacet
  facet normal 1 0 0
    outer loop
      vertex -160 192.325 16.4668
      vertex -160 177.314 16.4668
      vertex -160 192.481 16.15
    endloop
  endfacet
  facet normal 1 0 0
    outer loop
      vertex -160 177.157 16.15
      vertex -160 192.481 16.15
      vertex -160 177.314 16.4668
    endloop
  endfacet
  facet normal 1 0 0
    outer loop
      vertex -160 192.481 16.15
      vertex -160 177.157 16.15
      vertex -160 192.677 15.8563
    endloop
  endfacet
  facet normal 1 0 0
    outer loop
      vertex -160 176.961 15.8563
      vertex -160 192.677 15.8563
      vertex -160 177.157 16.15
    endloop
  endfacet
  facet normal 1 0 0
    outer loop
      vertex -160 192.677 15.8563
      vertex -160 176.961 15.8563
      vertex -160 192.91 15.5908
    endloop
  endfacet
  facet normal 1 0 0
    outer loop
      vertex -160 176.728 15.5908
      vertex -160 192.91 15.5908
      vertex -160 176.961 15.8563
    endloop
  endfacet
  facet normal 1 0 0
    outer loop
      vertex -160 192.91 15.5908
      vertex -160 176.728 15.5908
      vertex -160 193.175 15.3579
    endloop
  endfacet
  facet normal 1 0 0
    outer loop
      vertex -160 176.463 15.3579
      vertex -160 193.175 15.3579
      vertex -160 176.728 15.5908
    endloop
  endfacet
  facet normal 1 0 0
    outer loop
      vertex -160 193.175 15.3579
      vertex -160 176.463 15.3579
      vertex -160 193.469 15.1617
    endloop
  endfacet
  facet normal 1 0 0
    outer loop
      vertex -160 176.169 15.1617
      vertex -160 193.469 15.1617
      vertex -160 176.463 15.3579
    endloop
  endfacet
  facet normal 1 0 0
    outer loop
      vertex -160 193.469 15.1617
      vertex -160 176.169 15.1617
      vertex -160 193.786 15.0055
    endloop
  endfacet
  facet normal 1 0 0
    outer loop
      vertex -160 175.852 15.0055
      vertex -160 193.786 15.0055
      vertex -160 176.169 15.1617
    endloop
  endfacet
  facet normal 1 0 0
    outer loop
      vertex -160 193.786 15.0055
      vertex -160 175.852 15.0055
      vertex -160 194.12 14.892
    endloop
  endfacet
  facet normal 1 0 0
    outer loop
      vertex -160 175.518 14.892
      vertex -160 194.12 14.892
      vertex -160 175.852 15.0055
    endloop
  endfacet
  facet normal 1 0 0
    outer loop
      vertex -160 175.171 14.8231
      vertex -160 194.12 14.892
      vertex -160 175.518 14.892
    endloop
  endfacet
  facet normal 1 0 0
    outer loop
      vertex -160 194.467 14.8231
      vertex -160 175.171 14.8231
      vertex -160 228.19 4
    endloop
  endfacet
  facet normal 1 -0 0
    outer loop
      vertex -160 174.819 14.8
      vertex -160 228.19 4
      vertex -160 175.171 14.8231
    endloop
  endfacet
  facet normal 1 0 0
    outer loop
      vertex -160 154.819 14.8
      vertex -160 174.819 14.8
      vertex -160 174.467 14.8231
    endloop
  endfacet
  facet normal 1 0 0
    outer loop
      vertex -160 155.171 14.8231
      vertex -160 174.467 14.8231
      vertex -160 174.12 14.892
    endloop
  endfacet
  facet normal 1 0 0
    outer loop
      vertex -160 157.519 17.5
      vertex -160 172.119 17.5
      vertex -160 157.519 29
    endloop
  endfacet
  facet normal 1 0 0
    outer loop
      vertex -160 172.119 17.5
      vertex -160 157.519 17.5
      vertex -160 172.142 17.1476
    endloop
  endfacet
  facet normal 1 0 0
    outer loop
      vertex -160 157.496 17.1476
      vertex -160 172.142 17.1476
      vertex -160 157.519 17.5
    endloop
  endfacet
  facet normal 1 0 0
    outer loop
      vertex -160 172.142 17.1476
      vertex -160 157.496 17.1476
      vertex -160 172.211 16.8012
    endloop
  endfacet
  facet normal 1 0 0
    outer loop
      vertex -160 157.427 16.8012
      vertex -160 172.211 16.8012
      vertex -160 157.496 17.1476
    endloop
  endfacet
  facet normal 1 0 0
    outer loop
      vertex -160 172.211 16.8012
      vertex -160 157.427 16.8012
      vertex -160 172.325 16.4668
    endloop
  endfacet
  facet normal 1 0 0
    outer loop
      vertex -160 157.314 16.4668
      vertex -160 172.325 16.4668
      vertex -160 157.427 16.8012
    endloop
  endfacet
  facet normal 1 0 0
    outer loop
      vertex -160 172.325 16.4668
      vertex -160 157.314 16.4668
      vertex -160 172.481 16.15
    endloop
  endfacet
  facet normal 1 0 0
    outer loop
      vertex -160 157.157 16.15
      vertex -160 172.481 16.15
      vertex -160 157.314 16.4668
    endloop
  endfacet
  facet normal 1 0 0
    outer loop
      vertex -160 172.481 16.15
      vertex -160 157.157 16.15
      vertex -160 172.677 15.8563
    endloop
  endfacet
  facet normal 1 0 0
    outer loop
      vertex -160 156.961 15.8563
      vertex -160 172.677 15.8563
      vertex -160 157.157 16.15
    endloop
  endfacet
  facet normal 1 0 0
    outer loop
      vertex -160 172.677 15.8563
      vertex -160 156.961 15.8563
      vertex -160 172.91 15.5908
    endloop
  endfacet
  facet normal 1 0 0
    outer loop
      vertex -160 156.728 15.5908
      vertex -160 172.91 15.5908
      vertex -160 156.961 15.8563
    endloop
  endfacet
  facet normal 1 0 0
    outer loop
      vertex -160 172.91 15.5908
      vertex -160 156.728 15.5908
      vertex -160 173.175 15.3579
    endloop
  endfacet
  facet normal 1 0 0
    outer loop
      vertex -160 156.463 15.3579
      vertex -160 173.175 15.3579
      vertex -160 156.728 15.5908
    endloop
  endfacet
  facet normal 1 0 0
    outer loop
      vertex -160 173.175 15.3579
      vertex -160 156.463 15.3579
      vertex -160 173.469 15.1617
    endloop
  endfacet
  facet normal 1 0 0
    outer loop
      vertex -160 156.169 15.1617
      vertex -160 173.469 15.1617
      vertex -160 156.463 15.3579
    endloop
  endfacet
  facet normal 1 0 0
    outer loop
      vertex -160 173.469 15.1617
      vertex -160 156.169 15.1617
      vertex -160 173.786 15.0055
    endloop
  endfacet
  facet normal 1 0 0
    outer loop
      vertex -160 155.852 15.0055
      vertex -160 173.786 15.0055
      vertex -160 156.169 15.1617
    endloop
  endfacet
  facet normal 1 0 0
    outer loop
      vertex -160 173.786 15.0055
      vertex -160 155.852 15.0055
      vertex -160 174.12 14.892
    endloop
  endfacet
  facet normal 1 0 0
    outer loop
      vertex -160 155.518 14.892
      vertex -160 174.12 14.892
      vertex -160 155.852 15.0055
    endloop
  endfacet
  facet normal 1 0 0
    outer loop
      vertex -160 155.171 14.8231
      vertex -160 174.12 14.892
      vertex -160 155.518 14.892
    endloop
  endfacet
  facet normal 1 0 0
    outer loop
      vertex -160 154.819 14.8
      vertex -160 174.467 14.8231
      vertex -160 155.171 14.8231
    endloop
  endfacet
  facet normal 1 0 0
    outer loop
      vertex -160 174.819 14.8
      vertex -160 154.819 14.8
      vertex -160 228.19 4
    endloop
  endfacet
  facet normal 1 0 0
    outer loop
      vertex -160 134.819 14.8
      vertex -160 154.819 14.8
      vertex -160 154.467 14.8231
    endloop
  endfacet
  facet normal 1 0 0
    outer loop
      vertex -160 137.519 17.5
      vertex -160 152.119 17.5
      vertex -160 137.519 29
    endloop
  endfacet
  facet normal 1 0 0
    outer loop
      vertex -160 152.119 17.5
      vertex -160 137.519 17.5
      vertex -160 152.142 17.1476
    endloop
  endfacet
  facet normal 1 0 0
    outer loop
      vertex -160 137.496 17.1476
      vertex -160 152.142 17.1476
      vertex -160 137.519 17.5
    endloop
  endfacet
  facet normal 1 0 0
    outer loop
      vertex -160 152.142 17.1476
      vertex -160 137.496 17.1476
      vertex -160 152.211 16.8012
    endloop
  endfacet
  facet normal 1 0 0
    outer loop
      vertex -160 137.427 16.8012
      vertex -160 152.211 16.8012
      vertex -160 137.496 17.1476
    endloop
  endfacet
  facet normal 1 0 0
    outer loop
      vertex -160 152.211 16.8012
      vertex -160 137.427 16.8012
      vertex -160 152.325 16.4668
    endloop
  endfacet
  facet normal 1 0 0
    outer loop
      vertex -160 137.314 16.4668
      vertex -160 152.325 16.4668
      vertex -160 137.427 16.8012
    endloop
  endfacet
  facet normal 1 0 0
    outer loop
      vertex -160 152.325 16.4668
      vertex -160 137.314 16.4668
      vertex -160 152.481 16.15
    endloop
  endfacet
  facet normal 1 0 0
    outer loop
      vertex -160 137.157 16.15
      vertex -160 152.481 16.15
      vertex -160 137.314 16.4668
    endloop
  endfacet
  facet normal 1 0 0
    outer loop
      vertex -160 152.481 16.15
      vertex -160 137.157 16.15
      vertex -160 152.677 15.8563
    endloop
  endfacet
  facet normal 1 0 0
    outer loop
      vertex -160 136.961 15.8563
      vertex -160 152.677 15.8563
      vertex -160 137.157 16.15
    endloop
  endfacet
  facet normal 1 0 0
    outer loop
      vertex -160 152.677 15.8563
      vertex -160 136.961 15.8563
      vertex -160 152.91 15.5908
    endloop
  endfacet
  facet normal 1 0 0
    outer loop
      vertex -160 136.728 15.5908
      vertex -160 152.91 15.5908
      vertex -160 136.961 15.8563
    endloop
  endfacet
  facet normal 1 0 0
    outer loop
      vertex -160 152.91 15.5908
      vertex -160 136.728 15.5908
      vertex -160 153.175 15.3579
    endloop
  endfacet
  facet normal 1 0 0
    outer loop
      vertex -160 136.463 15.3579
      vertex -160 153.175 15.3579
      vertex -160 136.728 15.5908
    endloop
  endfacet
  facet normal 1 0 0
    outer loop
      vertex -160 153.175 15.3579
      vertex -160 136.463 15.3579
      vertex -160 153.469 15.1617
    endloop
  endfacet
  facet normal 1 0 0
    outer loop
      vertex -160 136.169 15.1617
      vertex -160 153.469 15.1617
      vertex -160 136.463 15.3579
    endloop
  endfacet
  facet normal 1 0 0
    outer loop
      vertex -160 153.469 15.1617
      vertex -160 136.169 15.1617
      vertex -160 153.786 15.0055
    endloop
  endfacet
  facet normal 1 0 0
    outer loop
      vertex -160 135.852 15.0055
      vertex -160 153.786 15.0055
      vertex -160 136.169 15.1617
    endloop
  endfacet
  facet normal 1 0 0
    outer loop
      vertex -160 153.786 15.0055
      vertex -160 135.852 15.0055
      vertex -160 154.12 14.892
    endloop
  endfacet
  facet normal 1 0 0
    outer loop
      vertex -160 135.518 14.892
      vertex -160 154.12 14.892
      vertex -160 135.852 15.0055
    endloop
  endfacet
  facet normal 1 0 0
    outer loop
      vertex -160 154.12 14.892
      vertex -160 135.518 14.892
      vertex -160 154.467 14.8231
    endloop
  endfacet
  facet normal 1 0 0
    outer loop
      vertex -160 135.171 14.8231
      vertex -160 154.467 14.8231
      vertex -160 135.518 14.892
    endloop
  endfacet
  facet normal 1 0 0
    outer loop
      vertex -160 134.819 14.8
      vertex -160 154.467 14.8231
      vertex -160 135.171 14.8231
    endloop
  endfacet
  facet normal 1 0 0
    outer loop
      vertex -160 154.819 14.8
      vertex -160 134.819 14.8
      vertex -160 228.19 4
    endloop
  endfacet
  facet normal 1 0 0
    outer loop
      vertex -160 114.819 14.8
      vertex -160 134.819 14.8
      vertex -160 134.467 14.8231
    endloop
  endfacet
  facet normal 1 0 0
    outer loop
      vertex -160 117.519 17.5
      vertex -160 132.119 17.5
      vertex -160 117.519 29
    endloop
  endfacet
  facet normal 1 0 0
    outer loop
      vertex -160 132.119 17.5
      vertex -160 117.519 17.5
      vertex -160 132.142 17.1476
    endloop
  endfacet
  facet normal 1 0 0
    outer loop
      vertex -160 117.496 17.1476
      vertex -160 132.142 17.1476
      vertex -160 117.519 17.5
    endloop
  endfacet
  facet normal 1 0 0
    outer loop
      vertex -160 132.142 17.1476
      vertex -160 117.496 17.1476
      vertex -160 132.211 16.8012
    endloop
  endfacet
  facet normal 1 0 0
    outer loop
      vertex -160 117.427 16.8012
      vertex -160 132.211 16.8012
      vertex -160 117.496 17.1476
    endloop
  endfacet
  facet normal 1 0 0
    outer loop
      vertex -160 132.211 16.8012
      vertex -160 117.427 16.8012
      vertex -160 132.325 16.4668
    endloop
  endfacet
  facet normal 1 0 0
    outer loop
      vertex -160 117.314 16.4668
      vertex -160 132.325 16.4668
      vertex -160 117.427 16.8012
    endloop
  endfacet
  facet normal 1 0 0
    outer loop
      vertex -160 132.325 16.4668
      vertex -160 117.314 16.4668
      vertex -160 132.481 16.15
    endloop
  endfacet
  facet normal 1 0 0
    outer loop
      vertex -160 117.157 16.15
      vertex -160 132.481 16.15
      vertex -160 117.314 16.4668
    endloop
  endfacet
  facet normal 1 0 0
    outer loop
      vertex -160 132.481 16.15
      vertex -160 117.157 16.15
      vertex -160 132.677 15.8563
    endloop
  endfacet
  facet normal 1 0 0
    outer loop
      vertex -160 116.961 15.8563
      vertex -160 132.677 15.8563
      vertex -160 117.157 16.15
    endloop
  endfacet
  facet normal 1 0 0
    outer loop
      vertex -160 132.677 15.8563
      vertex -160 116.961 15.8563
      vertex -160 132.91 15.5908
    endloop
  endfacet
  facet normal 1 0 0
    outer loop
      vertex -160 116.728 15.5908
      vertex -160 132.91 15.5908
      vertex -160 116.961 15.8563
    endloop
  endfacet
  facet normal 1 0 0
    outer loop
      vertex -160 132.91 15.5908
      vertex -160 116.728 15.5908
      vertex -160 133.175 15.3579
    endloop
  endfacet
  facet normal 1 0 0
    outer loop
      vertex -160 116.463 15.3579
      vertex -160 133.175 15.3579
      vertex -160 116.728 15.5908
    endloop
  endfacet
  facet normal 1 0 0
    outer loop
      vertex -160 133.175 15.3579
      vertex -160 116.463 15.3579
      vertex -160 133.469 15.1617
    endloop
  endfacet
  facet normal 1 0 0
    outer loop
      vertex -160 116.169 15.1617
      vertex -160 133.469 15.1617
      vertex -160 116.463 15.3579
    endloop
  endfacet
  facet normal 1 0 0
    outer loop
      vertex -160 133.469 15.1617
      vertex -160 116.169 15.1617
      vertex -160 133.786 15.0055
    endloop
  endfacet
  facet normal 1 0 0
    outer loop
      vertex -160 115.852 15.0055
      vertex -160 133.786 15.0055
      vertex -160 116.169 15.1617
    endloop
  endfacet
  facet normal 1 0 0
    outer loop
      vertex -160 133.786 15.0055
      vertex -160 115.852 15.0055
      vertex -160 134.12 14.892
    endloop
  endfacet
  facet normal 1 0 0
    outer loop
      vertex -160 115.518 14.892
      vertex -160 134.12 14.892
      vertex -160 115.852 15.0055
    endloop
  endfacet
  facet normal 1 0 0
    outer loop
      vertex -160 134.12 14.892
      vertex -160 115.518 14.892
      vertex -160 134.467 14.8231
    endloop
  endfacet
  facet normal 1 0 0
    outer loop
      vertex -160 115.171 14.8231
      vertex -160 134.467 14.8231
      vertex -160 115.518 14.892
    endloop
  endfacet
  facet normal 1 0 0
    outer loop
      vertex -160 114.819 14.8
      vertex -160 134.467 14.8231
      vertex -160 115.171 14.8231
    endloop
  endfacet
  facet normal 1 0 0
    outer loop
      vertex -160 134.819 14.8
      vertex -160 114.819 14.8
      vertex -160 228.19 4
    endloop
  endfacet
  facet normal 1 0 0
    outer loop
      vertex -160 94.8191 14.8
      vertex -160 114.819 14.8
      vertex -160 114.467 14.8231
    endloop
  endfacet
  facet normal 1 0 0
    outer loop
      vertex -160 97.5191 17.5
      vertex -160 112.119 17.5
      vertex -160 97.5191 29
    endloop
  endfacet
  facet normal 1 0 0
    outer loop
      vertex -160 112.119 17.5
      vertex -160 97.5191 17.5
      vertex -160 112.142 17.1476
    endloop
  endfacet
  facet normal 1 0 0
    outer loop
      vertex -160 97.496 17.1476
      vertex -160 112.142 17.1476
      vertex -160 97.5191 17.5
    endloop
  endfacet
  facet normal 1 0 0
    outer loop
      vertex -160 112.142 17.1476
      vertex -160 97.496 17.1476
      vertex -160 112.211 16.8012
    endloop
  endfacet
  facet normal 1 0 0
    outer loop
      vertex -160 97.4271 16.8012
      vertex -160 112.211 16.8012
      vertex -160 97.496 17.1476
    endloop
  endfacet
  facet normal 1 0 0
    outer loop
      vertex -160 112.211 16.8012
      vertex -160 97.4271 16.8012
      vertex -160 112.325 16.4668
    endloop
  endfacet
  facet normal 1 0 0
    outer loop
      vertex -160 97.3136 16.4668
      vertex -160 112.325 16.4668
      vertex -160 97.4271 16.8012
    endloop
  endfacet
  facet normal 1 0 0
    outer loop
      vertex -160 112.325 16.4668
      vertex -160 97.3136 16.4668
      vertex -160 112.481 16.15
    endloop
  endfacet
  facet normal 1 0 0
    outer loop
      vertex -160 97.1573 16.15
      vertex -160 112.481 16.15
      vertex -160 97.3136 16.4668
    endloop
  endfacet
  facet normal 1 0 0
    outer loop
      vertex -160 112.481 16.15
      vertex -160 97.1573 16.15
      vertex -160 112.677 15.8563
    endloop
  endfacet
  facet normal 1 0 0
    outer loop
      vertex -160 96.9611 15.8563
      vertex -160 112.677 15.8563
      vertex -160 97.1573 16.15
    endloop
  endfacet
  facet normal 1 0 0
    outer loop
      vertex -160 112.677 15.8563
      vertex -160 96.9611 15.8563
      vertex -160 112.91 15.5908
    endloop
  endfacet
  facet normal 1 0 0
    outer loop
      vertex -160 96.7283 15.5908
      vertex -160 112.91 15.5908
      vertex -160 96.9611 15.8563
    endloop
  endfacet
  facet normal 1 0 0
    outer loop
      vertex -160 112.91 15.5908
      vertex -160 96.7283 15.5908
      vertex -160 113.175 15.3579
    endloop
  endfacet
  facet normal 1 0 0
    outer loop
      vertex -160 96.4627 15.3579
      vertex -160 113.175 15.3579
      vertex -160 96.7283 15.5908
    endloop
  endfacet
  facet normal 1 0 0
    outer loop
      vertex -160 113.175 15.3579
      vertex -160 96.4627 15.3579
      vertex -160 113.469 15.1617
    endloop
  endfacet
  facet normal 1 0 0
    outer loop
      vertex -160 96.1691 15.1617
      vertex -160 113.469 15.1617
      vertex -160 96.4627 15.3579
    endloop
  endfacet
  facet normal 1 0 0
    outer loop
      vertex -160 113.469 15.1617
      vertex -160 96.1691 15.1617
      vertex -160 113.786 15.0055
    endloop
  endfacet
  facet normal 1 0 0
    outer loop
      vertex -160 95.8523 15.0055
      vertex -160 113.786 15.0055
      vertex -160 96.1691 15.1617
    endloop
  endfacet
  facet normal 1 0 0
    outer loop
      vertex -160 113.786 15.0055
      vertex -160 95.8523 15.0055
      vertex -160 114.12 14.892
    endloop
  endfacet
  facet normal 1 0 0
    outer loop
      vertex -160 95.5179 14.892
      vertex -160 114.12 14.892
      vertex -160 95.8523 15.0055
    endloop
  endfacet
  facet normal 1 0 0
    outer loop
      vertex -160 114.12 14.892
      vertex -160 95.5179 14.892
      vertex -160 114.467 14.8231
    endloop
  endfacet
  facet normal 1 0 0
    outer loop
      vertex -160 95.1715 14.8231
      vertex -160 114.467 14.8231
      vertex -160 95.5179 14.892
    endloop
  endfacet
  facet normal 1 0 0
    outer loop
      vertex -160 94.8191 14.8
      vertex -160 114.467 14.8231
      vertex -160 95.1715 14.8231
    endloop
  endfacet
  facet normal 1 0 0
    outer loop
      vertex -160 114.819 14.8
      vertex -160 94.8191 14.8
      vertex -160 21.81 4
    endloop
  endfacet
  facet normal 1 0 0
    outer loop
      vertex -160 74.8191 14.8
      vertex -160 94.8191 14.8
      vertex -160 94.4667 14.8231
    endloop
  endfacet
  facet normal 1 0 0
    outer loop
      vertex -160 77.5191 17.5
      vertex -160 92.1191 17.5
      vertex -160 77.5191 29
    endloop
  endfacet
  facet normal 1 0 0
    outer loop
      vertex -160 92.1191 17.5
      vertex -160 77.5191 17.5
      vertex -160 92.1422 17.1476
    endloop
  endfacet
  facet normal 1 0 0
    outer loop
      vertex -160 77.496 17.1476
      vertex -160 92.1422 17.1476
      vertex -160 77.5191 17.5
    endloop
  endfacet
  facet normal 1 0 0
    outer loop
      vertex -160 92.1422 17.1476
      vertex -160 77.496 17.1476
      vertex -160 92.2111 16.8012
    endloop
  endfacet
  facet normal 1 0 0
    outer loop
      vertex -160 77.4271 16.8012
      vertex -160 92.2111 16.8012
      vertex -160 77.496 17.1476
    endloop
  endfacet
  facet normal 1 0 0
    outer loop
      vertex -160 92.2111 16.8012
      vertex -160 77.4271 16.8012
      vertex -160 92.3246 16.4668
    endloop
  endfacet
  facet normal 1 0 0
    outer loop
      vertex -160 77.3136 16.4668
      vertex -160 92.3246 16.4668
      vertex -160 77.4271 16.8012
    endloop
  endfacet
  facet normal 1 0 0
    outer loop
      vertex -160 92.3246 16.4668
      vertex -160 77.3136 16.4668
      vertex -160 92.4808 16.15
    endloop
  endfacet
  facet normal 1 0 0
    outer loop
      vertex -160 77.1573 16.15
      vertex -160 92.4808 16.15
      vertex -160 77.3136 16.4668
    endloop
  endfacet
  facet normal 1 0 0
    outer loop
      vertex -160 92.4808 16.15
      vertex -160 77.1573 16.15
      vertex -160 92.677 15.8563
    endloop
  endfacet
  facet normal 1 0 0
    outer loop
      vertex -160 76.9611 15.8563
      vertex -160 92.677 15.8563
      vertex -160 77.1573 16.15
    endloop
  endfacet
  facet normal 1 0 0
    outer loop
      vertex -160 92.677 15.8563
      vertex -160 76.9611 15.8563
      vertex -160 92.9099 15.5908
    endloop
  endfacet
  facet normal 1 0 0
    outer loop
      vertex -160 76.7283 15.5908
      vertex -160 92.9099 15.5908
      vertex -160 76.9611 15.8563
    endloop
  endfacet
  facet normal 1 0 0
    outer loop
      vertex -160 92.9099 15.5908
      vertex -160 76.7283 15.5908
      vertex -160 93.1754 15.3579
    endloop
  endfacet
  facet normal 1 0 0
    outer loop
      vertex -160 76.4627 15.3579
      vertex -160 93.1754 15.3579
      vertex -160 76.7283 15.5908
    endloop
  endfacet
  facet normal 1 0 0
    outer loop
      vertex -160 93.1754 15.3579
      vertex -160 76.4627 15.3579
      vertex -160 93.4691 15.1617
    endloop
  endfacet
  facet normal 1 0 0
    outer loop
      vertex -160 76.1691 15.1617
      vertex -160 93.4691 15.1617
      vertex -160 76.4627 15.3579
    endloop
  endfacet
  facet normal 1 0 0
    outer loop
      vertex -160 93.4691 15.1617
      vertex -160 76.1691 15.1617
      vertex -160 93.7858 15.0055
    endloop
  endfacet
  facet normal 1 0 0
    outer loop
      vertex -160 75.8523 15.0055
      vertex -160 93.7858 15.0055
      vertex -160 76.1691 15.1617
    endloop
  endfacet
  facet normal 1 0 0
    outer loop
      vertex -160 93.7858 15.0055
      vertex -160 75.8523 15.0055
      vertex -160 94.1203 14.892
    endloop
  endfacet
  facet normal 1 0 0
    outer loop
      vertex -160 75.5179 14.892
      vertex -160 94.1203 14.892
      vertex -160 75.8523 15.0055
    endloop
  endfacet
  facet normal 1 0 0
    outer loop
      vertex -160 94.1203 14.892
      vertex -160 75.5179 14.892
      vertex -160 94.4667 14.8231
    endloop
  endfacet
  facet normal 1 0 0
    outer loop
      vertex -160 75.1715 14.8231
      vertex -160 94.4667 14.8231
      vertex -160 75.5179 14.892
    endloop
  endfacet
  facet normal 1 0 0
    outer loop
      vertex -160 74.8191 14.8
      vertex -160 94.4667 14.8231
      vertex -160 75.1715 14.8231
    endloop
  endfacet
  facet normal 1 0 0
    outer loop
      vertex -160 94.8191 14.8
      vertex -160 74.8191 14.8
      vertex -160 21.81 4
    endloop
  endfacet
  facet normal 1 0 0
    outer loop
      vertex -160 21.81 4
      vertex -160 74.8191 14.8
      vertex -160 74.4667 14.8231
    endloop
  endfacet
  facet normal 1 0 0
    outer loop
      vertex -160 57.5191 17.5
      vertex -160 72.1191 17.5
      vertex -160 57.5191 29
    endloop
  endfacet
  facet normal 1 0 0
    outer loop
      vertex -160 72.1191 17.5
      vertex -160 57.5191 17.5
      vertex -160 72.1422 17.1476
    endloop
  endfacet
  facet normal 1 0 0
    outer loop
      vertex -160 57.496 17.1476
      vertex -160 72.1422 17.1476
      vertex -160 57.5191 17.5
    endloop
  endfacet
  facet normal 1 0 0
    outer loop
      vertex -160 72.1422 17.1476
      vertex -160 57.496 17.1476
      vertex -160 72.2111 16.8012
    endloop
  endfacet
  facet normal 1 0 0
    outer loop
      vertex -160 57.4271 16.8012
      vertex -160 72.2111 16.8012
      vertex -160 57.496 17.1476
    endloop
  endfacet
  facet normal 1 0 0
    outer loop
      vertex -160 72.2111 16.8012
      vertex -160 57.4271 16.8012
      vertex -160 72.3246 16.4668
    endloop
  endfacet
  facet normal 1 0 0
    outer loop
      vertex -160 57.3135 16.4668
      vertex -160 72.3246 16.4668
      vertex -160 57.4271 16.8012
    endloop
  endfacet
  facet normal 1 0 0
    outer loop
      vertex -160 72.3246 16.4668
      vertex -160 57.3135 16.4668
      vertex -160 72.4808 16.15
    endloop
  endfacet
  facet normal 1 0 0
    outer loop
      vertex -160 57.1573 16.15
      vertex -160 72.4808 16.15
      vertex -160 57.3135 16.4668
    endloop
  endfacet
  facet normal 1 0 0
    outer loop
      vertex -160 72.4808 16.15
      vertex -160 57.1573 16.15
      vertex -160 72.677 15.8563
    endloop
  endfacet
  facet normal 1 0 0
    outer loop
      vertex -160 56.9611 15.8563
      vertex -160 72.677 15.8563
      vertex -160 57.1573 16.15
    endloop
  endfacet
  facet normal 1 0 0
    outer loop
      vertex -160 72.677 15.8563
      vertex -160 56.9611 15.8563
      vertex -160 72.9099 15.5908
    endloop
  endfacet
  facet normal 1 0 0
    outer loop
      vertex -160 56.7283 15.5908
      vertex -160 72.9099 15.5908
      vertex -160 56.9611 15.8563
    endloop
  endfacet
  facet normal 1 0 0
    outer loop
      vertex -160 72.9099 15.5908
      vertex -160 56.7283 15.5908
      vertex -160 73.1754 15.3579
    endloop
  endfacet
  facet normal 1 0 0
    outer loop
      vertex -160 56.4627 15.3579
      vertex -160 73.1754 15.3579
      vertex -160 56.7283 15.5908
    endloop
  endfacet
  facet normal 1 0 0
    outer loop
      vertex -160 73.1754 15.3579
      vertex -160 56.4627 15.3579
      vertex -160 73.4691 15.1617
    endloop
  endfacet
  facet normal 1 0 0
    outer loop
      vertex -160 56.1691 15.1617
      vertex -160 73.4691 15.1617
      vertex -160 56.4627 15.3579
    endloop
  endfacet
  facet normal 1 0 0
    outer loop
      vertex -160 73.4691 15.1617
      vertex -160 56.1691 15.1617
      vertex -160 73.7858 15.0055
    endloop
  endfacet
  facet normal 1 0 0
    outer loop
      vertex -160 55.8523 15.0055
      vertex -160 73.7858 15.0055
      vertex -160 56.1691 15.1617
    endloop
  endfacet
  facet normal 1 0 0
    outer loop
      vertex -160 73.7858 15.0055
      vertex -160 55.8523 15.0055
      vertex -160 74.1203 14.892
    endloop
  endfacet
  facet normal 1 0 0
    outer loop
      vertex -160 55.5179 14.892
      vertex -160 74.1203 14.892
      vertex -160 55.8523 15.0055
    endloop
  endfacet
  facet normal 1 0 0
    outer loop
      vertex -160 74.1203 14.892
      vertex -160 55.5179 14.892
      vertex -160 74.4667 14.8231
    endloop
  endfacet
  facet normal 1 0 0
    outer loop
      vertex -160 55.1715 14.8231
      vertex -160 74.4667 14.8231
      vertex -160 55.5179 14.892
    endloop
  endfacet
  facet normal 1 0 0
    outer loop
      vertex -160 74.4667 14.8231
      vertex -160 55.1715 14.8231
      vertex -160 21.81 4
    endloop
  endfacet
  facet normal 1 0 0
    outer loop
      vertex -160 21.81 4
      vertex -160 55.1715 14.8231
      vertex -160 54.8191 14.8
    endloop
  endfacet
  facet normal 1 0 0
    outer loop
      vertex -160 37.5191 17.5
      vertex -160 52.1191 17.5
      vertex -160 37.5191 29
    endloop
  endfacet
  facet normal 1 0 0
    outer loop
      vertex -160 52.1191 17.5
      vertex -160 37.5191 17.5
      vertex -160 52.1422 17.1476
    endloop
  endfacet
  facet normal 1 0 0
    outer loop
      vertex -160 37.496 17.1476
      vertex -160 52.1422 17.1476
      vertex -160 37.5191 17.5
    endloop
  endfacet
  facet normal 1 0 0
    outer loop
      vertex -160 52.1422 17.1476
      vertex -160 37.496 17.1476
      vertex -160 52.2111 16.8012
    endloop
  endfacet
  facet normal 1 0 0
    outer loop
      vertex -160 37.4271 16.8012
      vertex -160 52.2111 16.8012
      vertex -160 37.496 17.1476
    endloop
  endfacet
  facet normal 1 0 0
    outer loop
      vertex -160 52.2111 16.8012
      vertex -160 37.4271 16.8012
      vertex -160 52.3246 16.4668
    endloop
  endfacet
  facet normal 1 0 0
    outer loop
      vertex -160 37.3135 16.4668
      vertex -160 52.3246 16.4668
      vertex -160 37.4271 16.8012
    endloop
  endfacet
  facet normal 1 0 0
    outer loop
      vertex -160 52.3246 16.4668
      vertex -160 37.3135 16.4668
      vertex -160 52.4808 16.15
    endloop
  endfacet
  facet normal 1 0 0
    outer loop
      vertex -160 37.1573 16.15
      vertex -160 52.4808 16.15
      vertex -160 37.3135 16.4668
    endloop
  endfacet
  facet normal 1 0 0
    outer loop
      vertex -160 52.4808 16.15
      vertex -160 37.1573 16.15
      vertex -160 52.677 15.8563
    endloop
  endfacet
  facet normal 1 0 0
    outer loop
      vertex -160 36.9611 15.8563
      vertex -160 52.677 15.8563
      vertex -160 37.1573 16.15
    endloop
  endfacet
  facet normal 1 0 0
    outer loop
      vertex -160 52.677 15.8563
      vertex -160 36.9611 15.8563
      vertex -160 52.9099 15.5908
    endloop
  endfacet
  facet normal 1 0 0
    outer loop
      vertex -160 36.7283 15.5908
      vertex -160 52.9099 15.5908
      vertex -160 36.9611 15.8563
    endloop
  endfacet
  facet normal 1 0 0
    outer loop
      vertex -160 52.9099 15.5908
      vertex -160 36.7283 15.5908
      vertex -160 53.1754 15.3579
    endloop
  endfacet
  facet normal 1 0 0
    outer loop
      vertex -160 36.4627 15.3579
      vertex -160 53.1754 15.3579
      vertex -160 36.7283 15.5908
    endloop
  endfacet
  facet normal 1 0 0
    outer loop
      vertex -160 53.1754 15.3579
      vertex -160 36.4627 15.3579
      vertex -160 53.4691 15.1617
    endloop
  endfacet
  facet normal 1 0 0
    outer loop
      vertex -160 36.1691 15.1617
      vertex -160 53.4691 15.1617
      vertex -160 36.4627 15.3579
    endloop
  endfacet
  facet normal 1 0 0
    outer loop
      vertex -160 53.4691 15.1617
      vertex -160 36.1691 15.1617
      vertex -160 53.7858 15.0055
    endloop
  endfacet
  facet normal 1 0 0
    outer loop
      vertex -160 35.8523 15.0055
      vertex -160 53.7858 15.0055
      vertex -160 36.1691 15.1617
    endloop
  endfacet
  facet normal 1 0 0
    outer loop
      vertex -160 21.81 4
      vertex -160 53.7858 15.0055
      vertex -160 35.8523 15.0055
    endloop
  endfacet
  facet normal 1 0 0
    outer loop
      vertex -160 53.7858 15.0055
      vertex -160 21.81 4
      vertex -160 54.1203 14.892
    endloop
  endfacet
  facet normal 1 0 0
    outer loop
      vertex -160 54.1203 14.892
      vertex -160 21.81 4
      vertex -160 54.4667 14.8231
    endloop
  endfacet
  facet normal 1 0 0
    outer loop
      vertex -160 54.4667 14.8231
      vertex -160 21.81 4
      vertex -160 54.8191 14.8
    endloop
  endfacet
  facet normal 1 0 0
    outer loop
      vertex -160 21.81 4
      vertex -160 35.8523 15.0055
      vertex -160 35.5179 14.892
    endloop
  endfacet
  facet normal 1 0 0
    outer loop
      vertex -160 21.81 4
      vertex -160 35.5179 14.892
      vertex -160 35.1715 14.8231
    endloop
  endfacet
  facet normal 1 0 0
    outer loop
      vertex -160 21.81 4
      vertex -160 35.1715 14.8231
      vertex -160 34.8191 14.8
    endloop
  endfacet
  facet normal 1 0 0
    outer loop
      vertex -160 21.81 29
      vertex -160 32.1422 17.1476
      vertex -160 32.1191 17.5
    endloop
  endfacet
  facet normal 1 0 0
    outer loop
      vertex -160 21.81 4
      vertex -160 32.1422 17.1476
      vertex -160 21.81 29
    endloop
  endfacet
  facet normal 1 0 0
    outer loop
      vertex -160 32.1422 17.1476
      vertex -160 21.81 4
      vertex -160 32.2111 16.8012
    endloop
  endfacet
  facet normal 1 0 0
    outer loop
      vertex -160 32.2111 16.8012
      vertex -160 21.81 4
      vertex -160 32.3246 16.4668
    endloop
  endfacet
  facet normal 1 0 0
    outer loop
      vertex -160 32.3246 16.4668
      vertex -160 21.81 4
      vertex -160 32.4808 16.15
    endloop
  endfacet
  facet normal 1 0 0
    outer loop
      vertex -160 114.819 14.8
      vertex -160 21.81 4
      vertex -160 228.19 4
    endloop
  endfacet
  facet normal 1 0 0
    outer loop
      vertex -160 34.4667 14.8231
      vertex -160 21.81 4
      vertex -160 34.8191 14.8
    endloop
  endfacet
  facet normal 1 0 0
    outer loop
      vertex -160 34.1203 14.892
      vertex -160 21.81 4
      vertex -160 34.4667 14.8231
    endloop
  endfacet
  facet normal 1 0 0
    outer loop
      vertex -160 33.7858 15.0055
      vertex -160 21.81 4
      vertex -160 34.1203 14.892
    endloop
  endfacet
  facet normal 1 0 0
    outer loop
      vertex -160 33.4691 15.1617
      vertex -160 21.81 4
      vertex -160 33.7858 15.0055
    endloop
  endfacet
  facet normal 1 0 0
    outer loop
      vertex -160 33.1754 15.3579
      vertex -160 21.81 4
      vertex -160 33.4691 15.1617
    endloop
  endfacet
  facet normal 1 0 0
    outer loop
      vertex -160 32.9099 15.5908
      vertex -160 21.81 4
      vertex -160 33.1754 15.3579
    endloop
  endfacet
  facet normal 1 0 0
    outer loop
      vertex -160 32.677 15.8563
      vertex -160 21.81 4
      vertex -160 32.9099 15.5908
    endloop
  endfacet
  facet normal 1 0 0
    outer loop
      vertex -160 32.4808 16.15
      vertex -160 21.81 4
      vertex -160 32.677 15.8563
    endloop
  endfacet
  facet normal 0 1 -0
    outer loop
      vertex -20 21.81 1.01
      vertex -20.01 21.81 29
      vertex -20 21.81 29
    endloop
  endfacet
  facet normal 0 1 0
    outer loop
      vertex -20.01 21.81 29
      vertex -160 21.81 4
      vertex -159.99 21.81 29
    endloop
  endfacet
  facet normal 0 1 0
    outer loop
      vertex -159.99 21.81 29
      vertex -160 21.81 4
      vertex -160 21.81 29
    endloop
  endfacet
  facet normal 0 1 0
    outer loop
      vertex -20.01 21.81 29
      vertex -20 21.81 1.01
      vertex -160 21.81 4
    endloop
  endfacet
  facet normal 0 1 0
    outer loop
      vertex -160 21.81 4
      vertex -20 21.81 1.01
      vertex -160 21.81 1.01
    endloop
  endfacet
  facet normal 0 1 -0
    outer loop
      vertex -20.01 21.81 29
      vertex -159.99 21.81 32
      vertex -20.01 21.81 32
    endloop
  endfacet
  facet normal 0 1 0
    outer loop
      vertex -159.99 21.81 32
      vertex -20.01 21.81 29
      vertex -159.99 21.81 29
    endloop
  endfacet
  facet normal 0 -1 0
    outer loop
      vertex -160 228.19 4
      vertex -159.99 228.19 29
      vertex -160 228.19 29
    endloop
  endfacet
  facet normal 0 -1 -0
    outer loop
      vertex -159.99 228.19 29
      vertex -160 228.19 4
      vertex -20.01 228.19 29
    endloop
  endfacet
  facet normal 0 -1 0
    outer loop
      vertex -20 228.19 1.01
      vertex -20.01 228.19 29
      vertex -160 228.19 4
    endloop
  endfacet
  facet normal 0 -1 0
    outer loop
      vertex -20 228.19 1.01
      vertex -160 228.19 4
      vertex -160 228.19 1.01
    endloop
  endfacet
  facet normal 0 -1 0
    outer loop
      vertex -20.01 228.19 29
      vertex -20 228.19 1.01
      vertex -20 228.19 29
    endloop
  endfacet
  facet normal 0 -1 0
    outer loop
      vertex -159.99 228.19 29
      vertex -20.01 228.19 32
      vertex -159.99 228.19 32
    endloop
  endfacet
  facet normal 0 -1 -0
    outer loop
      vertex -20.01 228.19 32
      vertex -159.99 228.19 29
      vertex -20.01 228.19 29
    endloop
  endfacet
  facet normal -1 0 0
    outer loop
      vertex -20 217.496 17.1476
      vertex -20 228.19 29
      vertex -20 228.19 1.01
    endloop
  endfacet
  facet normal -1 0 0
    outer loop
      vertex -20 228.19 29
      vertex -20 217.496 17.1476
      vertex -20 217.519 17.5
    endloop
  endfacet
  facet normal -1 0 0
    outer loop
      vertex -20 228.19 1.01
      vertex -20 217.427 16.8012
      vertex -20 217.496 17.1476
    endloop
  endfacet
  facet normal -1 0 0
    outer loop
      vertex -20 228.19 1.01
      vertex -20 217.314 16.4668
      vertex -20 217.427 16.8012
    endloop
  endfacet
  facet normal -1 0 0
    outer loop
      vertex -20 228.19 1.01
      vertex -20 217.157 16.15
      vertex -20 217.314 16.4668
    endloop
  endfacet
  facet normal -1 0 0
    outer loop
      vertex -20 228.19 1.01
      vertex -20 216.961 15.8563
      vertex -20 217.157 16.15
    endloop
  endfacet
  facet normal -1 0 0
    outer loop
      vertex -20 228.19 1.01
      vertex -20 216.728 15.5908
      vertex -20 216.961 15.8563
    endloop
  endfacet
  facet normal -1 0 0
    outer loop
      vertex -20 228.19 1.01
      vertex -20 216.463 15.3579
      vertex -20 216.728 15.5908
    endloop
  endfacet
  facet normal -1 0 0
    outer loop
      vertex -20 228.19 1.01
      vertex -20 216.169 15.1617
      vertex -20 216.463 15.3579
    endloop
  endfacet
  facet normal -1 0 0
    outer loop
      vertex -20 228.19 1.01
      vertex -20 215.852 15.0055
      vertex -20 216.169 15.1617
    endloop
  endfacet
  facet normal -1 0 0
    outer loop
      vertex -20 228.19 1.01
      vertex -20 215.518 14.892
      vertex -20 215.852 15.0055
    endloop
  endfacet
  facet normal -1 0 0
    outer loop
      vertex -20 228.19 1.01
      vertex -20 215.171 14.8231
      vertex -20 215.518 14.892
    endloop
  endfacet
  facet normal -1 0 0
    outer loop
      vertex -20 228.19 1.01
      vertex -20 214.819 14.8
      vertex -20 215.171 14.8231
    endloop
  endfacet
  facet normal -1 0 0
    outer loop
      vertex -20 228.19 1.01
      vertex -20 214.467 14.8231
      vertex -20 214.819 14.8
    endloop
  endfacet
  facet normal -1 0 0
    outer loop
      vertex -20 228.19 1.01
      vertex -20 214.12 14.892
      vertex -20 214.467 14.8231
    endloop
  endfacet
  facet normal -1 0 0
    outer loop
      vertex -20 228.19 1.01
      vertex -20 213.786 15.0055
      vertex -20 214.12 14.892
    endloop
  endfacet
  facet normal -1 0 0
    outer loop
      vertex -20 195.852 15.0055
      vertex -20 213.786 15.0055
      vertex -20 228.19 1.01
    endloop
  endfacet
  facet normal -1 0 0
    outer loop
      vertex -20 213.786 15.0055
      vertex -20 195.852 15.0055
      vertex -20 213.469 15.1617
    endloop
  endfacet
  facet normal -1 0 -0
    outer loop
      vertex -20 196.169 15.1617
      vertex -20 213.469 15.1617
      vertex -20 195.852 15.0055
    endloop
  endfacet
  facet normal -1 0 0
    outer loop
      vertex -20 212.119 17.5
      vertex -20 197.519 17.5
      vertex -20 212.119 29
    endloop
  endfacet
  facet normal -1 0 0
    outer loop
      vertex -20 212.142 17.1476
      vertex -20 197.519 17.5
      vertex -20 212.119 17.5
    endloop
  endfacet
  facet normal -1 0 0
    outer loop
      vertex -20 197.496 17.1476
      vertex -20 212.142 17.1476
      vertex -20 212.211 16.8012
    endloop
  endfacet
  facet normal -1 0 0
    outer loop
      vertex -20 197.427 16.8012
      vertex -20 212.211 16.8012
      vertex -20 212.325 16.4668
    endloop
  endfacet
  facet normal -1 0 0
    outer loop
      vertex -20 197.314 16.4668
      vertex -20 212.325 16.4668
      vertex -20 212.481 16.15
    endloop
  endfacet
  facet normal -1 0 0
    outer loop
      vertex -20 197.157 16.15
      vertex -20 212.481 16.15
      vertex -20 212.677 15.8563
    endloop
  endfacet
  facet normal -1 0 0
    outer loop
      vertex -20 196.961 15.8563
      vertex -20 212.677 15.8563
      vertex -20 212.91 15.5908
    endloop
  endfacet
  facet normal -1 0 0
    outer loop
      vertex -20 213.469 15.1617
      vertex -20 196.169 15.1617
      vertex -20 213.175 15.3579
    endloop
  endfacet
  facet normal -1 0 0
    outer loop
      vertex -20 212.142 17.1476
      vertex -20 197.496 17.1476
      vertex -20 197.519 17.5
    endloop
  endfacet
  facet normal -1 0 0
    outer loop
      vertex -20 212.211 16.8012
      vertex -20 197.427 16.8012
      vertex -20 197.496 17.1476
    endloop
  endfacet
  facet normal -1 0 0
    outer loop
      vertex -20 212.325 16.4668
      vertex -20 197.314 16.4668
      vertex -20 197.427 16.8012
    endloop
  endfacet
  facet normal -1 0 0
    outer loop
      vertex -20 212.481 16.15
      vertex -20 197.157 16.15
      vertex -20 197.314 16.4668
    endloop
  endfacet
  facet normal -1 0 0
    outer loop
      vertex -20 212.677 15.8563
      vertex -20 196.961 15.8563
      vertex -20 197.157 16.15
    endloop
  endfacet
  facet normal -1 0 0
    outer loop
      vertex -20 212.91 15.5908
      vertex -20 196.728 15.5908
      vertex -20 196.961 15.8563
    endloop
  endfacet
  facet normal -1 -0 0
    outer loop
      vertex -20 212.91 15.5908
      vertex -20 196.463 15.3579
      vertex -20 196.728 15.5908
    endloop
  endfacet
  facet normal -1 0 0
    outer loop
      vertex -20 213.175 15.3579
      vertex -20 196.463 15.3579
      vertex -20 212.91 15.5908
    endloop
  endfacet
  facet normal -1 0 -0
    outer loop
      vertex -20 196.463 15.3579
      vertex -20 213.175 15.3579
      vertex -20 196.169 15.1617
    endloop
  endfacet
  facet normal -1 0 0
    outer loop
      vertex -20 228.19 1.01
      vertex -20 195.518 14.892
      vertex -20 195.852 15.0055
    endloop
  endfacet
  facet normal -1 0 0
    outer loop
      vertex -20 228.19 1.01
      vertex -20 195.171 14.8231
      vertex -20 195.518 14.892
    endloop
  endfacet
  facet normal -1 0 0
    outer loop
      vertex -20 228.19 1.01
      vertex -20 194.819 14.8
      vertex -20 195.171 14.8231
    endloop
  endfacet
  facet normal -1 0 0
    outer loop
      vertex -20 228.19 1.01
      vertex -20 194.467 14.8231
      vertex -20 194.819 14.8
    endloop
  endfacet
  facet normal -1 0 0
    outer loop
      vertex -20 175.171 14.8231
      vertex -20 194.467 14.8231
      vertex -20 228.19 1.01
    endloop
  endfacet
  facet normal -1 0 0
    outer loop
      vertex -20 194.467 14.8231
      vertex -20 175.171 14.8231
      vertex -20 194.12 14.892
    endloop
  endfacet
  facet normal -1 0 0
    outer loop
      vertex -20 192.119 17.5
      vertex -20 177.519 17.5
      vertex -20 192.119 29
    endloop
  endfacet
  facet normal -1 0 0
    outer loop
      vertex -20 192.142 17.1476
      vertex -20 177.519 17.5
      vertex -20 192.119 17.5
    endloop
  endfacet
  facet normal -1 0 0
    outer loop
      vertex -20 177.496 17.1476
      vertex -20 192.142 17.1476
      vertex -20 192.211 16.8012
    endloop
  endfacet
  facet normal -1 0 0
    outer loop
      vertex -20 177.427 16.8012
      vertex -20 192.211 16.8012
      vertex -20 192.325 16.4668
    endloop
  endfacet
  facet normal -1 0 0
    outer loop
      vertex -20 177.314 16.4668
      vertex -20 192.325 16.4668
      vertex -20 192.481 16.15
    endloop
  endfacet
  facet normal -1 0 0
    outer loop
      vertex -20 177.157 16.15
      vertex -20 192.481 16.15
      vertex -20 192.677 15.8563
    endloop
  endfacet
  facet normal -1 0 0
    outer loop
      vertex -20 176.961 15.8563
      vertex -20 192.677 15.8563
      vertex -20 192.91 15.5908
    endloop
  endfacet
  facet normal -1 0 0
    outer loop
      vertex -20 176.728 15.5908
      vertex -20 192.91 15.5908
      vertex -20 193.175 15.3579
    endloop
  endfacet
  facet normal -1 0 0
    outer loop
      vertex -20 176.463 15.3579
      vertex -20 193.175 15.3579
      vertex -20 193.469 15.1617
    endloop
  endfacet
  facet normal -1 0 0
    outer loop
      vertex -20 176.169 15.1617
      vertex -20 193.469 15.1617
      vertex -20 193.786 15.0055
    endloop
  endfacet
  facet normal -1 0 -0
    outer loop
      vertex -20 175.518 14.892
      vertex -20 194.12 14.892
      vertex -20 175.171 14.8231
    endloop
  endfacet
  facet normal -1 0 0
    outer loop
      vertex -20 192.142 17.1476
      vertex -20 177.496 17.1476
      vertex -20 177.519 17.5
    endloop
  endfacet
  facet normal -1 0 0
    outer loop
      vertex -20 192.211 16.8012
      vertex -20 177.427 16.8012
      vertex -20 177.496 17.1476
    endloop
  endfacet
  facet normal -1 0 0
    outer loop
      vertex -20 192.325 16.4668
      vertex -20 177.314 16.4668
      vertex -20 177.427 16.8012
    endloop
  endfacet
  facet normal -1 0 0
    outer loop
      vertex -20 192.481 16.15
      vertex -20 177.157 16.15
      vertex -20 177.314 16.4668
    endloop
  endfacet
  facet normal -1 0 0
    outer loop
      vertex -20 192.677 15.8563
      vertex -20 176.961 15.8563
      vertex -20 177.157 16.15
    endloop
  endfacet
  facet normal -1 0 0
    outer loop
      vertex -20 192.91 15.5908
      vertex -20 176.728 15.5908
      vertex -20 176.961 15.8563
    endloop
  endfacet
  facet normal -1 0 0
    outer loop
      vertex -20 193.175 15.3579
      vertex -20 176.463 15.3579
      vertex -20 176.728 15.5908
    endloop
  endfacet
  facet normal -1 0 0
    outer loop
      vertex -20 193.469 15.1617
      vertex -20 176.169 15.1617
      vertex -20 176.463 15.3579
    endloop
  endfacet
  facet normal -1 0 0
    outer loop
      vertex -20 193.786 15.0055
      vertex -20 175.852 15.0055
      vertex -20 176.169 15.1617
    endloop
  endfacet
  facet normal -1 -0 0
    outer loop
      vertex -20 193.786 15.0055
      vertex -20 175.518 14.892
      vertex -20 175.852 15.0055
    endloop
  endfacet
  facet normal -1 0 0
    outer loop
      vertex -20 194.12 14.892
      vertex -20 175.518 14.892
      vertex -20 193.786 15.0055
    endloop
  endfacet
  facet normal -1 0 0
    outer loop
      vertex -20 228.19 1.01
      vertex -20 174.819 14.8
      vertex -20 175.171 14.8231
    endloop
  endfacet
  facet normal -1 0 0
    outer loop
      vertex -20 228.19 1.01
      vertex -20 174.467 14.8231
      vertex -20 174.819 14.8
    endloop
  endfacet
  facet normal -1 0 0
    outer loop
      vertex -20 155.171 14.8231
      vertex -20 174.467 14.8231
      vertex -20 228.19 1.01
    endloop
  endfacet
  facet normal -1 0 0
    outer loop
      vertex -20 172.119 17.5
      vertex -20 157.519 17.5
      vertex -20 172.119 29
    endloop
  endfacet
  facet normal -1 0 0
    outer loop
      vertex -20 172.142 17.1476
      vertex -20 157.519 17.5
      vertex -20 172.119 17.5
    endloop
  endfacet
  facet normal -1 0 0
    outer loop
      vertex -20 157.496 17.1476
      vertex -20 172.142 17.1476
      vertex -20 172.211 16.8012
    endloop
  endfacet
  facet normal -1 0 0
    outer loop
      vertex -20 157.427 16.8012
      vertex -20 172.211 16.8012
      vertex -20 172.325 16.4668
    endloop
  endfacet
  facet normal -1 0 0
    outer loop
      vertex -20 157.314 16.4668
      vertex -20 172.325 16.4668
      vertex -20 172.481 16.15
    endloop
  endfacet
  facet normal -1 0 0
    outer loop
      vertex -20 157.157 16.15
      vertex -20 172.481 16.15
      vertex -20 172.677 15.8563
    endloop
  endfacet
  facet normal -1 0 0
    outer loop
      vertex -20 156.961 15.8563
      vertex -20 172.677 15.8563
      vertex -20 172.91 15.5908
    endloop
  endfacet
  facet normal -1 0 0
    outer loop
      vertex -20 156.728 15.5908
      vertex -20 172.91 15.5908
      vertex -20 173.175 15.3579
    endloop
  endfacet
  facet normal -1 0 0
    outer loop
      vertex -20 156.463 15.3579
      vertex -20 173.175 15.3579
      vertex -20 173.469 15.1617
    endloop
  endfacet
  facet normal -1 0 0
    outer loop
      vertex -20 156.169 15.1617
      vertex -20 173.469 15.1617
      vertex -20 173.786 15.0055
    endloop
  endfacet
  facet normal -1 0 0
    outer loop
      vertex -20 155.852 15.0055
      vertex -20 173.786 15.0055
      vertex -20 174.12 14.892
    endloop
  endfacet
  facet normal -1 0 0
    outer loop
      vertex -20 174.467 14.8231
      vertex -20 155.171 14.8231
      vertex -20 174.12 14.892
    endloop
  endfacet
  facet normal -1 0 0
    outer loop
      vertex -20 172.142 17.1476
      vertex -20 157.496 17.1476
      vertex -20 157.519 17.5
    endloop
  endfacet
  facet normal -1 0 0
    outer loop
      vertex -20 172.211 16.8012
      vertex -20 157.427 16.8012
      vertex -20 157.496 17.1476
    endloop
  endfacet
  facet normal -1 0 0
    outer loop
      vertex -20 172.325 16.4668
      vertex -20 157.314 16.4668
      vertex -20 157.427 16.8012
    endloop
  endfacet
  facet normal -1 0 0
    outer loop
      vertex -20 172.481 16.15
      vertex -20 157.157 16.15
      vertex -20 157.314 16.4668
    endloop
  endfacet
  facet normal -1 0 0
    outer loop
      vertex -20 172.677 15.8563
      vertex -20 156.961 15.8563
      vertex -20 157.157 16.15
    endloop
  endfacet
  facet normal -1 0 0
    outer loop
      vertex -20 172.91 15.5908
      vertex -20 156.728 15.5908
      vertex -20 156.961 15.8563
    endloop
  endfacet
  facet normal -1 0 0
    outer loop
      vertex -20 173.175 15.3579
      vertex -20 156.463 15.3579
      vertex -20 156.728 15.5908
    endloop
  endfacet
  facet normal -1 0 0
    outer loop
      vertex -20 173.469 15.1617
      vertex -20 156.169 15.1617
      vertex -20 156.463 15.3579
    endloop
  endfacet
  facet normal -1 0 0
    outer loop
      vertex -20 173.786 15.0055
      vertex -20 155.852 15.0055
      vertex -20 156.169 15.1617
    endloop
  endfacet
  facet normal -1 0 0
    outer loop
      vertex -20 174.12 14.892
      vertex -20 155.518 14.892
      vertex -20 155.852 15.0055
    endloop
  endfacet
  facet normal -1 -0 0
    outer loop
      vertex -20 174.12 14.892
      vertex -20 155.171 14.8231
      vertex -20 155.518 14.892
    endloop
  endfacet
  facet normal -1 0 0
    outer loop
      vertex -20 228.19 1.01
      vertex -20 154.819 14.8
      vertex -20 155.171 14.8231
    endloop
  endfacet
  facet normal -1 0 0
    outer loop
      vertex -20 134.819 14.8
      vertex -20 154.819 14.8
      vertex -20 228.19 1.01
    endloop
  endfacet
  facet normal -1 0 0
    outer loop
      vertex -20 152.119 17.5
      vertex -20 137.519 17.5
      vertex -20 152.119 29
    endloop
  endfacet
  facet normal -1 0 0
    outer loop
      vertex -20 152.142 17.1476
      vertex -20 137.519 17.5
      vertex -20 152.119 17.5
    endloop
  endfacet
  facet normal -1 0 0
    outer loop
      vertex -20 137.496 17.1476
      vertex -20 152.142 17.1476
      vertex -20 152.211 16.8012
    endloop
  endfacet
  facet normal -1 0 0
    outer loop
      vertex -20 137.427 16.8012
      vertex -20 152.211 16.8012
      vertex -20 152.325 16.4668
    endloop
  endfacet
  facet normal -1 0 0
    outer loop
      vertex -20 137.314 16.4668
      vertex -20 152.325 16.4668
      vertex -20 152.481 16.15
    endloop
  endfacet
  facet normal -1 0 0
    outer loop
      vertex -20 137.157 16.15
      vertex -20 152.481 16.15
      vertex -20 152.677 15.8563
    endloop
  endfacet
  facet normal -1 0 0
    outer loop
      vertex -20 136.961 15.8563
      vertex -20 152.677 15.8563
      vertex -20 152.91 15.5908
    endloop
  endfacet
  facet normal -1 0 0
    outer loop
      vertex -20 136.728 15.5908
      vertex -20 152.91 15.5908
      vertex -20 153.175 15.3579
    endloop
  endfacet
  facet normal -1 0 0
    outer loop
      vertex -20 136.463 15.3579
      vertex -20 153.175 15.3579
      vertex -20 153.469 15.1617
    endloop
  endfacet
  facet normal -1 0 0
    outer loop
      vertex -20 136.169 15.1617
      vertex -20 153.469 15.1617
      vertex -20 153.786 15.0055
    endloop
  endfacet
  facet normal -1 0 0
    outer loop
      vertex -20 135.852 15.0055
      vertex -20 153.786 15.0055
      vertex -20 154.12 14.892
    endloop
  endfacet
  facet normal -1 0 0
    outer loop
      vertex -20 135.518 14.892
      vertex -20 154.12 14.892
      vertex -20 154.467 14.8231
    endloop
  endfacet
  facet normal -1 0 0
    outer loop
      vertex -20 154.819 14.8
      vertex -20 134.819 14.8
      vertex -20 154.467 14.8231
    endloop
  endfacet
  facet normal -1 0 0
    outer loop
      vertex -20 152.142 17.1476
      vertex -20 137.496 17.1476
      vertex -20 137.519 17.5
    endloop
  endfacet
  facet normal -1 0 0
    outer loop
      vertex -20 152.211 16.8012
      vertex -20 137.427 16.8012
      vertex -20 137.496 17.1476
    endloop
  endfacet
  facet normal -1 0 0
    outer loop
      vertex -20 152.325 16.4668
      vertex -20 137.314 16.4668
      vertex -20 137.427 16.8012
    endloop
  endfacet
  facet normal -1 0 0
    outer loop
      vertex -20 152.481 16.15
      vertex -20 137.157 16.15
      vertex -20 137.314 16.4668
    endloop
  endfacet
  facet normal -1 0 0
    outer loop
      vertex -20 152.677 15.8563
      vertex -20 136.961 15.8563
      vertex -20 137.157 16.15
    endloop
  endfacet
  facet normal -1 0 0
    outer loop
      vertex -20 152.91 15.5908
      vertex -20 136.728 15.5908
      vertex -20 136.961 15.8563
    endloop
  endfacet
  facet normal -1 0 0
    outer loop
      vertex -20 153.175 15.3579
      vertex -20 136.463 15.3579
      vertex -20 136.728 15.5908
    endloop
  endfacet
  facet normal -1 0 0
    outer loop
      vertex -20 153.469 15.1617
      vertex -20 136.169 15.1617
      vertex -20 136.463 15.3579
    endloop
  endfacet
  facet normal -1 0 0
    outer loop
      vertex -20 153.786 15.0055
      vertex -20 135.852 15.0055
      vertex -20 136.169 15.1617
    endloop
  endfacet
  facet normal -1 0 0
    outer loop
      vertex -20 154.12 14.892
      vertex -20 135.518 14.892
      vertex -20 135.852 15.0055
    endloop
  endfacet
  facet normal -1 0 0
    outer loop
      vertex -20 154.467 14.8231
      vertex -20 135.171 14.8231
      vertex -20 135.518 14.892
    endloop
  endfacet
  facet normal -1 -0 0
    outer loop
      vertex -20 154.467 14.8231
      vertex -20 134.819 14.8
      vertex -20 135.171 14.8231
    endloop
  endfacet
  facet normal -1 0 0
    outer loop
      vertex -20 114.819 14.8
      vertex -20 134.819 14.8
      vertex -20 228.19 1.01
    endloop
  endfacet
  facet normal -1 0 0
    outer loop
      vertex -20 132.119 17.5
      vertex -20 117.519 17.5
      vertex -20 132.119 29
    endloop
  endfacet
  facet normal -1 0 0
    outer loop
      vertex -20 132.142 17.1476
      vertex -20 117.519 17.5
      vertex -20 132.119 17.5
    endloop
  endfacet
  facet normal -1 0 0
    outer loop
      vertex -20 117.496 17.1476
      vertex -20 132.142 17.1476
      vertex -20 132.211 16.8012
    endloop
  endfacet
  facet normal -1 0 0
    outer loop
      vertex -20 117.427 16.8012
      vertex -20 132.211 16.8012
      vertex -20 132.325 16.4668
    endloop
  endfacet
  facet normal -1 0 0
    outer loop
      vertex -20 117.314 16.4668
      vertex -20 132.325 16.4668
      vertex -20 132.481 16.15
    endloop
  endfacet
  facet normal -1 0 0
    outer loop
      vertex -20 117.157 16.15
      vertex -20 132.481 16.15
      vertex -20 132.677 15.8563
    endloop
  endfacet
  facet normal -1 0 0
    outer loop
      vertex -20 116.961 15.8563
      vertex -20 132.677 15.8563
      vertex -20 132.91 15.5908
    endloop
  endfacet
  facet normal -1 0 0
    outer loop
      vertex -20 116.728 15.5908
      vertex -20 132.91 15.5908
      vertex -20 133.175 15.3579
    endloop
  endfacet
  facet normal -1 0 0
    outer loop
      vertex -20 116.463 15.3579
      vertex -20 133.175 15.3579
      vertex -20 133.469 15.1617
    endloop
  endfacet
  facet normal -1 0 0
    outer loop
      vertex -20 116.169 15.1617
      vertex -20 133.469 15.1617
      vertex -20 133.786 15.0055
    endloop
  endfacet
  facet normal -1 0 0
    outer loop
      vertex -20 115.852 15.0055
      vertex -20 133.786 15.0055
      vertex -20 134.12 14.892
    endloop
  endfacet
  facet normal -1 0 0
    outer loop
      vertex -20 115.518 14.892
      vertex -20 134.12 14.892
      vertex -20 134.467 14.8231
    endloop
  endfacet
  facet normal -1 0 0
    outer loop
      vertex -20 132.142 17.1476
      vertex -20 117.496 17.1476
      vertex -20 117.519 17.5
    endloop
  endfacet
  facet normal -1 0 0
    outer loop
      vertex -20 134.819 14.8
      vertex -20 114.819 14.8
      vertex -20 134.467 14.8231
    endloop
  endfacet
  facet normal -1 0 0
    outer loop
      vertex -20 132.211 16.8012
      vertex -20 117.427 16.8012
      vertex -20 117.496 17.1476
    endloop
  endfacet
  facet normal -1 0 0
    outer loop
      vertex -20 132.325 16.4668
      vertex -20 117.314 16.4668
      vertex -20 117.427 16.8012
    endloop
  endfacet
  facet normal -1 0 0
    outer loop
      vertex -20 132.481 16.15
      vertex -20 117.157 16.15
      vertex -20 117.314 16.4668
    endloop
  endfacet
  facet normal -1 0 0
    outer loop
      vertex -20 132.677 15.8563
      vertex -20 116.961 15.8563
      vertex -20 117.157 16.15
    endloop
  endfacet
  facet normal -1 0 0
    outer loop
      vertex -20 132.91 15.5908
      vertex -20 116.728 15.5908
      vertex -20 116.961 15.8563
    endloop
  endfacet
  facet normal -1 0 0
    outer loop
      vertex -20 133.175 15.3579
      vertex -20 116.463 15.3579
      vertex -20 116.728 15.5908
    endloop
  endfacet
  facet normal -1 0 0
    outer loop
      vertex -20 133.469 15.1617
      vertex -20 116.169 15.1617
      vertex -20 116.463 15.3579
    endloop
  endfacet
  facet normal -1 0 0
    outer loop
      vertex -20 133.786 15.0055
      vertex -20 115.852 15.0055
      vertex -20 116.169 15.1617
    endloop
  endfacet
  facet normal -1 0 0
    outer loop
      vertex -20 134.12 14.892
      vertex -20 115.518 14.892
      vertex -20 115.852 15.0055
    endloop
  endfacet
  facet normal -1 0 0
    outer loop
      vertex -20 134.467 14.8231
      vertex -20 115.171 14.8231
      vertex -20 115.518 14.892
    endloop
  endfacet
  facet normal -1 -0 0
    outer loop
      vertex -20 134.467 14.8231
      vertex -20 114.819 14.8
      vertex -20 115.171 14.8231
    endloop
  endfacet
  facet normal -1 0 0
    outer loop
      vertex -20 21.81 1.01
      vertex -20 114.819 14.8
      vertex -20 228.19 1.01
    endloop
  endfacet
  facet normal -1 0 0
    outer loop
      vertex -20 112.119 17.5
      vertex -20 97.5191 17.5
      vertex -20 112.119 29
    endloop
  endfacet
  facet normal -1 0 0
    outer loop
      vertex -20 112.142 17.1476
      vertex -20 97.5191 17.5
      vertex -20 112.119 17.5
    endloop
  endfacet
  facet normal -1 0 0
    outer loop
      vertex -20 97.496 17.1476
      vertex -20 112.142 17.1476
      vertex -20 112.211 16.8012
    endloop
  endfacet
  facet normal -1 0 0
    outer loop
      vertex -20 97.4271 16.8012
      vertex -20 112.211 16.8012
      vertex -20 112.325 16.4668
    endloop
  endfacet
  facet normal -1 0 0
    outer loop
      vertex -20 97.3136 16.4668
      vertex -20 112.325 16.4668
      vertex -20 112.481 16.15
    endloop
  endfacet
  facet normal -1 0 0
    outer loop
      vertex -20 97.1573 16.15
      vertex -20 112.481 16.15
      vertex -20 112.677 15.8563
    endloop
  endfacet
  facet normal -1 0 0
    outer loop
      vertex -20 96.9611 15.8563
      vertex -20 112.677 15.8563
      vertex -20 112.91 15.5908
    endloop
  endfacet
  facet normal -1 0 0
    outer loop
      vertex -20 96.7283 15.5908
      vertex -20 112.91 15.5908
      vertex -20 113.175 15.3579
    endloop
  endfacet
  facet normal -1 0 0
    outer loop
      vertex -20 96.4627 15.3579
      vertex -20 113.175 15.3579
      vertex -20 113.469 15.1617
    endloop
  endfacet
  facet normal -1 0 0
    outer loop
      vertex -20 96.1691 15.1617
      vertex -20 113.469 15.1617
      vertex -20 113.786 15.0055
    endloop
  endfacet
  facet normal -1 0 0
    outer loop
      vertex -20 95.8523 15.0055
      vertex -20 113.786 15.0055
      vertex -20 114.12 14.892
    endloop
  endfacet
  facet normal -1 0 0
    outer loop
      vertex -20 95.5179 14.892
      vertex -20 114.12 14.892
      vertex -20 114.467 14.8231
    endloop
  endfacet
  facet normal -1 0 0
    outer loop
      vertex -20 112.142 17.1476
      vertex -20 97.496 17.1476
      vertex -20 97.5191 17.5
    endloop
  endfacet
  facet normal -1 0 0
    outer loop
      vertex -20 112.211 16.8012
      vertex -20 97.4271 16.8012
      vertex -20 97.496 17.1476
    endloop
  endfacet
  facet normal -1 0 -0
    outer loop
      vertex -20 94.8191 14.8
      vertex -20 114.819 14.8
      vertex -20 21.81 1.01
    endloop
  endfacet
  facet normal -1 0 0
    outer loop
      vertex -20 112.325 16.4668
      vertex -20 97.3136 16.4668
      vertex -20 97.4271 16.8012
    endloop
  endfacet
  facet normal -1 0 0
    outer loop
      vertex -20 112.481 16.15
      vertex -20 97.1573 16.15
      vertex -20 97.3136 16.4668
    endloop
  endfacet
  facet normal -1 0 0
    outer loop
      vertex -20 112.677 15.8563
      vertex -20 96.9611 15.8563
      vertex -20 97.1573 16.15
    endloop
  endfacet
  facet normal -1 0 0
    outer loop
      vertex -20 112.91 15.5908
      vertex -20 96.7283 15.5908
      vertex -20 96.9611 15.8563
    endloop
  endfacet
  facet normal -1 0 0
    outer loop
      vertex -20 113.175 15.3579
      vertex -20 96.4627 15.3579
      vertex -20 96.7283 15.5908
    endloop
  endfacet
  facet normal -1 0 0
    outer loop
      vertex -20 113.469 15.1617
      vertex -20 96.1691 15.1617
      vertex -20 96.4627 15.3579
    endloop
  endfacet
  facet normal -1 0 0
    outer loop
      vertex -20 113.786 15.0055
      vertex -20 95.8523 15.0055
      vertex -20 96.1691 15.1617
    endloop
  endfacet
  facet normal -1 0 0
    outer loop
      vertex -20 114.12 14.892
      vertex -20 95.5179 14.892
      vertex -20 95.8523 15.0055
    endloop
  endfacet
  facet normal -1 0 0
    outer loop
      vertex -20 114.467 14.8231
      vertex -20 95.1715 14.8231
      vertex -20 95.5179 14.892
    endloop
  endfacet
  facet normal -1 0 0
    outer loop
      vertex -20 114.819 14.8
      vertex -20 94.8191 14.8
      vertex -20 114.467 14.8231
    endloop
  endfacet
  facet normal -1 -0 0
    outer loop
      vertex -20 114.467 14.8231
      vertex -20 94.8191 14.8
      vertex -20 95.1715 14.8231
    endloop
  endfacet
  facet normal -1 0 0
    outer loop
      vertex -20 92.1191 17.5
      vertex -20 77.5191 17.5
      vertex -20 92.1191 29
    endloop
  endfacet
  facet normal -1 0 0
    outer loop
      vertex -20 92.1422 17.1476
      vertex -20 77.5191 17.5
      vertex -20 92.1191 17.5
    endloop
  endfacet
  facet normal -1 0 0
    outer loop
      vertex -20 77.496 17.1476
      vertex -20 92.1422 17.1476
      vertex -20 92.2111 16.8012
    endloop
  endfacet
  facet normal -1 0 0
    outer loop
      vertex -20 77.4271 16.8012
      vertex -20 92.2111 16.8012
      vertex -20 92.3246 16.4668
    endloop
  endfacet
  facet normal -1 0 0
    outer loop
      vertex -20 77.3136 16.4668
      vertex -20 92.3246 16.4668
      vertex -20 92.4808 16.15
    endloop
  endfacet
  facet normal -1 0 0
    outer loop
      vertex -20 77.1573 16.15
      vertex -20 92.4808 16.15
      vertex -20 92.677 15.8563
    endloop
  endfacet
  facet normal -1 0 0
    outer loop
      vertex -20 76.9611 15.8563
      vertex -20 92.677 15.8563
      vertex -20 92.9099 15.5908
    endloop
  endfacet
  facet normal -1 0 0
    outer loop
      vertex -20 76.7283 15.5908
      vertex -20 92.9099 15.5908
      vertex -20 93.1754 15.3579
    endloop
  endfacet
  facet normal -1 0 0
    outer loop
      vertex -20 76.4627 15.3579
      vertex -20 93.1754 15.3579
      vertex -20 93.4691 15.1617
    endloop
  endfacet
  facet normal -1 0 0
    outer loop
      vertex -20 76.1691 15.1617
      vertex -20 93.4691 15.1617
      vertex -20 93.7858 15.0055
    endloop
  endfacet
  facet normal -1 0 0
    outer loop
      vertex -20 75.8523 15.0055
      vertex -20 93.7858 15.0055
      vertex -20 94.1203 14.892
    endloop
  endfacet
  facet normal -1 0 0
    outer loop
      vertex -20 75.5179 14.892
      vertex -20 94.1203 14.892
      vertex -20 94.4667 14.8231
    endloop
  endfacet
  facet normal -1 0 0
    outer loop
      vertex -20 92.1422 17.1476
      vertex -20 77.496 17.1476
      vertex -20 77.5191 17.5
    endloop
  endfacet
  facet normal -1 0 0
    outer loop
      vertex -20 92.2111 16.8012
      vertex -20 77.4271 16.8012
      vertex -20 77.496 17.1476
    endloop
  endfacet
  facet normal -1 0 0
    outer loop
      vertex -20 92.3246 16.4668
      vertex -20 77.3136 16.4668
      vertex -20 77.4271 16.8012
    endloop
  endfacet
  facet normal -1 -0 0
    outer loop
      vertex -20 94.8191 14.8
      vertex -20 21.81 1.01
      vertex -20 94.4667 14.8231
    endloop
  endfacet
  facet normal -1 0 0
    outer loop
      vertex -20 92.4808 16.15
      vertex -20 77.1573 16.15
      vertex -20 77.3136 16.4668
    endloop
  endfacet
  facet normal -1 0 0
    outer loop
      vertex -20 92.677 15.8563
      vertex -20 76.9611 15.8563
      vertex -20 77.1573 16.15
    endloop
  endfacet
  facet normal -1 0 0
    outer loop
      vertex -20 92.9099 15.5908
      vertex -20 76.7283 15.5908
      vertex -20 76.9611 15.8563
    endloop
  endfacet
  facet normal -1 0 0
    outer loop
      vertex -20 93.1754 15.3579
      vertex -20 76.4627 15.3579
      vertex -20 76.7283 15.5908
    endloop
  endfacet
  facet normal -1 0 0
    outer loop
      vertex -20 93.4691 15.1617
      vertex -20 76.1691 15.1617
      vertex -20 76.4627 15.3579
    endloop
  endfacet
  facet normal -1 0 0
    outer loop
      vertex -20 93.7858 15.0055
      vertex -20 75.8523 15.0055
      vertex -20 76.1691 15.1617
    endloop
  endfacet
  facet normal -1 0 0
    outer loop
      vertex -20 94.1203 14.892
      vertex -20 75.5179 14.892
      vertex -20 75.8523 15.0055
    endloop
  endfacet
  facet normal -1 0 0
    outer loop
      vertex -20 94.4667 14.8231
      vertex -20 75.1715 14.8231
      vertex -20 75.5179 14.892
    endloop
  endfacet
  facet normal -1 -0 0
    outer loop
      vertex -20 94.4667 14.8231
      vertex -20 21.81 1.01
      vertex -20 75.1715 14.8231
    endloop
  endfacet
  facet normal -1 0 0
    outer loop
      vertex -20 75.1715 14.8231
      vertex -20 21.81 1.01
      vertex -20 74.8191 14.8
    endloop
  endfacet
  facet normal -1 0 0
    outer loop
      vertex -20 72.1191 17.5
      vertex -20 57.5191 17.5
      vertex -20 72.1191 29
    endloop
  endfacet
  facet normal -1 0 0
    outer loop
      vertex -20 72.1422 17.1476
      vertex -20 57.5191 17.5
      vertex -20 72.1191 17.5
    endloop
  endfacet
  facet normal -1 0 0
    outer loop
      vertex -20 57.496 17.1476
      vertex -20 72.1422 17.1476
      vertex -20 72.2111 16.8012
    endloop
  endfacet
  facet normal -1 0 0
    outer loop
      vertex -20 57.4271 16.8012
      vertex -20 72.2111 16.8012
      vertex -20 72.3246 16.4668
    endloop
  endfacet
  facet normal -1 0 0
    outer loop
      vertex -20 57.3135 16.4668
      vertex -20 72.3246 16.4668
      vertex -20 72.4808 16.15
    endloop
  endfacet
  facet normal -1 0 0
    outer loop
      vertex -20 57.1573 16.15
      vertex -20 72.4808 16.15
      vertex -20 72.677 15.8563
    endloop
  endfacet
  facet normal -1 0 0
    outer loop
      vertex -20 56.9611 15.8563
      vertex -20 72.677 15.8563
      vertex -20 72.9099 15.5908
    endloop
  endfacet
  facet normal -1 0 0
    outer loop
      vertex -20 56.7283 15.5908
      vertex -20 72.9099 15.5908
      vertex -20 73.1754 15.3579
    endloop
  endfacet
  facet normal -1 0 0
    outer loop
      vertex -20 56.4627 15.3579
      vertex -20 73.1754 15.3579
      vertex -20 73.4691 15.1617
    endloop
  endfacet
  facet normal -1 0 0
    outer loop
      vertex -20 56.1691 15.1617
      vertex -20 73.4691 15.1617
      vertex -20 73.7858 15.0055
    endloop
  endfacet
  facet normal -1 0 0
    outer loop
      vertex -20 55.8523 15.0055
      vertex -20 73.7858 15.0055
      vertex -20 74.1203 14.892
    endloop
  endfacet
  facet normal -1 0 0
    outer loop
      vertex -20 55.5179 14.892
      vertex -20 74.1203 14.892
      vertex -20 74.4667 14.8231
    endloop
  endfacet
  facet normal -1 0 0
    outer loop
      vertex -20 72.1422 17.1476
      vertex -20 57.496 17.1476
      vertex -20 57.5191 17.5
    endloop
  endfacet
  facet normal -1 0 0
    outer loop
      vertex -20 72.2111 16.8012
      vertex -20 57.4271 16.8012
      vertex -20 57.496 17.1476
    endloop
  endfacet
  facet normal -1 0 0
    outer loop
      vertex -20 72.3246 16.4668
      vertex -20 57.3135 16.4668
      vertex -20 57.4271 16.8012
    endloop
  endfacet
  facet normal -1 0 0
    outer loop
      vertex -20 72.4808 16.15
      vertex -20 57.1573 16.15
      vertex -20 57.3135 16.4668
    endloop
  endfacet
  facet normal -1 -0 0
    outer loop
      vertex -20 74.8191 14.8
      vertex -20 21.81 1.01
      vertex -20 74.4667 14.8231
    endloop
  endfacet
  facet normal -1 0 0
    outer loop
      vertex -20 72.677 15.8563
      vertex -20 56.9611 15.8563
      vertex -20 57.1573 16.15
    endloop
  endfacet
  facet normal -1 0 0
    outer loop
      vertex -20 72.9099 15.5908
      vertex -20 56.7283 15.5908
      vertex -20 56.9611 15.8563
    endloop
  endfacet
  facet normal -1 0 0
    outer loop
      vertex -20 73.1754 15.3579
      vertex -20 56.4627 15.3579
      vertex -20 56.7283 15.5908
    endloop
  endfacet
  facet normal -1 0 0
    outer loop
      vertex -20 73.4691 15.1617
      vertex -20 56.1691 15.1617
      vertex -20 56.4627 15.3579
    endloop
  endfacet
  facet normal -1 0 0
    outer loop
      vertex -20 73.7858 15.0055
      vertex -20 55.8523 15.0055
      vertex -20 56.1691 15.1617
    endloop
  endfacet
  facet normal -1 0 0
    outer loop
      vertex -20 74.1203 14.892
      vertex -20 55.5179 14.892
      vertex -20 55.8523 15.0055
    endloop
  endfacet
  facet normal -1 0 -0
    outer loop
      vertex -20 55.1715 14.8231
      vertex -20 74.4667 14.8231
      vertex -20 21.81 1.01
    endloop
  endfacet
  facet normal -1 0 0
    outer loop
      vertex -20 74.4667 14.8231
      vertex -20 55.1715 14.8231
      vertex -20 55.5179 14.892
    endloop
  endfacet
  facet normal -1 0 0
    outer loop
      vertex -20 55.1715 14.8231
      vertex -20 21.81 1.01
      vertex -20 54.8191 14.8
    endloop
  endfacet
  facet normal -1 0 0
    outer loop
      vertex -20 52.1191 17.5
      vertex -20 37.5191 17.5
      vertex -20 52.1191 29
    endloop
  endfacet
  facet normal -1 0 0
    outer loop
      vertex -20 52.1422 17.1476
      vertex -20 37.5191 17.5
      vertex -20 52.1191 17.5
    endloop
  endfacet
  facet normal -1 0 0
    outer loop
      vertex -20 37.496 17.1476
      vertex -20 52.1422 17.1476
      vertex -20 52.2111 16.8012
    endloop
  endfacet
  facet normal -1 0 0
    outer loop
      vertex -20 37.4271 16.8012
      vertex -20 52.2111 16.8012
      vertex -20 52.3246 16.4668
    endloop
  endfacet
  facet normal -1 0 0
    outer loop
      vertex -20 37.3135 16.4668
      vertex -20 52.3246 16.4668
      vertex -20 52.4808 16.15
    endloop
  endfacet
  facet normal -1 0 0
    outer loop
      vertex -20 37.1573 16.15
      vertex -20 52.4808 16.15
      vertex -20 52.677 15.8563
    endloop
  endfacet
  facet normal -1 0 0
    outer loop
      vertex -20 36.9611 15.8563
      vertex -20 52.677 15.8563
      vertex -20 52.9099 15.5908
    endloop
  endfacet
  facet normal -1 0 0
    outer loop
      vertex -20 36.7283 15.5908
      vertex -20 52.9099 15.5908
      vertex -20 53.1754 15.3579
    endloop
  endfacet
  facet normal -1 0 0
    outer loop
      vertex -20 36.4627 15.3579
      vertex -20 53.1754 15.3579
      vertex -20 53.4691 15.1617
    endloop
  endfacet
  facet normal -1 0 0
    outer loop
      vertex -20 36.1691 15.1617
      vertex -20 53.4691 15.1617
      vertex -20 53.7858 15.0055
    endloop
  endfacet
  facet normal -1 0 0
    outer loop
      vertex -20 21.81 1.01
      vertex -20 53.7858 15.0055
      vertex -20 54.1203 14.892
    endloop
  endfacet
  facet normal -1 0 0
    outer loop
      vertex -20 21.81 1.01
      vertex -20 54.1203 14.892
      vertex -20 54.4667 14.8231
    endloop
  endfacet
  facet normal -1 0 0
    outer loop
      vertex -20 52.1422 17.1476
      vertex -20 37.496 17.1476
      vertex -20 37.5191 17.5
    endloop
  endfacet
  facet normal -1 0 0
    outer loop
      vertex -20 52.2111 16.8012
      vertex -20 37.4271 16.8012
      vertex -20 37.496 17.1476
    endloop
  endfacet
  facet normal -1 0 0
    outer loop
      vertex -20 52.3246 16.4668
      vertex -20 37.3135 16.4668
      vertex -20 37.4271 16.8012
    endloop
  endfacet
  facet normal -1 0 0
    outer loop
      vertex -20 52.4808 16.15
      vertex -20 37.1573 16.15
      vertex -20 37.3135 16.4668
    endloop
  endfacet
  facet normal -1 -0 0
    outer loop
      vertex -20 54.8191 14.8
      vertex -20 21.81 1.01
      vertex -20 54.4667 14.8231
    endloop
  endfacet
  facet normal -1 0 0
    outer loop
      vertex -20 52.677 15.8563
      vertex -20 36.9611 15.8563
      vertex -20 37.1573 16.15
    endloop
  endfacet
  facet normal -1 0 0
    outer loop
      vertex -20 52.9099 15.5908
      vertex -20 36.7283 15.5908
      vertex -20 36.9611 15.8563
    endloop
  endfacet
  facet normal -1 0 0
    outer loop
      vertex -20 53.1754 15.3579
      vertex -20 36.4627 15.3579
      vertex -20 36.7283 15.5908
    endloop
  endfacet
  facet normal -1 -0 0
    outer loop
      vertex -20 53.7858 15.0055
      vertex -20 21.81 1.01
      vertex -20 35.8523 15.0055
    endloop
  endfacet
  facet normal -1 0 0
    outer loop
      vertex -20 53.4691 15.1617
      vertex -20 36.1691 15.1617
      vertex -20 36.4627 15.3579
    endloop
  endfacet
  facet normal -1 0 0
    outer loop
      vertex -20 53.7858 15.0055
      vertex -20 35.8523 15.0055
      vertex -20 36.1691 15.1617
    endloop
  endfacet
  facet normal -1 0 0
    outer loop
      vertex -20 35.8523 15.0055
      vertex -20 21.81 1.01
      vertex -20 35.5179 14.892
    endloop
  endfacet
  facet normal -1 0 0
    outer loop
      vertex -20 35.5179 14.892
      vertex -20 21.81 1.01
      vertex -20 35.1715 14.8231
    endloop
  endfacet
  facet normal -1 0 0
    outer loop
      vertex -20 35.1715 14.8231
      vertex -20 21.81 1.01
      vertex -20 34.8191 14.8
    endloop
  endfacet
  facet normal -1 -0 0
    outer loop
      vertex -20 34.8191 14.8
      vertex -20 21.81 1.01
      vertex -20 34.4667 14.8231
    endloop
  endfacet
  facet normal -1 0 0
    outer loop
      vertex -20 21.81 1.01
      vertex -20 34.1203 14.892
      vertex -20 34.4667 14.8231
    endloop
  endfacet
  facet normal -1 0 0
    outer loop
      vertex -20 21.81 1.01
      vertex -20 33.7858 15.0055
      vertex -20 34.1203 14.892
    endloop
  endfacet
  facet normal -1 0 0
    outer loop
      vertex -20 21.81 1.01
      vertex -20 33.4691 15.1617
      vertex -20 33.7858 15.0055
    endloop
  endfacet
  facet normal -1 0 0
    outer loop
      vertex -20 21.81 1.01
      vertex -20 33.1754 15.3579
      vertex -20 33.4691 15.1617
    endloop
  endfacet
  facet normal -1 0 0
    outer loop
      vertex -20 21.81 1.01
      vertex -20 32.9099 15.5908
      vertex -20 33.1754 15.3579
    endloop
  endfacet
  facet normal -1 0 0
    outer loop
      vertex -20 21.81 1.01
      vertex -20 32.677 15.8563
      vertex -20 32.9099 15.5908
    endloop
  endfacet
  facet normal -1 0 0
    outer loop
      vertex -20 21.81 1.01
      vertex -20 32.4808 16.15
      vertex -20 32.677 15.8563
    endloop
  endfacet
  facet normal -1 0 0
    outer loop
      vertex -20 21.81 1.01
      vertex -20 32.3246 16.4668
      vertex -20 32.4808 16.15
    endloop
  endfacet
  facet normal -1 0 0
    outer loop
      vertex -20 21.81 1.01
      vertex -20 32.2111 16.8012
      vertex -20 32.3246 16.4668
    endloop
  endfacet
  facet normal -1 0 0
    outer loop
      vertex -20 21.81 1.01
      vertex -20 32.1422 17.1476
      vertex -20 32.2111 16.8012
    endloop
  endfacet
  facet normal -1 0 0
    outer loop
      vertex -20 21.81 29
      vertex -20 32.1422 17.1476
      vertex -20 21.81 1.01
    endloop
  endfacet
  facet normal -1 0 0
    outer loop
      vertex -20 32.1422 17.1476
      vertex -20 21.81 29
      vertex -20 32.1191 17.5
    endloop
  endfacet
  facet normal -1 0 0
    outer loop
      vertex -20 32.1191 17.5
      vertex -20 21.81 29
      vertex -20 32.1191 29
    endloop
  endfacet
  facet normal -1 -0 0
    outer loop
      vertex -20 228.19 29
      vertex -20 217.519 17.5
      vertex -20 217.519 29
    endloop
  endfacet
  facet normal -1 -0 0
    outer loop
      vertex -20 212.119 29
      vertex -20 197.519 17.5
      vertex -20 197.519 29
    endloop
  endfacet
  facet normal -1 -0 0
    outer loop
      vertex -20 192.119 29
      vertex -20 177.519 17.5
      vertex -20 177.519 29
    endloop
  endfacet
  facet normal -1 -0 0
    outer loop
      vertex -20 172.119 29
      vertex -20 157.519 17.5
      vertex -20 157.519 29
    endloop
  endfacet
  facet normal -1 -0 0
    outer loop
      vertex -20 152.119 29
      vertex -20 137.519 17.5
      vertex -20 137.519 29
    endloop
  endfacet
  facet normal -1 -0 0
    outer loop
      vertex -20 132.119 29
      vertex -20 117.519 17.5
      vertex -20 117.519 29
    endloop
  endfacet
  facet normal -1 -0 0
    outer loop
      vertex -20 112.119 29
      vertex -20 97.5191 17.5
      vertex -20 97.5191 29
    endloop
  endfacet
  facet normal -1 -0 0
    outer loop
      vertex -20 92.1191 29
      vertex -20 77.5191 17.5
      vertex -20 77.5191 29
    endloop
  endfacet
  facet normal -1 -0 0
    outer loop
      vertex -20 72.1191 29
      vertex -20 57.5191 17.5
      vertex -20 57.5191 29
    endloop
  endfacet
  facet normal -1 -0 0
    outer loop
      vertex -20 52.1191 29
      vertex -20 37.5191 17.5
      vertex -20 37.5191 29
    endloop
  endfacet
  facet normal -0.980757 -0.195233 0
    outer loop
      vertex -44.8296 237.801 3
      vertex -44.9572 238.442 32
      vertex -44.9572 238.442 3
    endloop
  endfacet
  facet normal -0.980757 -0.195233 0
    outer loop
      vertex -44.9572 238.442 32
      vertex -44.8296 237.801 3
      vertex -44.8296 237.801 32
    endloop
  endfacet
  facet normal -0.194204 -0.980961 0
    outer loop
      vertex -41.2941 234.265 3
      vertex -40.6526 234.138 32
      vertex -41.2941 234.265 32
    endloop
  endfacet
  facet normal -0.194204 -0.980961 -0
    outer loop
      vertex -40.6526 234.138 32
      vertex -41.2941 234.265 3
      vertex -40.6526 234.138 3
    endloop
  endfacet
  facet normal -0.980757 0.195233 0
    outer loop
      vertex -44.9572 239.748 3
      vertex -44.8296 240.389 32
      vertex -44.8296 240.389 3
    endloop
  endfacet
  facet normal -0.980757 0.195233 0
    outer loop
      vertex -44.8296 240.389 32
      vertex -44.9572 239.748 3
      vertex -44.9572 239.748 32
    endloop
  endfacet
  facet normal -0.997859 0.0654033 0
    outer loop
      vertex -45 239.095 3
      vertex -44.9572 239.748 32
      vertex -44.9572 239.748 3
    endloop
  endfacet
  facet normal -0.997859 0.0654033 0
    outer loop
      vertex -44.9572 239.748 32
      vertex -45 239.095 3
      vertex -45 239.095 32
    endloop
  endfacet
  facet normal 0.980757 0.195233 0
    outer loop
      vertex -35.0428 239.748 32
      vertex -35.1704 240.389 3
      vertex -35.1704 240.389 32
    endloop
  endfacet
  facet normal 0.980757 0.195233 0
    outer loop
      vertex -35.1704 240.389 3
      vertex -35.0428 239.748 32
      vertex -35.0428 239.748 3
    endloop
  endfacet
  facet normal 0.322503 -0.946569 0
    outer loop
      vertex -38.7059 234.265 3
      vertex -38.0866 234.476 32
      vertex -38.7059 234.265 32
    endloop
  endfacet
  facet normal 0.322503 -0.946569 0
    outer loop
      vertex -38.0866 234.476 32
      vertex -38.7059 234.265 3
      vertex -38.0866 234.476 3
    endloop
  endfacet
  facet normal 0.946894 -0.321546 0
    outer loop
      vertex -35.3806 237.182 32
      vertex -35.1704 237.801 3
      vertex -35.1704 237.801 32
    endloop
  endfacet
  facet normal 0.946894 -0.321546 0
    outer loop
      vertex -35.1704 237.801 3
      vertex -35.3806 237.182 32
      vertex -35.3806 237.182 3
    endloop
  endfacet
  facet normal 0.946894 0.321546 0
    outer loop
      vertex -35.1704 240.389 32
      vertex -35.3806 241.008 3
      vertex -35.3806 241.008 32
    endloop
  endfacet
  facet normal 0.946894 0.321546 0
    outer loop
      vertex -35.3806 241.008 3
      vertex -35.1704 240.389 32
      vertex -35.1704 240.389 3
    endloop
  endfacet
  facet normal 0.75197 -0.659197 0
    outer loop
      vertex -36.4645 235.559 32
      vertex -36.0332 236.051 3
      vertex -36.0332 236.051 32
    endloop
  endfacet
  facet normal 0.75197 -0.659197 0
    outer loop
      vertex -36.0332 236.051 3
      vertex -36.4645 235.559 32
      vertex -36.4645 235.559 3
    endloop
  endfacet
  facet normal -0.946894 -0.321546 0
    outer loop
      vertex -44.6194 237.182 3
      vertex -44.8296 237.801 32
      vertex -44.8296 237.801 3
    endloop
  endfacet
  facet normal -0.946894 -0.321546 0
    outer loop
      vertex -44.8296 237.801 32
      vertex -44.6194 237.182 3
      vertex -44.6194 237.182 32
    endloop
  endfacet
  facet normal 0.980757 -0.195233 0
    outer loop
      vertex -35.1704 237.801 32
      vertex -35.0428 238.442 3
      vertex -35.0428 238.442 32
    endloop
  endfacet
  facet normal 0.980757 -0.195233 0
    outer loop
      vertex -35.0428 238.442 3
      vertex -35.1704 237.801 32
      vertex -35.1704 237.801 3
    endloop
  endfacet
  facet normal 0.555194 0.831721 -0
    outer loop
      vertex -36.9562 243.062 3
      vertex -37.5 243.425 32
      vertex -36.9562 243.062 32
    endloop
  endfacet
  facet normal 0.555194 0.831721 0
    outer loop
      vertex -37.5 243.425 32
      vertex -36.9562 243.062 3
      vertex -37.5 243.425 3
    endloop
  endfacet
  facet normal 0.997859 0.0654033 0
    outer loop
      vertex -35 239.095 32
      vertex -35.0428 239.748 3
      vertex -35.0428 239.748 32
    endloop
  endfacet
  facet normal 0.997859 0.0654033 0
    outer loop
      vertex -35.0428 239.748 3
      vertex -35 239.095 32
      vertex -35 239.095 3
    endloop
  endfacet
  facet normal 0.194204 0.980961 -0
    outer loop
      vertex -38.7059 243.925 3
      vertex -39.3474 244.052 32
      vertex -38.7059 243.925 32
    endloop
  endfacet
  facet normal 0.194204 0.980961 0
    outer loop
      vertex -39.3474 244.052 32
      vertex -38.7059 243.925 3
      vertex -39.3474 244.052 3
    endloop
  endfacet
  facet normal -0.0657477 0.997836 0
    outer loop
      vertex -40 244.095 3
      vertex -40.6526 244.052 32
      vertex -40 244.095 32
    endloop
  endfacet
  facet normal -0.0657477 0.997836 0
    outer loop
      vertex -40.6526 244.052 32
      vertex -40 244.095 3
      vertex -40.6526 244.052 3
    endloop
  endfacet
  facet normal 0.89698 -0.442072 0
    outer loop
      vertex -35.6699 236.595 32
      vertex -35.3806 237.182 3
      vertex -35.3806 237.182 32
    endloop
  endfacet
  facet normal 0.89698 -0.442072 0
    outer loop
      vertex -35.3806 237.182 3
      vertex -35.6699 236.595 32
      vertex -35.6699 236.595 3
    endloop
  endfacet
  facet normal -0.831603 0.55537 0
    outer loop
      vertex -44.3301 241.595 3
      vertex -43.9668 242.139 32
      vertex -43.9668 242.139 3
    endloop
  endfacet
  facet normal -0.831603 0.55537 0
    outer loop
      vertex -43.9668 242.139 32
      vertex -44.3301 241.595 3
      vertex -44.3301 241.595 32
    endloop
  endfacet
  facet normal -0.555194 0.831721 0
    outer loop
      vertex -42.5 243.425 3
      vertex -43.0438 243.062 32
      vertex -42.5 243.425 32
    endloop
  endfacet
  facet normal -0.555194 0.831721 0
    outer loop
      vertex -43.0438 243.062 32
      vertex -42.5 243.425 3
      vertex -43.0438 243.062 3
    endloop
  endfacet
  facet normal 0.0657477 0.997836 -0
    outer loop
      vertex -39.3474 244.052 3
      vertex -40 244.095 32
      vertex -39.3474 244.052 32
    endloop
  endfacet
  facet normal 0.0657477 0.997836 0
    outer loop
      vertex -40 244.095 32
      vertex -39.3474 244.052 3
      vertex -40 244.095 3
    endloop
  endfacet
  facet normal -0.441945 -0.897042 0
    outer loop
      vertex -42.5 234.765 3
      vertex -41.9134 234.476 32
      vertex -42.5 234.765 32
    endloop
  endfacet
  facet normal -0.441945 -0.897042 -0
    outer loop
      vertex -41.9134 234.476 32
      vertex -42.5 234.765 3
      vertex -41.9134 234.476 3
    endloop
  endfacet
  facet normal -0.659165 0.751998 0
    outer loop
      vertex -43.0438 243.062 3
      vertex -43.5355 242.631 32
      vertex -43.0438 243.062 32
    endloop
  endfacet
  facet normal -0.659165 0.751998 0
    outer loop
      vertex -43.5355 242.631 32
      vertex -43.0438 243.062 3
      vertex -43.5355 242.631 3
    endloop
  endfacet
  facet normal -0.441945 0.897042 0
    outer loop
      vertex -41.9134 243.714 3
      vertex -42.5 243.425 32
      vertex -41.9134 243.714 32
    endloop
  endfacet
  facet normal -0.441945 0.897042 0
    outer loop
      vertex -42.5 243.425 32
      vertex -41.9134 243.714 3
      vertex -42.5 243.425 3
    endloop
  endfacet
  facet normal -0.831603 -0.55537 0
    outer loop
      vertex -43.9668 236.051 3
      vertex -44.3301 236.595 32
      vertex -44.3301 236.595 3
    endloop
  endfacet
  facet normal -0.831603 -0.55537 0
    outer loop
      vertex -44.3301 236.595 32
      vertex -43.9668 236.051 3
      vertex -43.9668 236.051 32
    endloop
  endfacet
  facet normal -0.997859 -0.0654033 0
    outer loop
      vertex -44.9572 238.442 3
      vertex -45 239.095 32
      vertex -45 239.095 3
    endloop
  endfacet
  facet normal -0.997859 -0.0654033 0
    outer loop
      vertex -45 239.095 32
      vertex -44.9572 238.442 3
      vertex -44.9572 238.442 32
    endloop
  endfacet
  facet normal 0.75197 0.659197 0
    outer loop
      vertex -36.0332 242.139 32
      vertex -36.4645 242.631 3
      vertex -36.4645 242.631 32
    endloop
  endfacet
  facet normal 0.75197 0.659197 0
    outer loop
      vertex -36.4645 242.631 3
      vertex -36.0332 242.139 32
      vertex -36.0332 242.139 3
    endloop
  endfacet
  facet normal -0.89698 -0.442072 0
    outer loop
      vertex -44.3301 236.595 3
      vertex -44.6194 237.182 32
      vertex -44.6194 237.182 3
    endloop
  endfacet
  facet normal -0.89698 -0.442072 0
    outer loop
      vertex -44.6194 237.182 32
      vertex -44.3301 236.595 3
      vertex -44.3301 236.595 32
    endloop
  endfacet
  facet normal 0.0657477 -0.997836 0
    outer loop
      vertex -40 234.095 3
      vertex -39.3474 234.138 32
      vertex -40 234.095 32
    endloop
  endfacet
  facet normal 0.0657477 -0.997836 0
    outer loop
      vertex -39.3474 234.138 32
      vertex -40 234.095 3
      vertex -39.3474 234.138 3
    endloop
  endfacet
  facet normal -0.322503 -0.946569 0
    outer loop
      vertex -41.9134 234.476 3
      vertex -41.2941 234.265 32
      vertex -41.9134 234.476 32
    endloop
  endfacet
  facet normal -0.322503 -0.946569 -0
    outer loop
      vertex -41.2941 234.265 32
      vertex -41.9134 234.476 3
      vertex -41.2941 234.265 3
    endloop
  endfacet
  facet normal 0.441945 0.897042 -0
    outer loop
      vertex -37.5 243.425 3
      vertex -38.0866 243.714 32
      vertex -37.5 243.425 32
    endloop
  endfacet
  facet normal 0.441945 0.897042 0
    outer loop
      vertex -38.0866 243.714 32
      vertex -37.5 243.425 3
      vertex -38.0866 243.714 3
    endloop
  endfacet
  facet normal 0.831603 -0.55537 0
    outer loop
      vertex -36.0332 236.051 32
      vertex -35.6699 236.595 3
      vertex -35.6699 236.595 32
    endloop
  endfacet
  facet normal 0.831603 -0.55537 0
    outer loop
      vertex -35.6699 236.595 3
      vertex -36.0332 236.051 32
      vertex -36.0332 236.051 3
    endloop
  endfacet
  facet normal -0.194204 0.980961 0
    outer loop
      vertex -40.6526 244.052 3
      vertex -41.2941 243.925 32
      vertex -40.6526 244.052 32
    endloop
  endfacet
  facet normal -0.194204 0.980961 0
    outer loop
      vertex -41.2941 243.925 32
      vertex -40.6526 244.052 3
      vertex -41.2941 243.925 3
    endloop
  endfacet
  facet normal -0.555194 -0.831721 0
    outer loop
      vertex -43.0438 235.128 3
      vertex -42.5 234.765 32
      vertex -43.0438 235.128 32
    endloop
  endfacet
  facet normal -0.555194 -0.831721 -0
    outer loop
      vertex -42.5 234.765 32
      vertex -43.0438 235.128 3
      vertex -42.5 234.765 3
    endloop
  endfacet
  facet normal 0.997859 -0.0654033 0
    outer loop
      vertex -35.0428 238.442 32
      vertex -35 239.095 3
      vertex -35 239.095 32
    endloop
  endfacet
  facet normal 0.997859 -0.0654033 0
    outer loop
      vertex -35 239.095 3
      vertex -35.0428 238.442 32
      vertex -35.0428 238.442 3
    endloop
  endfacet
  facet normal 0.555194 -0.831721 0
    outer loop
      vertex -37.5 234.765 3
      vertex -36.9562 235.128 32
      vertex -37.5 234.765 32
    endloop
  endfacet
  facet normal 0.555194 -0.831721 0
    outer loop
      vertex -36.9562 235.128 32
      vertex -37.5 234.765 3
      vertex -36.9562 235.128 3
    endloop
  endfacet
  facet normal -0.322503 0.946569 0
    outer loop
      vertex -41.2941 243.925 3
      vertex -41.9134 243.714 32
      vertex -41.2941 243.925 32
    endloop
  endfacet
  facet normal -0.322503 0.946569 0
    outer loop
      vertex -41.9134 243.714 32
      vertex -41.2941 243.925 3
      vertex -41.9134 243.714 3
    endloop
  endfacet
  facet normal -0.89698 0.442072 0
    outer loop
      vertex -44.6194 241.008 3
      vertex -44.3301 241.595 32
      vertex -44.3301 241.595 3
    endloop
  endfacet
  facet normal -0.89698 0.442072 0
    outer loop
      vertex -44.3301 241.595 32
      vertex -44.6194 241.008 3
      vertex -44.6194 241.008 32
    endloop
  endfacet
  facet normal -0.75197 -0.659197 0
    outer loop
      vertex -43.5355 235.559 3
      vertex -43.9668 236.051 32
      vertex -43.9668 236.051 3
    endloop
  endfacet
  facet normal -0.75197 -0.659197 0
    outer loop
      vertex -43.9668 236.051 32
      vertex -43.5355 235.559 3
      vertex -43.5355 235.559 32
    endloop
  endfacet
  facet normal -0.75197 0.659197 0
    outer loop
      vertex -43.9668 242.139 3
      vertex -43.5355 242.631 32
      vertex -43.5355 242.631 3
    endloop
  endfacet
  facet normal -0.75197 0.659197 0
    outer loop
      vertex -43.5355 242.631 32
      vertex -43.9668 242.139 3
      vertex -43.9668 242.139 32
    endloop
  endfacet
  facet normal -0.946894 0.321546 0
    outer loop
      vertex -44.8296 240.389 3
      vertex -44.6194 241.008 32
      vertex -44.6194 241.008 3
    endloop
  endfacet
  facet normal -0.946894 0.321546 0
    outer loop
      vertex -44.6194 241.008 32
      vertex -44.8296 240.389 3
      vertex -44.8296 240.389 32
    endloop
  endfacet
  facet normal 0.322503 0.946569 -0
    outer loop
      vertex -38.0866 243.714 3
      vertex -38.7059 243.925 32
      vertex -38.0866 243.714 32
    endloop
  endfacet
  facet normal 0.322503 0.946569 0
    outer loop
      vertex -38.7059 243.925 32
      vertex -38.0866 243.714 3
      vertex -38.7059 243.925 3
    endloop
  endfacet
  facet normal 0.441945 -0.897042 0
    outer loop
      vertex -38.0866 234.476 3
      vertex -37.5 234.765 32
      vertex -38.0866 234.476 32
    endloop
  endfacet
  facet normal 0.441945 -0.897042 0
    outer loop
      vertex -37.5 234.765 32
      vertex -38.0866 234.476 3
      vertex -37.5 234.765 3
    endloop
  endfacet
  facet normal 0.194204 -0.980961 0
    outer loop
      vertex -39.3474 234.138 3
      vertex -38.7059 234.265 32
      vertex -39.3474 234.138 32
    endloop
  endfacet
  facet normal 0.194204 -0.980961 0
    outer loop
      vertex -38.7059 234.265 32
      vertex -39.3474 234.138 3
      vertex -38.7059 234.265 3
    endloop
  endfacet
  facet normal -0.0657477 -0.997836 0
    outer loop
      vertex -40.6526 234.138 3
      vertex -40 234.095 32
      vertex -40.6526 234.138 32
    endloop
  endfacet
  facet normal -0.0657477 -0.997836 -0
    outer loop
      vertex -40 234.095 32
      vertex -40.6526 234.138 3
      vertex -40 234.095 3
    endloop
  endfacet
  facet normal 0.659165 -0.751998 0
    outer loop
      vertex -36.9562 235.128 3
      vertex -36.4645 235.559 32
      vertex -36.9562 235.128 32
    endloop
  endfacet
  facet normal 0.659165 -0.751998 0
    outer loop
      vertex -36.4645 235.559 32
      vertex -36.9562 235.128 3
      vertex -36.4645 235.559 3
    endloop
  endfacet
  facet normal 0.831603 0.55537 0
    outer loop
      vertex -35.6699 241.595 32
      vertex -36.0332 242.139 3
      vertex -36.0332 242.139 32
    endloop
  endfacet
  facet normal 0.831603 0.55537 0
    outer loop
      vertex -36.0332 242.139 3
      vertex -35.6699 241.595 32
      vertex -35.6699 241.595 3
    endloop
  endfacet
  facet normal 0.89698 0.442072 0
    outer loop
      vertex -35.3806 241.008 32
      vertex -35.6699 241.595 3
      vertex -35.6699 241.595 32
    endloop
  endfacet
  facet normal 0.89698 0.442072 0
    outer loop
      vertex -35.6699 241.595 3
      vertex -35.3806 241.008 32
      vertex -35.3806 241.008 3
    endloop
  endfacet
  facet normal 0.659165 0.751998 -0
    outer loop
      vertex -36.4645 242.631 3
      vertex -36.9562 243.062 32
      vertex -36.4645 242.631 32
    endloop
  endfacet
  facet normal 0.659165 0.751998 0
    outer loop
      vertex -36.9562 243.062 32
      vertex -36.4645 242.631 3
      vertex -36.9562 243.062 3
    endloop
  endfacet
  facet normal -0.659165 -0.751998 0
    outer loop
      vertex -43.5355 235.559 3
      vertex -43.0438 235.128 32
      vertex -43.5355 235.559 32
    endloop
  endfacet
  facet normal -0.659165 -0.751998 -0
    outer loop
      vertex -43.0438 235.128 32
      vertex -43.5355 235.559 3
      vertex -43.0438 235.128 3
    endloop
  endfacet
  facet normal 0 0 1
    outer loop
      vertex -37.75 239.095 32
      vertex -35 239.095 32
      vertex -35.0428 239.748 32
    endloop
  endfacet
  facet normal 0 0 1
    outer loop
      vertex -37.7692 239.389 32
      vertex -35.0428 239.748 32
      vertex -35.1704 240.389 32
    endloop
  endfacet
  facet normal 0 0 1
    outer loop
      vertex -35 239.095 32
      vertex -37.75 239.095 32
      vertex -35.0428 238.442 32
    endloop
  endfacet
  facet normal 0 0 1
    outer loop
      vertex -37.8267 239.677 32
      vertex -35.1704 240.389 32
      vertex -35.3806 241.008 32
    endloop
  endfacet
  facet normal -0 0 1
    outer loop
      vertex -37.7692 238.801 32
      vertex -35.0428 238.442 32
      vertex -37.75 239.095 32
    endloop
  endfacet
  facet normal 0 0 1
    outer loop
      vertex -37.9213 239.956 32
      vertex -35.3806 241.008 32
      vertex -35.6699 241.595 32
    endloop
  endfacet
  facet normal 0 0 1
    outer loop
      vertex -35.0428 238.442 32
      vertex -37.7692 238.801 32
      vertex -35.1704 237.801 32
    endloop
  endfacet
  facet normal 0 0 1
    outer loop
      vertex -38.0514 240.22 32
      vertex -35.6699 241.595 32
      vertex -36.0332 242.139 32
    endloop
  endfacet
  facet normal -0 0 1
    outer loop
      vertex -37.8267 238.513 32
      vertex -35.1704 237.801 32
      vertex -37.7692 238.801 32
    endloop
  endfacet
  facet normal 0 0 1
    outer loop
      vertex -38.215 240.465 32
      vertex -36.0332 242.139 32
      vertex -36.4645 242.631 32
    endloop
  endfacet
  facet normal 0 0 1
    outer loop
      vertex -35.1704 237.801 32
      vertex -37.8267 238.513 32
      vertex -35.3806 237.182 32
    endloop
  endfacet
  facet normal 0 0 1
    outer loop
      vertex -38.409 240.686 32
      vertex -36.4645 242.631 32
      vertex -36.9562 243.062 32
    endloop
  endfacet
  facet normal -0 0 1
    outer loop
      vertex -37.9213 238.234 32
      vertex -35.3806 237.182 32
      vertex -37.8267 238.513 32
    endloop
  endfacet
  facet normal 0 0 1
    outer loop
      vertex -38.6303 240.88 32
      vertex -36.9562 243.062 32
      vertex -37.5 243.425 32
    endloop
  endfacet
  facet normal 0 0 1
    outer loop
      vertex -35.3806 237.182 32
      vertex -37.9213 238.234 32
      vertex -35.6699 236.595 32
    endloop
  endfacet
  facet normal -0 0 1
    outer loop
      vertex -38.0514 237.97 32
      vertex -35.6699 236.595 32
      vertex -37.9213 238.234 32
    endloop
  endfacet
  facet normal 0 0 1
    outer loop
      vertex -35.0428 239.748 32
      vertex -37.7692 239.389 32
      vertex -37.75 239.095 32
    endloop
  endfacet
  facet normal 0 0 1
    outer loop
      vertex -35.1704 240.389 32
      vertex -37.8267 239.677 32
      vertex -37.7692 239.389 32
    endloop
  endfacet
  facet normal 0 0 1
    outer loop
      vertex -35.3806 241.008 32
      vertex -37.9213 239.956 32
      vertex -37.8267 239.677 32
    endloop
  endfacet
  facet normal 0 0 1
    outer loop
      vertex -35.6699 241.595 32
      vertex -38.0514 240.22 32
      vertex -37.9213 239.956 32
    endloop
  endfacet
  facet normal 0 0 1
    outer loop
      vertex -38.875 241.044 32
      vertex -37.5 243.425 32
      vertex -38.0866 243.714 32
    endloop
  endfacet
  facet normal 0 0 1
    outer loop
      vertex -36.0332 242.139 32
      vertex -38.215 240.465 32
      vertex -38.0514 240.22 32
    endloop
  endfacet
  facet normal 0 0 1
    outer loop
      vertex -36.4645 242.631 32
      vertex -38.409 240.686 32
      vertex -38.215 240.465 32
    endloop
  endfacet
  facet normal 0 0 1
    outer loop
      vertex -36.9562 243.062 32
      vertex -38.6303 240.88 32
      vertex -38.409 240.686 32
    endloop
  endfacet
  facet normal 0 0 1
    outer loop
      vertex -39.139 241.174 32
      vertex -38.0866 243.714 32
      vertex -38.7059 243.925 32
    endloop
  endfacet
  facet normal 0 0 1
    outer loop
      vertex -37.5 243.425 32
      vertex -38.875 241.044 32
      vertex -38.6303 240.88 32
    endloop
  endfacet
  facet normal 0 0 1
    outer loop
      vertex -38.0866 243.714 32
      vertex -39.139 241.174 32
      vertex -38.875 241.044 32
    endloop
  endfacet
  facet normal 0 0 1
    outer loop
      vertex -39.4177 241.268 32
      vertex -38.7059 243.925 32
      vertex -39.3474 244.052 32
    endloop
  endfacet
  facet normal 0 0 1
    outer loop
      vertex -38.7059 243.925 32
      vertex -39.4177 241.268 32
      vertex -39.139 241.174 32
    endloop
  endfacet
  facet normal 0 0 1
    outer loop
      vertex -39.3474 244.052 32
      vertex -39.7063 241.326 32
      vertex -39.4177 241.268 32
    endloop
  endfacet
  facet normal 0 0 1
    outer loop
      vertex -40 244.095 32
      vertex -39.7063 241.326 32
      vertex -39.3474 244.052 32
    endloop
  endfacet
  facet normal 0 0 1
    outer loop
      vertex -40 244.095 32
      vertex -40 241.345 32
      vertex -39.7063 241.326 32
    endloop
  endfacet
  facet normal 0 0 1
    outer loop
      vertex -40 244.095 32
      vertex -40.2937 241.326 32
      vertex -40 241.345 32
    endloop
  endfacet
  facet normal -0 0 1
    outer loop
      vertex -40.6526 244.052 32
      vertex -40.2937 241.326 32
      vertex -40 244.095 32
    endloop
  endfacet
  facet normal 0 0 1
    outer loop
      vertex -40.2937 241.326 32
      vertex -40.6526 244.052 32
      vertex -40.5823 241.268 32
    endloop
  endfacet
  facet normal -0 0 1
    outer loop
      vertex -41.2941 243.925 32
      vertex -40.5823 241.268 32
      vertex -40.6526 244.052 32
    endloop
  endfacet
  facet normal 0 0 1
    outer loop
      vertex -40.5823 241.268 32
      vertex -41.2941 243.925 32
      vertex -40.861 241.174 32
    endloop
  endfacet
  facet normal -0 0 1
    outer loop
      vertex -41.9134 243.714 32
      vertex -40.861 241.174 32
      vertex -41.2941 243.925 32
    endloop
  endfacet
  facet normal 0 0 1
    outer loop
      vertex -40.861 241.174 32
      vertex -41.9134 243.714 32
      vertex -41.125 241.044 32
    endloop
  endfacet
  facet normal -0 0 1
    outer loop
      vertex -42.5 243.425 32
      vertex -41.125 241.044 32
      vertex -41.9134 243.714 32
    endloop
  endfacet
  facet normal 0 0 1
    outer loop
      vertex -41.125 241.044 32
      vertex -42.5 243.425 32
      vertex -41.3697 240.88 32
    endloop
  endfacet
  facet normal -0 0 1
    outer loop
      vertex -43.0438 243.062 32
      vertex -41.3697 240.88 32
      vertex -42.5 243.425 32
    endloop
  endfacet
  facet normal 0 0 1
    outer loop
      vertex -41.3697 240.88 32
      vertex -43.0438 243.062 32
      vertex -41.591 240.686 32
    endloop
  endfacet
  facet normal -0 0 1
    outer loop
      vertex -43.5355 242.631 32
      vertex -41.591 240.686 32
      vertex -43.0438 243.062 32
    endloop
  endfacet
  facet normal 0 0 1
    outer loop
      vertex -41.591 240.686 32
      vertex -43.5355 242.631 32
      vertex -41.785 240.465 32
    endloop
  endfacet
  facet normal -0 0 1
    outer loop
      vertex -43.9668 242.139 32
      vertex -41.785 240.465 32
      vertex -43.5355 242.631 32
    endloop
  endfacet
  facet normal -0 0 1
    outer loop
      vertex -44.3301 241.595 32
      vertex -41.9486 240.22 32
      vertex -43.9668 242.139 32
    endloop
  endfacet
  facet normal 0 0 1
    outer loop
      vertex -41.785 240.465 32
      vertex -43.9668 242.139 32
      vertex -41.9486 240.22 32
    endloop
  endfacet
  facet normal 0 0 1
    outer loop
      vertex -35.6699 236.595 32
      vertex -38.0514 237.97 32
      vertex -36.0332 236.051 32
    endloop
  endfacet
  facet normal -0 0 1
    outer loop
      vertex -38.215 237.725 32
      vertex -36.0332 236.051 32
      vertex -38.0514 237.97 32
    endloop
  endfacet
  facet normal 0 0 1
    outer loop
      vertex -36.0332 236.051 32
      vertex -38.215 237.725 32
      vertex -36.4645 235.559 32
    endloop
  endfacet
  facet normal -0 0 1
    outer loop
      vertex -38.409 237.504 32
      vertex -36.4645 235.559 32
      vertex -38.215 237.725 32
    endloop
  endfacet
  facet normal 0 0 1
    outer loop
      vertex -36.4645 235.559 32
      vertex -38.409 237.504 32
      vertex -36.9562 235.128 32
    endloop
  endfacet
  facet normal -0 0 1
    outer loop
      vertex -38.6303 237.31 32
      vertex -36.9562 235.128 32
      vertex -38.409 237.504 32
    endloop
  endfacet
  facet normal 0 0 1
    outer loop
      vertex -36.9562 235.128 32
      vertex -38.6303 237.31 32
      vertex -37.5 234.765 32
    endloop
  endfacet
  facet normal -0 0 1
    outer loop
      vertex -38.875 237.146 32
      vertex -37.5 234.765 32
      vertex -38.6303 237.31 32
    endloop
  endfacet
  facet normal 0 0 1
    outer loop
      vertex -37.5 234.765 32
      vertex -38.875 237.146 32
      vertex -38.0866 234.476 32
    endloop
  endfacet
  facet normal -0 0 1
    outer loop
      vertex -39.139 237.016 32
      vertex -38.0866 234.476 32
      vertex -38.875 237.146 32
    endloop
  endfacet
  facet normal 0 0 1
    outer loop
      vertex -38.0866 234.476 32
      vertex -39.139 237.016 32
      vertex -38.7059 234.265 32
    endloop
  endfacet
  facet normal -0 0 1
    outer loop
      vertex -39.4177 236.922 32
      vertex -38.7059 234.265 32
      vertex -39.139 237.016 32
    endloop
  endfacet
  facet normal 0 0 1
    outer loop
      vertex -38.7059 234.265 32
      vertex -39.4177 236.922 32
      vertex -39.3474 234.138 32
    endloop
  endfacet
  facet normal -0 0 1
    outer loop
      vertex -39.7063 236.864 32
      vertex -39.3474 234.138 32
      vertex -39.4177 236.922 32
    endloop
  endfacet
  facet normal -0 0 1
    outer loop
      vertex -40 236.845 32
      vertex -39.3474 234.138 32
      vertex -39.7063 236.864 32
    endloop
  endfacet
  facet normal 0 0 1
    outer loop
      vertex -40 236.845 32
      vertex -40 234.095 32
      vertex -39.3474 234.138 32
    endloop
  endfacet
  facet normal 0 0 1
    outer loop
      vertex -40.2937 236.864 32
      vertex -40 234.095 32
      vertex -40 236.845 32
    endloop
  endfacet
  facet normal 0 0 1
    outer loop
      vertex -40.6526 234.138 32
      vertex -40.2937 236.864 32
      vertex -40.5823 236.922 32
    endloop
  endfacet
  facet normal 0 0 1
    outer loop
      vertex -40.2937 236.864 32
      vertex -40.6526 234.138 32
      vertex -40 234.095 32
    endloop
  endfacet
  facet normal 0 0 1
    outer loop
      vertex -41.2941 234.265 32
      vertex -40.5823 236.922 32
      vertex -40.861 237.016 32
    endloop
  endfacet
  facet normal 0 0 1
    outer loop
      vertex -41.9134 234.476 32
      vertex -40.861 237.016 32
      vertex -41.125 237.146 32
    endloop
  endfacet
  facet normal 0 0 1
    outer loop
      vertex -40.5823 236.922 32
      vertex -41.2941 234.265 32
      vertex -40.6526 234.138 32
    endloop
  endfacet
  facet normal 0 0 1
    outer loop
      vertex -42.5 234.765 32
      vertex -41.125 237.146 32
      vertex -41.3697 237.31 32
    endloop
  endfacet
  facet normal 0 0 1
    outer loop
      vertex -43.0438 235.128 32
      vertex -41.3697 237.31 32
      vertex -41.591 237.504 32
    endloop
  endfacet
  facet normal 0 0 1
    outer loop
      vertex -43.5355 235.559 32
      vertex -41.591 237.504 32
      vertex -41.785 237.725 32
    endloop
  endfacet
  facet normal 0 0 1
    outer loop
      vertex -40.861 237.016 32
      vertex -41.9134 234.476 32
      vertex -41.2941 234.265 32
    endloop
  endfacet
  facet normal 0 0 1
    outer loop
      vertex -43.9668 236.051 32
      vertex -41.785 237.725 32
      vertex -41.9486 237.97 32
    endloop
  endfacet
  facet normal 0 0 1
    outer loop
      vertex -44.3301 236.595 32
      vertex -41.9486 237.97 32
      vertex -42.0787 238.234 32
    endloop
  endfacet
  facet normal 0 0 1
    outer loop
      vertex -44.6194 237.182 32
      vertex -42.0787 238.234 32
      vertex -42.1733 238.513 32
    endloop
  endfacet
  facet normal 0 0 1
    outer loop
      vertex -44.8296 237.801 32
      vertex -42.1733 238.513 32
      vertex -42.2308 238.801 32
    endloop
  endfacet
  facet normal 0 0 1
    outer loop
      vertex -41.125 237.146 32
      vertex -42.5 234.765 32
      vertex -41.9134 234.476 32
    endloop
  endfacet
  facet normal 0 0 1
    outer loop
      vertex -44.9572 238.442 32
      vertex -42.2308 238.801 32
      vertex -42.25 239.095 32
    endloop
  endfacet
  facet normal 0 0 1
    outer loop
      vertex -41.9486 240.22 32
      vertex -44.3301 241.595 32
      vertex -42.0787 239.956 32
    endloop
  endfacet
  facet normal -0 0 1
    outer loop
      vertex -44.6194 241.008 32
      vertex -42.0787 239.956 32
      vertex -44.3301 241.595 32
    endloop
  endfacet
  facet normal 0 0 1
    outer loop
      vertex -41.3697 237.31 32
      vertex -43.0438 235.128 32
      vertex -42.5 234.765 32
    endloop
  endfacet
  facet normal 0 0 1
    outer loop
      vertex -42.0787 239.956 32
      vertex -44.6194 241.008 32
      vertex -42.1733 239.677 32
    endloop
  endfacet
  facet normal 0 0 1
    outer loop
      vertex -41.591 237.504 32
      vertex -43.5355 235.559 32
      vertex -43.0438 235.128 32
    endloop
  endfacet
  facet normal -0 0 1
    outer loop
      vertex -44.8296 240.389 32
      vertex -42.1733 239.677 32
      vertex -44.6194 241.008 32
    endloop
  endfacet
  facet normal 0 0 1
    outer loop
      vertex -41.785 237.725 32
      vertex -43.9668 236.051 32
      vertex -43.5355 235.559 32
    endloop
  endfacet
  facet normal 0 0 1
    outer loop
      vertex -42.1733 239.677 32
      vertex -44.8296 240.389 32
      vertex -42.2308 239.389 32
    endloop
  endfacet
  facet normal 0 0 1
    outer loop
      vertex -41.9486 237.97 32
      vertex -44.3301 236.595 32
      vertex -43.9668 236.051 32
    endloop
  endfacet
  facet normal -0 0 1
    outer loop
      vertex -44.9572 239.748 32
      vertex -42.2308 239.389 32
      vertex -44.8296 240.389 32
    endloop
  endfacet
  facet normal 0 0 1
    outer loop
      vertex -42.0787 238.234 32
      vertex -44.6194 237.182 32
      vertex -44.3301 236.595 32
    endloop
  endfacet
  facet normal 0 0 1
    outer loop
      vertex -42.2308 239.389 32
      vertex -44.9572 239.748 32
      vertex -42.25 239.095 32
    endloop
  endfacet
  facet normal 0 0 1
    outer loop
      vertex -42.1733 238.513 32
      vertex -44.8296 237.801 32
      vertex -44.6194 237.182 32
    endloop
  endfacet
  facet normal 0 0 1
    outer loop
      vertex -45 239.095 32
      vertex -42.25 239.095 32
      vertex -44.9572 239.748 32
    endloop
  endfacet
  facet normal 0 0 1
    outer loop
      vertex -42.2308 238.801 32
      vertex -44.9572 238.442 32
      vertex -44.8296 237.801 32
    endloop
  endfacet
  facet normal 0 0 1
    outer loop
      vertex -42.25 239.095 32
      vertex -45 239.095 32
      vertex -44.9572 238.442 32
    endloop
  endfacet
  facet normal -0.980932 -0.19435 0
    outer loop
      vertex -144.83 237.801 3
      vertex -144.957 238.442 32
      vertex -144.957 238.442 3
    endloop
  endfacet
  facet normal -0.980932 -0.19435 0
    outer loop
      vertex -144.957 238.442 32
      vertex -144.83 237.801 3
      vertex -144.83 237.801 32
    endloop
  endfacet
  facet normal -0.19435 -0.980932 0
    outer loop
      vertex -141.294 234.265 3
      vertex -140.653 234.138 32
      vertex -141.294 234.265 32
    endloop
  endfacet
  facet normal -0.19435 -0.980932 -0
    outer loop
      vertex -140.653 234.138 32
      vertex -141.294 234.265 3
      vertex -140.653 234.138 3
    endloop
  endfacet
  facet normal -0.980932 0.19435 0
    outer loop
      vertex -144.957 239.748 3
      vertex -144.83 240.389 32
      vertex -144.83 240.389 3
    endloop
  endfacet
  facet normal -0.980932 0.19435 0
    outer loop
      vertex -144.83 240.389 32
      vertex -144.957 239.748 3
      vertex -144.957 239.748 32
    endloop
  endfacet
  facet normal -0.997839 0.0657076 0
    outer loop
      vertex -145 239.095 3
      vertex -144.957 239.748 32
      vertex -144.957 239.748 3
    endloop
  endfacet
  facet normal -0.997839 0.0657076 0
    outer loop
      vertex -144.957 239.748 32
      vertex -145 239.095 3
      vertex -145 239.095 32
    endloop
  endfacet
  facet normal 0.980932 0.19435 0
    outer loop
      vertex -135.043 239.748 32
      vertex -135.17 240.389 3
      vertex -135.17 240.389 32
    endloop
  endfacet
  facet normal 0.980932 0.19435 0
    outer loop
      vertex -135.17 240.389 3
      vertex -135.043 239.748 32
      vertex -135.043 239.748 3
    endloop
  endfacet
  facet normal 0.322643 -0.946521 0
    outer loop
      vertex -138.706 234.265 3
      vertex -138.087 234.476 32
      vertex -138.706 234.265 32
    endloop
  endfacet
  facet normal 0.322643 -0.946521 0
    outer loop
      vertex -138.087 234.476 32
      vertex -138.706 234.265 3
      vertex -138.087 234.476 3
    endloop
  endfacet
  facet normal 0.658937 0.752198 -0
    outer loop
      vertex -136.464 242.631 3
      vertex -136.956 243.062 32
      vertex -136.464 242.631 32
    endloop
  endfacet
  facet normal 0.658937 0.752198 0
    outer loop
      vertex -136.956 243.062 32
      vertex -136.464 242.631 3
      vertex -136.956 243.062 3
    endloop
  endfacet
  facet normal 0.946521 -0.322643 0
    outer loop
      vertex -135.381 237.182 32
      vertex -135.17 237.801 3
      vertex -135.17 237.801 32
    endloop
  endfacet
  facet normal 0.946521 -0.322643 0
    outer loop
      vertex -135.17 237.801 3
      vertex -135.381 237.182 32
      vertex -135.381 237.182 3
    endloop
  endfacet
  facet normal 0.946521 0.322643 0
    outer loop
      vertex -135.17 240.389 32
      vertex -135.381 241.008 3
      vertex -135.381 241.008 32
    endloop
  endfacet
  facet normal 0.946521 0.322643 0
    outer loop
      vertex -135.381 241.008 3
      vertex -135.17 240.389 32
      vertex -135.17 240.389 3
    endloop
  endfacet
  facet normal 0.752198 -0.658937 0
    outer loop
      vertex -136.464 235.559 32
      vertex -136.033 236.051 3
      vertex -136.033 236.051 32
    endloop
  endfacet
  facet normal 0.752198 -0.658937 0
    outer loop
      vertex -136.033 236.051 3
      vertex -136.464 235.559 32
      vertex -136.464 235.559 3
    endloop
  endfacet
  facet normal -0.946521 -0.322643 0
    outer loop
      vertex -144.619 237.182 3
      vertex -144.83 237.801 32
      vertex -144.83 237.801 3
    endloop
  endfacet
  facet normal -0.946521 -0.322643 0
    outer loop
      vertex -144.83 237.801 32
      vertex -144.619 237.182 3
      vertex -144.619 237.182 32
    endloop
  endfacet
  facet normal 0.980932 -0.19435 0
    outer loop
      vertex -135.17 237.801 32
      vertex -135.043 238.442 3
      vertex -135.043 238.442 32
    endloop
  endfacet
  facet normal 0.980932 -0.19435 0
    outer loop
      vertex -135.043 238.442 3
      vertex -135.17 237.801 32
      vertex -135.17 237.801 3
    endloop
  endfacet
  facet normal 0.555053 0.831815 -0
    outer loop
      vertex -136.956 243.062 3
      vertex -137.5 243.425 32
      vertex -136.956 243.062 32
    endloop
  endfacet
  facet normal 0.555053 0.831815 0
    outer loop
      vertex -137.5 243.425 32
      vertex -136.956 243.062 3
      vertex -137.5 243.425 3
    endloop
  endfacet
  facet normal 0.997839 0.0657076 0
    outer loop
      vertex -135 239.095 32
      vertex -135.043 239.748 3
      vertex -135.043 239.748 32
    endloop
  endfacet
  facet normal 0.997839 0.0657076 0
    outer loop
      vertex -135.043 239.748 3
      vertex -135 239.095 32
      vertex -135 239.095 3
    endloop
  endfacet
  facet normal 0.19435 0.980932 -0
    outer loop
      vertex -138.706 243.925 3
      vertex -139.347 244.052 32
      vertex -138.706 243.925 32
    endloop
  endfacet
  facet normal 0.19435 0.980932 0
    outer loop
      vertex -139.347 244.052 32
      vertex -138.706 243.925 3
      vertex -139.347 244.052 3
    endloop
  endfacet
  facet normal -0.0657076 0.997839 0
    outer loop
      vertex -140 244.095 3
      vertex -140.653 244.052 32
      vertex -140 244.095 32
    endloop
  endfacet
  facet normal -0.0657076 0.997839 0
    outer loop
      vertex -140.653 244.052 32
      vertex -140 244.095 3
      vertex -140.653 244.052 3
    endloop
  endfacet
  facet normal 0.897161 -0.441703 0
    outer loop
      vertex -135.67 236.595 32
      vertex -135.381 237.182 3
      vertex -135.381 237.182 32
    endloop
  endfacet
  facet normal 0.897161 -0.441703 0
    outer loop
      vertex -135.381 237.182 3
      vertex -135.67 236.595 32
      vertex -135.67 236.595 3
    endloop
  endfacet
  facet normal -0.831815 0.555053 0
    outer loop
      vertex -144.33 241.595 3
      vertex -143.967 242.139 32
      vertex -143.967 242.139 3
    endloop
  endfacet
  facet normal -0.831815 0.555053 0
    outer loop
      vertex -143.967 242.139 32
      vertex -144.33 241.595 3
      vertex -144.33 241.595 32
    endloop
  endfacet
  facet normal -0.555053 0.831815 0
    outer loop
      vertex -142.5 243.425 3
      vertex -143.044 243.062 32
      vertex -142.5 243.425 32
    endloop
  endfacet
  facet normal -0.555053 0.831815 0
    outer loop
      vertex -143.044 243.062 32
      vertex -142.5 243.425 3
      vertex -143.044 243.062 3
    endloop
  endfacet
  facet normal 0.0657076 0.997839 -0
    outer loop
      vertex -139.347 244.052 3
      vertex -140 244.095 32
      vertex -139.347 244.052 32
    endloop
  endfacet
  facet normal 0.0657076 0.997839 0
    outer loop
      vertex -140 244.095 32
      vertex -139.347 244.052 3
      vertex -140 244.095 3
    endloop
  endfacet
  facet normal -0.441703 -0.897161 0
    outer loop
      vertex -142.5 234.765 3
      vertex -141.913 234.476 32
      vertex -142.5 234.765 32
    endloop
  endfacet
  facet normal -0.441703 -0.897161 -0
    outer loop
      vertex -141.913 234.476 32
      vertex -142.5 234.765 3
      vertex -141.913 234.476 3
    endloop
  endfacet
  facet normal -0.658937 0.752198 0
    outer loop
      vertex -143.044 243.062 3
      vertex -143.536 242.631 32
      vertex -143.044 243.062 32
    endloop
  endfacet
  facet normal -0.658937 0.752198 0
    outer loop
      vertex -143.536 242.631 32
      vertex -143.044 243.062 3
      vertex -143.536 242.631 3
    endloop
  endfacet
  facet normal -0.441703 0.897161 0
    outer loop
      vertex -141.913 243.714 3
      vertex -142.5 243.425 32
      vertex -141.913 243.714 32
    endloop
  endfacet
  facet normal -0.441703 0.897161 0
    outer loop
      vertex -142.5 243.425 32
      vertex -141.913 243.714 3
      vertex -142.5 243.425 3
    endloop
  endfacet
  facet normal -0.831815 -0.555053 0
    outer loop
      vertex -143.967 236.051 3
      vertex -144.33 236.595 32
      vertex -144.33 236.595 3
    endloop
  endfacet
  facet normal -0.831815 -0.555053 0
    outer loop
      vertex -144.33 236.595 32
      vertex -143.967 236.051 3
      vertex -143.967 236.051 32
    endloop
  endfacet
  facet normal -0.997839 -0.0657076 0
    outer loop
      vertex -144.957 238.442 3
      vertex -145 239.095 32
      vertex -145 239.095 3
    endloop
  endfacet
  facet normal -0.997839 -0.0657076 0
    outer loop
      vertex -145 239.095 32
      vertex -144.957 238.442 3
      vertex -144.957 238.442 32
    endloop
  endfacet
  facet normal 0.752198 0.658937 0
    outer loop
      vertex -136.033 242.139 32
      vertex -136.464 242.631 3
      vertex -136.464 242.631 32
    endloop
  endfacet
  facet normal 0.752198 0.658937 0
    outer loop
      vertex -136.464 242.631 3
      vertex -136.033 242.139 32
      vertex -136.033 242.139 3
    endloop
  endfacet
  facet normal -0.897161 -0.441703 0
    outer loop
      vertex -144.33 236.595 3
      vertex -144.619 237.182 32
      vertex -144.619 237.182 3
    endloop
  endfacet
  facet normal -0.897161 -0.441703 0
    outer loop
      vertex -144.619 237.182 32
      vertex -144.33 236.595 3
      vertex -144.33 236.595 32
    endloop
  endfacet
  facet normal 0.0657076 -0.997839 0
    outer loop
      vertex -140 234.095 3
      vertex -139.347 234.138 32
      vertex -140 234.095 32
    endloop
  endfacet
  facet normal 0.0657076 -0.997839 0
    outer loop
      vertex -139.347 234.138 32
      vertex -140 234.095 3
      vertex -139.347 234.138 3
    endloop
  endfacet
  facet normal -0.322643 -0.946521 0
    outer loop
      vertex -141.913 234.476 3
      vertex -141.294 234.265 32
      vertex -141.913 234.476 32
    endloop
  endfacet
  facet normal -0.322643 -0.946521 -0
    outer loop
      vertex -141.294 234.265 32
      vertex -141.913 234.476 3
      vertex -141.294 234.265 3
    endloop
  endfacet
  facet normal 0.441703 0.897161 -0
    outer loop
      vertex -137.5 243.425 3
      vertex -138.087 243.714 32
      vertex -137.5 243.425 32
    endloop
  endfacet
  facet normal 0.441703 0.897161 0
    outer loop
      vertex -138.087 243.714 32
      vertex -137.5 243.425 3
      vertex -138.087 243.714 3
    endloop
  endfacet
  facet normal 0.831815 -0.555053 0
    outer loop
      vertex -136.033 236.051 32
      vertex -135.67 236.595 3
      vertex -135.67 236.595 32
    endloop
  endfacet
  facet normal 0.831815 -0.555053 0
    outer loop
      vertex -135.67 236.595 3
      vertex -136.033 236.051 32
      vertex -136.033 236.051 3
    endloop
  endfacet
  facet normal -0.19435 0.980932 0
    outer loop
      vertex -140.653 244.052 3
      vertex -141.294 243.925 32
      vertex -140.653 244.052 32
    endloop
  endfacet
  facet normal -0.19435 0.980932 0
    outer loop
      vertex -141.294 243.925 32
      vertex -140.653 244.052 3
      vertex -141.294 243.925 3
    endloop
  endfacet
  facet normal -0.555053 -0.831815 0
    outer loop
      vertex -143.044 235.128 3
      vertex -142.5 234.765 32
      vertex -143.044 235.128 32
    endloop
  endfacet
  facet normal -0.555053 -0.831815 -0
    outer loop
      vertex -142.5 234.765 32
      vertex -143.044 235.128 3
      vertex -142.5 234.765 3
    endloop
  endfacet
  facet normal 0.997839 -0.0657076 0
    outer loop
      vertex -135.043 238.442 32
      vertex -135 239.095 3
      vertex -135 239.095 32
    endloop
  endfacet
  facet normal 0.997839 -0.0657076 0
    outer loop
      vertex -135 239.095 3
      vertex -135.043 238.442 32
      vertex -135.043 238.442 3
    endloop
  endfacet
  facet normal 0.555053 -0.831815 0
    outer loop
      vertex -137.5 234.765 3
      vertex -136.956 235.128 32
      vertex -137.5 234.765 32
    endloop
  endfacet
  facet normal 0.555053 -0.831815 0
    outer loop
      vertex -136.956 235.128 32
      vertex -137.5 234.765 3
      vertex -136.956 235.128 3
    endloop
  endfacet
  facet normal -0.322643 0.946521 0
    outer loop
      vertex -141.294 243.925 3
      vertex -141.913 243.714 32
      vertex -141.294 243.925 32
    endloop
  endfacet
  facet normal -0.322643 0.946521 0
    outer loop
      vertex -141.913 243.714 32
      vertex -141.294 243.925 3
      vertex -141.913 243.714 3
    endloop
  endfacet
  facet normal -0.897161 0.441703 0
    outer loop
      vertex -144.619 241.008 3
      vertex -144.33 241.595 32
      vertex -144.33 241.595 3
    endloop
  endfacet
  facet normal -0.897161 0.441703 0
    outer loop
      vertex -144.33 241.595 32
      vertex -144.619 241.008 3
      vertex -144.619 241.008 32
    endloop
  endfacet
  facet normal -0.752198 -0.658937 0
    outer loop
      vertex -143.536 235.559 3
      vertex -143.967 236.051 32
      vertex -143.967 236.051 3
    endloop
  endfacet
  facet normal -0.752198 -0.658937 0
    outer loop
      vertex -143.967 236.051 32
      vertex -143.536 235.559 3
      vertex -143.536 235.559 32
    endloop
  endfacet
  facet normal 0.19435 -0.980932 0
    outer loop
      vertex -139.347 234.138 3
      vertex -138.706 234.265 32
      vertex -139.347 234.138 32
    endloop
  endfacet
  facet normal 0.19435 -0.980932 0
    outer loop
      vertex -138.706 234.265 32
      vertex -139.347 234.138 3
      vertex -138.706 234.265 3
    endloop
  endfacet
  facet normal -0.752198 0.658937 0
    outer loop
      vertex -143.967 242.139 3
      vertex -143.536 242.631 32
      vertex -143.536 242.631 3
    endloop
  endfacet
  facet normal -0.752198 0.658937 0
    outer loop
      vertex -143.536 242.631 32
      vertex -143.967 242.139 3
      vertex -143.967 242.139 32
    endloop
  endfacet
  facet normal 0.658937 -0.752198 0
    outer loop
      vertex -136.956 235.128 3
      vertex -136.464 235.559 32
      vertex -136.956 235.128 32
    endloop
  endfacet
  facet normal 0.658937 -0.752198 0
    outer loop
      vertex -136.464 235.559 32
      vertex -136.956 235.128 3
      vertex -136.464 235.559 3
    endloop
  endfacet
  facet normal -0.946521 0.322643 0
    outer loop
      vertex -144.83 240.389 3
      vertex -144.619 241.008 32
      vertex -144.619 241.008 3
    endloop
  endfacet
  facet normal -0.946521 0.322643 0
    outer loop
      vertex -144.619 241.008 32
      vertex -144.83 240.389 3
      vertex -144.83 240.389 32
    endloop
  endfacet
  facet normal 0.322643 0.946521 -0
    outer loop
      vertex -138.087 243.714 3
      vertex -138.706 243.925 32
      vertex -138.087 243.714 32
    endloop
  endfacet
  facet normal 0.322643 0.946521 0
    outer loop
      vertex -138.706 243.925 32
      vertex -138.087 243.714 3
      vertex -138.706 243.925 3
    endloop
  endfacet
  facet normal 0.441703 -0.897161 0
    outer loop
      vertex -138.087 234.476 3
      vertex -137.5 234.765 32
      vertex -138.087 234.476 32
    endloop
  endfacet
  facet normal 0.441703 -0.897161 0
    outer loop
      vertex -137.5 234.765 32
      vertex -138.087 234.476 3
      vertex -137.5 234.765 3
    endloop
  endfacet
  facet normal -0.0657076 -0.997839 0
    outer loop
      vertex -140.653 234.138 3
      vertex -140 234.095 32
      vertex -140.653 234.138 32
    endloop
  endfacet
  facet normal -0.0657076 -0.997839 -0
    outer loop
      vertex -140 234.095 32
      vertex -140.653 234.138 3
      vertex -140 234.095 3
    endloop
  endfacet
  facet normal 0.831815 0.555053 0
    outer loop
      vertex -135.67 241.595 32
      vertex -136.033 242.139 3
      vertex -136.033 242.139 32
    endloop
  endfacet
  facet normal 0.831815 0.555053 0
    outer loop
      vertex -136.033 242.139 3
      vertex -135.67 241.595 32
      vertex -135.67 241.595 3
    endloop
  endfacet
  facet normal 0.897161 0.441703 0
    outer loop
      vertex -135.381 241.008 32
      vertex -135.67 241.595 3
      vertex -135.67 241.595 32
    endloop
  endfacet
  facet normal 0.897161 0.441703 0
    outer loop
      vertex -135.67 241.595 3
      vertex -135.381 241.008 32
      vertex -135.381 241.008 3
    endloop
  endfacet
  facet normal -0.658937 -0.752198 0
    outer loop
      vertex -143.536 235.559 3
      vertex -143.044 235.128 32
      vertex -143.536 235.559 32
    endloop
  endfacet
  facet normal -0.658937 -0.752198 -0
    outer loop
      vertex -143.044 235.128 32
      vertex -143.536 235.559 3
      vertex -143.044 235.128 3
    endloop
  endfacet
  facet normal 0 0 1
    outer loop
      vertex -137.75 239.095 32
      vertex -135 239.095 32
      vertex -135.043 239.748 32
    endloop
  endfacet
  facet normal 0 0 1
    outer loop
      vertex -137.769 239.389 32
      vertex -135.043 239.748 32
      vertex -135.17 240.389 32
    endloop
  endfacet
  facet normal 0 0 1
    outer loop
      vertex -135 239.095 32
      vertex -137.75 239.095 32
      vertex -135.043 238.442 32
    endloop
  endfacet
  facet normal 0 0 1
    outer loop
      vertex -137.827 239.677 32
      vertex -135.17 240.389 32
      vertex -135.381 241.008 32
    endloop
  endfacet
  facet normal -0 0 1
    outer loop
      vertex -137.769 238.801 32
      vertex -135.043 238.442 32
      vertex -137.75 239.095 32
    endloop
  endfacet
  facet normal 0 0 1
    outer loop
      vertex -137.921 239.956 32
      vertex -135.381 241.008 32
      vertex -135.67 241.595 32
    endloop
  endfacet
  facet normal 0 0 1
    outer loop
      vertex -135.043 238.442 32
      vertex -137.769 238.801 32
      vertex -135.17 237.801 32
    endloop
  endfacet
  facet normal 0 0 1
    outer loop
      vertex -138.051 240.22 32
      vertex -135.67 241.595 32
      vertex -136.033 242.139 32
    endloop
  endfacet
  facet normal -0 0 1
    outer loop
      vertex -137.827 238.513 32
      vertex -135.17 237.801 32
      vertex -137.769 238.801 32
    endloop
  endfacet
  facet normal 0 0 1
    outer loop
      vertex -138.215 240.465 32
      vertex -136.033 242.139 32
      vertex -136.464 242.631 32
    endloop
  endfacet
  facet normal 0 0 1
    outer loop
      vertex -135.17 237.801 32
      vertex -137.827 238.513 32
      vertex -135.381 237.182 32
    endloop
  endfacet
  facet normal 0 0 1
    outer loop
      vertex -138.409 240.686 32
      vertex -136.464 242.631 32
      vertex -136.956 243.062 32
    endloop
  endfacet
  facet normal -0 0 1
    outer loop
      vertex -137.921 238.234 32
      vertex -135.381 237.182 32
      vertex -137.827 238.513 32
    endloop
  endfacet
  facet normal 0 0 1
    outer loop
      vertex -138.63 240.88 32
      vertex -136.956 243.062 32
      vertex -137.5 243.425 32
    endloop
  endfacet
  facet normal 0 0 1
    outer loop
      vertex -135.381 237.182 32
      vertex -137.921 238.234 32
      vertex -135.67 236.595 32
    endloop
  endfacet
  facet normal -0 0 1
    outer loop
      vertex -138.051 237.97 32
      vertex -135.67 236.595 32
      vertex -137.921 238.234 32
    endloop
  endfacet
  facet normal 0 0 1
    outer loop
      vertex -135.043 239.748 32
      vertex -137.769 239.389 32
      vertex -137.75 239.095 32
    endloop
  endfacet
  facet normal 0 0 1
    outer loop
      vertex -135.17 240.389 32
      vertex -137.827 239.677 32
      vertex -137.769 239.389 32
    endloop
  endfacet
  facet normal 0 0 1
    outer loop
      vertex -135.381 241.008 32
      vertex -137.921 239.956 32
      vertex -137.827 239.677 32
    endloop
  endfacet
  facet normal 0 0 1
    outer loop
      vertex -135.67 241.595 32
      vertex -138.051 240.22 32
      vertex -137.921 239.956 32
    endloop
  endfacet
  facet normal 0 0 1
    outer loop
      vertex -138.875 241.044 32
      vertex -137.5 243.425 32
      vertex -138.087 243.714 32
    endloop
  endfacet
  facet normal 0 0 1
    outer loop
      vertex -136.033 242.139 32
      vertex -138.215 240.465 32
      vertex -138.051 240.22 32
    endloop
  endfacet
  facet normal 0 0 1
    outer loop
      vertex -136.464 242.631 32
      vertex -138.409 240.686 32
      vertex -138.215 240.465 32
    endloop
  endfacet
  facet normal 0 0 1
    outer loop
      vertex -136.956 243.062 32
      vertex -138.63 240.88 32
      vertex -138.409 240.686 32
    endloop
  endfacet
  facet normal 0 0 1
    outer loop
      vertex -139.139 241.174 32
      vertex -138.087 243.714 32
      vertex -138.706 243.925 32
    endloop
  endfacet
  facet normal 0 0 1
    outer loop
      vertex -137.5 243.425 32
      vertex -138.875 241.044 32
      vertex -138.63 240.88 32
    endloop
  endfacet
  facet normal 0 0 1
    outer loop
      vertex -138.087 243.714 32
      vertex -139.139 241.174 32
      vertex -138.875 241.044 32
    endloop
  endfacet
  facet normal 0 0 1
    outer loop
      vertex -139.418 241.268 32
      vertex -138.706 243.925 32
      vertex -139.347 244.052 32
    endloop
  endfacet
  facet normal 0 0 1
    outer loop
      vertex -138.706 243.925 32
      vertex -139.418 241.268 32
      vertex -139.139 241.174 32
    endloop
  endfacet
  facet normal 0 0 1
    outer loop
      vertex -139.347 244.052 32
      vertex -139.706 241.326 32
      vertex -139.418 241.268 32
    endloop
  endfacet
  facet normal 0 0 1
    outer loop
      vertex -140 244.095 32
      vertex -139.706 241.326 32
      vertex -139.347 244.052 32
    endloop
  endfacet
  facet normal 0 0 1
    outer loop
      vertex -140 244.095 32
      vertex -140 241.345 32
      vertex -139.706 241.326 32
    endloop
  endfacet
  facet normal 0 0 1
    outer loop
      vertex -140 244.095 32
      vertex -140.294 241.326 32
      vertex -140 241.345 32
    endloop
  endfacet
  facet normal -0 0 1
    outer loop
      vertex -140.653 244.052 32
      vertex -140.294 241.326 32
      vertex -140 244.095 32
    endloop
  endfacet
  facet normal 0 0 1
    outer loop
      vertex -140.294 241.326 32
      vertex -140.653 244.052 32
      vertex -140.582 241.268 32
    endloop
  endfacet
  facet normal -0 0 1
    outer loop
      vertex -141.294 243.925 32
      vertex -140.582 241.268 32
      vertex -140.653 244.052 32
    endloop
  endfacet
  facet normal 0 0 1
    outer loop
      vertex -140.582 241.268 32
      vertex -141.294 243.925 32
      vertex -140.861 241.174 32
    endloop
  endfacet
  facet normal -0 0 1
    outer loop
      vertex -141.913 243.714 32
      vertex -140.861 241.174 32
      vertex -141.294 243.925 32
    endloop
  endfacet
  facet normal 0 0 1
    outer loop
      vertex -140.861 241.174 32
      vertex -141.913 243.714 32
      vertex -141.125 241.044 32
    endloop
  endfacet
  facet normal -0 0 1
    outer loop
      vertex -142.5 243.425 32
      vertex -141.125 241.044 32
      vertex -141.913 243.714 32
    endloop
  endfacet
  facet normal 0 0 1
    outer loop
      vertex -141.125 241.044 32
      vertex -142.5 243.425 32
      vertex -141.37 240.88 32
    endloop
  endfacet
  facet normal -0 0 1
    outer loop
      vertex -143.044 243.062 32
      vertex -141.37 240.88 32
      vertex -142.5 243.425 32
    endloop
  endfacet
  facet normal 0 0 1
    outer loop
      vertex -141.37 240.88 32
      vertex -143.044 243.062 32
      vertex -141.591 240.686 32
    endloop
  endfacet
  facet normal -0 0 1
    outer loop
      vertex -143.536 242.631 32
      vertex -141.591 240.686 32
      vertex -143.044 243.062 32
    endloop
  endfacet
  facet normal 0 0 1
    outer loop
      vertex -141.591 240.686 32
      vertex -143.536 242.631 32
      vertex -141.785 240.465 32
    endloop
  endfacet
  facet normal -0 0 1
    outer loop
      vertex -143.967 242.139 32
      vertex -141.785 240.465 32
      vertex -143.536 242.631 32
    endloop
  endfacet
  facet normal -0 0 1
    outer loop
      vertex -144.33 241.595 32
      vertex -141.949 240.22 32
      vertex -143.967 242.139 32
    endloop
  endfacet
  facet normal 0 0 1
    outer loop
      vertex -141.785 240.465 32
      vertex -143.967 242.139 32
      vertex -141.949 240.22 32
    endloop
  endfacet
  facet normal 0 0 1
    outer loop
      vertex -135.67 236.595 32
      vertex -138.051 237.97 32
      vertex -136.033 236.051 32
    endloop
  endfacet
  facet normal -0 0 1
    outer loop
      vertex -138.215 237.725 32
      vertex -136.033 236.051 32
      vertex -138.051 237.97 32
    endloop
  endfacet
  facet normal 0 0 1
    outer loop
      vertex -136.033 236.051 32
      vertex -138.215 237.725 32
      vertex -136.464 235.559 32
    endloop
  endfacet
  facet normal -0 0 1
    outer loop
      vertex -138.409 237.504 32
      vertex -136.464 235.559 32
      vertex -138.215 237.725 32
    endloop
  endfacet
  facet normal 0 0 1
    outer loop
      vertex -136.464 235.559 32
      vertex -138.409 237.504 32
      vertex -136.956 235.128 32
    endloop
  endfacet
  facet normal -0 0 1
    outer loop
      vertex -138.63 237.31 32
      vertex -136.956 235.128 32
      vertex -138.409 237.504 32
    endloop
  endfacet
  facet normal 0 0 1
    outer loop
      vertex -136.956 235.128 32
      vertex -138.63 237.31 32
      vertex -137.5 234.765 32
    endloop
  endfacet
  facet normal -0 0 1
    outer loop
      vertex -138.875 237.146 32
      vertex -137.5 234.765 32
      vertex -138.63 237.31 32
    endloop
  endfacet
  facet normal 0 0 1
    outer loop
      vertex -137.5 234.765 32
      vertex -138.875 237.146 32
      vertex -138.087 234.476 32
    endloop
  endfacet
  facet normal -0 0 1
    outer loop
      vertex -139.139 237.016 32
      vertex -138.087 234.476 32
      vertex -138.875 237.146 32
    endloop
  endfacet
  facet normal 0 0 1
    outer loop
      vertex -138.087 234.476 32
      vertex -139.139 237.016 32
      vertex -138.706 234.265 32
    endloop
  endfacet
  facet normal -0 0 1
    outer loop
      vertex -139.418 236.922 32
      vertex -138.706 234.265 32
      vertex -139.139 237.016 32
    endloop
  endfacet
  facet normal 0 0 1
    outer loop
      vertex -138.706 234.265 32
      vertex -139.418 236.922 32
      vertex -139.347 234.138 32
    endloop
  endfacet
  facet normal -0 0 1
    outer loop
      vertex -139.706 236.864 32
      vertex -139.347 234.138 32
      vertex -139.418 236.922 32
    endloop
  endfacet
  facet normal -0 0 1
    outer loop
      vertex -140 236.845 32
      vertex -139.347 234.138 32
      vertex -139.706 236.864 32
    endloop
  endfacet
  facet normal 0 0 1
    outer loop
      vertex -140 236.845 32
      vertex -140 234.095 32
      vertex -139.347 234.138 32
    endloop
  endfacet
  facet normal 0 0 1
    outer loop
      vertex -140.294 236.864 32
      vertex -140 234.095 32
      vertex -140 236.845 32
    endloop
  endfacet
  facet normal 0 0 1
    outer loop
      vertex -140.653 234.138 32
      vertex -140.294 236.864 32
      vertex -140.582 236.922 32
    endloop
  endfacet
  facet normal 0 0 1
    outer loop
      vertex -140.294 236.864 32
      vertex -140.653 234.138 32
      vertex -140 234.095 32
    endloop
  endfacet
  facet normal 0 0 1
    outer loop
      vertex -141.294 234.265 32
      vertex -140.582 236.922 32
      vertex -140.861 237.016 32
    endloop
  endfacet
  facet normal 0 0 1
    outer loop
      vertex -141.913 234.476 32
      vertex -140.861 237.016 32
      vertex -141.125 237.146 32
    endloop
  endfacet
  facet normal 0 0 1
    outer loop
      vertex -140.582 236.922 32
      vertex -141.294 234.265 32
      vertex -140.653 234.138 32
    endloop
  endfacet
  facet normal 0 0 1
    outer loop
      vertex -142.5 234.765 32
      vertex -141.125 237.146 32
      vertex -141.37 237.31 32
    endloop
  endfacet
  facet normal 0 0 1
    outer loop
      vertex -143.044 235.128 32
      vertex -141.37 237.31 32
      vertex -141.591 237.504 32
    endloop
  endfacet
  facet normal 0 0 1
    outer loop
      vertex -143.536 235.559 32
      vertex -141.591 237.504 32
      vertex -141.785 237.725 32
    endloop
  endfacet
  facet normal 0 0 1
    outer loop
      vertex -140.861 237.016 32
      vertex -141.913 234.476 32
      vertex -141.294 234.265 32
    endloop
  endfacet
  facet normal 0 0 1
    outer loop
      vertex -143.967 236.051 32
      vertex -141.785 237.725 32
      vertex -141.949 237.97 32
    endloop
  endfacet
  facet normal 0 0 1
    outer loop
      vertex -144.33 236.595 32
      vertex -141.949 237.97 32
      vertex -142.079 238.234 32
    endloop
  endfacet
  facet normal 0 0 1
    outer loop
      vertex -144.619 237.182 32
      vertex -142.079 238.234 32
      vertex -142.173 238.513 32
    endloop
  endfacet
  facet normal 0 0 1
    outer loop
      vertex -144.83 237.801 32
      vertex -142.173 238.513 32
      vertex -142.231 238.801 32
    endloop
  endfacet
  facet normal 0 0 1
    outer loop
      vertex -141.125 237.146 32
      vertex -142.5 234.765 32
      vertex -141.913 234.476 32
    endloop
  endfacet
  facet normal 0 0 1
    outer loop
      vertex -144.957 238.442 32
      vertex -142.231 238.801 32
      vertex -142.25 239.095 32
    endloop
  endfacet
  facet normal 0 0 1
    outer loop
      vertex -141.949 240.22 32
      vertex -144.33 241.595 32
      vertex -142.079 239.956 32
    endloop
  endfacet
  facet normal -0 0 1
    outer loop
      vertex -144.619 241.008 32
      vertex -142.079 239.956 32
      vertex -144.33 241.595 32
    endloop
  endfacet
  facet normal 0 0 1
    outer loop
      vertex -141.37 237.31 32
      vertex -143.044 235.128 32
      vertex -142.5 234.765 32
    endloop
  endfacet
  facet normal 0 0 1
    outer loop
      vertex -142.079 239.956 32
      vertex -144.619 241.008 32
      vertex -142.173 239.677 32
    endloop
  endfacet
  facet normal 0 0 1
    outer loop
      vertex -141.591 237.504 32
      vertex -143.536 235.559 32
      vertex -143.044 235.128 32
    endloop
  endfacet
  facet normal -0 0 1
    outer loop
      vertex -144.83 240.389 32
      vertex -142.173 239.677 32
      vertex -144.619 241.008 32
    endloop
  endfacet
  facet normal 0 0 1
    outer loop
      vertex -141.785 237.725 32
      vertex -143.967 236.051 32
      vertex -143.536 235.559 32
    endloop
  endfacet
  facet normal 0 0 1
    outer loop
      vertex -142.173 239.677 32
      vertex -144.83 240.389 32
      vertex -142.231 239.389 32
    endloop
  endfacet
  facet normal 0 0 1
    outer loop
      vertex -141.949 237.97 32
      vertex -144.33 236.595 32
      vertex -143.967 236.051 32
    endloop
  endfacet
  facet normal -0 0 1
    outer loop
      vertex -144.957 239.748 32
      vertex -142.231 239.389 32
      vertex -144.83 240.389 32
    endloop
  endfacet
  facet normal 0 0 1
    outer loop
      vertex -142.079 238.234 32
      vertex -144.619 237.182 32
      vertex -144.33 236.595 32
    endloop
  endfacet
  facet normal 0 0 1
    outer loop
      vertex -142.231 239.389 32
      vertex -144.957 239.748 32
      vertex -142.25 239.095 32
    endloop
  endfacet
  facet normal 0 0 1
    outer loop
      vertex -142.173 238.513 32
      vertex -144.83 237.801 32
      vertex -144.619 237.182 32
    endloop
  endfacet
  facet normal 0 0 1
    outer loop
      vertex -145 239.095 32
      vertex -142.25 239.095 32
      vertex -144.957 239.748 32
    endloop
  endfacet
  facet normal 0 0 1
    outer loop
      vertex -142.231 238.801 32
      vertex -144.957 238.442 32
      vertex -144.83 237.801 32
    endloop
  endfacet
  facet normal 0 0 1
    outer loop
      vertex -142.25 239.095 32
      vertex -145 239.095 32
      vertex -144.957 238.442 32
    endloop
  endfacet
  facet normal -0.980786 0.195087 0
    outer loop
      vertex -44.9572 11.5576 3
      vertex -44.8296 12.1991 32
      vertex -44.8296 12.1991 3
    endloop
  endfacet
  facet normal -0.980786 0.195087 0
    outer loop
      vertex -44.8296 12.1991 32
      vertex -44.9572 11.5576 3
      vertex -44.9572 11.5576 32
    endloop
  endfacet
  facet normal -0.997856 0.0654432 0
    outer loop
      vertex -45 10.905 3
      vertex -44.9572 11.5576 32
      vertex -44.9572 11.5576 3
    endloop
  endfacet
  facet normal -0.997856 0.0654432 0
    outer loop
      vertex -44.9572 11.5576 32
      vertex -45 10.905 3
      vertex -45 10.905 32
    endloop
  endfacet
  facet normal 0.321407 0.946941 -0
    outer loop
      vertex -38.0866 15.5244 3
      vertex -38.7059 15.7346 32
      vertex -38.0866 15.5244 32
    endloop
  endfacet
  facet normal 0.321407 0.946941 0
    outer loop
      vertex -38.7059 15.7346 32
      vertex -38.0866 15.5244 3
      vertex -38.7059 15.7346 3
    endloop
  endfacet
  facet normal 0.946944 -0.321397 0
    outer loop
      vertex -35.3806 8.99157 32
      vertex -35.1704 9.61089 3
      vertex -35.1704 9.61089 32
    endloop
  endfacet
  facet normal 0.946944 -0.321397 0
    outer loop
      vertex -35.1704 9.61089 3
      vertex -35.3806 8.99157 32
      vertex -35.3806 8.99157 3
    endloop
  endfacet
  facet normal 0.946941 0.321407 0
    outer loop
      vertex -35.1704 12.1991 32
      vertex -35.3806 12.8184 3
      vertex -35.3806 12.8184 32
    endloop
  endfacet
  facet normal 0.946941 0.321407 0
    outer loop
      vertex -35.3806 12.8184 3
      vertex -35.1704 12.1991 32
      vertex -35.1704 12.1991 3
    endloop
  endfacet
  facet normal -0.0653976 -0.997859 0
    outer loop
      vertex -40.6526 5.94776 3
      vertex -40 5.90499 32
      vertex -40.6526 5.94776 32
    endloop
  endfacet
  facet normal -0.0653976 -0.997859 -0
    outer loop
      vertex -40 5.90499 32
      vertex -40.6526 5.94776 3
      vertex -40 5.90499 3
    endloop
  endfacet
  facet normal -0.831509 0.555512 0
    outer loop
      vertex -44.3301 13.405 3
      vertex -43.9668 13.9488 32
      vertex -43.9668 13.9488 3
    endloop
  endfacet
  facet normal -0.831509 0.555512 0
    outer loop
      vertex -43.9668 13.9488 32
      vertex -44.3301 13.405 3
      vertex -44.3301 13.405 32
    endloop
  endfacet
  facet normal -0.946944 -0.321397 0
    outer loop
      vertex -44.6194 8.99157 3
      vertex -44.8296 9.61089 32
      vertex -44.8296 9.61089 3
    endloop
  endfacet
  facet normal -0.946944 -0.321397 0
    outer loop
      vertex -44.8296 9.61089 32
      vertex -44.6194 8.99157 3
      vertex -44.6194 8.99157 32
    endloop
  endfacet
  facet normal 0.659424 0.751771 -0
    outer loop
      vertex -36.4645 14.4405 3
      vertex -36.9562 14.8718 32
      vertex -36.4645 14.4405 32
    endloop
  endfacet
  facet normal 0.659424 0.751771 0
    outer loop
      vertex -36.9562 14.8718 32
      vertex -36.4645 14.4405 3
      vertex -36.9562 14.8718 3
    endloop
  endfacet
  facet normal -0.321448 -0.946927 0
    outer loop
      vertex -41.9134 6.28559 3
      vertex -41.2941 6.07536 32
      vertex -41.9134 6.28559 32
    endloop
  endfacet
  facet normal -0.321448 -0.946927 -0
    outer loop
      vertex -41.2941 6.07536 32
      vertex -41.9134 6.28559 3
      vertex -41.2941 6.07536 3
    endloop
  endfacet
  facet normal -0.195087 0.980786 0
    outer loop
      vertex -40.6526 15.8622 3
      vertex -41.2941 15.7346 32
      vertex -40.6526 15.8622 32
    endloop
  endfacet
  facet normal -0.195087 0.980786 0
    outer loop
      vertex -41.2941 15.7346 32
      vertex -40.6526 15.8622 3
      vertex -41.2941 15.7346 3
    endloop
  endfacet
  facet normal -0.555575 -0.831466 0
    outer loop
      vertex -43.0438 6.93822 3
      vertex -42.5 6.57486 32
      vertex -43.0438 6.93822 32
    endloop
  endfacet
  facet normal -0.555575 -0.831466 -0
    outer loop
      vertex -42.5 6.57486 32
      vertex -43.0438 6.93822 3
      vertex -42.5 6.57486 3
    endloop
  endfacet
  facet normal 0.555512 0.831509 -0
    outer loop
      vertex -36.9562 14.8718 3
      vertex -37.5 15.2351 32
      vertex -36.9562 14.8718 32
    endloop
  endfacet
  facet normal 0.555512 0.831509 0
    outer loop
      vertex -37.5 15.2351 32
      vertex -36.9562 14.8718 3
      vertex -37.5 15.2351 3
    endloop
  endfacet
  facet normal 0.321448 -0.946927 0
    outer loop
      vertex -38.7059 6.07536 3
      vertex -38.0866 6.28559 32
      vertex -38.7059 6.07536 32
    endloop
  endfacet
  facet normal 0.321448 -0.946927 0
    outer loop
      vertex -38.0866 6.28559 32
      vertex -38.7059 6.07536 3
      vertex -38.0866 6.28559 3
    endloop
  endfacet
  facet normal -0.0654432 0.997856 0
    outer loop
      vertex -40 15.905 3
      vertex -40.6526 15.8622 32
      vertex -40 15.905 32
    endloop
  endfacet
  facet normal -0.0654432 0.997856 0
    outer loop
      vertex -40.6526 15.8622 32
      vertex -40 15.905 3
      vertex -40.6526 15.8622 3
    endloop
  endfacet
  facet normal -0.831514 -0.555504 0
    outer loop
      vertex -43.9668 7.86118 3
      vertex -44.3301 8.40499 32
      vertex -44.3301 8.40499 3
    endloop
  endfacet
  facet normal -0.831514 -0.555504 0
    outer loop
      vertex -44.3301 8.40499 32
      vertex -43.9668 7.86118 3
      vertex -43.9668 7.86118 32
    endloop
  endfacet
  facet normal -0.321407 0.946941 0
    outer loop
      vertex -41.2941 15.7346 3
      vertex -41.9134 15.5244 32
      vertex -41.2941 15.7346 32
    endloop
  endfacet
  facet normal -0.321407 0.946941 0
    outer loop
      vertex -41.9134 15.5244 32
      vertex -41.2941 15.7346 3
      vertex -41.9134 15.5244 3
    endloop
  endfacet
  facet normal -0.442277 -0.896878 0
    outer loop
      vertex -42.5 6.57486 3
      vertex -41.9134 6.28559 32
      vertex -42.5 6.57486 32
    endloop
  endfacet
  facet normal -0.442277 -0.896878 -0
    outer loop
      vertex -41.9134 6.28559 32
      vertex -42.5 6.57486 3
      vertex -41.9134 6.28559 3
    endloop
  endfacet
  facet normal -0.89686 0.442314 0
    outer loop
      vertex -44.6194 12.8184 3
      vertex -44.3301 13.405 32
      vertex -44.3301 13.405 3
    endloop
  endfacet
  facet normal -0.89686 0.442314 0
    outer loop
      vertex -44.3301 13.405 32
      vertex -44.6194 12.8184 3
      vertex -44.6194 12.8184 32
    endloop
  endfacet
  facet normal 0.751791 -0.659401 0
    outer loop
      vertex -36.4645 7.36945 32
      vertex -36.0332 7.86118 3
      vertex -36.0332 7.86118 32
    endloop
  endfacet
  facet normal 0.751791 -0.659401 0
    outer loop
      vertex -36.0332 7.86118 3
      vertex -36.4645 7.36945 32
      vertex -36.4645 7.36945 3
    endloop
  endfacet
  facet normal -0.997856 -0.0654432 0
    outer loop
      vertex -44.9572 10.2524 3
      vertex -45 10.905 32
      vertex -45 10.905 3
    endloop
  endfacet
  facet normal -0.997856 -0.0654432 0
    outer loop
      vertex -45 10.905 32
      vertex -44.9572 10.2524 3
      vertex -44.9572 10.2524 32
    endloop
  endfacet
  facet normal -0.980787 -0.195084 0
    outer loop
      vertex -44.8296 9.61089 3
      vertex -44.9572 10.2524 32
      vertex -44.9572 10.2524 3
    endloop
  endfacet
  facet normal -0.980787 -0.195084 0
    outer loop
      vertex -44.9572 10.2524 32
      vertex -44.8296 9.61089 3
      vertex -44.8296 9.61089 32
    endloop
  endfacet
  facet normal 0.997856 0.0654432 0
    outer loop
      vertex -35 10.905 32
      vertex -35.0428 11.5576 3
      vertex -35.0428 11.5576 32
    endloop
  endfacet
  facet normal 0.997856 0.0654432 0
    outer loop
      vertex -35.0428 11.5576 3
      vertex -35 10.905 32
      vertex -35 10.905 3
    endloop
  endfacet
  facet normal -0.555512 0.831509 0
    outer loop
      vertex -42.5 15.2351 3
      vertex -43.0438 14.8718 32
      vertex -42.5 15.2351 32
    endloop
  endfacet
  facet normal -0.555512 0.831509 0
    outer loop
      vertex -43.0438 14.8718 32
      vertex -42.5 15.2351 3
      vertex -43.0438 14.8718 3
    endloop
  endfacet
  facet normal 0.896854 -0.442327 0
    outer loop
      vertex -35.6699 8.40499 32
      vertex -35.3806 8.99157 3
      vertex -35.3806 8.99157 32
    endloop
  endfacet
  facet normal 0.896854 -0.442327 0
    outer loop
      vertex -35.3806 8.99157 3
      vertex -35.6699 8.40499 32
      vertex -35.6699 8.40499 3
    endloop
  endfacet
  facet normal -0.751771 0.659424 0
    outer loop
      vertex -43.9668 13.9488 3
      vertex -43.5355 14.4405 32
      vertex -43.5355 14.4405 3
    endloop
  endfacet
  facet normal -0.751771 0.659424 0
    outer loop
      vertex -43.5355 14.4405 32
      vertex -43.9668 13.9488 3
      vertex -43.9668 13.9488 32
    endloop
  endfacet
  facet normal -0.442314 0.89686 0
    outer loop
      vertex -41.9134 15.5244 3
      vertex -42.5 15.2351 32
      vertex -41.9134 15.5244 32
    endloop
  endfacet
  facet normal -0.442314 0.89686 0
    outer loop
      vertex -42.5 15.2351 32
      vertex -41.9134 15.5244 3
      vertex -42.5 15.2351 3
    endloop
  endfacet
  facet normal 0.195087 0.980786 -0
    outer loop
      vertex -38.7059 15.7346 3
      vertex -39.3474 15.8622 32
      vertex -38.7059 15.7346 32
    endloop
  endfacet
  facet normal 0.195087 0.980786 0
    outer loop
      vertex -39.3474 15.8622 32
      vertex -38.7059 15.7346 3
      vertex -39.3474 15.8622 3
    endloop
  endfacet
  facet normal 0.442277 -0.896878 0
    outer loop
      vertex -38.0866 6.28559 3
      vertex -37.5 6.57486 32
      vertex -38.0866 6.28559 32
    endloop
  endfacet
  facet normal 0.442277 -0.896878 0
    outer loop
      vertex -37.5 6.57486 32
      vertex -38.0866 6.28559 3
      vertex -37.5 6.57486 3
    endloop
  endfacet
  facet normal -0.896854 -0.442327 0
    outer loop
      vertex -44.3301 8.40499 3
      vertex -44.6194 8.99157 32
      vertex -44.6194 8.99157 3
    endloop
  endfacet
  facet normal -0.896854 -0.442327 0
    outer loop
      vertex -44.6194 8.99157 32
      vertex -44.3301 8.40499 3
      vertex -44.3301 8.40499 32
    endloop
  endfacet
  facet normal 0.555575 -0.831466 0
    outer loop
      vertex -37.5 6.57486 3
      vertex -36.9562 6.93822 32
      vertex -37.5 6.57486 32
    endloop
  endfacet
  facet normal 0.555575 -0.831466 0
    outer loop
      vertex -36.9562 6.93822 32
      vertex -37.5 6.57486 3
      vertex -36.9562 6.93822 3
    endloop
  endfacet
  facet normal 0.659364 -0.751824 0
    outer loop
      vertex -36.9562 6.93822 3
      vertex -36.4645 7.36945 32
      vertex -36.9562 6.93822 32
    endloop
  endfacet
  facet normal 0.659364 -0.751824 0
    outer loop
      vertex -36.4645 7.36945 32
      vertex -36.9562 6.93822 3
      vertex -36.4645 7.36945 3
    endloop
  endfacet
  facet normal -0.659364 -0.751824 0
    outer loop
      vertex -43.5355 7.36945 3
      vertex -43.0438 6.93822 32
      vertex -43.5355 7.36945 32
    endloop
  endfacet
  facet normal -0.659364 -0.751824 -0
    outer loop
      vertex -43.0438 6.93822 32
      vertex -43.5355 7.36945 3
      vertex -43.0438 6.93822 3
    endloop
  endfacet
  facet normal -0.195087 -0.980786 0
    outer loop
      vertex -41.2941 6.07536 3
      vertex -40.6526 5.94776 32
      vertex -41.2941 6.07536 32
    endloop
  endfacet
  facet normal -0.195087 -0.980786 -0
    outer loop
      vertex -40.6526 5.94776 32
      vertex -41.2941 6.07536 3
      vertex -40.6526 5.94776 3
    endloop
  endfacet
  facet normal -0.659424 0.751771 0
    outer loop
      vertex -43.0438 14.8718 3
      vertex -43.5355 14.4405 32
      vertex -43.0438 14.8718 32
    endloop
  endfacet
  facet normal -0.659424 0.751771 0
    outer loop
      vertex -43.5355 14.4405 32
      vertex -43.0438 14.8718 3
      vertex -43.5355 14.4405 3
    endloop
  endfacet
  facet normal 0.980786 0.195087 0
    outer loop
      vertex -35.0428 11.5576 32
      vertex -35.1704 12.1991 3
      vertex -35.1704 12.1991 32
    endloop
  endfacet
  facet normal 0.980786 0.195087 0
    outer loop
      vertex -35.1704 12.1991 3
      vertex -35.0428 11.5576 32
      vertex -35.0428 11.5576 3
    endloop
  endfacet
  facet normal 0 0 1
    outer loop
      vertex -37.75 10.905 32
      vertex -35 10.905 32
      vertex -35.0428 11.5576 32
    endloop
  endfacet
  facet normal 0 0 1
    outer loop
      vertex -37.7692 11.1987 32
      vertex -35.0428 11.5576 32
      vertex -35.1704 12.1991 32
    endloop
  endfacet
  facet normal 0 0 1
    outer loop
      vertex -35 10.905 32
      vertex -37.75 10.905 32
      vertex -35.0428 10.2524 32
    endloop
  endfacet
  facet normal 0 0 1
    outer loop
      vertex -37.8267 11.4873 32
      vertex -35.1704 12.1991 32
      vertex -35.3806 12.8184 32
    endloop
  endfacet
  facet normal -0 0 1
    outer loop
      vertex -37.7692 10.6113 32
      vertex -35.0428 10.2524 32
      vertex -37.75 10.905 32
    endloop
  endfacet
  facet normal 0 0 1
    outer loop
      vertex -37.9213 11.766 32
      vertex -35.3806 12.8184 32
      vertex -35.6699 13.405 32
    endloop
  endfacet
  facet normal 0 0 1
    outer loop
      vertex -35.0428 10.2524 32
      vertex -37.7692 10.6113 32
      vertex -35.1704 9.61089 32
    endloop
  endfacet
  facet normal 0 0 1
    outer loop
      vertex -38.0514 12.03 32
      vertex -35.6699 13.405 32
      vertex -36.0332 13.9488 32
    endloop
  endfacet
  facet normal -0 0 1
    outer loop
      vertex -37.8267 10.3226 32
      vertex -35.1704 9.61089 32
      vertex -37.7692 10.6113 32
    endloop
  endfacet
  facet normal 0 0 1
    outer loop
      vertex -38.215 12.2747 32
      vertex -36.0332 13.9488 32
      vertex -36.4645 14.4405 32
    endloop
  endfacet
  facet normal 0 0 1
    outer loop
      vertex -35.1704 9.61089 32
      vertex -37.8267 10.3226 32
      vertex -35.3806 8.99157 32
    endloop
  endfacet
  facet normal 0 0 1
    outer loop
      vertex -38.409 12.496 32
      vertex -36.4645 14.4405 32
      vertex -36.9562 14.8718 32
    endloop
  endfacet
  facet normal -0 0 1
    outer loop
      vertex -37.9213 10.0439 32
      vertex -35.3806 8.99157 32
      vertex -37.8267 10.3226 32
    endloop
  endfacet
  facet normal 0 0 1
    outer loop
      vertex -38.6303 12.69 32
      vertex -36.9562 14.8718 32
      vertex -37.5 15.2351 32
    endloop
  endfacet
  facet normal 0 0 1
    outer loop
      vertex -35.3806 8.99157 32
      vertex -37.9213 10.0439 32
      vertex -35.6699 8.40499 32
    endloop
  endfacet
  facet normal -0 0 1
    outer loop
      vertex -38.0514 9.77999 32
      vertex -35.6699 8.40499 32
      vertex -37.9213 10.0439 32
    endloop
  endfacet
  facet normal 0 0 1
    outer loop
      vertex -35.0428 11.5576 32
      vertex -37.7692 11.1987 32
      vertex -37.75 10.905 32
    endloop
  endfacet
  facet normal 0 0 1
    outer loop
      vertex -35.1704 12.1991 32
      vertex -37.8267 11.4873 32
      vertex -37.7692 11.1987 32
    endloop
  endfacet
  facet normal 0 0 1
    outer loop
      vertex -35.3806 12.8184 32
      vertex -37.9213 11.766 32
      vertex -37.8267 11.4873 32
    endloop
  endfacet
  facet normal 0 0 1
    outer loop
      vertex -35.6699 13.405 32
      vertex -38.0514 12.03 32
      vertex -37.9213 11.766 32
    endloop
  endfacet
  facet normal 0 0 1
    outer loop
      vertex -38.875 12.8535 32
      vertex -37.5 15.2351 32
      vertex -38.0866 15.5244 32
    endloop
  endfacet
  facet normal 0 0 1
    outer loop
      vertex -36.0332 13.9488 32
      vertex -38.215 12.2747 32
      vertex -38.0514 12.03 32
    endloop
  endfacet
  facet normal 0 0 1
    outer loop
      vertex -36.4645 14.4405 32
      vertex -38.409 12.496 32
      vertex -38.215 12.2747 32
    endloop
  endfacet
  facet normal 0 0 1
    outer loop
      vertex -36.9562 14.8718 32
      vertex -38.6303 12.69 32
      vertex -38.409 12.496 32
    endloop
  endfacet
  facet normal 0 0 1
    outer loop
      vertex -39.139 12.9837 32
      vertex -38.0866 15.5244 32
      vertex -38.7059 15.7346 32
    endloop
  endfacet
  facet normal 0 0 1
    outer loop
      vertex -37.5 15.2351 32
      vertex -38.875 12.8535 32
      vertex -38.6303 12.69 32
    endloop
  endfacet
  facet normal 0 0 1
    outer loop
      vertex -38.0866 15.5244 32
      vertex -39.139 12.9837 32
      vertex -38.875 12.8535 32
    endloop
  endfacet
  facet normal 0 0 1
    outer loop
      vertex -39.4177 13.0783 32
      vertex -38.7059 15.7346 32
      vertex -39.3474 15.8622 32
    endloop
  endfacet
  facet normal 0 0 1
    outer loop
      vertex -38.7059 15.7346 32
      vertex -39.4177 13.0783 32
      vertex -39.139 12.9837 32
    endloop
  endfacet
  facet normal 0 0 1
    outer loop
      vertex -39.3474 15.8622 32
      vertex -39.7063 13.1357 32
      vertex -39.4177 13.0783 32
    endloop
  endfacet
  facet normal 0 0 1
    outer loop
      vertex -40 15.905 32
      vertex -39.7063 13.1357 32
      vertex -39.3474 15.8622 32
    endloop
  endfacet
  facet normal 0 0 1
    outer loop
      vertex -40 15.905 32
      vertex -40 13.155 32
      vertex -39.7063 13.1357 32
    endloop
  endfacet
  facet normal 0 0 1
    outer loop
      vertex -40 15.905 32
      vertex -40.2937 13.1357 32
      vertex -40 13.155 32
    endloop
  endfacet
  facet normal -0 0 1
    outer loop
      vertex -40.6526 15.8622 32
      vertex -40.2937 13.1357 32
      vertex -40 15.905 32
    endloop
  endfacet
  facet normal 0 0 1
    outer loop
      vertex -40.2937 13.1357 32
      vertex -40.6526 15.8622 32
      vertex -40.5823 13.0783 32
    endloop
  endfacet
  facet normal -0 0 1
    outer loop
      vertex -41.2941 15.7346 32
      vertex -40.5823 13.0783 32
      vertex -40.6526 15.8622 32
    endloop
  endfacet
  facet normal 0 0 1
    outer loop
      vertex -40.5823 13.0783 32
      vertex -41.2941 15.7346 32
      vertex -40.861 12.9837 32
    endloop
  endfacet
  facet normal -0 0 1
    outer loop
      vertex -41.9134 15.5244 32
      vertex -40.861 12.9837 32
      vertex -41.2941 15.7346 32
    endloop
  endfacet
  facet normal 0 0 1
    outer loop
      vertex -40.861 12.9837 32
      vertex -41.9134 15.5244 32
      vertex -41.125 12.8535 32
    endloop
  endfacet
  facet normal -0 0 1
    outer loop
      vertex -42.5 15.2351 32
      vertex -41.125 12.8535 32
      vertex -41.9134 15.5244 32
    endloop
  endfacet
  facet normal 0 0 1
    outer loop
      vertex -41.125 12.8535 32
      vertex -42.5 15.2351 32
      vertex -41.3697 12.69 32
    endloop
  endfacet
  facet normal -0 0 1
    outer loop
      vertex -43.0438 14.8718 32
      vertex -41.3697 12.69 32
      vertex -42.5 15.2351 32
    endloop
  endfacet
  facet normal 0 0 1
    outer loop
      vertex -41.3697 12.69 32
      vertex -43.0438 14.8718 32
      vertex -41.591 12.496 32
    endloop
  endfacet
  facet normal -0 0 1
    outer loop
      vertex -43.5355 14.4405 32
      vertex -41.591 12.496 32
      vertex -43.0438 14.8718 32
    endloop
  endfacet
  facet normal 0 0 1
    outer loop
      vertex -41.591 12.496 32
      vertex -43.5355 14.4405 32
      vertex -41.785 12.2747 32
    endloop
  endfacet
  facet normal -0 0 1
    outer loop
      vertex -43.9668 13.9488 32
      vertex -41.785 12.2747 32
      vertex -43.5355 14.4405 32
    endloop
  endfacet
  facet normal -0 0 1
    outer loop
      vertex -44.3301 13.405 32
      vertex -41.9486 12.03 32
      vertex -43.9668 13.9488 32
    endloop
  endfacet
  facet normal 0 0 1
    outer loop
      vertex -41.785 12.2747 32
      vertex -43.9668 13.9488 32
      vertex -41.9486 12.03 32
    endloop
  endfacet
  facet normal 0 0 1
    outer loop
      vertex -35.6699 8.40499 32
      vertex -38.0514 9.77999 32
      vertex -36.0332 7.86118 32
    endloop
  endfacet
  facet normal -0 0 1
    outer loop
      vertex -38.215 9.53527 32
      vertex -36.0332 7.86118 32
      vertex -38.0514 9.77999 32
    endloop
  endfacet
  facet normal 0 0 1
    outer loop
      vertex -36.0332 7.86118 32
      vertex -38.215 9.53527 32
      vertex -36.4645 7.36945 32
    endloop
  endfacet
  facet normal -0 0 1
    outer loop
      vertex -38.409 9.314 32
      vertex -36.4645 7.36945 32
      vertex -38.215 9.53527 32
    endloop
  endfacet
  facet normal 0 0 1
    outer loop
      vertex -36.4645 7.36945 32
      vertex -38.409 9.314 32
      vertex -36.9562 6.93822 32
    endloop
  endfacet
  facet normal -0 0 1
    outer loop
      vertex -38.6303 9.11994 32
      vertex -36.9562 6.93822 32
      vertex -38.409 9.314 32
    endloop
  endfacet
  facet normal 0 0 1
    outer loop
      vertex -36.9562 6.93822 32
      vertex -38.6303 9.11994 32
      vertex -37.5 6.57486 32
    endloop
  endfacet
  facet normal -0 0 1
    outer loop
      vertex -38.875 8.95643 32
      vertex -37.5 6.57486 32
      vertex -38.6303 9.11994 32
    endloop
  endfacet
  facet normal 0 0 1
    outer loop
      vertex -37.5 6.57486 32
      vertex -38.875 8.95643 32
      vertex -38.0866 6.28559 32
    endloop
  endfacet
  facet normal -0 0 1
    outer loop
      vertex -39.139 8.82626 32
      vertex -38.0866 6.28559 32
      vertex -38.875 8.95643 32
    endloop
  endfacet
  facet normal 0 0 1
    outer loop
      vertex -38.0866 6.28559 32
      vertex -39.139 8.82626 32
      vertex -38.7059 6.07536 32
    endloop
  endfacet
  facet normal -0 0 1
    outer loop
      vertex -39.4177 8.73165 32
      vertex -38.7059 6.07536 32
      vertex -39.139 8.82626 32
    endloop
  endfacet
  facet normal 0 0 1
    outer loop
      vertex -38.7059 6.07536 32
      vertex -39.4177 8.73165 32
      vertex -39.3474 5.94776 32
    endloop
  endfacet
  facet normal -0 0 1
    outer loop
      vertex -39.7063 8.67424 32
      vertex -39.3474 5.94776 32
      vertex -39.4177 8.73165 32
    endloop
  endfacet
  facet normal -0 0 1
    outer loop
      vertex -40 8.65499 32
      vertex -39.3474 5.94776 32
      vertex -39.7063 8.67424 32
    endloop
  endfacet
  facet normal 0 0 1
    outer loop
      vertex -40 8.65499 32
      vertex -40 5.90499 32
      vertex -39.3474 5.94776 32
    endloop
  endfacet
  facet normal 0 0 1
    outer loop
      vertex -40.2937 8.67424 32
      vertex -40 5.90499 32
      vertex -40 8.65499 32
    endloop
  endfacet
  facet normal 0 0 1
    outer loop
      vertex -40.6526 5.94776 32
      vertex -40.2937 8.67424 32
      vertex -40.5823 8.73165 32
    endloop
  endfacet
  facet normal 0 0 1
    outer loop
      vertex -40.2937 8.67424 32
      vertex -40.6526 5.94776 32
      vertex -40 5.90499 32
    endloop
  endfacet
  facet normal 0 0 1
    outer loop
      vertex -41.2941 6.07536 32
      vertex -40.5823 8.73165 32
      vertex -40.861 8.82626 32
    endloop
  endfacet
  facet normal 0 0 1
    outer loop
      vertex -41.9134 6.28559 32
      vertex -40.861 8.82626 32
      vertex -41.125 8.95643 32
    endloop
  endfacet
  facet normal 0 0 1
    outer loop
      vertex -40.5823 8.73165 32
      vertex -41.2941 6.07536 32
      vertex -40.6526 5.94776 32
    endloop
  endfacet
  facet normal 0 0 1
    outer loop
      vertex -42.5 6.57486 32
      vertex -41.125 8.95643 32
      vertex -41.3697 9.11994 32
    endloop
  endfacet
  facet normal 0 0 1
    outer loop
      vertex -43.0438 6.93822 32
      vertex -41.3697 9.11994 32
      vertex -41.591 9.314 32
    endloop
  endfacet
  facet normal 0 0 1
    outer loop
      vertex -43.5355 7.36945 32
      vertex -41.591 9.314 32
      vertex -41.785 9.53527 32
    endloop
  endfacet
  facet normal 0 0 1
    outer loop
      vertex -40.861 8.82626 32
      vertex -41.9134 6.28559 32
      vertex -41.2941 6.07536 32
    endloop
  endfacet
  facet normal 0 0 1
    outer loop
      vertex -43.9668 7.86118 32
      vertex -41.785 9.53527 32
      vertex -41.9486 9.77999 32
    endloop
  endfacet
  facet normal 0 0 1
    outer loop
      vertex -44.3301 8.40499 32
      vertex -41.9486 9.77999 32
      vertex -42.0787 10.0439 32
    endloop
  endfacet
  facet normal 0 0 1
    outer loop
      vertex -44.6194 8.99157 32
      vertex -42.0787 10.0439 32
      vertex -42.1733 10.3226 32
    endloop
  endfacet
  facet normal 0 0 1
    outer loop
      vertex -44.8296 9.61089 32
      vertex -42.1733 10.3226 32
      vertex -42.2308 10.6113 32
    endloop
  endfacet
  facet normal 0 0 1
    outer loop
      vertex -41.125 8.95643 32
      vertex -42.5 6.57486 32
      vertex -41.9134 6.28559 32
    endloop
  endfacet
  facet normal 0 0 1
    outer loop
      vertex -44.9572 10.2524 32
      vertex -42.2308 10.6113 32
      vertex -42.25 10.905 32
    endloop
  endfacet
  facet normal 0 0 1
    outer loop
      vertex -41.9486 12.03 32
      vertex -44.3301 13.405 32
      vertex -42.0787 11.766 32
    endloop
  endfacet
  facet normal -0 0 1
    outer loop
      vertex -44.6194 12.8184 32
      vertex -42.0787 11.766 32
      vertex -44.3301 13.405 32
    endloop
  endfacet
  facet normal 0 0 1
    outer loop
      vertex -41.3697 9.11994 32
      vertex -43.0438 6.93822 32
      vertex -42.5 6.57486 32
    endloop
  endfacet
  facet normal 0 0 1
    outer loop
      vertex -42.0787 11.766 32
      vertex -44.6194 12.8184 32
      vertex -42.1733 11.4873 32
    endloop
  endfacet
  facet normal 0 0 1
    outer loop
      vertex -41.591 9.314 32
      vertex -43.5355 7.36945 32
      vertex -43.0438 6.93822 32
    endloop
  endfacet
  facet normal -0 0 1
    outer loop
      vertex -44.8296 12.1991 32
      vertex -42.1733 11.4873 32
      vertex -44.6194 12.8184 32
    endloop
  endfacet
  facet normal 0 0 1
    outer loop
      vertex -41.785 9.53527 32
      vertex -43.9668 7.86118 32
      vertex -43.5355 7.36945 32
    endloop
  endfacet
  facet normal 0 0 1
    outer loop
      vertex -42.1733 11.4873 32
      vertex -44.8296 12.1991 32
      vertex -42.2308 11.1987 32
    endloop
  endfacet
  facet normal 0 0 1
    outer loop
      vertex -41.9486 9.77999 32
      vertex -44.3301 8.40499 32
      vertex -43.9668 7.86118 32
    endloop
  endfacet
  facet normal -0 0 1
    outer loop
      vertex -44.9572 11.5576 32
      vertex -42.2308 11.1987 32
      vertex -44.8296 12.1991 32
    endloop
  endfacet
  facet normal 0 0 1
    outer loop
      vertex -42.0787 10.0439 32
      vertex -44.6194 8.99157 32
      vertex -44.3301 8.40499 32
    endloop
  endfacet
  facet normal 0 0 1
    outer loop
      vertex -42.2308 11.1987 32
      vertex -44.9572 11.5576 32
      vertex -42.25 10.905 32
    endloop
  endfacet
  facet normal 0 0 1
    outer loop
      vertex -42.1733 10.3226 32
      vertex -44.8296 9.61089 32
      vertex -44.6194 8.99157 32
    endloop
  endfacet
  facet normal 0 0 1
    outer loop
      vertex -45 10.905 32
      vertex -42.25 10.905 32
      vertex -44.9572 11.5576 32
    endloop
  endfacet
  facet normal 0 0 1
    outer loop
      vertex -42.2308 10.6113 32
      vertex -44.9572 10.2524 32
      vertex -44.8296 9.61089 32
    endloop
  endfacet
  facet normal 0 0 1
    outer loop
      vertex -42.25 10.905 32
      vertex -45 10.905 32
      vertex -44.9572 10.2524 32
    endloop
  endfacet
  facet normal 0.751771 0.659424 0
    outer loop
      vertex -36.0332 13.9488 32
      vertex -36.4645 14.4405 3
      vertex -36.4645 14.4405 32
    endloop
  endfacet
  facet normal 0.751771 0.659424 0
    outer loop
      vertex -36.4645 14.4405 3
      vertex -36.0332 13.9488 32
      vertex -36.0332 13.9488 3
    endloop
  endfacet
  facet normal -0.946941 0.321407 0
    outer loop
      vertex -44.8296 12.1991 3
      vertex -44.6194 12.8184 32
      vertex -44.6194 12.8184 3
    endloop
  endfacet
  facet normal -0.946941 0.321407 0
    outer loop
      vertex -44.6194 12.8184 32
      vertex -44.8296 12.1991 3
      vertex -44.8296 12.1991 32
    endloop
  endfacet
  facet normal 0.442314 0.89686 -0
    outer loop
      vertex -37.5 15.2351 3
      vertex -38.0866 15.5244 32
      vertex -37.5 15.2351 32
    endloop
  endfacet
  facet normal 0.442314 0.89686 0
    outer loop
      vertex -38.0866 15.5244 32
      vertex -37.5 15.2351 3
      vertex -38.0866 15.5244 3
    endloop
  endfacet
  facet normal 0.831514 -0.555504 0
    outer loop
      vertex -36.0332 7.86118 32
      vertex -35.6699 8.40499 3
      vertex -35.6699 8.40499 32
    endloop
  endfacet
  facet normal 0.831514 -0.555504 0
    outer loop
      vertex -35.6699 8.40499 3
      vertex -36.0332 7.86118 32
      vertex -36.0332 7.86118 3
    endloop
  endfacet
  facet normal -0.751791 -0.659401 0
    outer loop
      vertex -43.5355 7.36945 3
      vertex -43.9668 7.86118 32
      vertex -43.9668 7.86118 3
    endloop
  endfacet
  facet normal -0.751791 -0.659401 0
    outer loop
      vertex -43.9668 7.86118 32
      vertex -43.5355 7.36945 3
      vertex -43.5355 7.36945 32
    endloop
  endfacet
  facet normal 0.89686 0.442314 0
    outer loop
      vertex -35.3806 12.8184 32
      vertex -35.6699 13.405 3
      vertex -35.6699 13.405 32
    endloop
  endfacet
  facet normal 0.89686 0.442314 0
    outer loop
      vertex -35.6699 13.405 3
      vertex -35.3806 12.8184 32
      vertex -35.3806 12.8184 3
    endloop
  endfacet
  facet normal 0.0654432 0.997856 -0
    outer loop
      vertex -39.3474 15.8622 3
      vertex -40 15.905 32
      vertex -39.3474 15.8622 32
    endloop
  endfacet
  facet normal 0.0654432 0.997856 0
    outer loop
      vertex -40 15.905 32
      vertex -39.3474 15.8622 3
      vertex -40 15.905 3
    endloop
  endfacet
  facet normal 0.195087 -0.980786 0
    outer loop
      vertex -39.3474 5.94776 3
      vertex -38.7059 6.07536 32
      vertex -39.3474 5.94776 32
    endloop
  endfacet
  facet normal 0.195087 -0.980786 0
    outer loop
      vertex -38.7059 6.07536 32
      vertex -39.3474 5.94776 3
      vertex -38.7059 6.07536 3
    endloop
  endfacet
  facet normal 0.980787 -0.195084 0
    outer loop
      vertex -35.1704 9.61089 32
      vertex -35.0428 10.2524 3
      vertex -35.0428 10.2524 32
    endloop
  endfacet
  facet normal 0.980787 -0.195084 0
    outer loop
      vertex -35.0428 10.2524 3
      vertex -35.1704 9.61089 32
      vertex -35.1704 9.61089 3
    endloop
  endfacet
  facet normal 0.997856 -0.0654432 0
    outer loop
      vertex -35.0428 10.2524 32
      vertex -35 10.905 3
      vertex -35 10.905 32
    endloop
  endfacet
  facet normal 0.997856 -0.0654432 0
    outer loop
      vertex -35 10.905 3
      vertex -35.0428 10.2524 32
      vertex -35.0428 10.2524 3
    endloop
  endfacet
  facet normal 0.0653976 -0.997859 0
    outer loop
      vertex -40 5.90499 3
      vertex -39.3474 5.94776 32
      vertex -40 5.90499 32
    endloop
  endfacet
  facet normal 0.0653976 -0.997859 0
    outer loop
      vertex -39.3474 5.94776 32
      vertex -40 5.90499 3
      vertex -39.3474 5.94776 3
    endloop
  endfacet
  facet normal 0.831509 0.555512 0
    outer loop
      vertex -35.6699 13.405 32
      vertex -36.0332 13.9488 3
      vertex -36.0332 13.9488 32
    endloop
  endfacet
  facet normal 0.831509 0.555512 0
    outer loop
      vertex -36.0332 13.9488 3
      vertex -35.6699 13.405 32
      vertex -35.6699 13.405 3
    endloop
  endfacet
  facet normal -0.980961 0.194204 0
    outer loop
      vertex -144.957 11.5576 3
      vertex -144.83 12.1991 32
      vertex -144.83 12.1991 3
    endloop
  endfacet
  facet normal -0.980961 0.194204 0
    outer loop
      vertex -144.83 12.1991 32
      vertex -144.957 11.5576 3
      vertex -144.957 11.5576 32
    endloop
  endfacet
  facet normal -0.997836 0.0657477 0
    outer loop
      vertex -145 10.905 3
      vertex -144.957 11.5576 32
      vertex -144.957 11.5576 3
    endloop
  endfacet
  facet normal -0.997836 0.0657477 0
    outer loop
      vertex -144.957 11.5576 32
      vertex -145 10.905 3
      vertex -145 10.905 32
    endloop
  endfacet
  facet normal 0.321546 0.946894 -0
    outer loop
      vertex -138.087 15.5244 3
      vertex -138.706 15.7346 32
      vertex -138.087 15.5244 32
    endloop
  endfacet
  facet normal 0.321546 0.946894 0
    outer loop
      vertex -138.706 15.7346 32
      vertex -138.087 15.5244 3
      vertex -138.706 15.7346 3
    endloop
  endfacet
  facet normal 0.946572 -0.322493 0
    outer loop
      vertex -135.381 8.99157 32
      vertex -135.17 9.61089 3
      vertex -135.17 9.61089 32
    endloop
  endfacet
  facet normal 0.946572 -0.322493 0
    outer loop
      vertex -135.17 9.61089 3
      vertex -135.381 8.99157 32
      vertex -135.381 8.99157 3
    endloop
  endfacet
  facet normal 0.946569 0.322503 0
    outer loop
      vertex -135.17 12.1991 32
      vertex -135.381 12.8184 3
      vertex -135.381 12.8184 32
    endloop
  endfacet
  facet normal 0.946569 0.322503 0
    outer loop
      vertex -135.381 12.8184 3
      vertex -135.17 12.1991 32
      vertex -135.17 12.1991 3
    endloop
  endfacet
  facet normal -0.0653577 -0.997862 0
    outer loop
      vertex -140.653 5.94776 3
      vertex -140 5.90499 32
      vertex -140.653 5.94776 32
    endloop
  endfacet
  facet normal -0.0653577 -0.997862 -0
    outer loop
      vertex -140 5.90499 32
      vertex -140.653 5.94776 3
      vertex -140 5.90499 3
    endloop
  endfacet
  facet normal -0.831721 0.555194 0
    outer loop
      vertex -144.33 13.405 3
      vertex -143.967 13.9488 32
      vertex -143.967 13.9488 3
    endloop
  endfacet
  facet normal -0.831721 0.555194 0
    outer loop
      vertex -143.967 13.9488 32
      vertex -144.33 13.405 3
      vertex -144.33 13.405 32
    endloop
  endfacet
  facet normal -0.946572 -0.322493 0
    outer loop
      vertex -144.619 8.99157 3
      vertex -144.83 9.61089 32
      vertex -144.83 9.61089 3
    endloop
  endfacet
  facet normal -0.946572 -0.322493 0
    outer loop
      vertex -144.83 9.61089 32
      vertex -144.619 8.99157 3
      vertex -144.619 8.99157 32
    endloop
  endfacet
  facet normal 0.659197 0.75197 -0
    outer loop
      vertex -136.464 14.4405 3
      vertex -136.956 14.8718 32
      vertex -136.464 14.4405 32
    endloop
  endfacet
  facet normal 0.659197 0.75197 0
    outer loop
      vertex -136.956 14.8718 32
      vertex -136.464 14.4405 3
      vertex -136.956 14.8718 3
    endloop
  endfacet
  facet normal -0.321587 -0.94688 0
    outer loop
      vertex -141.913 6.28559 3
      vertex -141.294 6.07536 32
      vertex -141.913 6.28559 32
    endloop
  endfacet
  facet normal -0.321587 -0.94688 -0
    outer loop
      vertex -141.294 6.07536 32
      vertex -141.913 6.28559 3
      vertex -141.294 6.07536 3
    endloop
  endfacet
  facet normal -0.195233 0.980757 0
    outer loop
      vertex -140.653 15.8622 3
      vertex -141.294 15.7346 32
      vertex -140.653 15.8622 32
    endloop
  endfacet
  facet normal -0.195233 0.980757 0
    outer loop
      vertex -141.294 15.7346 32
      vertex -140.653 15.8622 3
      vertex -141.294 15.7346 3
    endloop
  endfacet
  facet normal -0.555434 -0.831561 0
    outer loop
      vertex -143.044 6.93822 3
      vertex -142.5 6.57486 32
      vertex -143.044 6.93822 32
    endloop
  endfacet
  facet normal -0.555434 -0.831561 -0
    outer loop
      vertex -142.5 6.57486 32
      vertex -143.044 6.93822 3
      vertex -142.5 6.57486 3
    endloop
  endfacet
  facet normal 0.55537 0.831603 -0
    outer loop
      vertex -136.956 14.8718 3
      vertex -137.5 15.2351 32
      vertex -136.956 14.8718 32
    endloop
  endfacet
  facet normal 0.55537 0.831603 0
    outer loop
      vertex -137.5 15.2351 32
      vertex -136.956 14.8718 3
      vertex -137.5 15.2351 3
    endloop
  endfacet
  facet normal 0.321587 -0.94688 0
    outer loop
      vertex -138.706 6.07536 3
      vertex -138.087 6.28559 32
      vertex -138.706 6.07536 32
    endloop
  endfacet
  facet normal 0.321587 -0.94688 0
    outer loop
      vertex -138.087 6.28559 32
      vertex -138.706 6.07536 3
      vertex -138.087 6.28559 3
    endloop
  endfacet
  facet normal -0.0654033 0.997859 0
    outer loop
      vertex -140 15.905 3
      vertex -140.653 15.8622 32
      vertex -140 15.905 32
    endloop
  endfacet
  facet normal -0.0654033 0.997859 0
    outer loop
      vertex -140.653 15.8622 32
      vertex -140 15.905 3
      vertex -140.653 15.8622 3
    endloop
  endfacet
  facet normal -0.831725 -0.555187 0
    outer loop
      vertex -143.967 7.86118 3
      vertex -144.33 8.40499 32
      vertex -144.33 8.40499 3
    endloop
  endfacet
  facet normal -0.831725 -0.555187 0
    outer loop
      vertex -144.33 8.40499 32
      vertex -143.967 7.86118 3
      vertex -143.967 7.86118 32
    endloop
  endfacet
  facet normal -0.321546 0.946894 0
    outer loop
      vertex -141.294 15.7346 3
      vertex -141.913 15.5244 32
      vertex -141.294 15.7346 32
    endloop
  endfacet
  facet normal -0.321546 0.946894 0
    outer loop
      vertex -141.913 15.5244 32
      vertex -141.294 15.7346 3
      vertex -141.913 15.5244 3
    endloop
  endfacet
  facet normal -0.442035 -0.896998 0
    outer loop
      vertex -142.5 6.57486 3
      vertex -141.913 6.28559 32
      vertex -142.5 6.57486 32
    endloop
  endfacet
  facet normal -0.442035 -0.896998 -0
    outer loop
      vertex -141.913 6.28559 32
      vertex -142.5 6.57486 3
      vertex -141.913 6.28559 3
    endloop
  endfacet
  facet normal -0.897042 0.441945 0
    outer loop
      vertex -144.619 12.8184 3
      vertex -144.33 13.405 32
      vertex -144.33 13.405 3
    endloop
  endfacet
  facet normal -0.897042 0.441945 0
    outer loop
      vertex -144.33 13.405 32
      vertex -144.619 12.8184 3
      vertex -144.619 12.8184 32
    endloop
  endfacet
  facet normal 0.752018 -0.659142 0
    outer loop
      vertex -136.464 7.36945 32
      vertex -136.033 7.86118 3
      vertex -136.033 7.86118 32
    endloop
  endfacet
  facet normal 0.752018 -0.659142 0
    outer loop
      vertex -136.033 7.86118 3
      vertex -136.464 7.36945 32
      vertex -136.464 7.36945 3
    endloop
  endfacet
  facet normal -0.997836 -0.0657477 0
    outer loop
      vertex -144.957 10.2524 3
      vertex -145 10.905 32
      vertex -145 10.905 3
    endloop
  endfacet
  facet normal -0.997836 -0.0657477 0
    outer loop
      vertex -145 10.905 32
      vertex -144.957 10.2524 3
      vertex -144.957 10.2524 32
    endloop
  endfacet
  facet normal -0.980962 -0.194201 0
    outer loop
      vertex -144.83 9.61089 3
      vertex -144.957 10.2524 32
      vertex -144.957 10.2524 3
    endloop
  endfacet
  facet normal -0.980962 -0.194201 0
    outer loop
      vertex -144.957 10.2524 32
      vertex -144.83 9.61089 3
      vertex -144.83 9.61089 32
    endloop
  endfacet
  facet normal 0.997836 0.0657477 0
    outer loop
      vertex -135 10.905 32
      vertex -135.043 11.5576 3
      vertex -135.043 11.5576 32
    endloop
  endfacet
  facet normal 0.997836 0.0657477 0
    outer loop
      vertex -135.043 11.5576 3
      vertex -135 10.905 32
      vertex -135 10.905 3
    endloop
  endfacet
  facet normal -0.55537 0.831603 0
    outer loop
      vertex -142.5 15.2351 3
      vertex -143.044 14.8718 32
      vertex -142.5 15.2351 32
    endloop
  endfacet
  facet normal -0.55537 0.831603 0
    outer loop
      vertex -143.044 14.8718 32
      vertex -142.5 15.2351 3
      vertex -143.044 14.8718 3
    endloop
  endfacet
  facet normal 0.897036 -0.441957 0
    outer loop
      vertex -135.67 8.40499 32
      vertex -135.381 8.99157 3
      vertex -135.381 8.99157 32
    endloop
  endfacet
  facet normal 0.897036 -0.441957 0
    outer loop
      vertex -135.381 8.99157 3
      vertex -135.67 8.40499 32
      vertex -135.67 8.40499 3
    endloop
  endfacet
  facet normal -0.751998 0.659165 0
    outer loop
      vertex -143.967 13.9488 3
      vertex -143.536 14.4405 32
      vertex -143.536 14.4405 3
    endloop
  endfacet
  facet normal -0.751998 0.659165 0
    outer loop
      vertex -143.536 14.4405 32
      vertex -143.967 13.9488 3
      vertex -143.967 13.9488 32
    endloop
  endfacet
  facet normal -0.442072 0.89698 0
    outer loop
      vertex -141.913 15.5244 3
      vertex -142.5 15.2351 32
      vertex -141.913 15.5244 32
    endloop
  endfacet
  facet normal -0.442072 0.89698 0
    outer loop
      vertex -142.5 15.2351 32
      vertex -141.913 15.5244 3
      vertex -142.5 15.2351 3
    endloop
  endfacet
  facet normal 0.195233 0.980757 -0
    outer loop
      vertex -138.706 15.7346 3
      vertex -139.347 15.8622 32
      vertex -138.706 15.7346 32
    endloop
  endfacet
  facet normal 0.195233 0.980757 0
    outer loop
      vertex -139.347 15.8622 32
      vertex -138.706 15.7346 3
      vertex -139.347 15.8622 3
    endloop
  endfacet
  facet normal 0.442035 -0.896998 0
    outer loop
      vertex -138.087 6.28559 3
      vertex -137.5 6.57486 32
      vertex -138.087 6.28559 32
    endloop
  endfacet
  facet normal 0.442035 -0.896998 0
    outer loop
      vertex -137.5 6.57486 32
      vertex -138.087 6.28559 3
      vertex -137.5 6.57486 3
    endloop
  endfacet
  facet normal -0.897036 -0.441957 0
    outer loop
      vertex -144.33 8.40499 3
      vertex -144.619 8.99157 32
      vertex -144.619 8.99157 3
    endloop
  endfacet
  facet normal -0.897036 -0.441957 0
    outer loop
      vertex -144.619 8.99157 32
      vertex -144.33 8.40499 3
      vertex -144.33 8.40499 32
    endloop
  endfacet
  facet normal 0.555434 -0.831561 0
    outer loop
      vertex -137.5 6.57486 3
      vertex -136.956 6.93822 32
      vertex -137.5 6.57486 32
    endloop
  endfacet
  facet normal 0.555434 -0.831561 0
    outer loop
      vertex -136.956 6.93822 32
      vertex -137.5 6.57486 3
      vertex -136.956 6.93822 3
    endloop
  endfacet
  facet normal 0.659136 -0.752023 0
    outer loop
      vertex -136.956 6.93822 3
      vertex -136.464 7.36945 32
      vertex -136.956 6.93822 32
    endloop
  endfacet
  facet normal 0.659136 -0.752023 0
    outer loop
      vertex -136.464 7.36945 32
      vertex -136.956 6.93822 3
      vertex -136.464 7.36945 3
    endloop
  endfacet
  facet normal -0.659136 -0.752023 0
    outer loop
      vertex -143.536 7.36945 3
      vertex -143.044 6.93822 32
      vertex -143.536 7.36945 32
    endloop
  endfacet
  facet normal -0.659136 -0.752023 -0
    outer loop
      vertex -143.044 6.93822 32
      vertex -143.536 7.36945 3
      vertex -143.044 6.93822 3
    endloop
  endfacet
  facet normal -0.195233 -0.980757 0
    outer loop
      vertex -141.294 6.07536 3
      vertex -140.653 5.94776 32
      vertex -141.294 6.07536 32
    endloop
  endfacet
  facet normal -0.195233 -0.980757 -0
    outer loop
      vertex -140.653 5.94776 32
      vertex -141.294 6.07536 3
      vertex -140.653 5.94776 3
    endloop
  endfacet
  facet normal -0.659197 0.75197 0
    outer loop
      vertex -143.044 14.8718 3
      vertex -143.536 14.4405 32
      vertex -143.044 14.8718 32
    endloop
  endfacet
  facet normal -0.659197 0.75197 0
    outer loop
      vertex -143.536 14.4405 32
      vertex -143.044 14.8718 3
      vertex -143.536 14.4405 3
    endloop
  endfacet
  facet normal 0.980961 0.194204 0
    outer loop
      vertex -135.043 11.5576 32
      vertex -135.17 12.1991 3
      vertex -135.17 12.1991 32
    endloop
  endfacet
  facet normal 0.980961 0.194204 0
    outer loop
      vertex -135.17 12.1991 3
      vertex -135.043 11.5576 32
      vertex -135.043 11.5576 3
    endloop
  endfacet
  facet normal 0 0 1
    outer loop
      vertex -137.75 10.905 32
      vertex -135 10.905 32
      vertex -135.043 11.5576 32
    endloop
  endfacet
  facet normal 0 0 1
    outer loop
      vertex -137.769 11.1987 32
      vertex -135.043 11.5576 32
      vertex -135.17 12.1991 32
    endloop
  endfacet
  facet normal 0 0 1
    outer loop
      vertex -135 10.905 32
      vertex -137.75 10.905 32
      vertex -135.043 10.2524 32
    endloop
  endfacet
  facet normal 0 0 1
    outer loop
      vertex -137.827 11.4873 32
      vertex -135.17 12.1991 32
      vertex -135.381 12.8184 32
    endloop
  endfacet
  facet normal -0 0 1
    outer loop
      vertex -137.769 10.6113 32
      vertex -135.043 10.2524 32
      vertex -137.75 10.905 32
    endloop
  endfacet
  facet normal 0 0 1
    outer loop
      vertex -137.921 11.766 32
      vertex -135.381 12.8184 32
      vertex -135.67 13.405 32
    endloop
  endfacet
  facet normal 0 0 1
    outer loop
      vertex -135.043 10.2524 32
      vertex -137.769 10.6113 32
      vertex -135.17 9.61089 32
    endloop
  endfacet
  facet normal 0 0 1
    outer loop
      vertex -138.051 12.03 32
      vertex -135.67 13.405 32
      vertex -136.033 13.9488 32
    endloop
  endfacet
  facet normal -0 0 1
    outer loop
      vertex -137.827 10.3226 32
      vertex -135.17 9.61089 32
      vertex -137.769 10.6113 32
    endloop
  endfacet
  facet normal 0 0 1
    outer loop
      vertex -138.215 12.2747 32
      vertex -136.033 13.9488 32
      vertex -136.464 14.4405 32
    endloop
  endfacet
  facet normal 0 0 1
    outer loop
      vertex -135.17 9.61089 32
      vertex -137.827 10.3226 32
      vertex -135.381 8.99157 32
    endloop
  endfacet
  facet normal 0 0 1
    outer loop
      vertex -138.409 12.496 32
      vertex -136.464 14.4405 32
      vertex -136.956 14.8718 32
    endloop
  endfacet
  facet normal -0 0 1
    outer loop
      vertex -137.921 10.0439 32
      vertex -135.381 8.99157 32
      vertex -137.827 10.3226 32
    endloop
  endfacet
  facet normal 0 0 1
    outer loop
      vertex -138.63 12.69 32
      vertex -136.956 14.8718 32
      vertex -137.5 15.2351 32
    endloop
  endfacet
  facet normal 0 0 1
    outer loop
      vertex -135.381 8.99157 32
      vertex -137.921 10.0439 32
      vertex -135.67 8.40499 32
    endloop
  endfacet
  facet normal -0 0 1
    outer loop
      vertex -138.051 9.77999 32
      vertex -135.67 8.40499 32
      vertex -137.921 10.0439 32
    endloop
  endfacet
  facet normal 0 0 1
    outer loop
      vertex -135.043 11.5576 32
      vertex -137.769 11.1987 32
      vertex -137.75 10.905 32
    endloop
  endfacet
  facet normal 0 0 1
    outer loop
      vertex -135.17 12.1991 32
      vertex -137.827 11.4873 32
      vertex -137.769 11.1987 32
    endloop
  endfacet
  facet normal 0 0 1
    outer loop
      vertex -135.381 12.8184 32
      vertex -137.921 11.766 32
      vertex -137.827 11.4873 32
    endloop
  endfacet
  facet normal 0 0 1
    outer loop
      vertex -135.67 13.405 32
      vertex -138.051 12.03 32
      vertex -137.921 11.766 32
    endloop
  endfacet
  facet normal 0 0 1
    outer loop
      vertex -138.875 12.8535 32
      vertex -137.5 15.2351 32
      vertex -138.087 15.5244 32
    endloop
  endfacet
  facet normal 0 0 1
    outer loop
      vertex -136.033 13.9488 32
      vertex -138.215 12.2747 32
      vertex -138.051 12.03 32
    endloop
  endfacet
  facet normal 0 0 1
    outer loop
      vertex -136.464 14.4405 32
      vertex -138.409 12.496 32
      vertex -138.215 12.2747 32
    endloop
  endfacet
  facet normal 0 0 1
    outer loop
      vertex -136.956 14.8718 32
      vertex -138.63 12.69 32
      vertex -138.409 12.496 32
    endloop
  endfacet
  facet normal 0 0 1
    outer loop
      vertex -139.139 12.9837 32
      vertex -138.087 15.5244 32
      vertex -138.706 15.7346 32
    endloop
  endfacet
  facet normal 0 0 1
    outer loop
      vertex -137.5 15.2351 32
      vertex -138.875 12.8535 32
      vertex -138.63 12.69 32
    endloop
  endfacet
  facet normal 0 0 1
    outer loop
      vertex -138.087 15.5244 32
      vertex -139.139 12.9837 32
      vertex -138.875 12.8535 32
    endloop
  endfacet
  facet normal 0 0 1
    outer loop
      vertex -139.418 13.0783 32
      vertex -138.706 15.7346 32
      vertex -139.347 15.8622 32
    endloop
  endfacet
  facet normal 0 0 1
    outer loop
      vertex -138.706 15.7346 32
      vertex -139.418 13.0783 32
      vertex -139.139 12.9837 32
    endloop
  endfacet
  facet normal 0 0 1
    outer loop
      vertex -139.347 15.8622 32
      vertex -139.706 13.1357 32
      vertex -139.418 13.0783 32
    endloop
  endfacet
  facet normal 0 0 1
    outer loop
      vertex -140 15.905 32
      vertex -139.706 13.1357 32
      vertex -139.347 15.8622 32
    endloop
  endfacet
  facet normal 0 0 1
    outer loop
      vertex -140 15.905 32
      vertex -140 13.155 32
      vertex -139.706 13.1357 32
    endloop
  endfacet
  facet normal 0 0 1
    outer loop
      vertex -140 15.905 32
      vertex -140.294 13.1357 32
      vertex -140 13.155 32
    endloop
  endfacet
  facet normal -0 0 1
    outer loop
      vertex -140.653 15.8622 32
      vertex -140.294 13.1357 32
      vertex -140 15.905 32
    endloop
  endfacet
  facet normal 0 0 1
    outer loop
      vertex -140.294 13.1357 32
      vertex -140.653 15.8622 32
      vertex -140.582 13.0783 32
    endloop
  endfacet
  facet normal -0 0 1
    outer loop
      vertex -141.294 15.7346 32
      vertex -140.582 13.0783 32
      vertex -140.653 15.8622 32
    endloop
  endfacet
  facet normal 0 0 1
    outer loop
      vertex -140.582 13.0783 32
      vertex -141.294 15.7346 32
      vertex -140.861 12.9837 32
    endloop
  endfacet
  facet normal -0 0 1
    outer loop
      vertex -141.913 15.5244 32
      vertex -140.861 12.9837 32
      vertex -141.294 15.7346 32
    endloop
  endfacet
  facet normal 0 0 1
    outer loop
      vertex -140.861 12.9837 32
      vertex -141.913 15.5244 32
      vertex -141.125 12.8535 32
    endloop
  endfacet
  facet normal -0 0 1
    outer loop
      vertex -142.5 15.2351 32
      vertex -141.125 12.8535 32
      vertex -141.913 15.5244 32
    endloop
  endfacet
  facet normal 0 0 1
    outer loop
      vertex -141.125 12.8535 32
      vertex -142.5 15.2351 32
      vertex -141.37 12.69 32
    endloop
  endfacet
  facet normal -0 0 1
    outer loop
      vertex -143.044 14.8718 32
      vertex -141.37 12.69 32
      vertex -142.5 15.2351 32
    endloop
  endfacet
  facet normal 0 0 1
    outer loop
      vertex -141.37 12.69 32
      vertex -143.044 14.8718 32
      vertex -141.591 12.496 32
    endloop
  endfacet
  facet normal -0 0 1
    outer loop
      vertex -143.536 14.4405 32
      vertex -141.591 12.496 32
      vertex -143.044 14.8718 32
    endloop
  endfacet
  facet normal 0 0 1
    outer loop
      vertex -141.591 12.496 32
      vertex -143.536 14.4405 32
      vertex -141.785 12.2747 32
    endloop
  endfacet
  facet normal -0 0 1
    outer loop
      vertex -143.967 13.9488 32
      vertex -141.785 12.2747 32
      vertex -143.536 14.4405 32
    endloop
  endfacet
  facet normal -0 0 1
    outer loop
      vertex -144.33 13.405 32
      vertex -141.949 12.03 32
      vertex -143.967 13.9488 32
    endloop
  endfacet
  facet normal 0 0 1
    outer loop
      vertex -141.785 12.2747 32
      vertex -143.967 13.9488 32
      vertex -141.949 12.03 32
    endloop
  endfacet
  facet normal 0 0 1
    outer loop
      vertex -135.67 8.40499 32
      vertex -138.051 9.77999 32
      vertex -136.033 7.86118 32
    endloop
  endfacet
  facet normal -0 0 1
    outer loop
      vertex -138.215 9.53527 32
      vertex -136.033 7.86118 32
      vertex -138.051 9.77999 32
    endloop
  endfacet
  facet normal 0 0 1
    outer loop
      vertex -136.033 7.86118 32
      vertex -138.215 9.53527 32
      vertex -136.464 7.36945 32
    endloop
  endfacet
  facet normal -0 0 1
    outer loop
      vertex -138.409 9.314 32
      vertex -136.464 7.36945 32
      vertex -138.215 9.53527 32
    endloop
  endfacet
  facet normal 0 0 1
    outer loop
      vertex -136.464 7.36945 32
      vertex -138.409 9.314 32
      vertex -136.956 6.93822 32
    endloop
  endfacet
  facet normal -0 0 1
    outer loop
      vertex -138.63 9.11994 32
      vertex -136.956 6.93822 32
      vertex -138.409 9.314 32
    endloop
  endfacet
  facet normal 0 0 1
    outer loop
      vertex -136.956 6.93822 32
      vertex -138.63 9.11994 32
      vertex -137.5 6.57486 32
    endloop
  endfacet
  facet normal -0 0 1
    outer loop
      vertex -138.875 8.95643 32
      vertex -137.5 6.57486 32
      vertex -138.63 9.11994 32
    endloop
  endfacet
  facet normal 0 0 1
    outer loop
      vertex -137.5 6.57486 32
      vertex -138.875 8.95643 32
      vertex -138.087 6.28559 32
    endloop
  endfacet
  facet normal -0 0 1
    outer loop
      vertex -139.139 8.82626 32
      vertex -138.087 6.28559 32
      vertex -138.875 8.95643 32
    endloop
  endfacet
  facet normal 0 0 1
    outer loop
      vertex -138.087 6.28559 32
      vertex -139.139 8.82626 32
      vertex -138.706 6.07536 32
    endloop
  endfacet
  facet normal -0 0 1
    outer loop
      vertex -139.418 8.73165 32
      vertex -138.706 6.07536 32
      vertex -139.139 8.82626 32
    endloop
  endfacet
  facet normal 0 0 1
    outer loop
      vertex -138.706 6.07536 32
      vertex -139.418 8.73165 32
      vertex -139.347 5.94776 32
    endloop
  endfacet
  facet normal -0 0 1
    outer loop
      vertex -139.706 8.67424 32
      vertex -139.347 5.94776 32
      vertex -139.418 8.73165 32
    endloop
  endfacet
  facet normal -0 0 1
    outer loop
      vertex -140 8.65499 32
      vertex -139.347 5.94776 32
      vertex -139.706 8.67424 32
    endloop
  endfacet
  facet normal 0 0 1
    outer loop
      vertex -140 8.65499 32
      vertex -140 5.90499 32
      vertex -139.347 5.94776 32
    endloop
  endfacet
  facet normal 0 0 1
    outer loop
      vertex -140.294 8.67424 32
      vertex -140 5.90499 32
      vertex -140 8.65499 32
    endloop
  endfacet
  facet normal 0 0 1
    outer loop
      vertex -140.653 5.94776 32
      vertex -140.294 8.67424 32
      vertex -140.582 8.73165 32
    endloop
  endfacet
  facet normal 0 0 1
    outer loop
      vertex -140.294 8.67424 32
      vertex -140.653 5.94776 32
      vertex -140 5.90499 32
    endloop
  endfacet
  facet normal 0 0 1
    outer loop
      vertex -141.294 6.07536 32
      vertex -140.582 8.73165 32
      vertex -140.861 8.82626 32
    endloop
  endfacet
  facet normal 0 0 1
    outer loop
      vertex -141.913 6.28559 32
      vertex -140.861 8.82626 32
      vertex -141.125 8.95643 32
    endloop
  endfacet
  facet normal 0 0 1
    outer loop
      vertex -140.582 8.73165 32
      vertex -141.294 6.07536 32
      vertex -140.653 5.94776 32
    endloop
  endfacet
  facet normal 0 0 1
    outer loop
      vertex -142.5 6.57486 32
      vertex -141.125 8.95643 32
      vertex -141.37 9.11994 32
    endloop
  endfacet
  facet normal 0 0 1
    outer loop
      vertex -143.044 6.93822 32
      vertex -141.37 9.11994 32
      vertex -141.591 9.314 32
    endloop
  endfacet
  facet normal 0 0 1
    outer loop
      vertex -143.536 7.36945 32
      vertex -141.591 9.314 32
      vertex -141.785 9.53527 32
    endloop
  endfacet
  facet normal 0 0 1
    outer loop
      vertex -140.861 8.82626 32
      vertex -141.913 6.28559 32
      vertex -141.294 6.07536 32
    endloop
  endfacet
  facet normal 0 0 1
    outer loop
      vertex -143.967 7.86118 32
      vertex -141.785 9.53527 32
      vertex -141.949 9.77999 32
    endloop
  endfacet
  facet normal 0 0 1
    outer loop
      vertex -144.33 8.40499 32
      vertex -141.949 9.77999 32
      vertex -142.079 10.0439 32
    endloop
  endfacet
  facet normal 0 0 1
    outer loop
      vertex -144.619 8.99157 32
      vertex -142.079 10.0439 32
      vertex -142.173 10.3226 32
    endloop
  endfacet
  facet normal 0 0 1
    outer loop
      vertex -144.83 9.61089 32
      vertex -142.173 10.3226 32
      vertex -142.231 10.6113 32
    endloop
  endfacet
  facet normal 0 0 1
    outer loop
      vertex -141.125 8.95643 32
      vertex -142.5 6.57486 32
      vertex -141.913 6.28559 32
    endloop
  endfacet
  facet normal 0 0 1
    outer loop
      vertex -144.957 10.2524 32
      vertex -142.231 10.6113 32
      vertex -142.25 10.905 32
    endloop
  endfacet
  facet normal 0 0 1
    outer loop
      vertex -141.949 12.03 32
      vertex -144.33 13.405 32
      vertex -142.079 11.766 32
    endloop
  endfacet
  facet normal -0 0 1
    outer loop
      vertex -144.619 12.8184 32
      vertex -142.079 11.766 32
      vertex -144.33 13.405 32
    endloop
  endfacet
  facet normal 0 0 1
    outer loop
      vertex -141.37 9.11994 32
      vertex -143.044 6.93822 32
      vertex -142.5 6.57486 32
    endloop
  endfacet
  facet normal 0 0 1
    outer loop
      vertex -142.079 11.766 32
      vertex -144.619 12.8184 32
      vertex -142.173 11.4873 32
    endloop
  endfacet
  facet normal 0 0 1
    outer loop
      vertex -141.591 9.314 32
      vertex -143.536 7.36945 32
      vertex -143.044 6.93822 32
    endloop
  endfacet
  facet normal -0 0 1
    outer loop
      vertex -144.83 12.1991 32
      vertex -142.173 11.4873 32
      vertex -144.619 12.8184 32
    endloop
  endfacet
  facet normal 0 0 1
    outer loop
      vertex -141.785 9.53527 32
      vertex -143.967 7.86118 32
      vertex -143.536 7.36945 32
    endloop
  endfacet
  facet normal 0 0 1
    outer loop
      vertex -142.173 11.4873 32
      vertex -144.83 12.1991 32
      vertex -142.231 11.1987 32
    endloop
  endfacet
  facet normal 0 0 1
    outer loop
      vertex -141.949 9.77999 32
      vertex -144.33 8.40499 32
      vertex -143.967 7.86118 32
    endloop
  endfacet
  facet normal -0 0 1
    outer loop
      vertex -144.957 11.5576 32
      vertex -142.231 11.1987 32
      vertex -144.83 12.1991 32
    endloop
  endfacet
  facet normal 0 0 1
    outer loop
      vertex -142.079 10.0439 32
      vertex -144.619 8.99157 32
      vertex -144.33 8.40499 32
    endloop
  endfacet
  facet normal 0 0 1
    outer loop
      vertex -142.231 11.1987 32
      vertex -144.957 11.5576 32
      vertex -142.25 10.905 32
    endloop
  endfacet
  facet normal 0 0 1
    outer loop
      vertex -142.173 10.3226 32
      vertex -144.83 9.61089 32
      vertex -144.619 8.99157 32
    endloop
  endfacet
  facet normal 0 0 1
    outer loop
      vertex -145 10.905 32
      vertex -142.25 10.905 32
      vertex -144.957 11.5576 32
    endloop
  endfacet
  facet normal 0 0 1
    outer loop
      vertex -142.231 10.6113 32
      vertex -144.957 10.2524 32
      vertex -144.83 9.61089 32
    endloop
  endfacet
  facet normal 0 0 1
    outer loop
      vertex -142.25 10.905 32
      vertex -145 10.905 32
      vertex -144.957 10.2524 32
    endloop
  endfacet
  facet normal 0.751998 0.659165 0
    outer loop
      vertex -136.033 13.9488 32
      vertex -136.464 14.4405 3
      vertex -136.464 14.4405 32
    endloop
  endfacet
  facet normal 0.751998 0.659165 0
    outer loop
      vertex -136.464 14.4405 3
      vertex -136.033 13.9488 32
      vertex -136.033 13.9488 3
    endloop
  endfacet
  facet normal -0.946569 0.322503 0
    outer loop
      vertex -144.83 12.1991 3
      vertex -144.619 12.8184 32
      vertex -144.619 12.8184 3
    endloop
  endfacet
  facet normal -0.946569 0.322503 0
    outer loop
      vertex -144.619 12.8184 32
      vertex -144.83 12.1991 3
      vertex -144.83 12.1991 32
    endloop
  endfacet
  facet normal 0.442072 0.89698 -0
    outer loop
      vertex -137.5 15.2351 3
      vertex -138.087 15.5244 32
      vertex -137.5 15.2351 32
    endloop
  endfacet
  facet normal 0.442072 0.89698 0
    outer loop
      vertex -138.087 15.5244 32
      vertex -137.5 15.2351 3
      vertex -138.087 15.5244 3
    endloop
  endfacet
  facet normal 0.831725 -0.555187 0
    outer loop
      vertex -136.033 7.86118 32
      vertex -135.67 8.40499 3
      vertex -135.67 8.40499 32
    endloop
  endfacet
  facet normal 0.831725 -0.555187 0
    outer loop
      vertex -135.67 8.40499 3
      vertex -136.033 7.86118 32
      vertex -136.033 7.86118 3
    endloop
  endfacet
  facet normal -0.752018 -0.659142 0
    outer loop
      vertex -143.536 7.36945 3
      vertex -143.967 7.86118 32
      vertex -143.967 7.86118 3
    endloop
  endfacet
  facet normal -0.752018 -0.659142 0
    outer loop
      vertex -143.967 7.86118 32
      vertex -143.536 7.36945 3
      vertex -143.536 7.36945 32
    endloop
  endfacet
  facet normal 0.897042 0.441945 0
    outer loop
      vertex -135.381 12.8184 32
      vertex -135.67 13.405 3
      vertex -135.67 13.405 32
    endloop
  endfacet
  facet normal 0.897042 0.441945 0
    outer loop
      vertex -135.67 13.405 3
      vertex -135.381 12.8184 32
      vertex -135.381 12.8184 3
    endloop
  endfacet
  facet normal 0.0654033 0.997859 -0
    outer loop
      vertex -139.347 15.8622 3
      vertex -140 15.905 32
      vertex -139.347 15.8622 32
    endloop
  endfacet
  facet normal 0.0654033 0.997859 0
    outer loop
      vertex -140 15.905 32
      vertex -139.347 15.8622 3
      vertex -140 15.905 3
    endloop
  endfacet
  facet normal 0.195233 -0.980757 0
    outer loop
      vertex -139.347 5.94776 3
      vertex -138.706 6.07536 32
      vertex -139.347 5.94776 32
    endloop
  endfacet
  facet normal 0.195233 -0.980757 0
    outer loop
      vertex -138.706 6.07536 32
      vertex -139.347 5.94776 3
      vertex -138.706 6.07536 3
    endloop
  endfacet
  facet normal 0.980962 -0.194201 0
    outer loop
      vertex -135.17 9.61089 32
      vertex -135.043 10.2524 3
      vertex -135.043 10.2524 32
    endloop
  endfacet
  facet normal 0.980962 -0.194201 0
    outer loop
      vertex -135.043 10.2524 3
      vertex -135.17 9.61089 32
      vertex -135.17 9.61089 3
    endloop
  endfacet
  facet normal 0.997836 -0.0657477 0
    outer loop
      vertex -135.043 10.2524 32
      vertex -135 10.905 3
      vertex -135 10.905 32
    endloop
  endfacet
  facet normal 0.997836 -0.0657477 0
    outer loop
      vertex -135 10.905 3
      vertex -135.043 10.2524 32
      vertex -135.043 10.2524 3
    endloop
  endfacet
  facet normal 0.0653577 -0.997862 0
    outer loop
      vertex -140 5.90499 3
      vertex -139.347 5.94776 32
      vertex -140 5.90499 32
    endloop
  endfacet
  facet normal 0.0653577 -0.997862 0
    outer loop
      vertex -139.347 5.94776 32
      vertex -140 5.90499 3
      vertex -139.347 5.94776 3
    endloop
  endfacet
  facet normal 0.831721 0.555194 0
    outer loop
      vertex -135.67 13.405 32
      vertex -136.033 13.9488 3
      vertex -136.033 13.9488 32
    endloop
  endfacet
  facet normal 0.831721 0.555194 0
    outer loop
      vertex -136.033 13.9488 3
      vertex -135.67 13.405 32
      vertex -135.67 13.405 3
    endloop
  endfacet
  facet normal -0.980764 0.195197 0
    outer loop
      vertex -93.9658 239.617 3
      vertex -93.8637 240.13 32
      vertex -93.8637 240.13 3
    endloop
  endfacet
  facet normal -0.980764 0.195197 0
    outer loop
      vertex -93.8637 240.13 32
      vertex -93.9658 239.617 3
      vertex -93.9658 239.617 32
    endloop
  endfacet
  facet normal -0.997861 0.0653771 0
    outer loop
      vertex -94 239.095 3
      vertex -93.9658 239.617 32
      vertex -93.9658 239.617 3
    endloop
  endfacet
  facet normal -0.997861 0.0653771 0
    outer loop
      vertex -93.9658 239.617 32
      vertex -94 239.095 3
      vertex -94 239.095 32
    endloop
  endfacet
  facet normal -0.947028 0.32115 0
    outer loop
      vertex -93.8637 240.13 3
      vertex -93.6955 240.626 32
      vertex -93.6955 240.626 3
    endloop
  endfacet
  facet normal -0.947028 0.32115 0
    outer loop
      vertex -93.6955 240.626 32
      vertex -93.8637 240.13 3
      vertex -93.8637 240.13 32
    endloop
  endfacet
  facet normal 0.556022 -0.831167 0
    outer loop
      vertex -88 235.631 3
      vertex -87.565 235.922 32
      vertex -88 235.631 32
    endloop
  endfacet
  facet normal 0.556022 -0.831167 0
    outer loop
      vertex -87.565 235.922 32
      vertex -88 235.631 3
      vertex -87.565 235.922 3
    endloop
  endfacet
  facet normal 0.896786 0.442465 0
    outer loop
      vertex -86.3045 240.626 32
      vertex -86.5359 241.095 3
      vertex -86.5359 241.095 32
    endloop
  endfacet
  facet normal 0.896786 0.442465 0
    outer loop
      vertex -86.5359 241.095 3
      vertex -86.3045 240.626 32
      vertex -86.3045 240.626 3
    endloop
  endfacet
  facet normal -0.980764 -0.195197 0
    outer loop
      vertex -93.8637 238.06 3
      vertex -93.9658 238.573 32
      vertex -93.9658 238.573 3
    endloop
  endfacet
  facet normal -0.980764 -0.195197 0
    outer loop
      vertex -93.9658 238.573 32
      vertex -93.8637 238.06 3
      vertex -93.8637 238.06 32
    endloop
  endfacet
  facet normal 0.556022 0.831167 -0
    outer loop
      vertex -87.565 242.268 3
      vertex -88 242.559 32
      vertex -87.565 242.268 32
    endloop
  endfacet
  facet normal 0.556022 0.831167 0
    outer loop
      vertex -88 242.559 32
      vertex -87.565 242.268 3
      vertex -88 242.559 3
    endloop
  endfacet
  facet normal 0.997861 0.0653771 0
    outer loop
      vertex -86 239.095 32
      vertex -86.0342 239.617 3
      vertex -86.0342 239.617 32
    endloop
  endfacet
  facet normal 0.997861 0.0653771 0
    outer loop
      vertex -86.0342 239.617 3
      vertex -86 239.095 32
      vertex -86 239.095 3
    endloop
  endfacet
  facet normal -0.321156 0.947026 0
    outer loop
      vertex -91.0353 242.959 3
      vertex -91.5307 242.791 32
      vertex -91.0353 242.959 32
    endloop
  endfacet
  facet normal -0.321156 0.947026 0
    outer loop
      vertex -91.5307 242.791 32
      vertex -91.0353 242.959 3
      vertex -91.5307 242.791 3
    endloop
  endfacet
  facet normal -0.947028 -0.32115 0
    outer loop
      vertex -93.6955 237.564 3
      vertex -93.8637 238.06 32
      vertex -93.8637 238.06 3
    endloop
  endfacet
  facet normal -0.947028 -0.32115 0
    outer loop
      vertex -93.8637 238.06 32
      vertex -93.6955 237.564 3
      vertex -93.6955 237.564 32
    endloop
  endfacet
  facet normal -0.443159 -0.896443 0
    outer loop
      vertex -92 235.631 3
      vertex -91.5307 235.399 32
      vertex -92 235.631 32
    endloop
  endfacet
  facet normal -0.443159 -0.896443 -0
    outer loop
      vertex -91.5307 235.399 32
      vertex -92 235.631 3
      vertex -91.5307 235.399 3
    endloop
  endfacet
  facet normal 0.947028 -0.32115 0
    outer loop
      vertex -86.3045 237.564 32
      vertex -86.1363 238.06 3
      vertex -86.1363 238.06 32
    endloop
  endfacet
  facet normal 0.947028 -0.32115 0
    outer loop
      vertex -86.1363 238.06 3
      vertex -86.3045 237.564 32
      vertex -86.3045 237.564 3
    endloop
  endfacet
  facet normal -0.896786 0.442465 0
    outer loop
      vertex -93.6955 240.626 3
      vertex -93.4641 241.095 32
      vertex -93.4641 241.095 3
    endloop
  endfacet
  facet normal -0.896786 0.442465 0
    outer loop
      vertex -93.4641 241.095 32
      vertex -93.6955 240.626 3
      vertex -93.6955 240.626 32
    endloop
  endfacet
  facet normal -0.19494 0.980815 0
    outer loop
      vertex -90.5221 243.061 3
      vertex -91.0353 242.959 32
      vertex -90.5221 243.061 32
    endloop
  endfacet
  facet normal -0.19494 0.980815 0
    outer loop
      vertex -91.0353 242.959 32
      vertex -90.5221 243.061 3
      vertex -91.0353 242.959 3
    endloop
  endfacet
  facet normal -0.556022 0.831167 0
    outer loop
      vertex -92 242.559 3
      vertex -92.435 242.268 32
      vertex -92 242.559 32
    endloop
  endfacet
  facet normal -0.556022 0.831167 0
    outer loop
      vertex -92.435 242.268 32
      vertex -92 242.559 3
      vertex -92.435 242.268 3
    endloop
  endfacet
  facet normal -0.659343 0.751842 0
    outer loop
      vertex -92.435 242.268 3
      vertex -92.8284 241.923 32
      vertex -92.435 242.268 32
    endloop
  endfacet
  facet normal -0.659343 0.751842 0
    outer loop
      vertex -92.8284 241.923 32
      vertex -92.435 242.268 3
      vertex -92.8284 241.923 3
    endloop
  endfacet
  facet normal -0.831432 -0.555626 0
    outer loop
      vertex -93.1734 236.66 3
      vertex -93.4641 237.095 32
      vertex -93.4641 237.095 3
    endloop
  endfacet
  facet normal -0.831432 -0.555626 0
    outer loop
      vertex -93.4641 237.095 32
      vertex -93.1734 236.66 3
      vertex -93.1734 236.66 32
    endloop
  endfacet
  facet normal 0.896786 -0.442465 0
    outer loop
      vertex -86.5359 237.095 32
      vertex -86.3045 237.564 3
      vertex -86.3045 237.564 32
    endloop
  endfacet
  facet normal 0.896786 -0.442465 0
    outer loop
      vertex -86.3045 237.564 3
      vertex -86.5359 237.095 32
      vertex -86.5359 237.095 3
    endloop
  endfacet
  facet normal 0.064984 0.997886 -0
    outer loop
      vertex -89.4779 243.061 3
      vertex -90 243.095 32
      vertex -89.4779 243.061 32
    endloop
  endfacet
  facet normal 0.064984 0.997886 0
    outer loop
      vertex -90 243.095 32
      vertex -89.4779 243.061 3
      vertex -90 243.095 3
    endloop
  endfacet
  facet normal 0.75151 0.659722 0
    outer loop
      vertex -86.8266 241.53 32
      vertex -87.1716 241.923 3
      vertex -87.1716 241.923 32
    endloop
  endfacet
  facet normal 0.75151 0.659722 0
    outer loop
      vertex -87.1716 241.923 3
      vertex -86.8266 241.53 32
      vertex -86.8266 241.53 3
    endloop
  endfacet
  facet normal 0.321156 -0.947026 0
    outer loop
      vertex -88.9647 235.231 3
      vertex -88.4693 235.399 32
      vertex -88.9647 235.231 32
    endloop
  endfacet
  facet normal 0.321156 -0.947026 0
    outer loop
      vertex -88.4693 235.399 32
      vertex -88.9647 235.231 3
      vertex -88.4693 235.399 3
    endloop
  endfacet
  facet normal -0.75151 0.659722 0
    outer loop
      vertex -93.1734 241.53 3
      vertex -92.8284 241.923 32
      vertex -92.8284 241.923 3
    endloop
  endfacet
  facet normal -0.75151 0.659722 0
    outer loop
      vertex -92.8284 241.923 32
      vertex -93.1734 241.53 3
      vertex -93.1734 241.53 32
    endloop
  endfacet
  facet normal 0.659343 0.751842 -0
    outer loop
      vertex -87.1716 241.923 3
      vertex -87.565 242.268 32
      vertex -87.1716 241.923 32
    endloop
  endfacet
  facet normal 0.659343 0.751842 0
    outer loop
      vertex -87.565 242.268 32
      vertex -87.1716 241.923 3
      vertex -87.565 242.268 3
    endloop
  endfacet
  facet normal 0.443159 0.896443 -0
    outer loop
      vertex -88 242.559 3
      vertex -88.4693 242.791 32
      vertex -88 242.559 32
    endloop
  endfacet
  facet normal 0.443159 0.896443 0
    outer loop
      vertex -88.4693 242.791 32
      vertex -88 242.559 3
      vertex -88.4693 242.791 3
    endloop
  endfacet
  facet normal -0.19494 -0.980815 0
    outer loop
      vertex -91.0353 235.231 3
      vertex -90.5221 235.129 32
      vertex -91.0353 235.231 32
    endloop
  endfacet
  facet normal -0.19494 -0.980815 -0
    outer loop
      vertex -90.5221 235.129 32
      vertex -91.0353 235.231 3
      vertex -90.5221 235.129 3
    endloop
  endfacet
  facet normal 0.831432 0.555626 0
    outer loop
      vertex -86.5359 241.095 32
      vertex -86.8266 241.53 3
      vertex -86.8266 241.53 32
    endloop
  endfacet
  facet normal 0.831432 0.555626 0
    outer loop
      vertex -86.8266 241.53 3
      vertex -86.5359 241.095 32
      vertex -86.5359 241.095 3
    endloop
  endfacet
  facet normal -0.443159 0.896443 0
    outer loop
      vertex -91.5307 242.791 3
      vertex -92 242.559 32
      vertex -91.5307 242.791 32
    endloop
  endfacet
  facet normal -0.443159 0.896443 0
    outer loop
      vertex -92 242.559 32
      vertex -91.5307 242.791 3
      vertex -92 242.559 3
    endloop
  endfacet
  facet normal -0.997861 -0.0653771 0
    outer loop
      vertex -93.9658 238.573 3
      vertex -94 239.095 32
      vertex -94 239.095 3
    endloop
  endfacet
  facet normal -0.997861 -0.0653771 0
    outer loop
      vertex -94 239.095 32
      vertex -93.9658 238.573 3
      vertex -93.9658 238.573 32
    endloop
  endfacet
  facet normal -0.831432 0.555626 0
    outer loop
      vertex -93.4641 241.095 3
      vertex -93.1734 241.53 32
      vertex -93.1734 241.53 3
    endloop
  endfacet
  facet normal -0.831432 0.555626 0
    outer loop
      vertex -93.1734 241.53 32
      vertex -93.4641 241.095 3
      vertex -93.4641 241.095 32
    endloop
  endfacet
  facet normal 0.321156 0.947026 -0
    outer loop
      vertex -88.4693 242.791 3
      vertex -88.9647 242.959 32
      vertex -88.4693 242.791 32
    endloop
  endfacet
  facet normal 0.321156 0.947026 0
    outer loop
      vertex -88.9647 242.959 32
      vertex -88.4693 242.791 3
      vertex -88.9647 242.959 3
    endloop
  endfacet
  facet normal 0.75151 -0.659722 0
    outer loop
      vertex -87.1716 236.267 32
      vertex -86.8266 236.66 3
      vertex -86.8266 236.66 32
    endloop
  endfacet
  facet normal 0.75151 -0.659722 0
    outer loop
      vertex -86.8266 236.66 3
      vertex -87.1716 236.267 32
      vertex -87.1716 236.267 3
    endloop
  endfacet
  facet normal -0.659343 -0.751842 0
    outer loop
      vertex -92.8284 236.267 3
      vertex -92.435 235.922 32
      vertex -92.8284 236.267 32
    endloop
  endfacet
  facet normal -0.659343 -0.751842 -0
    outer loop
      vertex -92.435 235.922 32
      vertex -92.8284 236.267 3
      vertex -92.435 235.922 3
    endloop
  endfacet
  facet normal 0.064984 -0.997886 0
    outer loop
      vertex -90 235.095 3
      vertex -89.4779 235.129 32
      vertex -90 235.095 32
    endloop
  endfacet
  facet normal 0.064984 -0.997886 0
    outer loop
      vertex -89.4779 235.129 32
      vertex -90 235.095 3
      vertex -89.4779 235.129 3
    endloop
  endfacet
  facet normal -0.321156 -0.947026 0
    outer loop
      vertex -91.5307 235.399 3
      vertex -91.0353 235.231 32
      vertex -91.5307 235.399 32
    endloop
  endfacet
  facet normal -0.321156 -0.947026 -0
    outer loop
      vertex -91.0353 235.231 32
      vertex -91.5307 235.399 3
      vertex -91.0353 235.231 3
    endloop
  endfacet
  facet normal -0.556022 -0.831167 0
    outer loop
      vertex -92.435 235.922 3
      vertex -92 235.631 32
      vertex -92.435 235.922 32
    endloop
  endfacet
  facet normal -0.556022 -0.831167 -0
    outer loop
      vertex -92 235.631 32
      vertex -92.435 235.922 3
      vertex -92 235.631 3
    endloop
  endfacet
  facet normal -0.064984 0.997886 0
    outer loop
      vertex -90 243.095 3
      vertex -90.5221 243.061 32
      vertex -90 243.095 32
    endloop
  endfacet
  facet normal -0.064984 0.997886 0
    outer loop
      vertex -90.5221 243.061 32
      vertex -90 243.095 3
      vertex -90.5221 243.061 3
    endloop
  endfacet
  facet normal -0.75151 -0.659722 0
    outer loop
      vertex -92.8284 236.267 3
      vertex -93.1734 236.66 32
      vertex -93.1734 236.66 3
    endloop
  endfacet
  facet normal -0.75151 -0.659722 0
    outer loop
      vertex -93.1734 236.66 32
      vertex -92.8284 236.267 3
      vertex -92.8284 236.267 32
    endloop
  endfacet
  facet normal 0.831432 -0.555626 0
    outer loop
      vertex -86.8266 236.66 32
      vertex -86.5359 237.095 3
      vertex -86.5359 237.095 32
    endloop
  endfacet
  facet normal 0.831432 -0.555626 0
    outer loop
      vertex -86.5359 237.095 3
      vertex -86.8266 236.66 32
      vertex -86.8266 236.66 3
    endloop
  endfacet
  facet normal 0.443159 -0.896443 0
    outer loop
      vertex -88.4693 235.399 3
      vertex -88 235.631 32
      vertex -88.4693 235.399 32
    endloop
  endfacet
  facet normal 0.443159 -0.896443 0
    outer loop
      vertex -88 235.631 32
      vertex -88.4693 235.399 3
      vertex -88 235.631 3
    endloop
  endfacet
  facet normal -0.896786 -0.442465 0
    outer loop
      vertex -93.4641 237.095 3
      vertex -93.6955 237.564 32
      vertex -93.6955 237.564 3
    endloop
  endfacet
  facet normal -0.896786 -0.442465 0
    outer loop
      vertex -93.6955 237.564 32
      vertex -93.4641 237.095 3
      vertex -93.4641 237.095 32
    endloop
  endfacet
  facet normal 0.980764 0.195197 0
    outer loop
      vertex -86.0342 239.617 32
      vertex -86.1363 240.13 3
      vertex -86.1363 240.13 32
    endloop
  endfacet
  facet normal 0.980764 0.195197 0
    outer loop
      vertex -86.1363 240.13 3
      vertex -86.0342 239.617 32
      vertex -86.0342 239.617 3
    endloop
  endfacet
  facet normal 0.19494 -0.980815 0
    outer loop
      vertex -89.4779 235.129 3
      vertex -88.9647 235.231 32
      vertex -89.4779 235.129 32
    endloop
  endfacet
  facet normal 0.19494 -0.980815 0
    outer loop
      vertex -88.9647 235.231 32
      vertex -89.4779 235.129 3
      vertex -88.9647 235.231 3
    endloop
  endfacet
  facet normal -0.064984 -0.997886 0
    outer loop
      vertex -90.5221 235.129 3
      vertex -90 235.095 32
      vertex -90.5221 235.129 32
    endloop
  endfacet
  facet normal -0.064984 -0.997886 -0
    outer loop
      vertex -90 235.095 32
      vertex -90.5221 235.129 3
      vertex -90 235.095 3
    endloop
  endfacet
  facet normal 0.997861 -0.0653771 0
    outer loop
      vertex -86.0342 238.573 32
      vertex -86 239.095 3
      vertex -86 239.095 32
    endloop
  endfacet
  facet normal 0.997861 -0.0653771 0
    outer loop
      vertex -86 239.095 3
      vertex -86.0342 238.573 32
      vertex -86.0342 238.573 3
    endloop
  endfacet
  facet normal 0.19494 0.980815 -0
    outer loop
      vertex -88.9647 242.959 3
      vertex -89.4779 243.061 32
      vertex -88.9647 242.959 32
    endloop
  endfacet
  facet normal 0.19494 0.980815 0
    outer loop
      vertex -89.4779 243.061 32
      vertex -88.9647 242.959 3
      vertex -89.4779 243.061 3
    endloop
  endfacet
  facet normal 0.980764 -0.195197 0
    outer loop
      vertex -86.1363 238.06 32
      vertex -86.0342 238.573 3
      vertex -86.0342 238.573 32
    endloop
  endfacet
  facet normal 0.980764 -0.195197 0
    outer loop
      vertex -86.0342 238.573 3
      vertex -86.1363 238.06 32
      vertex -86.1363 238.06 3
    endloop
  endfacet
  facet normal 0.659343 -0.751842 0
    outer loop
      vertex -87.565 235.922 3
      vertex -87.1716 236.267 32
      vertex -87.565 235.922 32
    endloop
  endfacet
  facet normal 0.659343 -0.751842 0
    outer loop
      vertex -87.1716 236.267 32
      vertex -87.565 235.922 3
      vertex -87.1716 236.267 3
    endloop
  endfacet
  facet normal 0.947028 0.32115 0
    outer loop
      vertex -86.1363 240.13 32
      vertex -86.3045 240.626 3
      vertex -86.3045 240.626 32
    endloop
  endfacet
  facet normal 0.947028 0.32115 0
    outer loop
      vertex -86.3045 240.626 3
      vertex -86.1363 240.13 32
      vertex -86.1363 240.13 3
    endloop
  endfacet
  facet normal 0 0 1
    outer loop
      vertex -88.75 239.095 32
      vertex -86 239.095 32
      vertex -86.0342 239.617 32
    endloop
  endfacet
  facet normal 0 0 1
    outer loop
      vertex -88.7607 239.258 32
      vertex -86.0342 239.617 32
      vertex -86.1363 240.13 32
    endloop
  endfacet
  facet normal 0 0 1
    outer loop
      vertex -86 239.095 32
      vertex -88.75 239.095 32
      vertex -86.0342 238.573 32
    endloop
  endfacet
  facet normal 0 0 1
    outer loop
      vertex -88.7926 239.419 32
      vertex -86.1363 240.13 32
      vertex -86.3045 240.626 32
    endloop
  endfacet
  facet normal -0 0 1
    outer loop
      vertex -88.7607 238.932 32
      vertex -86.0342 238.573 32
      vertex -88.75 239.095 32
    endloop
  endfacet
  facet normal 0 0 1
    outer loop
      vertex -88.8452 239.573 32
      vertex -86.3045 240.626 32
      vertex -86.5359 241.095 32
    endloop
  endfacet
  facet normal 0 0 1
    outer loop
      vertex -86.0342 238.573 32
      vertex -88.7607 238.932 32
      vertex -86.1363 238.06 32
    endloop
  endfacet
  facet normal 0 0 1
    outer loop
      vertex -88.9175 239.72 32
      vertex -86.5359 241.095 32
      vertex -86.8266 241.53 32
    endloop
  endfacet
  facet normal -0 0 1
    outer loop
      vertex -88.7926 238.771 32
      vertex -86.1363 238.06 32
      vertex -88.7607 238.932 32
    endloop
  endfacet
  facet normal 0 0 1
    outer loop
      vertex -89.0083 239.856 32
      vertex -86.8266 241.53 32
      vertex -87.1716 241.923 32
    endloop
  endfacet
  facet normal 0 0 1
    outer loop
      vertex -86.1363 238.06 32
      vertex -88.7926 238.771 32
      vertex -86.3045 237.564 32
    endloop
  endfacet
  facet normal 0 0 1
    outer loop
      vertex -89.1161 239.979 32
      vertex -87.1716 241.923 32
      vertex -87.565 242.268 32
    endloop
  endfacet
  facet normal -0 0 1
    outer loop
      vertex -88.8452 238.617 32
      vertex -86.3045 237.564 32
      vertex -88.7926 238.771 32
    endloop
  endfacet
  facet normal 0 0 1
    outer loop
      vertex -89.239 240.087 32
      vertex -87.565 242.268 32
      vertex -88 242.559 32
    endloop
  endfacet
  facet normal 0 0 1
    outer loop
      vertex -86.3045 237.564 32
      vertex -88.8452 238.617 32
      vertex -86.5359 237.095 32
    endloop
  endfacet
  facet normal 0 0 1
    outer loop
      vertex -89.375 240.178 32
      vertex -88 242.559 32
      vertex -88.4693 242.791 32
    endloop
  endfacet
  facet normal -0 0 1
    outer loop
      vertex -88.9175 238.47 32
      vertex -86.5359 237.095 32
      vertex -88.8452 238.617 32
    endloop
  endfacet
  facet normal 0 0 1
    outer loop
      vertex -86.5359 237.095 32
      vertex -88.9175 238.47 32
      vertex -86.8266 236.66 32
    endloop
  endfacet
  facet normal 0 0 1
    outer loop
      vertex -86.0342 239.617 32
      vertex -88.7607 239.258 32
      vertex -88.75 239.095 32
    endloop
  endfacet
  facet normal 0 0 1
    outer loop
      vertex -86.1363 240.13 32
      vertex -88.7926 239.419 32
      vertex -88.7607 239.258 32
    endloop
  endfacet
  facet normal 0 0 1
    outer loop
      vertex -86.3045 240.626 32
      vertex -88.8452 239.573 32
      vertex -88.7926 239.419 32
    endloop
  endfacet
  facet normal 0 0 1
    outer loop
      vertex -86.5359 241.095 32
      vertex -88.9175 239.72 32
      vertex -88.8452 239.573 32
    endloop
  endfacet
  facet normal 0 0 1
    outer loop
      vertex -89.5216 240.25 32
      vertex -88.4693 242.791 32
      vertex -88.9647 242.959 32
    endloop
  endfacet
  facet normal 0 0 1
    outer loop
      vertex -86.8266 241.53 32
      vertex -89.0083 239.856 32
      vertex -88.9175 239.72 32
    endloop
  endfacet
  facet normal 0 0 1
    outer loop
      vertex -87.1716 241.923 32
      vertex -89.1161 239.979 32
      vertex -89.0083 239.856 32
    endloop
  endfacet
  facet normal 0 0 1
    outer loop
      vertex -87.565 242.268 32
      vertex -89.239 240.087 32
      vertex -89.1161 239.979 32
    endloop
  endfacet
  facet normal 0 0 1
    outer loop
      vertex -88 242.559 32
      vertex -89.375 240.178 32
      vertex -89.239 240.087 32
    endloop
  endfacet
  facet normal 0 0 1
    outer loop
      vertex -89.6765 240.302 32
      vertex -88.9647 242.959 32
      vertex -89.4779 243.061 32
    endloop
  endfacet
  facet normal 0 0 1
    outer loop
      vertex -88.4693 242.791 32
      vertex -89.5216 240.25 32
      vertex -89.375 240.178 32
    endloop
  endfacet
  facet normal 0 0 1
    outer loop
      vertex -88.9647 242.959 32
      vertex -89.6765 240.302 32
      vertex -89.5216 240.25 32
    endloop
  endfacet
  facet normal 0 0 1
    outer loop
      vertex -89.4779 243.061 32
      vertex -89.8368 240.334 32
      vertex -89.6765 240.302 32
    endloop
  endfacet
  facet normal 0 0 1
    outer loop
      vertex -90 243.095 32
      vertex -89.8368 240.334 32
      vertex -89.4779 243.061 32
    endloop
  endfacet
  facet normal 0 0 1
    outer loop
      vertex -90 243.095 32
      vertex -90 240.345 32
      vertex -89.8368 240.334 32
    endloop
  endfacet
  facet normal 0 0 1
    outer loop
      vertex -90 243.095 32
      vertex -90.1632 240.334 32
      vertex -90 240.345 32
    endloop
  endfacet
  facet normal -0 0 1
    outer loop
      vertex -90.5221 243.061 32
      vertex -90.1632 240.334 32
      vertex -90 243.095 32
    endloop
  endfacet
  facet normal 0 0 1
    outer loop
      vertex -90.1632 240.334 32
      vertex -90.5221 243.061 32
      vertex -90.3235 240.302 32
    endloop
  endfacet
  facet normal -0 0 1
    outer loop
      vertex -91.0353 242.959 32
      vertex -90.3235 240.302 32
      vertex -90.5221 243.061 32
    endloop
  endfacet
  facet normal 0 0 1
    outer loop
      vertex -90.3235 240.302 32
      vertex -91.0353 242.959 32
      vertex -90.4784 240.25 32
    endloop
  endfacet
  facet normal -0 0 1
    outer loop
      vertex -91.5307 242.791 32
      vertex -90.4784 240.25 32
      vertex -91.0353 242.959 32
    endloop
  endfacet
  facet normal 0 0 1
    outer loop
      vertex -90.4784 240.25 32
      vertex -91.5307 242.791 32
      vertex -90.625 240.178 32
    endloop
  endfacet
  facet normal -0 0 1
    outer loop
      vertex -92 242.559 32
      vertex -90.625 240.178 32
      vertex -91.5307 242.791 32
    endloop
  endfacet
  facet normal 0 0 1
    outer loop
      vertex -90.625 240.178 32
      vertex -92 242.559 32
      vertex -90.7609 240.087 32
    endloop
  endfacet
  facet normal -0 0 1
    outer loop
      vertex -92.435 242.268 32
      vertex -90.7609 240.087 32
      vertex -92 242.559 32
    endloop
  endfacet
  facet normal 0 0 1
    outer loop
      vertex -90.7609 240.087 32
      vertex -92.435 242.268 32
      vertex -90.8839 239.979 32
    endloop
  endfacet
  facet normal -0 0 1
    outer loop
      vertex -92.8284 241.923 32
      vertex -90.8839 239.979 32
      vertex -92.435 242.268 32
    endloop
  endfacet
  facet normal 0 0 1
    outer loop
      vertex -90.8839 239.979 32
      vertex -92.8284 241.923 32
      vertex -90.9917 239.856 32
    endloop
  endfacet
  facet normal -0 0 1
    outer loop
      vertex -93.1734 241.53 32
      vertex -90.9917 239.856 32
      vertex -92.8284 241.923 32
    endloop
  endfacet
  facet normal 0 0 1
    outer loop
      vertex -90.9917 239.856 32
      vertex -93.1734 241.53 32
      vertex -91.0825 239.72 32
    endloop
  endfacet
  facet normal -0 0 1
    outer loop
      vertex -89.0083 238.334 32
      vertex -86.8266 236.66 32
      vertex -88.9175 238.47 32
    endloop
  endfacet
  facet normal 0 0 1
    outer loop
      vertex -86.8266 236.66 32
      vertex -89.0083 238.334 32
      vertex -87.1716 236.267 32
    endloop
  endfacet
  facet normal -0 0 1
    outer loop
      vertex -89.1161 238.211 32
      vertex -87.1716 236.267 32
      vertex -89.0083 238.334 32
    endloop
  endfacet
  facet normal 0 0 1
    outer loop
      vertex -87.1716 236.267 32
      vertex -89.1161 238.211 32
      vertex -87.565 235.922 32
    endloop
  endfacet
  facet normal -0 0 1
    outer loop
      vertex -89.239 238.103 32
      vertex -87.565 235.922 32
      vertex -89.1161 238.211 32
    endloop
  endfacet
  facet normal 0 0 1
    outer loop
      vertex -87.565 235.922 32
      vertex -89.239 238.103 32
      vertex -88 235.631 32
    endloop
  endfacet
  facet normal -0 0 1
    outer loop
      vertex -89.375 238.012 32
      vertex -88 235.631 32
      vertex -89.239 238.103 32
    endloop
  endfacet
  facet normal 0 0 1
    outer loop
      vertex -88 235.631 32
      vertex -89.375 238.012 32
      vertex -88.4693 235.399 32
    endloop
  endfacet
  facet normal -0 0 1
    outer loop
      vertex -89.5216 237.94 32
      vertex -88.4693 235.399 32
      vertex -89.375 238.012 32
    endloop
  endfacet
  facet normal 0 0 1
    outer loop
      vertex -88.4693 235.399 32
      vertex -89.5216 237.94 32
      vertex -88.9647 235.231 32
    endloop
  endfacet
  facet normal -0 0 1
    outer loop
      vertex -89.6765 237.888 32
      vertex -88.9647 235.231 32
      vertex -89.5216 237.94 32
    endloop
  endfacet
  facet normal 0 0 1
    outer loop
      vertex -88.9647 235.231 32
      vertex -89.6765 237.888 32
      vertex -89.4779 235.129 32
    endloop
  endfacet
  facet normal -0 0 1
    outer loop
      vertex -89.8368 237.856 32
      vertex -89.4779 235.129 32
      vertex -89.6765 237.888 32
    endloop
  endfacet
  facet normal -0 0 1
    outer loop
      vertex -90 237.845 32
      vertex -89.4779 235.129 32
      vertex -89.8368 237.856 32
    endloop
  endfacet
  facet normal 0 0 1
    outer loop
      vertex -90 237.845 32
      vertex -90 235.095 32
      vertex -89.4779 235.129 32
    endloop
  endfacet
  facet normal 0 0 1
    outer loop
      vertex -90.1632 237.856 32
      vertex -90 235.095 32
      vertex -90 237.845 32
    endloop
  endfacet
  facet normal 0 0 1
    outer loop
      vertex -90.5221 235.129 32
      vertex -90.1632 237.856 32
      vertex -90.3235 237.888 32
    endloop
  endfacet
  facet normal 0 0 1
    outer loop
      vertex -91.0353 235.231 32
      vertex -90.3235 237.888 32
      vertex -90.4784 237.94 32
    endloop
  endfacet
  facet normal 0 0 1
    outer loop
      vertex -90.1632 237.856 32
      vertex -90.5221 235.129 32
      vertex -90 235.095 32
    endloop
  endfacet
  facet normal 0 0 1
    outer loop
      vertex -91.5307 235.399 32
      vertex -90.4784 237.94 32
      vertex -90.625 238.012 32
    endloop
  endfacet
  facet normal 0 0 1
    outer loop
      vertex -92 235.631 32
      vertex -90.625 238.012 32
      vertex -90.7609 238.103 32
    endloop
  endfacet
  facet normal 0 0 1
    outer loop
      vertex -92.435 235.922 32
      vertex -90.7609 238.103 32
      vertex -90.8839 238.211 32
    endloop
  endfacet
  facet normal 0 0 1
    outer loop
      vertex -92.8284 236.267 32
      vertex -90.8839 238.211 32
      vertex -90.9917 238.334 32
    endloop
  endfacet
  facet normal 0 0 1
    outer loop
      vertex -90.3235 237.888 32
      vertex -91.0353 235.231 32
      vertex -90.5221 235.129 32
    endloop
  endfacet
  facet normal 0 0 1
    outer loop
      vertex -93.1734 236.66 32
      vertex -90.9917 238.334 32
      vertex -91.0825 238.47 32
    endloop
  endfacet
  facet normal 0 0 1
    outer loop
      vertex -93.4641 237.095 32
      vertex -91.0825 238.47 32
      vertex -91.1548 238.617 32
    endloop
  endfacet
  facet normal 0 0 1
    outer loop
      vertex -93.6955 237.564 32
      vertex -91.1548 238.617 32
      vertex -91.2074 238.771 32
    endloop
  endfacet
  facet normal 0 0 1
    outer loop
      vertex -93.8637 238.06 32
      vertex -91.2074 238.771 32
      vertex -91.2393 238.932 32
    endloop
  endfacet
  facet normal 0 0 1
    outer loop
      vertex -93.9658 238.573 32
      vertex -91.2393 238.932 32
      vertex -91.25 239.095 32
    endloop
  endfacet
  facet normal -0 0 1
    outer loop
      vertex -93.4641 241.095 32
      vertex -91.0825 239.72 32
      vertex -93.1734 241.53 32
    endloop
  endfacet
  facet normal 0 0 1
    outer loop
      vertex -90.4784 237.94 32
      vertex -91.5307 235.399 32
      vertex -91.0353 235.231 32
    endloop
  endfacet
  facet normal 0 0 1
    outer loop
      vertex -91.0825 239.72 32
      vertex -93.4641 241.095 32
      vertex -91.1548 239.573 32
    endloop
  endfacet
  facet normal 0 0 1
    outer loop
      vertex -90.625 238.012 32
      vertex -92 235.631 32
      vertex -91.5307 235.399 32
    endloop
  endfacet
  facet normal -0 0 1
    outer loop
      vertex -93.6955 240.626 32
      vertex -91.1548 239.573 32
      vertex -93.4641 241.095 32
    endloop
  endfacet
  facet normal 0 0 1
    outer loop
      vertex -90.7609 238.103 32
      vertex -92.435 235.922 32
      vertex -92 235.631 32
    endloop
  endfacet
  facet normal 0 0 1
    outer loop
      vertex -91.1548 239.573 32
      vertex -93.6955 240.626 32
      vertex -91.2074 239.419 32
    endloop
  endfacet
  facet normal 0 0 1
    outer loop
      vertex -90.8839 238.211 32
      vertex -92.8284 236.267 32
      vertex -92.435 235.922 32
    endloop
  endfacet
  facet normal -0 0 1
    outer loop
      vertex -93.8637 240.13 32
      vertex -91.2074 239.419 32
      vertex -93.6955 240.626 32
    endloop
  endfacet
  facet normal 0 0 1
    outer loop
      vertex -90.9917 238.334 32
      vertex -93.1734 236.66 32
      vertex -92.8284 236.267 32
    endloop
  endfacet
  facet normal 0 0 1
    outer loop
      vertex -91.2074 239.419 32
      vertex -93.8637 240.13 32
      vertex -91.2393 239.258 32
    endloop
  endfacet
  facet normal 0 0 1
    outer loop
      vertex -91.0825 238.47 32
      vertex -93.4641 237.095 32
      vertex -93.1734 236.66 32
    endloop
  endfacet
  facet normal -0 0 1
    outer loop
      vertex -93.9658 239.617 32
      vertex -91.2393 239.258 32
      vertex -93.8637 240.13 32
    endloop
  endfacet
  facet normal 0 0 1
    outer loop
      vertex -91.1548 238.617 32
      vertex -93.6955 237.564 32
      vertex -93.4641 237.095 32
    endloop
  endfacet
  facet normal 0 0 1
    outer loop
      vertex -91.2393 239.258 32
      vertex -93.9658 239.617 32
      vertex -91.25 239.095 32
    endloop
  endfacet
  facet normal 0 0 1
    outer loop
      vertex -91.2074 238.771 32
      vertex -93.8637 238.06 32
      vertex -93.6955 237.564 32
    endloop
  endfacet
  facet normal 0 0 1
    outer loop
      vertex -94 239.095 32
      vertex -91.25 239.095 32
      vertex -93.9658 239.617 32
    endloop
  endfacet
  facet normal 0 0 1
    outer loop
      vertex -91.2393 238.932 32
      vertex -93.9658 238.573 32
      vertex -93.8637 238.06 32
    endloop
  endfacet
  facet normal 0 0 1
    outer loop
      vertex -91.25 239.095 32
      vertex -94 239.095 32
      vertex -93.9658 238.573 32
    endloop
  endfacet
  facet normal -0.321481 -0.946916 0
    outer loop
      vertex -91.5307 7.20947 3
      vertex -91.0353 7.04128 32
      vertex -91.5307 7.20947 32
    endloop
  endfacet
  facet normal -0.321481 -0.946916 -0
    outer loop
      vertex -91.0353 7.04128 32
      vertex -91.5307 7.20947 3
      vertex -91.0353 7.04128 3
    endloop
  endfacet
  facet normal -0.980779 0.195124 0
    outer loop
      vertex -93.9658 11.4271 3
      vertex -93.8637 11.9403 32
      vertex -93.8637 11.9403 3
    endloop
  endfacet
  facet normal -0.980779 0.195124 0
    outer loop
      vertex -93.8637 11.9403 32
      vertex -93.9658 11.4271 3
      vertex -93.9658 11.4271 32
    endloop
  endfacet
  facet normal -0.997861 0.0653646 0
    outer loop
      vertex -94 10.905 3
      vertex -93.9658 11.4271 32
      vertex -93.9658 11.4271 3
    endloop
  endfacet
  facet normal -0.997861 0.0653646 0
    outer loop
      vertex -93.9658 11.4271 32
      vertex -94 10.905 3
      vertex -94 10.905 32
    endloop
  endfacet
  facet normal -0.94691 0.321498 0
    outer loop
      vertex -93.8637 11.9403 3
      vertex -93.6955 12.4357 32
      vertex -93.6955 12.4357 3
    endloop
  endfacet
  facet normal -0.94691 0.321498 0
    outer loop
      vertex -93.6955 12.4357 32
      vertex -93.8637 11.9403 3
      vertex -93.8637 11.9403 32
    endloop
  endfacet
  facet normal -0.442253 -0.89689 0
    outer loop
      vertex -92 7.44088 3
      vertex -91.5307 7.20947 32
      vertex -92 7.44088 32
    endloop
  endfacet
  facet normal -0.442253 -0.89689 -0
    outer loop
      vertex -91.5307 7.20947 32
      vertex -92 7.44088 3
      vertex -91.5307 7.20947 3
    endloop
  endfacet
  facet normal 0.997861 0.0653646 0
    outer loop
      vertex -86 10.905 32
      vertex -86.0342 11.4271 3
      vertex -86.0342 11.4271 32
    endloop
  endfacet
  facet normal 0.997861 0.0653646 0
    outer loop
      vertex -86.0342 11.4271 3
      vertex -86 10.905 32
      vertex -86 10.905 3
    endloop
  endfacet
  facet normal -0.321498 0.94691 0
    outer loop
      vertex -91.0353 14.7687 3
      vertex -91.5307 14.6005 32
      vertex -91.0353 14.7687 32
    endloop
  endfacet
  facet normal -0.321498 0.94691 0
    outer loop
      vertex -91.5307 14.6005 32
      vertex -91.0353 14.7687 3
      vertex -91.5307 14.6005 3
    endloop
  endfacet
  facet normal 0.980778 -0.195127 0
    outer loop
      vertex -86.1363 9.86971 32
      vertex -86.0342 10.3829 3
      vertex -86.0342 10.3829 32
    endloop
  endfacet
  facet normal 0.980778 -0.195127 0
    outer loop
      vertex -86.0342 10.3829 3
      vertex -86.1363 9.86971 32
      vertex -86.1363 9.86971 3
    endloop
  endfacet
  facet normal -0.831432 0.555626 0
    outer loop
      vertex -93.4641 12.905 3
      vertex -93.1734 13.34 32
      vertex -93.1734 13.34 3
    endloop
  endfacet
  facet normal -0.831432 0.555626 0
    outer loop
      vertex -93.1734 13.34 32
      vertex -93.4641 12.905 3
      vertex -93.4641 12.905 32
    endloop
  endfacet
  facet normal -0.896898 0.442238 0
    outer loop
      vertex -93.6955 12.4357 3
      vertex -93.4641 12.905 32
      vertex -93.4641 12.905 3
    endloop
  endfacet
  facet normal -0.896898 0.442238 0
    outer loop
      vertex -93.4641 12.905 32
      vertex -93.6955 12.4357 3
      vertex -93.6955 12.4357 32
    endloop
  endfacet
  facet normal 0.946922 -0.321463 0
    outer loop
      vertex -86.3045 9.37425 32
      vertex -86.1363 9.86971 3
      vertex -86.1363 9.86971 32
    endloop
  endfacet
  facet normal 0.946922 -0.321463 0
    outer loop
      vertex -86.1363 9.86971 3
      vertex -86.3045 9.37425 32
      vertex -86.3045 9.37425 3
    endloop
  endfacet
  facet normal 0.442253 -0.89689 0
    outer loop
      vertex -88.4693 7.20947 3
      vertex -88 7.44088 32
      vertex -88.4693 7.20947 32
    endloop
  endfacet
  facet normal 0.442253 -0.89689 0
    outer loop
      vertex -88 7.44088 32
      vertex -88.4693 7.20947 3
      vertex -88 7.44088 3
    endloop
  endfacet
  facet normal 0.751842 0.659343 0
    outer loop
      vertex -86.8266 13.34 32
      vertex -87.1716 13.7334 3
      vertex -87.1716 13.7334 32
    endloop
  endfacet
  facet normal 0.751842 0.659343 0
    outer loop
      vertex -87.1716 13.7334 3
      vertex -86.8266 13.34 32
      vertex -86.8266 13.34 3
    endloop
  endfacet
  facet normal -0.0653646 0.997861 0
    outer loop
      vertex -90 14.905 3
      vertex -90.5221 14.8708 32
      vertex -90 14.905 32
    endloop
  endfacet
  facet normal -0.0653646 0.997861 0
    outer loop
      vertex -90.5221 14.8708 32
      vertex -90 14.905 3
      vertex -90.5221 14.8708 3
    endloop
  endfacet
  facet normal 0.195069 -0.98079 0
    outer loop
      vertex -89.4779 6.93921 3
      vertex -88.9647 7.04128 32
      vertex -89.4779 6.93921 32
    endloop
  endfacet
  facet normal 0.195069 -0.98079 0
    outer loop
      vertex -88.9647 7.04128 32
      vertex -89.4779 6.93921 3
      vertex -88.9647 7.04128 3
    endloop
  endfacet
  facet normal -0.659343 0.751842 0
    outer loop
      vertex -92.435 14.0784 3
      vertex -92.8284 13.7334 32
      vertex -92.435 14.0784 32
    endloop
  endfacet
  facet normal -0.659343 0.751842 0
    outer loop
      vertex -92.8284 13.7334 32
      vertex -92.435 14.0784 3
      vertex -92.8284 13.7334 3
    endloop
  endfacet
  facet normal 0.751826 -0.659362 0
    outer loop
      vertex -87.1716 8.07656 32
      vertex -86.8266 8.46994 3
      vertex -86.8266 8.46994 32
    endloop
  endfacet
  facet normal 0.751826 -0.659362 0
    outer loop
      vertex -86.8266 8.46994 3
      vertex -87.1716 8.07656 32
      vertex -87.1716 8.07656 3
    endloop
  endfacet
  facet normal 0.442238 0.896898 -0
    outer loop
      vertex -88 14.3691 3
      vertex -88.4693 14.6005 32
      vertex -88 14.3691 32
    endloop
  endfacet
  facet normal 0.442238 0.896898 0
    outer loop
      vertex -88.4693 14.6005 32
      vertex -88 14.3691 3
      vertex -88.4693 14.6005 3
    endloop
  endfacet
  facet normal -0.831462 -0.555582 0
    outer loop
      vertex -93.1734 8.46994 3
      vertex -93.4641 8.90499 32
      vertex -93.4641 8.90499 3
    endloop
  endfacet
  facet normal -0.831462 -0.555582 0
    outer loop
      vertex -93.4641 8.90499 32
      vertex -93.1734 8.46994 3
      vertex -93.1734 8.46994 32
    endloop
  endfacet
  facet normal -0.195069 -0.98079 0
    outer loop
      vertex -91.0353 7.04128 3
      vertex -90.5221 6.93921 32
      vertex -91.0353 7.04128 32
    endloop
  endfacet
  facet normal -0.195069 -0.98079 -0
    outer loop
      vertex -90.5221 6.93921 32
      vertex -91.0353 7.04128 3
      vertex -90.5221 6.93921 3
    endloop
  endfacet
  facet normal 0.555613 -0.831441 0
    outer loop
      vertex -88 7.44088 3
      vertex -87.565 7.73157 32
      vertex -88 7.44088 32
    endloop
  endfacet
  facet normal 0.555613 -0.831441 0
    outer loop
      vertex -87.565 7.73157 32
      vertex -88 7.44088 3
      vertex -87.565 7.73157 3
    endloop
  endfacet
  facet normal -0.980778 -0.195127 0
    outer loop
      vertex -93.8637 9.86971 3
      vertex -93.9658 10.3829 32
      vertex -93.9658 10.3829 3
    endloop
  endfacet
  facet normal -0.980778 -0.195127 0
    outer loop
      vertex -93.9658 10.3829 32
      vertex -93.8637 9.86971 3
      vertex -93.8637 9.86971 32
    endloop
  endfacet
  facet normal -0.555626 0.831432 0
    outer loop
      vertex -92 14.3691 3
      vertex -92.435 14.0784 32
      vertex -92 14.3691 32
    endloop
  endfacet
  facet normal -0.555626 0.831432 0
    outer loop
      vertex -92.435 14.0784 32
      vertex -92 14.3691 3
      vertex -92.435 14.0784 3
    endloop
  endfacet
  facet normal -0.555613 -0.831441 0
    outer loop
      vertex -92.435 7.73157 3
      vertex -92 7.44088 32
      vertex -92.435 7.73157 32
    endloop
  endfacet
  facet normal -0.555613 -0.831441 -0
    outer loop
      vertex -92 7.44088 32
      vertex -92.435 7.73157 3
      vertex -92 7.44088 3
    endloop
  endfacet
  facet normal -0.751826 -0.659362 0
    outer loop
      vertex -92.8284 8.07656 3
      vertex -93.1734 8.46994 32
      vertex -93.1734 8.46994 3
    endloop
  endfacet
  facet normal -0.751826 -0.659362 0
    outer loop
      vertex -93.1734 8.46994 32
      vertex -92.8284 8.07656 3
      vertex -92.8284 8.07656 32
    endloop
  endfacet
  facet normal -0.896883 -0.442268 0
    outer loop
      vertex -93.4641 8.90499 3
      vertex -93.6955 9.37425 32
      vertex -93.6955 9.37425 3
    endloop
  endfacet
  facet normal -0.896883 -0.442268 0
    outer loop
      vertex -93.6955 9.37425 32
      vertex -93.4641 8.90499 3
      vertex -93.4641 8.90499 32
    endloop
  endfacet
  facet normal 0.555626 0.831432 -0
    outer loop
      vertex -87.565 14.0784 3
      vertex -88 14.3691 32
      vertex -87.565 14.0784 32
    endloop
  endfacet
  facet normal 0.555626 0.831432 0
    outer loop
      vertex -88 14.3691 32
      vertex -87.565 14.0784 3
      vertex -88 14.3691 3
    endloop
  endfacet
  facet normal 0.980779 0.195124 0
    outer loop
      vertex -86.0342 11.4271 32
      vertex -86.1363 11.9403 3
      vertex -86.1363 11.9403 32
    endloop
  endfacet
  facet normal 0.980779 0.195124 0
    outer loop
      vertex -86.1363 11.9403 3
      vertex -86.0342 11.4271 32
      vertex -86.0342 11.4271 3
    endloop
  endfacet
  facet normal 0.321481 -0.946916 0
    outer loop
      vertex -88.9647 7.04128 3
      vertex -88.4693 7.20947 32
      vertex -88.9647 7.04128 32
    endloop
  endfacet
  facet normal 0.321481 -0.946916 0
    outer loop
      vertex -88.4693 7.20947 32
      vertex -88.9647 7.04128 3
      vertex -88.4693 7.20947 3
    endloop
  endfacet
  facet normal 0.195124 0.980779 -0
    outer loop
      vertex -88.9647 14.7687 3
      vertex -89.4779 14.8708 32
      vertex -88.9647 14.7687 32
    endloop
  endfacet
  facet normal 0.195124 0.980779 0
    outer loop
      vertex -89.4779 14.8708 32
      vertex -88.9647 14.7687 3
      vertex -89.4779 14.8708 3
    endloop
  endfacet
  facet normal -0.997861 -0.0653646 0
    outer loop
      vertex -93.9658 10.3829 3
      vertex -94 10.905 32
      vertex -94 10.905 3
    endloop
  endfacet
  facet normal -0.997861 -0.0653646 0
    outer loop
      vertex -94 10.905 32
      vertex -93.9658 10.3829 3
      vertex -93.9658 10.3829 32
    endloop
  endfacet
  facet normal 0 0 1
    outer loop
      vertex -88.75 10.905 32
      vertex -86 10.905 32
      vertex -86.0342 11.4271 32
    endloop
  endfacet
  facet normal 0 0 1
    outer loop
      vertex -88.7607 11.0681 32
      vertex -86.0342 11.4271 32
      vertex -86.1363 11.9403 32
    endloop
  endfacet
  facet normal 0 0 1
    outer loop
      vertex -86 10.905 32
      vertex -88.75 10.905 32
      vertex -86.0342 10.3829 32
    endloop
  endfacet
  facet normal 0 0 1
    outer loop
      vertex -88.7926 11.2285 32
      vertex -86.1363 11.9403 32
      vertex -86.3045 12.4357 32
    endloop
  endfacet
  facet normal -0 0 1
    outer loop
      vertex -88.7607 10.7418 32
      vertex -86.0342 10.3829 32
      vertex -88.75 10.905 32
    endloop
  endfacet
  facet normal 0 0 1
    outer loop
      vertex -88.8452 11.3833 32
      vertex -86.3045 12.4357 32
      vertex -86.5359 12.905 32
    endloop
  endfacet
  facet normal 0 0 1
    outer loop
      vertex -86.0342 10.3829 32
      vertex -88.7607 10.7418 32
      vertex -86.1363 9.86971 32
    endloop
  endfacet
  facet normal 0 0 1
    outer loop
      vertex -88.9175 11.53 32
      vertex -86.5359 12.905 32
      vertex -86.8266 13.34 32
    endloop
  endfacet
  facet normal -0 0 1
    outer loop
      vertex -88.7926 10.5815 32
      vertex -86.1363 9.86971 32
      vertex -88.7607 10.7418 32
    endloop
  endfacet
  facet normal 0 0 1
    outer loop
      vertex -89.0083 11.6659 32
      vertex -86.8266 13.34 32
      vertex -87.1716 13.7334 32
    endloop
  endfacet
  facet normal 0 0 1
    outer loop
      vertex -86.1363 9.86971 32
      vertex -88.7926 10.5815 32
      vertex -86.3045 9.37425 32
    endloop
  endfacet
  facet normal 0 0 1
    outer loop
      vertex -89.1161 11.7889 32
      vertex -87.1716 13.7334 32
      vertex -87.565 14.0784 32
    endloop
  endfacet
  facet normal -0 0 1
    outer loop
      vertex -88.8452 10.4266 32
      vertex -86.3045 9.37425 32
      vertex -88.7926 10.5815 32
    endloop
  endfacet
  facet normal 0 0 1
    outer loop
      vertex -89.239 11.8967 32
      vertex -87.565 14.0784 32
      vertex -88 14.3691 32
    endloop
  endfacet
  facet normal 0 0 1
    outer loop
      vertex -86.3045 9.37425 32
      vertex -88.8452 10.4266 32
      vertex -86.5359 8.90499 32
    endloop
  endfacet
  facet normal 0 0 1
    outer loop
      vertex -89.375 11.9875 32
      vertex -88 14.3691 32
      vertex -88.4693 14.6005 32
    endloop
  endfacet
  facet normal -0 0 1
    outer loop
      vertex -88.9175 10.28 32
      vertex -86.5359 8.90499 32
      vertex -88.8452 10.4266 32
    endloop
  endfacet
  facet normal 0 0 1
    outer loop
      vertex -86.5359 8.90499 32
      vertex -88.9175 10.28 32
      vertex -86.8266 8.46994 32
    endloop
  endfacet
  facet normal 0 0 1
    outer loop
      vertex -86.0342 11.4271 32
      vertex -88.7607 11.0681 32
      vertex -88.75 10.905 32
    endloop
  endfacet
  facet normal 0 0 1
    outer loop
      vertex -86.1363 11.9403 32
      vertex -88.7926 11.2285 32
      vertex -88.7607 11.0681 32
    endloop
  endfacet
  facet normal 0 0 1
    outer loop
      vertex -86.3045 12.4357 32
      vertex -88.8452 11.3833 32
      vertex -88.7926 11.2285 32
    endloop
  endfacet
  facet normal 0 0 1
    outer loop
      vertex -86.5359 12.905 32
      vertex -88.9175 11.53 32
      vertex -88.8452 11.3833 32
    endloop
  endfacet
  facet normal 0 0 1
    outer loop
      vertex -89.5216 12.0598 32
      vertex -88.4693 14.6005 32
      vertex -88.9647 14.7687 32
    endloop
  endfacet
  facet normal 0 0 1
    outer loop
      vertex -86.8266 13.34 32
      vertex -89.0083 11.6659 32
      vertex -88.9175 11.53 32
    endloop
  endfacet
  facet normal 0 0 1
    outer loop
      vertex -87.1716 13.7334 32
      vertex -89.1161 11.7889 32
      vertex -89.0083 11.6659 32
    endloop
  endfacet
  facet normal 0 0 1
    outer loop
      vertex -87.565 14.0784 32
      vertex -89.239 11.8967 32
      vertex -89.1161 11.7889 32
    endloop
  endfacet
  facet normal 0 0 1
    outer loop
      vertex -88 14.3691 32
      vertex -89.375 11.9875 32
      vertex -89.239 11.8967 32
    endloop
  endfacet
  facet normal 0 0 1
    outer loop
      vertex -89.6765 12.1124 32
      vertex -88.9647 14.7687 32
      vertex -89.4779 14.8708 32
    endloop
  endfacet
  facet normal 0 0 1
    outer loop
      vertex -88.4693 14.6005 32
      vertex -89.5216 12.0598 32
      vertex -89.375 11.9875 32
    endloop
  endfacet
  facet normal 0 0 1
    outer loop
      vertex -88.9647 14.7687 32
      vertex -89.6765 12.1124 32
      vertex -89.5216 12.0598 32
    endloop
  endfacet
  facet normal 0 0 1
    outer loop
      vertex -89.4779 14.8708 32
      vertex -89.8368 12.1443 32
      vertex -89.6765 12.1124 32
    endloop
  endfacet
  facet normal 0 0 1
    outer loop
      vertex -90 14.905 32
      vertex -89.8368 12.1443 32
      vertex -89.4779 14.8708 32
    endloop
  endfacet
  facet normal 0 0 1
    outer loop
      vertex -90 14.905 32
      vertex -90 12.155 32
      vertex -89.8368 12.1443 32
    endloop
  endfacet
  facet normal 0 0 1
    outer loop
      vertex -90 14.905 32
      vertex -90.1632 12.1443 32
      vertex -90 12.155 32
    endloop
  endfacet
  facet normal -0 0 1
    outer loop
      vertex -90.5221 14.8708 32
      vertex -90.1632 12.1443 32
      vertex -90 14.905 32
    endloop
  endfacet
  facet normal 0 0 1
    outer loop
      vertex -90.1632 12.1443 32
      vertex -90.5221 14.8708 32
      vertex -90.3235 12.1124 32
    endloop
  endfacet
  facet normal -0 0 1
    outer loop
      vertex -91.0353 14.7687 32
      vertex -90.3235 12.1124 32
      vertex -90.5221 14.8708 32
    endloop
  endfacet
  facet normal 0 0 1
    outer loop
      vertex -90.3235 12.1124 32
      vertex -91.0353 14.7687 32
      vertex -90.4784 12.0598 32
    endloop
  endfacet
  facet normal -0 0 1
    outer loop
      vertex -91.5307 14.6005 32
      vertex -90.4784 12.0598 32
      vertex -91.0353 14.7687 32
    endloop
  endfacet
  facet normal 0 0 1
    outer loop
      vertex -90.4784 12.0598 32
      vertex -91.5307 14.6005 32
      vertex -90.625 11.9875 32
    endloop
  endfacet
  facet normal -0 0 1
    outer loop
      vertex -92 14.3691 32
      vertex -90.625 11.9875 32
      vertex -91.5307 14.6005 32
    endloop
  endfacet
  facet normal 0 0 1
    outer loop
      vertex -90.625 11.9875 32
      vertex -92 14.3691 32
      vertex -90.7609 11.8967 32
    endloop
  endfacet
  facet normal -0 0 1
    outer loop
      vertex -92.435 14.0784 32
      vertex -90.7609 11.8967 32
      vertex -92 14.3691 32
    endloop
  endfacet
  facet normal 0 0 1
    outer loop
      vertex -90.7609 11.8967 32
      vertex -92.435 14.0784 32
      vertex -90.8839 11.7889 32
    endloop
  endfacet
  facet normal -0 0 1
    outer loop
      vertex -92.8284 13.7334 32
      vertex -90.8839 11.7889 32
      vertex -92.435 14.0784 32
    endloop
  endfacet
  facet normal 0 0 1
    outer loop
      vertex -90.8839 11.7889 32
      vertex -92.8284 13.7334 32
      vertex -90.9917 11.6659 32
    endloop
  endfacet
  facet normal -0 0 1
    outer loop
      vertex -93.1734 13.34 32
      vertex -90.9917 11.6659 32
      vertex -92.8284 13.7334 32
    endloop
  endfacet
  facet normal 0 0 1
    outer loop
      vertex -90.9917 11.6659 32
      vertex -93.1734 13.34 32
      vertex -91.0825 11.53 32
    endloop
  endfacet
  facet normal -0 0 1
    outer loop
      vertex -89.0083 10.144 32
      vertex -86.8266 8.46994 32
      vertex -88.9175 10.28 32
    endloop
  endfacet
  facet normal 0 0 1
    outer loop
      vertex -86.8266 8.46994 32
      vertex -89.0083 10.144 32
      vertex -87.1716 8.07656 32
    endloop
  endfacet
  facet normal -0 0 1
    outer loop
      vertex -89.1161 10.0211 32
      vertex -87.1716 8.07656 32
      vertex -89.0083 10.144 32
    endloop
  endfacet
  facet normal 0 0 1
    outer loop
      vertex -87.1716 8.07656 32
      vertex -89.1161 10.0211 32
      vertex -87.565 7.73157 32
    endloop
  endfacet
  facet normal -0 0 1
    outer loop
      vertex -89.239 9.91329 32
      vertex -87.565 7.73157 32
      vertex -89.1161 10.0211 32
    endloop
  endfacet
  facet normal 0 0 1
    outer loop
      vertex -87.565 7.73157 32
      vertex -89.239 9.91329 32
      vertex -88 7.44088 32
    endloop
  endfacet
  facet normal -0 0 1
    outer loop
      vertex -89.375 9.82245 32
      vertex -88 7.44088 32
      vertex -89.239 9.91329 32
    endloop
  endfacet
  facet normal 0 0 1
    outer loop
      vertex -88 7.44088 32
      vertex -89.375 9.82245 32
      vertex -88.4693 7.20947 32
    endloop
  endfacet
  facet normal -0 0 1
    outer loop
      vertex -89.5216 9.75014 32
      vertex -88.4693 7.20947 32
      vertex -89.375 9.82245 32
    endloop
  endfacet
  facet normal 0 0 1
    outer loop
      vertex -88.4693 7.20947 32
      vertex -89.5216 9.75014 32
      vertex -88.9647 7.04128 32
    endloop
  endfacet
  facet normal -0 0 1
    outer loop
      vertex -89.6765 9.69758 32
      vertex -88.9647 7.04128 32
      vertex -89.5216 9.75014 32
    endloop
  endfacet
  facet normal 0 0 1
    outer loop
      vertex -88.9647 7.04128 32
      vertex -89.6765 9.69758 32
      vertex -89.4779 6.93921 32
    endloop
  endfacet
  facet normal -0 0 1
    outer loop
      vertex -89.8368 9.66568 32
      vertex -89.4779 6.93921 32
      vertex -89.6765 9.69758 32
    endloop
  endfacet
  facet normal -0 0 1
    outer loop
      vertex -90 9.65499 32
      vertex -89.4779 6.93921 32
      vertex -89.8368 9.66568 32
    endloop
  endfacet
  facet normal 0 0 1
    outer loop
      vertex -90 9.65499 32
      vertex -90 6.90499 32
      vertex -89.4779 6.93921 32
    endloop
  endfacet
  facet normal 0 0 1
    outer loop
      vertex -90.1632 9.66568 32
      vertex -90 6.90499 32
      vertex -90 9.65499 32
    endloop
  endfacet
  facet normal 0 0 1
    outer loop
      vertex -90.5221 6.93921 32
      vertex -90.1632 9.66568 32
      vertex -90.3235 9.69758 32
    endloop
  endfacet
  facet normal 0 0 1
    outer loop
      vertex -91.0353 7.04128 32
      vertex -90.3235 9.69758 32
      vertex -90.4784 9.75014 32
    endloop
  endfacet
  facet normal 0 0 1
    outer loop
      vertex -90.1632 9.66568 32
      vertex -90.5221 6.93921 32
      vertex -90 6.90499 32
    endloop
  endfacet
  facet normal 0 0 1
    outer loop
      vertex -91.5307 7.20947 32
      vertex -90.4784 9.75014 32
      vertex -90.625 9.82245 32
    endloop
  endfacet
  facet normal 0 0 1
    outer loop
      vertex -92 7.44088 32
      vertex -90.625 9.82245 32
      vertex -90.7609 9.91329 32
    endloop
  endfacet
  facet normal 0 0 1
    outer loop
      vertex -92.435 7.73157 32
      vertex -90.7609 9.91329 32
      vertex -90.8839 10.0211 32
    endloop
  endfacet
  facet normal 0 0 1
    outer loop
      vertex -92.8284 8.07656 32
      vertex -90.8839 10.0211 32
      vertex -90.9917 10.144 32
    endloop
  endfacet
  facet normal 0 0 1
    outer loop
      vertex -90.3235 9.69758 32
      vertex -91.0353 7.04128 32
      vertex -90.5221 6.93921 32
    endloop
  endfacet
  facet normal 0 0 1
    outer loop
      vertex -93.1734 8.46994 32
      vertex -90.9917 10.144 32
      vertex -91.0825 10.28 32
    endloop
  endfacet
  facet normal 0 0 1
    outer loop
      vertex -93.4641 8.90499 32
      vertex -91.0825 10.28 32
      vertex -91.1548 10.4266 32
    endloop
  endfacet
  facet normal 0 0 1
    outer loop
      vertex -93.6955 9.37425 32
      vertex -91.1548 10.4266 32
      vertex -91.2074 10.5815 32
    endloop
  endfacet
  facet normal 0 0 1
    outer loop
      vertex -93.8637 9.86971 32
      vertex -91.2074 10.5815 32
      vertex -91.2393 10.7418 32
    endloop
  endfacet
  facet normal 0 0 1
    outer loop
      vertex -93.9658 10.3829 32
      vertex -91.2393 10.7418 32
      vertex -91.25 10.905 32
    endloop
  endfacet
  facet normal -0 0 1
    outer loop
      vertex -93.4641 12.905 32
      vertex -91.0825 11.53 32
      vertex -93.1734 13.34 32
    endloop
  endfacet
  facet normal 0 0 1
    outer loop
      vertex -90.4784 9.75014 32
      vertex -91.5307 7.20947 32
      vertex -91.0353 7.04128 32
    endloop
  endfacet
  facet normal 0 0 1
    outer loop
      vertex -91.0825 11.53 32
      vertex -93.4641 12.905 32
      vertex -91.1548 11.3833 32
    endloop
  endfacet
  facet normal 0 0 1
    outer loop
      vertex -90.625 9.82245 32
      vertex -92 7.44088 32
      vertex -91.5307 7.20947 32
    endloop
  endfacet
  facet normal -0 0 1
    outer loop
      vertex -93.6955 12.4357 32
      vertex -91.1548 11.3833 32
      vertex -93.4641 12.905 32
    endloop
  endfacet
  facet normal 0 0 1
    outer loop
      vertex -90.7609 9.91329 32
      vertex -92.435 7.73157 32
      vertex -92 7.44088 32
    endloop
  endfacet
  facet normal 0 0 1
    outer loop
      vertex -91.1548 11.3833 32
      vertex -93.6955 12.4357 32
      vertex -91.2074 11.2285 32
    endloop
  endfacet
  facet normal 0 0 1
    outer loop
      vertex -90.8839 10.0211 32
      vertex -92.8284 8.07656 32
      vertex -92.435 7.73157 32
    endloop
  endfacet
  facet normal -0 0 1
    outer loop
      vertex -93.8637 11.9403 32
      vertex -91.2074 11.2285 32
      vertex -93.6955 12.4357 32
    endloop
  endfacet
  facet normal 0 0 1
    outer loop
      vertex -90.9917 10.144 32
      vertex -93.1734 8.46994 32
      vertex -92.8284 8.07656 32
    endloop
  endfacet
  facet normal 0 0 1
    outer loop
      vertex -91.2074 11.2285 32
      vertex -93.8637 11.9403 32
      vertex -91.2393 11.0681 32
    endloop
  endfacet
  facet normal 0 0 1
    outer loop
      vertex -91.0825 10.28 32
      vertex -93.4641 8.90499 32
      vertex -93.1734 8.46994 32
    endloop
  endfacet
  facet normal -0 0 1
    outer loop
      vertex -93.9658 11.4271 32
      vertex -91.2393 11.0681 32
      vertex -93.8637 11.9403 32
    endloop
  endfacet
  facet normal 0 0 1
    outer loop
      vertex -91.1548 10.4266 32
      vertex -93.6955 9.37425 32
      vertex -93.4641 8.90499 32
    endloop
  endfacet
  facet normal 0 0 1
    outer loop
      vertex -91.2393 11.0681 32
      vertex -93.9658 11.4271 32
      vertex -91.25 10.905 32
    endloop
  endfacet
  facet normal 0 0 1
    outer loop
      vertex -91.2074 10.5815 32
      vertex -93.8637 9.86971 32
      vertex -93.6955 9.37425 32
    endloop
  endfacet
  facet normal 0 0 1
    outer loop
      vertex -94 10.905 32
      vertex -91.25 10.905 32
      vertex -93.9658 11.4271 32
    endloop
  endfacet
  facet normal 0 0 1
    outer loop
      vertex -91.2393 10.7418 32
      vertex -93.9658 10.3829 32
      vertex -93.8637 9.86971 32
    endloop
  endfacet
  facet normal 0 0 1
    outer loop
      vertex -91.25 10.905 32
      vertex -94 10.905 32
      vertex -93.9658 10.3829 32
    endloop
  endfacet
  facet normal 0.896883 -0.442268 0
    outer loop
      vertex -86.5359 8.90499 32
      vertex -86.3045 9.37425 3
      vertex -86.3045 9.37425 32
    endloop
  endfacet
  facet normal 0.896883 -0.442268 0
    outer loop
      vertex -86.3045 9.37425 3
      vertex -86.5359 8.90499 32
      vertex -86.5359 8.90499 3
    endloop
  endfacet
  facet normal 0.831432 0.555626 0
    outer loop
      vertex -86.5359 12.905 32
      vertex -86.8266 13.34 3
      vertex -86.8266 13.34 32
    endloop
  endfacet
  facet normal 0.831432 0.555626 0
    outer loop
      vertex -86.8266 13.34 3
      vertex -86.5359 12.905 32
      vertex -86.5359 12.905 3
    endloop
  endfacet
  facet normal -0.195124 0.980779 0
    outer loop
      vertex -90.5221 14.8708 3
      vertex -91.0353 14.7687 32
      vertex -90.5221 14.8708 32
    endloop
  endfacet
  facet normal -0.195124 0.980779 0
    outer loop
      vertex -91.0353 14.7687 32
      vertex -90.5221 14.8708 3
      vertex -91.0353 14.7687 3
    endloop
  endfacet
  facet normal 0.0654027 -0.997859 0
    outer loop
      vertex -90 6.90499 3
      vertex -89.4779 6.93921 32
      vertex -90 6.90499 32
    endloop
  endfacet
  facet normal 0.0654027 -0.997859 0
    outer loop
      vertex -89.4779 6.93921 32
      vertex -90 6.90499 3
      vertex -89.4779 6.93921 3
    endloop
  endfacet
  facet normal -0.442238 0.896898 0
    outer loop
      vertex -91.5307 14.6005 3
      vertex -92 14.3691 32
      vertex -91.5307 14.6005 32
    endloop
  endfacet
  facet normal -0.442238 0.896898 0
    outer loop
      vertex -92 14.3691 32
      vertex -91.5307 14.6005 3
      vertex -92 14.3691 3
    endloop
  endfacet
  facet normal 0.321498 0.94691 -0
    outer loop
      vertex -88.4693 14.6005 3
      vertex -88.9647 14.7687 32
      vertex -88.4693 14.6005 32
    endloop
  endfacet
  facet normal 0.321498 0.94691 0
    outer loop
      vertex -88.9647 14.7687 32
      vertex -88.4693 14.6005 3
      vertex -88.9647 14.7687 3
    endloop
  endfacet
  facet normal 0.831462 -0.555582 0
    outer loop
      vertex -86.8266 8.46994 32
      vertex -86.5359 8.90499 3
      vertex -86.5359 8.90499 32
    endloop
  endfacet
  facet normal 0.831462 -0.555582 0
    outer loop
      vertex -86.5359 8.90499 3
      vertex -86.8266 8.46994 32
      vertex -86.8266 8.46994 3
    endloop
  endfacet
  facet normal -0.946922 -0.321463 0
    outer loop
      vertex -93.6955 9.37425 3
      vertex -93.8637 9.86971 32
      vertex -93.8637 9.86971 3
    endloop
  endfacet
  facet normal -0.946922 -0.321463 0
    outer loop
      vertex -93.8637 9.86971 32
      vertex -93.6955 9.37425 3
      vertex -93.6955 9.37425 32
    endloop
  endfacet
  facet normal 0.659343 0.751842 -0
    outer loop
      vertex -87.1716 13.7334 3
      vertex -87.565 14.0784 32
      vertex -87.1716 13.7334 32
    endloop
  endfacet
  facet normal 0.659343 0.751842 0
    outer loop
      vertex -87.565 14.0784 32
      vertex -87.1716 13.7334 3
      vertex -87.565 14.0784 3
    endloop
  endfacet
  facet normal 0.659332 -0.751852 0
    outer loop
      vertex -87.565 7.73157 3
      vertex -87.1716 8.07656 32
      vertex -87.565 7.73157 32
    endloop
  endfacet
  facet normal 0.659332 -0.751852 0
    outer loop
      vertex -87.1716 8.07656 32
      vertex -87.565 7.73157 3
      vertex -87.1716 8.07656 3
    endloop
  endfacet
  facet normal -0.751842 0.659343 0
    outer loop
      vertex -93.1734 13.34 3
      vertex -92.8284 13.7334 32
      vertex -92.8284 13.7334 3
    endloop
  endfacet
  facet normal -0.751842 0.659343 0
    outer loop
      vertex -92.8284 13.7334 32
      vertex -93.1734 13.34 3
      vertex -93.1734 13.34 32
    endloop
  endfacet
  facet normal -0.0654027 -0.997859 0
    outer loop
      vertex -90.5221 6.93921 3
      vertex -90 6.90499 32
      vertex -90.5221 6.93921 32
    endloop
  endfacet
  facet normal -0.0654027 -0.997859 -0
    outer loop
      vertex -90 6.90499 32
      vertex -90.5221 6.93921 3
      vertex -90 6.90499 3
    endloop
  endfacet
  facet normal 0.896898 0.442238 0
    outer loop
      vertex -86.3045 12.4357 32
      vertex -86.5359 12.905 3
      vertex -86.5359 12.905 32
    endloop
  endfacet
  facet normal 0.896898 0.442238 0
    outer loop
      vertex -86.5359 12.905 3
      vertex -86.3045 12.4357 32
      vertex -86.3045 12.4357 3
    endloop
  endfacet
  facet normal 0.0653646 0.997861 -0
    outer loop
      vertex -89.4779 14.8708 3
      vertex -90 14.905 32
      vertex -89.4779 14.8708 32
    endloop
  endfacet
  facet normal 0.0653646 0.997861 0
    outer loop
      vertex -90 14.905 32
      vertex -89.4779 14.8708 3
      vertex -90 14.905 3
    endloop
  endfacet
  facet normal 0.997861 -0.0653646 0
    outer loop
      vertex -86.0342 10.3829 32
      vertex -86 10.905 3
      vertex -86 10.905 32
    endloop
  endfacet
  facet normal 0.997861 -0.0653646 0
    outer loop
      vertex -86 10.905 3
      vertex -86.0342 10.3829 32
      vertex -86.0342 10.3829 3
    endloop
  endfacet
  facet normal 0.94691 0.321498 0
    outer loop
      vertex -86.1363 11.9403 32
      vertex -86.3045 12.4357 3
      vertex -86.3045 12.4357 32
    endloop
  endfacet
  facet normal 0.94691 0.321498 0
    outer loop
      vertex -86.3045 12.4357 3
      vertex -86.1363 11.9403 32
      vertex -86.1363 11.9403 3
    endloop
  endfacet
  facet normal -0.659332 -0.751852 0
    outer loop
      vertex -92.8284 8.07656 3
      vertex -92.435 7.73157 32
      vertex -92.8284 8.07656 32
    endloop
  endfacet
  facet normal -0.659332 -0.751852 -0
    outer loop
      vertex -92.435 7.73157 32
      vertex -92.8284 8.07656 3
      vertex -92.435 7.73157 3
    endloop
  endfacet
  facet normal 0 1 -0
    outer loop
      vertex -166.7 20.1994 3
      vertex -177 20.1994 32
      vertex -166.7 20.1994 32
    endloop
  endfacet
  facet normal 0 1 0
    outer loop
      vertex -177 20.1994 32
      vertex -166.7 20.1994 3
      vertex -177 20.1994 3
    endloop
  endfacet
  facet normal 1 -0 0
    outer loop
      vertex -166.7 3 32
      vertex -166.7 20.1994 3
      vertex -166.7 20.1994 32
    endloop
  endfacet
  facet normal 1 0 0
    outer loop
      vertex -166.7 20.1994 3
      vertex -166.7 3 32
      vertex -166.7 3 3
    endloop
  endfacet
  facet normal -0 0.194757 0.980852
    outer loop
      vertex -20 214.467 14.8231
      vertex -17 214.12 14.892
      vertex -17 214.467 14.8231
    endloop
  endfacet
  facet normal 0 0.194757 0.980852
    outer loop
      vertex -17 214.12 14.892
      vertex -20 214.467 14.8231
      vertex -20 214.12 14.892
    endloop
  endfacet
  facet normal 0 1 -0
    outer loop
      vertex -17 212.119 17.5
      vertex -20 212.119 29
      vertex -17 212.119 29
    endloop
  endfacet
  facet normal 0 1 0
    outer loop
      vertex -20 212.119 29
      vertex -17 212.119 17.5
      vertex -20 212.119 17.5
    endloop
  endfacet
  facet normal -0 0.660149 0.751135
    outer loop
      vertex -20 213.175 15.3579
      vertex -17 212.91 15.5908
      vertex -17 213.175 15.3579
    endloop
  endfacet
  facet normal 0 0.660149 0.751135
    outer loop
      vertex -17 212.91 15.5908
      vertex -20 213.175 15.3579
      vertex -20 212.91 15.5908
    endloop
  endfacet
  facet normal -0 0.0654841 0.997854
    outer loop
      vertex -20 214.819 14.8
      vertex -17 214.467 14.8231
      vertex -17 214.819 14.8
    endloop
  endfacet
  facet normal 0 0.0654841 0.997854
    outer loop
      vertex -17 214.467 14.8231
      vertex -20 214.819 14.8
      vertex -20 214.467 14.8231
    endloop
  endfacet
  facet normal 0 -0.32175 0.946825
    outer loop
      vertex -20 215.852 15.0055
      vertex -17 215.518 14.892
      vertex -17 215.852 15.0055
    endloop
  endfacet
  facet normal 0 -0.32175 0.946825
    outer loop
      vertex -17 215.518 14.892
      vertex -20 215.852 15.0055
      vertex -20 215.518 14.892
    endloop
  endfacet
  facet normal 0 -0.751611 0.659606
    outer loop
      vertex -20 216.728 15.5908
      vertex -17 216.961 15.8563
      vertex -20 216.961 15.8563
    endloop
  endfacet
  facet normal 0 -0.751611 0.659606
    outer loop
      vertex -17 216.961 15.8563
      vertex -20 216.728 15.5908
      vertex -17 216.728 15.5908
    endloop
  endfacet
  facet normal 0 -0.660149 0.751135
    outer loop
      vertex -20 216.728 15.5908
      vertex -17 216.463 15.3579
      vertex -17 216.728 15.5908
    endloop
  endfacet
  facet normal 0 -0.660149 0.751135
    outer loop
      vertex -17 216.463 15.3579
      vertex -20 216.728 15.5908
      vertex -20 216.463 15.3579
    endloop
  endfacet
  facet normal 0 -0.947372 0.320135
    outer loop
      vertex -20 217.314 16.4668
      vertex -17 217.427 16.8012
      vertex -20 217.427 16.8012
    endloop
  endfacet
  facet normal 0 -0.947372 0.320135
    outer loop
      vertex -17 217.427 16.8012
      vertex -20 217.314 16.4668
      vertex -17 217.314 16.4668
    endloop
  endfacet
  facet normal 0 -0.0654841 0.997854
    outer loop
      vertex -20 215.171 14.8231
      vertex -17 214.819 14.8
      vertex -17 215.171 14.8231
    endloop
  endfacet
  facet normal 0 -0.0654841 0.997854
    outer loop
      vertex -17 214.819 14.8
      vertex -20 215.171 14.8231
      vertex -20 214.819 14.8
    endloop
  endfacet
  facet normal 0 -0.441999 0.897015
    outer loop
      vertex -20 216.169 15.1617
      vertex -17 215.852 15.0055
      vertex -17 216.169 15.1617
    endloop
  endfacet
  facet normal 0 -0.441999 0.897015
    outer loop
      vertex -17 215.852 15.0055
      vertex -20 216.169 15.1617
      vertex -20 215.852 15.0055
    endloop
  endfacet
  facet normal 0 -0.997877 0.0651282
    outer loop
      vertex -20 217.496 17.1476
      vertex -17 217.519 17.5
      vertex -20 217.519 17.5
    endloop
  endfacet
  facet normal 0 -0.997877 0.0651282
    outer loop
      vertex -17 217.519 17.5
      vertex -20 217.496 17.1476
      vertex -17 217.496 17.1476
    endloop
  endfacet
  facet normal 0 0.751611 0.659606
    outer loop
      vertex -17 212.91 15.5908
      vertex -20 212.677 15.8563
      vertex -17 212.677 15.8563
    endloop
  endfacet
  facet normal 0 0.751611 0.659606
    outer loop
      vertex -20 212.677 15.8563
      vertex -17 212.91 15.5908
      vertex -20 212.91 15.5908
    endloop
  endfacet
  facet normal 0 -0.980733 0.195354
    outer loop
      vertex -20 217.427 16.8012
      vertex -17 217.496 17.1476
      vertex -20 217.496 17.1476
    endloop
  endfacet
  facet normal 0 -0.980733 0.195354
    outer loop
      vertex -17 217.496 17.1476
      vertex -20 217.427 16.8012
      vertex -17 217.427 16.8012
    endloop
  endfacet
  facet normal 0 0.897129 0.441768
    outer loop
      vertex -17 212.481 16.15
      vertex -20 212.325 16.4668
      vertex -17 212.325 16.4668
    endloop
  endfacet
  facet normal 0 0.897129 0.441768
    outer loop
      vertex -20 212.325 16.4668
      vertex -17 212.481 16.15
      vertex -20 212.481 16.15
    endloop
  endfacet
  facet normal 0 -0.831789 0.555092
    outer loop
      vertex -20 216.961 15.8563
      vertex -17 217.157 16.15
      vertex -20 217.157 16.15
    endloop
  endfacet
  facet normal 0 -0.831789 0.555092
    outer loop
      vertex -17 217.157 16.15
      vertex -20 216.961 15.8563
      vertex -17 216.961 15.8563
    endloop
  endfacet
  facet normal -0 0.32175 0.946825
    outer loop
      vertex -20 214.12 14.892
      vertex -17 213.786 15.0055
      vertex -17 214.12 14.892
    endloop
  endfacet
  facet normal 0 0.32175 0.946825
    outer loop
      vertex -17 213.786 15.0055
      vertex -20 214.12 14.892
      vertex -20 213.786 15.0055
    endloop
  endfacet
  facet normal 0 0.94651 0.322674
    outer loop
      vertex -17 212.325 16.4668
      vertex -20 212.211 16.8012
      vertex -17 212.211 16.8012
    endloop
  endfacet
  facet normal 0 0.94651 0.322674
    outer loop
      vertex -20 212.211 16.8012
      vertex -17 212.325 16.4668
      vertex -20 212.325 16.4668
    endloop
  endfacet
  facet normal -0 0.555092 0.831789
    outer loop
      vertex -20 213.469 15.1617
      vertex -17 213.175 15.3579
      vertex -17 213.469 15.1617
    endloop
  endfacet
  facet normal 0 0.555092 0.831789
    outer loop
      vertex -17 213.175 15.3579
      vertex -20 213.469 15.1617
      vertex -20 213.175 15.3579
    endloop
  endfacet
  facet normal 0 -0.896005 0.444043
    outer loop
      vertex -20 217.157 16.15
      vertex -17 217.314 16.4668
      vertex -20 217.314 16.4668
    endloop
  endfacet
  facet normal 0 -0.896005 0.444043
    outer loop
      vertex -17 217.314 16.4668
      vertex -20 217.157 16.15
      vertex -17 217.157 16.15
    endloop
  endfacet
  facet normal 0 -0.555092 0.831789
    outer loop
      vertex -20 216.463 15.3579
      vertex -17 216.169 15.1617
      vertex -17 216.463 15.3579
    endloop
  endfacet
  facet normal 0 -0.555092 0.831789
    outer loop
      vertex -17 216.169 15.1617
      vertex -20 216.463 15.3579
      vertex -20 216.169 15.1617
    endloop
  endfacet
  facet normal -0 0.441999 0.897015
    outer loop
      vertex -20 213.786 15.0055
      vertex -17 213.469 15.1617
      vertex -17 213.786 15.0055
    endloop
  endfacet
  facet normal 0 0.441999 0.897015
    outer loop
      vertex -17 213.469 15.1617
      vertex -20 213.786 15.0055
      vertex -20 213.469 15.1617
    endloop
  endfacet
  facet normal 0 -0.194757 0.980852
    outer loop
      vertex -20 215.518 14.892
      vertex -17 215.171 14.8231
      vertex -17 215.518 14.892
    endloop
  endfacet
  facet normal 0 -0.194757 0.980852
    outer loop
      vertex -17 215.171 14.8231
      vertex -20 215.518 14.892
      vertex -20 215.171 14.8231
    endloop
  endfacet
  facet normal 0 0.997877 0.0651282
    outer loop
      vertex -17 212.142 17.1476
      vertex -20 212.119 17.5
      vertex -17 212.119 17.5
    endloop
  endfacet
  facet normal 0 0.997877 0.0651282
    outer loop
      vertex -20 212.119 17.5
      vertex -17 212.142 17.1476
      vertex -20 212.142 17.1476
    endloop
  endfacet
  facet normal 0 0.980733 0.195354
    outer loop
      vertex -17 212.211 16.8012
      vertex -20 212.142 17.1476
      vertex -17 212.142 17.1476
    endloop
  endfacet
  facet normal 0 0.980733 0.195354
    outer loop
      vertex -20 212.142 17.1476
      vertex -17 212.211 16.8012
      vertex -20 212.211 16.8012
    endloop
  endfacet
  facet normal 0 0.831789 0.555092
    outer loop
      vertex -17 212.677 15.8563
      vertex -20 212.481 16.15
      vertex -17 212.481 16.15
    endloop
  endfacet
  facet normal 0 0.831789 0.555092
    outer loop
      vertex -20 212.481 16.15
      vertex -17 212.677 15.8563
      vertex -20 212.677 15.8563
    endloop
  endfacet
  facet normal 0 -1 0
    outer loop
      vertex -20 217.519 17.5
      vertex -17 217.519 29
      vertex -20 217.519 29
    endloop
  endfacet
  facet normal 0 -1 -0
    outer loop
      vertex -17 217.519 29
      vertex -20 217.519 17.5
      vertex -17 217.519 17.5
    endloop
  endfacet
  facet normal -0 0.194757 0.980852
    outer loop
      vertex -20 194.467 14.8231
      vertex -17 194.12 14.892
      vertex -17 194.467 14.8231
    endloop
  endfacet
  facet normal 0 0.194757 0.980852
    outer loop
      vertex -17 194.12 14.892
      vertex -20 194.467 14.8231
      vertex -20 194.12 14.892
    endloop
  endfacet
  facet normal 0 1 -0
    outer loop
      vertex -17 192.119 17.5
      vertex -20 192.119 29
      vertex -17 192.119 29
    endloop
  endfacet
  facet normal 0 1 0
    outer loop
      vertex -20 192.119 29
      vertex -17 192.119 17.5
      vertex -20 192.119 17.5
    endloop
  endfacet
  facet normal -0 0.660149 0.751135
    outer loop
      vertex -20 193.175 15.3579
      vertex -17 192.91 15.5908
      vertex -17 193.175 15.3579
    endloop
  endfacet
  facet normal 0 0.660149 0.751135
    outer loop
      vertex -17 192.91 15.5908
      vertex -20 193.175 15.3579
      vertex -20 192.91 15.5908
    endloop
  endfacet
  facet normal -0 0.0654841 0.997854
    outer loop
      vertex -20 194.819 14.8
      vertex -17 194.467 14.8231
      vertex -17 194.819 14.8
    endloop
  endfacet
  facet normal 0 0.0654841 0.997854
    outer loop
      vertex -17 194.467 14.8231
      vertex -20 194.819 14.8
      vertex -20 194.467 14.8231
    endloop
  endfacet
  facet normal 0 -0.32175 0.946825
    outer loop
      vertex -20 195.852 15.0055
      vertex -17 195.518 14.892
      vertex -17 195.852 15.0055
    endloop
  endfacet
  facet normal 0 -0.32175 0.946825
    outer loop
      vertex -17 195.518 14.892
      vertex -20 195.852 15.0055
      vertex -20 195.518 14.892
    endloop
  endfacet
  facet normal 0 -0.751611 0.659606
    outer loop
      vertex -20 196.728 15.5908
      vertex -17 196.961 15.8563
      vertex -20 196.961 15.8563
    endloop
  endfacet
  facet normal 0 -0.751611 0.659606
    outer loop
      vertex -17 196.961 15.8563
      vertex -20 196.728 15.5908
      vertex -17 196.728 15.5908
    endloop
  endfacet
  facet normal 0 -0.660149 0.751135
    outer loop
      vertex -20 196.728 15.5908
      vertex -17 196.463 15.3579
      vertex -17 196.728 15.5908
    endloop
  endfacet
  facet normal 0 -0.660149 0.751135
    outer loop
      vertex -17 196.463 15.3579
      vertex -20 196.728 15.5908
      vertex -20 196.463 15.3579
    endloop
  endfacet
  facet normal 0 -0.947372 0.320135
    outer loop
      vertex -20 197.314 16.4668
      vertex -17 197.427 16.8012
      vertex -20 197.427 16.8012
    endloop
  endfacet
  facet normal 0 -0.947372 0.320135
    outer loop
      vertex -17 197.427 16.8012
      vertex -20 197.314 16.4668
      vertex -17 197.314 16.4668
    endloop
  endfacet
  facet normal 0 -0.0654841 0.997854
    outer loop
      vertex -20 195.171 14.8231
      vertex -17 194.819 14.8
      vertex -17 195.171 14.8231
    endloop
  endfacet
  facet normal 0 -0.0654841 0.997854
    outer loop
      vertex -17 194.819 14.8
      vertex -20 195.171 14.8231
      vertex -20 194.819 14.8
    endloop
  endfacet
  facet normal 0 -0.441999 0.897015
    outer loop
      vertex -20 196.169 15.1617
      vertex -17 195.852 15.0055
      vertex -17 196.169 15.1617
    endloop
  endfacet
  facet normal 0 -0.441999 0.897015
    outer loop
      vertex -17 195.852 15.0055
      vertex -20 196.169 15.1617
      vertex -20 195.852 15.0055
    endloop
  endfacet
  facet normal 0 -0.997877 0.0651282
    outer loop
      vertex -20 197.496 17.1476
      vertex -17 197.519 17.5
      vertex -20 197.519 17.5
    endloop
  endfacet
  facet normal 0 -0.997877 0.0651282
    outer loop
      vertex -17 197.519 17.5
      vertex -20 197.496 17.1476
      vertex -17 197.496 17.1476
    endloop
  endfacet
  facet normal 0 0.751611 0.659606
    outer loop
      vertex -17 192.91 15.5908
      vertex -20 192.677 15.8563
      vertex -17 192.677 15.8563
    endloop
  endfacet
  facet normal 0 0.751611 0.659606
    outer loop
      vertex -20 192.677 15.8563
      vertex -17 192.91 15.5908
      vertex -20 192.91 15.5908
    endloop
  endfacet
  facet normal 0 -0.980733 0.195354
    outer loop
      vertex -20 197.427 16.8012
      vertex -17 197.496 17.1476
      vertex -20 197.496 17.1476
    endloop
  endfacet
  facet normal 0 -0.980733 0.195354
    outer loop
      vertex -17 197.496 17.1476
      vertex -20 197.427 16.8012
      vertex -17 197.427 16.8012
    endloop
  endfacet
  facet normal 0 0.897129 0.441768
    outer loop
      vertex -17 192.481 16.15
      vertex -20 192.325 16.4668
      vertex -17 192.325 16.4668
    endloop
  endfacet
  facet normal 0 0.897129 0.441768
    outer loop
      vertex -20 192.325 16.4668
      vertex -17 192.481 16.15
      vertex -20 192.481 16.15
    endloop
  endfacet
  facet normal 0 -0.831789 0.555092
    outer loop
      vertex -20 196.961 15.8563
      vertex -17 197.157 16.15
      vertex -20 197.157 16.15
    endloop
  endfacet
  facet normal 0 -0.831789 0.555092
    outer loop
      vertex -17 197.157 16.15
      vertex -20 196.961 15.8563
      vertex -17 196.961 15.8563
    endloop
  endfacet
  facet normal -0 0.32175 0.946825
    outer loop
      vertex -20 194.12 14.892
      vertex -17 193.786 15.0055
      vertex -17 194.12 14.892
    endloop
  endfacet
  facet normal 0 0.32175 0.946825
    outer loop
      vertex -17 193.786 15.0055
      vertex -20 194.12 14.892
      vertex -20 193.786 15.0055
    endloop
  endfacet
  facet normal 0 0.94651 0.322674
    outer loop
      vertex -17 192.325 16.4668
      vertex -20 192.211 16.8012
      vertex -17 192.211 16.8012
    endloop
  endfacet
  facet normal 0 0.94651 0.322674
    outer loop
      vertex -20 192.211 16.8012
      vertex -17 192.325 16.4668
      vertex -20 192.325 16.4668
    endloop
  endfacet
  facet normal -0 0.555092 0.831789
    outer loop
      vertex -20 193.469 15.1617
      vertex -17 193.175 15.3579
      vertex -17 193.469 15.1617
    endloop
  endfacet
  facet normal 0 0.555092 0.831789
    outer loop
      vertex -17 193.175 15.3579
      vertex -20 193.469 15.1617
      vertex -20 193.175 15.3579
    endloop
  endfacet
  facet normal 0 -0.896005 0.444043
    outer loop
      vertex -20 197.157 16.15
      vertex -17 197.314 16.4668
      vertex -20 197.314 16.4668
    endloop
  endfacet
  facet normal 0 -0.896005 0.444043
    outer loop
      vertex -17 197.314 16.4668
      vertex -20 197.157 16.15
      vertex -17 197.157 16.15
    endloop
  endfacet
  facet normal 0 -0.555092 0.831789
    outer loop
      vertex -20 196.463 15.3579
      vertex -17 196.169 15.1617
      vertex -17 196.463 15.3579
    endloop
  endfacet
  facet normal 0 -0.555092 0.831789
    outer loop
      vertex -17 196.169 15.1617
      vertex -20 196.463 15.3579
      vertex -20 196.169 15.1617
    endloop
  endfacet
  facet normal -0 0.441999 0.897015
    outer loop
      vertex -20 193.786 15.0055
      vertex -17 193.469 15.1617
      vertex -17 193.786 15.0055
    endloop
  endfacet
  facet normal 0 0.441999 0.897015
    outer loop
      vertex -17 193.469 15.1617
      vertex -20 193.786 15.0055
      vertex -20 193.469 15.1617
    endloop
  endfacet
  facet normal 0 -0.194757 0.980852
    outer loop
      vertex -20 195.518 14.892
      vertex -17 195.171 14.8231
      vertex -17 195.518 14.892
    endloop
  endfacet
  facet normal 0 -0.194757 0.980852
    outer loop
      vertex -17 195.171 14.8231
      vertex -20 195.518 14.892
      vertex -20 195.171 14.8231
    endloop
  endfacet
  facet normal 0 0.997877 0.0651282
    outer loop
      vertex -17 192.142 17.1476
      vertex -20 192.119 17.5
      vertex -17 192.119 17.5
    endloop
  endfacet
  facet normal 0 0.997877 0.0651282
    outer loop
      vertex -20 192.119 17.5
      vertex -17 192.142 17.1476
      vertex -20 192.142 17.1476
    endloop
  endfacet
  facet normal 0 0.980733 0.195354
    outer loop
      vertex -17 192.211 16.8012
      vertex -20 192.142 17.1476
      vertex -17 192.142 17.1476
    endloop
  endfacet
  facet normal 0 0.980733 0.195354
    outer loop
      vertex -20 192.142 17.1476
      vertex -17 192.211 16.8012
      vertex -20 192.211 16.8012
    endloop
  endfacet
  facet normal 0 0.831789 0.555092
    outer loop
      vertex -17 192.677 15.8563
      vertex -20 192.481 16.15
      vertex -17 192.481 16.15
    endloop
  endfacet
  facet normal 0 0.831789 0.555092
    outer loop
      vertex -20 192.481 16.15
      vertex -17 192.677 15.8563
      vertex -20 192.677 15.8563
    endloop
  endfacet
  facet normal 0 -1 0
    outer loop
      vertex -20 197.519 17.5
      vertex -17 197.519 29
      vertex -20 197.519 29
    endloop
  endfacet
  facet normal 0 -1 -0
    outer loop
      vertex -17 197.519 29
      vertex -20 197.519 17.5
      vertex -17 197.519 17.5
    endloop
  endfacet
  facet normal -0 0.194757 0.980852
    outer loop
      vertex -20 174.467 14.8231
      vertex -17 174.12 14.892
      vertex -17 174.467 14.8231
    endloop
  endfacet
  facet normal 0 0.194757 0.980852
    outer loop
      vertex -17 174.12 14.892
      vertex -20 174.467 14.8231
      vertex -20 174.12 14.892
    endloop
  endfacet
  facet normal 0 1 -0
    outer loop
      vertex -17 172.119 17.5
      vertex -20 172.119 29
      vertex -17 172.119 29
    endloop
  endfacet
  facet normal 0 1 0
    outer loop
      vertex -20 172.119 29
      vertex -17 172.119 17.5
      vertex -20 172.119 17.5
    endloop
  endfacet
  facet normal -0 0.660149 0.751135
    outer loop
      vertex -20 173.175 15.3579
      vertex -17 172.91 15.5908
      vertex -17 173.175 15.3579
    endloop
  endfacet
  facet normal 0 0.660149 0.751135
    outer loop
      vertex -17 172.91 15.5908
      vertex -20 173.175 15.3579
      vertex -20 172.91 15.5908
    endloop
  endfacet
  facet normal -0 0.0654841 0.997854
    outer loop
      vertex -20 174.819 14.8
      vertex -17 174.467 14.8231
      vertex -17 174.819 14.8
    endloop
  endfacet
  facet normal 0 0.0654841 0.997854
    outer loop
      vertex -17 174.467 14.8231
      vertex -20 174.819 14.8
      vertex -20 174.467 14.8231
    endloop
  endfacet
  facet normal 0 -0.32175 0.946825
    outer loop
      vertex -20 175.852 15.0055
      vertex -17 175.518 14.892
      vertex -17 175.852 15.0055
    endloop
  endfacet
  facet normal 0 -0.32175 0.946825
    outer loop
      vertex -17 175.518 14.892
      vertex -20 175.852 15.0055
      vertex -20 175.518 14.892
    endloop
  endfacet
  facet normal 0 -0.751611 0.659606
    outer loop
      vertex -20 176.728 15.5908
      vertex -17 176.961 15.8563
      vertex -20 176.961 15.8563
    endloop
  endfacet
  facet normal 0 -0.751611 0.659606
    outer loop
      vertex -17 176.961 15.8563
      vertex -20 176.728 15.5908
      vertex -17 176.728 15.5908
    endloop
  endfacet
  facet normal 0 -0.660149 0.751135
    outer loop
      vertex -20 176.728 15.5908
      vertex -17 176.463 15.3579
      vertex -17 176.728 15.5908
    endloop
  endfacet
  facet normal 0 -0.660149 0.751135
    outer loop
      vertex -17 176.463 15.3579
      vertex -20 176.728 15.5908
      vertex -20 176.463 15.3579
    endloop
  endfacet
  facet normal 0 -0.947372 0.320135
    outer loop
      vertex -20 177.314 16.4668
      vertex -17 177.427 16.8012
      vertex -20 177.427 16.8012
    endloop
  endfacet
  facet normal 0 -0.947372 0.320135
    outer loop
      vertex -17 177.427 16.8012
      vertex -20 177.314 16.4668
      vertex -17 177.314 16.4668
    endloop
  endfacet
  facet normal 0 -0.0654841 0.997854
    outer loop
      vertex -20 175.171 14.8231
      vertex -17 174.819 14.8
      vertex -17 175.171 14.8231
    endloop
  endfacet
  facet normal 0 -0.0654841 0.997854
    outer loop
      vertex -17 174.819 14.8
      vertex -20 175.171 14.8231
      vertex -20 174.819 14.8
    endloop
  endfacet
  facet normal 0 -0.441999 0.897015
    outer loop
      vertex -20 176.169 15.1617
      vertex -17 175.852 15.0055
      vertex -17 176.169 15.1617
    endloop
  endfacet
  facet normal 0 -0.441999 0.897015
    outer loop
      vertex -17 175.852 15.0055
      vertex -20 176.169 15.1617
      vertex -20 175.852 15.0055
    endloop
  endfacet
  facet normal 0 -0.997877 0.0651282
    outer loop
      vertex -20 177.496 17.1476
      vertex -17 177.519 17.5
      vertex -20 177.519 17.5
    endloop
  endfacet
  facet normal 0 -0.997877 0.0651282
    outer loop
      vertex -17 177.519 17.5
      vertex -20 177.496 17.1476
      vertex -17 177.496 17.1476
    endloop
  endfacet
  facet normal 0 0.751611 0.659606
    outer loop
      vertex -17 172.91 15.5908
      vertex -20 172.677 15.8563
      vertex -17 172.677 15.8563
    endloop
  endfacet
  facet normal 0 0.751611 0.659606
    outer loop
      vertex -20 172.677 15.8563
      vertex -17 172.91 15.5908
      vertex -20 172.91 15.5908
    endloop
  endfacet
  facet normal 0 -0.980733 0.195354
    outer loop
      vertex -20 177.427 16.8012
      vertex -17 177.496 17.1476
      vertex -20 177.496 17.1476
    endloop
  endfacet
  facet normal 0 -0.980733 0.195354
    outer loop
      vertex -17 177.496 17.1476
      vertex -20 177.427 16.8012
      vertex -17 177.427 16.8012
    endloop
  endfacet
  facet normal 0 0.94651 0.322674
    outer loop
      vertex -17 172.325 16.4668
      vertex -20 172.211 16.8012
      vertex -17 172.211 16.8012
    endloop
  endfacet
  facet normal 0 0.94651 0.322674
    outer loop
      vertex -20 172.211 16.8012
      vertex -17 172.325 16.4668
      vertex -20 172.325 16.4668
    endloop
  endfacet
  facet normal 0 0.897129 0.441768
    outer loop
      vertex -17 172.481 16.15
      vertex -20 172.325 16.4668
      vertex -17 172.325 16.4668
    endloop
  endfacet
  facet normal 0 0.897129 0.441768
    outer loop
      vertex -20 172.325 16.4668
      vertex -17 172.481 16.15
      vertex -20 172.481 16.15
    endloop
  endfacet
  facet normal 0 -0.831789 0.555092
    outer loop
      vertex -20 176.961 15.8563
      vertex -17 177.157 16.15
      vertex -20 177.157 16.15
    endloop
  endfacet
  facet normal 0 -0.831789 0.555092
    outer loop
      vertex -17 177.157 16.15
      vertex -20 176.961 15.8563
      vertex -17 176.961 15.8563
    endloop
  endfacet
  facet normal -0 0.32175 0.946825
    outer loop
      vertex -20 174.12 14.892
      vertex -17 173.786 15.0055
      vertex -17 174.12 14.892
    endloop
  endfacet
  facet normal 0 0.32175 0.946825
    outer loop
      vertex -17 173.786 15.0055
      vertex -20 174.12 14.892
      vertex -20 173.786 15.0055
    endloop
  endfacet
  facet normal -0 0.555092 0.831789
    outer loop
      vertex -20 173.469 15.1617
      vertex -17 173.175 15.3579
      vertex -17 173.469 15.1617
    endloop
  endfacet
  facet normal 0 0.555092 0.831789
    outer loop
      vertex -17 173.175 15.3579
      vertex -20 173.469 15.1617
      vertex -20 173.175 15.3579
    endloop
  endfacet
  facet normal 0 -0.896005 0.444043
    outer loop
      vertex -20 177.157 16.15
      vertex -17 177.314 16.4668
      vertex -20 177.314 16.4668
    endloop
  endfacet
  facet normal 0 -0.896005 0.444043
    outer loop
      vertex -17 177.314 16.4668
      vertex -20 177.157 16.15
      vertex -17 177.157 16.15
    endloop
  endfacet
  facet normal 0 -0.555092 0.831789
    outer loop
      vertex -20 176.463 15.3579
      vertex -17 176.169 15.1617
      vertex -17 176.463 15.3579
    endloop
  endfacet
  facet normal 0 -0.555092 0.831789
    outer loop
      vertex -17 176.169 15.1617
      vertex -20 176.463 15.3579
      vertex -20 176.169 15.1617
    endloop
  endfacet
  facet normal -0 0.441999 0.897015
    outer loop
      vertex -20 173.786 15.0055
      vertex -17 173.469 15.1617
      vertex -17 173.786 15.0055
    endloop
  endfacet
  facet normal 0 0.441999 0.897015
    outer loop
      vertex -17 173.469 15.1617
      vertex -20 173.786 15.0055
      vertex -20 173.469 15.1617
    endloop
  endfacet
  facet normal 0 -0.194757 0.980852
    outer loop
      vertex -20 175.518 14.892
      vertex -17 175.171 14.8231
      vertex -17 175.518 14.892
    endloop
  endfacet
  facet normal 0 -0.194757 0.980852
    outer loop
      vertex -17 175.171 14.8231
      vertex -20 175.518 14.892
      vertex -20 175.171 14.8231
    endloop
  endfacet
  facet normal 0 0.997877 0.0651282
    outer loop
      vertex -17 172.142 17.1476
      vertex -20 172.119 17.5
      vertex -17 172.119 17.5
    endloop
  endfacet
  facet normal 0 0.997877 0.0651282
    outer loop
      vertex -20 172.119 17.5
      vertex -17 172.142 17.1476
      vertex -20 172.142 17.1476
    endloop
  endfacet
  facet normal 0 0.980733 0.195354
    outer loop
      vertex -17 172.211 16.8012
      vertex -20 172.142 17.1476
      vertex -17 172.142 17.1476
    endloop
  endfacet
  facet normal 0 0.980733 0.195354
    outer loop
      vertex -20 172.142 17.1476
      vertex -17 172.211 16.8012
      vertex -20 172.211 16.8012
    endloop
  endfacet
  facet normal 0 0.831789 0.555092
    outer loop
      vertex -17 172.677 15.8563
      vertex -20 172.481 16.15
      vertex -17 172.481 16.15
    endloop
  endfacet
  facet normal 0 0.831789 0.555092
    outer loop
      vertex -20 172.481 16.15
      vertex -17 172.677 15.8563
      vertex -20 172.677 15.8563
    endloop
  endfacet
  facet normal 0 -1 0
    outer loop
      vertex -20 177.519 17.5
      vertex -17 177.519 29
      vertex -20 177.519 29
    endloop
  endfacet
  facet normal 0 -1 -0
    outer loop
      vertex -17 177.519 29
      vertex -20 177.519 17.5
      vertex -17 177.519 17.5
    endloop
  endfacet
  facet normal -0 0.194757 0.980852
    outer loop
      vertex -20 154.467 14.8231
      vertex -17 154.12 14.892
      vertex -17 154.467 14.8231
    endloop
  endfacet
  facet normal 0 0.194757 0.980852
    outer loop
      vertex -17 154.12 14.892
      vertex -20 154.467 14.8231
      vertex -20 154.12 14.892
    endloop
  endfacet
  facet normal 0 1 -0
    outer loop
      vertex -17 152.119 17.5
      vertex -20 152.119 29
      vertex -17 152.119 29
    endloop
  endfacet
  facet normal 0 1 0
    outer loop
      vertex -20 152.119 29
      vertex -17 152.119 17.5
      vertex -20 152.119 17.5
    endloop
  endfacet
  facet normal -0 0.660149 0.751135
    outer loop
      vertex -20 153.175 15.3579
      vertex -17 152.91 15.5908
      vertex -17 153.175 15.3579
    endloop
  endfacet
  facet normal 0 0.660149 0.751135
    outer loop
      vertex -17 152.91 15.5908
      vertex -20 153.175 15.3579
      vertex -20 152.91 15.5908
    endloop
  endfacet
  facet normal -0 0.0654841 0.997854
    outer loop
      vertex -20 154.819 14.8
      vertex -17 154.467 14.8231
      vertex -17 154.819 14.8
    endloop
  endfacet
  facet normal 0 0.0654841 0.997854
    outer loop
      vertex -17 154.467 14.8231
      vertex -20 154.819 14.8
      vertex -20 154.467 14.8231
    endloop
  endfacet
  facet normal 0 -0.32175 0.946825
    outer loop
      vertex -20 155.852 15.0055
      vertex -17 155.518 14.892
      vertex -17 155.852 15.0055
    endloop
  endfacet
  facet normal 0 -0.32175 0.946825
    outer loop
      vertex -17 155.518 14.892
      vertex -20 155.852 15.0055
      vertex -20 155.518 14.892
    endloop
  endfacet
  facet normal 0 -0.751611 0.659606
    outer loop
      vertex -20 156.728 15.5908
      vertex -17 156.961 15.8563
      vertex -20 156.961 15.8563
    endloop
  endfacet
  facet normal 0 -0.751611 0.659606
    outer loop
      vertex -17 156.961 15.8563
      vertex -20 156.728 15.5908
      vertex -17 156.728 15.5908
    endloop
  endfacet
  facet normal 0 -0.660149 0.751135
    outer loop
      vertex -20 156.728 15.5908
      vertex -17 156.463 15.3579
      vertex -17 156.728 15.5908
    endloop
  endfacet
  facet normal 0 -0.660149 0.751135
    outer loop
      vertex -17 156.463 15.3579
      vertex -20 156.728 15.5908
      vertex -20 156.463 15.3579
    endloop
  endfacet
  facet normal 0 -0.947372 0.320135
    outer loop
      vertex -20 157.314 16.4668
      vertex -17 157.427 16.8012
      vertex -20 157.427 16.8012
    endloop
  endfacet
  facet normal 0 -0.947372 0.320135
    outer loop
      vertex -17 157.427 16.8012
      vertex -20 157.314 16.4668
      vertex -17 157.314 16.4668
    endloop
  endfacet
  facet normal 0 -0.441999 0.897015
    outer loop
      vertex -20 156.169 15.1617
      vertex -17 155.852 15.0055
      vertex -17 156.169 15.1617
    endloop
  endfacet
  facet normal 0 -0.441999 0.897015
    outer loop
      vertex -17 155.852 15.0055
      vertex -20 156.169 15.1617
      vertex -20 155.852 15.0055
    endloop
  endfacet
  facet normal 0 -0.997877 0.0651282
    outer loop
      vertex -20 157.496 17.1476
      vertex -17 157.519 17.5
      vertex -20 157.519 17.5
    endloop
  endfacet
  facet normal 0 -0.997877 0.0651282
    outer loop
      vertex -17 157.519 17.5
      vertex -20 157.496 17.1476
      vertex -17 157.496 17.1476
    endloop
  endfacet
  facet normal 0 0.751611 0.659606
    outer loop
      vertex -17 152.91 15.5908
      vertex -20 152.677 15.8563
      vertex -17 152.677 15.8563
    endloop
  endfacet
  facet normal 0 0.751611 0.659606
    outer loop
      vertex -20 152.677 15.8563
      vertex -17 152.91 15.5908
      vertex -20 152.91 15.5908
    endloop
  endfacet
  facet normal 0 -0.980733 0.195354
    outer loop
      vertex -20 157.427 16.8012
      vertex -17 157.496 17.1476
      vertex -20 157.496 17.1476
    endloop
  endfacet
  facet normal 0 -0.980733 0.195354
    outer loop
      vertex -17 157.496 17.1476
      vertex -20 157.427 16.8012
      vertex -17 157.427 16.8012
    endloop
  endfacet
  facet normal 0 0.897129 0.441768
    outer loop
      vertex -17 152.481 16.15
      vertex -20 152.325 16.4668
      vertex -17 152.325 16.4668
    endloop
  endfacet
  facet normal 0 0.897129 0.441768
    outer loop
      vertex -20 152.325 16.4668
      vertex -17 152.481 16.15
      vertex -20 152.481 16.15
    endloop
  endfacet
  facet normal 0 -0.831789 0.555092
    outer loop
      vertex -20 156.961 15.8563
      vertex -17 157.157 16.15
      vertex -20 157.157 16.15
    endloop
  endfacet
  facet normal 0 -0.831789 0.555092
    outer loop
      vertex -17 157.157 16.15
      vertex -20 156.961 15.8563
      vertex -17 156.961 15.8563
    endloop
  endfacet
  facet normal -0 0.32175 0.946825
    outer loop
      vertex -20 154.12 14.892
      vertex -17 153.786 15.0055
      vertex -17 154.12 14.892
    endloop
  endfacet
  facet normal 0 0.32175 0.946825
    outer loop
      vertex -17 153.786 15.0055
      vertex -20 154.12 14.892
      vertex -20 153.786 15.0055
    endloop
  endfacet
  facet normal 0 0.94651 0.322674
    outer loop
      vertex -17 152.325 16.4668
      vertex -20 152.211 16.8012
      vertex -17 152.211 16.8012
    endloop
  endfacet
  facet normal 0 0.94651 0.322674
    outer loop
      vertex -20 152.211 16.8012
      vertex -17 152.325 16.4668
      vertex -20 152.325 16.4668
    endloop
  endfacet
  facet normal -0 0.555092 0.831789
    outer loop
      vertex -20 153.469 15.1617
      vertex -17 153.175 15.3579
      vertex -17 153.469 15.1617
    endloop
  endfacet
  facet normal 0 0.555092 0.831789
    outer loop
      vertex -17 153.175 15.3579
      vertex -20 153.469 15.1617
      vertex -20 153.175 15.3579
    endloop
  endfacet
  facet normal 0 -0.896005 0.444043
    outer loop
      vertex -20 157.157 16.15
      vertex -17 157.314 16.4668
      vertex -20 157.314 16.4668
    endloop
  endfacet
  facet normal 0 -0.896005 0.444043
    outer loop
      vertex -17 157.314 16.4668
      vertex -20 157.157 16.15
      vertex -17 157.157 16.15
    endloop
  endfacet
  facet normal 0 -0.555092 0.831789
    outer loop
      vertex -20 156.463 15.3579
      vertex -17 156.169 15.1617
      vertex -17 156.463 15.3579
    endloop
  endfacet
  facet normal 0 -0.555092 0.831789
    outer loop
      vertex -17 156.169 15.1617
      vertex -20 156.463 15.3579
      vertex -20 156.169 15.1617
    endloop
  endfacet
  facet normal -0 0.441999 0.897015
    outer loop
      vertex -20 153.786 15.0055
      vertex -17 153.469 15.1617
      vertex -17 153.786 15.0055
    endloop
  endfacet
  facet normal 0 0.441999 0.897015
    outer loop
      vertex -17 153.469 15.1617
      vertex -20 153.786 15.0055
      vertex -20 153.469 15.1617
    endloop
  endfacet
  facet normal 0 -0.0654841 0.997854
    outer loop
      vertex -20 155.171 14.8231
      vertex -17 154.819 14.8
      vertex -17 155.171 14.8231
    endloop
  endfacet
  facet normal 0 -0.0654841 0.997854
    outer loop
      vertex -17 154.819 14.8
      vertex -20 155.171 14.8231
      vertex -20 154.819 14.8
    endloop
  endfacet
  facet normal 0 -0.194757 0.980852
    outer loop
      vertex -20 155.518 14.892
      vertex -17 155.171 14.8231
      vertex -17 155.518 14.892
    endloop
  endfacet
  facet normal 0 -0.194757 0.980852
    outer loop
      vertex -17 155.171 14.8231
      vertex -20 155.518 14.892
      vertex -20 155.171 14.8231
    endloop
  endfacet
  facet normal 0 0.997877 0.0651282
    outer loop
      vertex -17 152.142 17.1476
      vertex -20 152.119 17.5
      vertex -17 152.119 17.5
    endloop
  endfacet
  facet normal 0 0.997877 0.0651282
    outer loop
      vertex -20 152.119 17.5
      vertex -17 152.142 17.1476
      vertex -20 152.142 17.1476
    endloop
  endfacet
  facet normal 0 0.980733 0.195354
    outer loop
      vertex -17 152.211 16.8012
      vertex -20 152.142 17.1476
      vertex -17 152.142 17.1476
    endloop
  endfacet
  facet normal 0 0.980733 0.195354
    outer loop
      vertex -20 152.142 17.1476
      vertex -17 152.211 16.8012
      vertex -20 152.211 16.8012
    endloop
  endfacet
  facet normal 0 0.831789 0.555092
    outer loop
      vertex -17 152.677 15.8563
      vertex -20 152.481 16.15
      vertex -17 152.481 16.15
    endloop
  endfacet
  facet normal 0 0.831789 0.555092
    outer loop
      vertex -20 152.481 16.15
      vertex -17 152.677 15.8563
      vertex -20 152.677 15.8563
    endloop
  endfacet
  facet normal 0 -1 0
    outer loop
      vertex -20 157.519 17.5
      vertex -17 157.519 29
      vertex -20 157.519 29
    endloop
  endfacet
  facet normal 0 -1 -0
    outer loop
      vertex -17 157.519 29
      vertex -20 157.519 17.5
      vertex -17 157.519 17.5
    endloop
  endfacet
  facet normal -0 0.194757 0.980852
    outer loop
      vertex -20 134.467 14.8231
      vertex -17 134.12 14.892
      vertex -17 134.467 14.8231
    endloop
  endfacet
  facet normal 0 0.194757 0.980852
    outer loop
      vertex -17 134.12 14.892
      vertex -20 134.467 14.8231
      vertex -20 134.12 14.892
    endloop
  endfacet
  facet normal 0 1 -0
    outer loop
      vertex -17 132.119 17.5
      vertex -20 132.119 29
      vertex -17 132.119 29
    endloop
  endfacet
  facet normal 0 1 0
    outer loop
      vertex -20 132.119 29
      vertex -17 132.119 17.5
      vertex -20 132.119 17.5
    endloop
  endfacet
  facet normal -0 0.660149 0.751135
    outer loop
      vertex -20 133.175 15.3579
      vertex -17 132.91 15.5908
      vertex -17 133.175 15.3579
    endloop
  endfacet
  facet normal 0 0.660149 0.751135
    outer loop
      vertex -17 132.91 15.5908
      vertex -20 133.175 15.3579
      vertex -20 132.91 15.5908
    endloop
  endfacet
  facet normal -0 0.0654841 0.997854
    outer loop
      vertex -20 134.819 14.8
      vertex -17 134.467 14.8231
      vertex -17 134.819 14.8
    endloop
  endfacet
  facet normal 0 0.0654841 0.997854
    outer loop
      vertex -17 134.467 14.8231
      vertex -20 134.819 14.8
      vertex -20 134.467 14.8231
    endloop
  endfacet
  facet normal 0 -0.32175 0.946825
    outer loop
      vertex -20 135.852 15.0055
      vertex -17 135.518 14.892
      vertex -17 135.852 15.0055
    endloop
  endfacet
  facet normal 0 -0.32175 0.946825
    outer loop
      vertex -17 135.518 14.892
      vertex -20 135.852 15.0055
      vertex -20 135.518 14.892
    endloop
  endfacet
  facet normal 0 -0.751611 0.659606
    outer loop
      vertex -20 136.728 15.5908
      vertex -17 136.961 15.8563
      vertex -20 136.961 15.8563
    endloop
  endfacet
  facet normal 0 -0.751611 0.659606
    outer loop
      vertex -17 136.961 15.8563
      vertex -20 136.728 15.5908
      vertex -17 136.728 15.5908
    endloop
  endfacet
  facet normal 0 -0.660149 0.751135
    outer loop
      vertex -20 136.728 15.5908
      vertex -17 136.463 15.3579
      vertex -17 136.728 15.5908
    endloop
  endfacet
  facet normal 0 -0.660149 0.751135
    outer loop
      vertex -17 136.463 15.3579
      vertex -20 136.728 15.5908
      vertex -20 136.463 15.3579
    endloop
  endfacet
  facet normal 0 -0.947372 0.320135
    outer loop
      vertex -20 137.314 16.4668
      vertex -17 137.427 16.8012
      vertex -20 137.427 16.8012
    endloop
  endfacet
  facet normal 0 -0.947372 0.320135
    outer loop
      vertex -17 137.427 16.8012
      vertex -20 137.314 16.4668
      vertex -17 137.314 16.4668
    endloop
  endfacet
  facet normal 0 -0.441999 0.897015
    outer loop
      vertex -20 136.169 15.1617
      vertex -17 135.852 15.0055
      vertex -17 136.169 15.1617
    endloop
  endfacet
  facet normal 0 -0.441999 0.897015
    outer loop
      vertex -17 135.852 15.0055
      vertex -20 136.169 15.1617
      vertex -20 135.852 15.0055
    endloop
  endfacet
  facet normal 0 -0.997877 0.0651282
    outer loop
      vertex -20 137.496 17.1476
      vertex -17 137.519 17.5
      vertex -20 137.519 17.5
    endloop
  endfacet
  facet normal 0 -0.997877 0.0651282
    outer loop
      vertex -17 137.519 17.5
      vertex -20 137.496 17.1476
      vertex -17 137.496 17.1476
    endloop
  endfacet
  facet normal 0 0.751611 0.659606
    outer loop
      vertex -17 132.91 15.5908
      vertex -20 132.677 15.8563
      vertex -17 132.677 15.8563
    endloop
  endfacet
  facet normal 0 0.751611 0.659606
    outer loop
      vertex -20 132.677 15.8563
      vertex -17 132.91 15.5908
      vertex -20 132.91 15.5908
    endloop
  endfacet
  facet normal 0 -0.980733 0.195354
    outer loop
      vertex -20 137.427 16.8012
      vertex -17 137.496 17.1476
      vertex -20 137.496 17.1476
    endloop
  endfacet
  facet normal 0 -0.980733 0.195354
    outer loop
      vertex -17 137.496 17.1476
      vertex -20 137.427 16.8012
      vertex -17 137.427 16.8012
    endloop
  endfacet
  facet normal 0 0.897129 0.441768
    outer loop
      vertex -17 132.481 16.15
      vertex -20 132.325 16.4668
      vertex -17 132.325 16.4668
    endloop
  endfacet
  facet normal 0 0.897129 0.441768
    outer loop
      vertex -20 132.325 16.4668
      vertex -17 132.481 16.15
      vertex -20 132.481 16.15
    endloop
  endfacet
  facet normal 0 -0.831789 0.555092
    outer loop
      vertex -20 136.961 15.8563
      vertex -17 137.157 16.15
      vertex -20 137.157 16.15
    endloop
  endfacet
  facet normal 0 -0.831789 0.555092
    outer loop
      vertex -17 137.157 16.15
      vertex -20 136.961 15.8563
      vertex -17 136.961 15.8563
    endloop
  endfacet
  facet normal -0 0.32175 0.946825
    outer loop
      vertex -20 134.12 14.892
      vertex -17 133.786 15.0055
      vertex -17 134.12 14.892
    endloop
  endfacet
  facet normal 0 0.32175 0.946825
    outer loop
      vertex -17 133.786 15.0055
      vertex -20 134.12 14.892
      vertex -20 133.786 15.0055
    endloop
  endfacet
  facet normal 0 0.94651 0.322674
    outer loop
      vertex -17 132.325 16.4668
      vertex -20 132.211 16.8012
      vertex -17 132.211 16.8012
    endloop
  endfacet
  facet normal 0 0.94651 0.322674
    outer loop
      vertex -20 132.211 16.8012
      vertex -17 132.325 16.4668
      vertex -20 132.325 16.4668
    endloop
  endfacet
  facet normal -0 0.555092 0.831789
    outer loop
      vertex -20 133.469 15.1617
      vertex -17 133.175 15.3579
      vertex -17 133.469 15.1617
    endloop
  endfacet
  facet normal 0 0.555092 0.831789
    outer loop
      vertex -17 133.175 15.3579
      vertex -20 133.469 15.1617
      vertex -20 133.175 15.3579
    endloop
  endfacet
  facet normal 0 -0.896005 0.444043
    outer loop
      vertex -20 137.157 16.15
      vertex -17 137.314 16.4668
      vertex -20 137.314 16.4668
    endloop
  endfacet
  facet normal 0 -0.896005 0.444043
    outer loop
      vertex -17 137.314 16.4668
      vertex -20 137.157 16.15
      vertex -17 137.157 16.15
    endloop
  endfacet
  facet normal 0 -0.555092 0.831789
    outer loop
      vertex -20 136.463 15.3579
      vertex -17 136.169 15.1617
      vertex -17 136.463 15.3579
    endloop
  endfacet
  facet normal 0 -0.555092 0.831789
    outer loop
      vertex -17 136.169 15.1617
      vertex -20 136.463 15.3579
      vertex -20 136.169 15.1617
    endloop
  endfacet
  facet normal -0 0.441999 0.897015
    outer loop
      vertex -20 133.786 15.0055
      vertex -17 133.469 15.1617
      vertex -17 133.786 15.0055
    endloop
  endfacet
  facet normal 0 0.441999 0.897015
    outer loop
      vertex -17 133.469 15.1617
      vertex -20 133.786 15.0055
      vertex -20 133.469 15.1617
    endloop
  endfacet
  facet normal 0 -0.0654841 0.997854
    outer loop
      vertex -20 135.171 14.8231
      vertex -17 134.819 14.8
      vertex -17 135.171 14.8231
    endloop
  endfacet
  facet normal 0 -0.0654841 0.997854
    outer loop
      vertex -17 134.819 14.8
      vertex -20 135.171 14.8231
      vertex -20 134.819 14.8
    endloop
  endfacet
  facet normal 0 -0.194757 0.980852
    outer loop
      vertex -20 135.518 14.892
      vertex -17 135.171 14.8231
      vertex -17 135.518 14.892
    endloop
  endfacet
  facet normal 0 -0.194757 0.980852
    outer loop
      vertex -17 135.171 14.8231
      vertex -20 135.518 14.892
      vertex -20 135.171 14.8231
    endloop
  endfacet
  facet normal 0 0.997877 0.0651282
    outer loop
      vertex -17 132.142 17.1476
      vertex -20 132.119 17.5
      vertex -17 132.119 17.5
    endloop
  endfacet
  facet normal 0 0.997877 0.0651282
    outer loop
      vertex -20 132.119 17.5
      vertex -17 132.142 17.1476
      vertex -20 132.142 17.1476
    endloop
  endfacet
  facet normal 0 0.980733 0.195354
    outer loop
      vertex -17 132.211 16.8012
      vertex -20 132.142 17.1476
      vertex -17 132.142 17.1476
    endloop
  endfacet
  facet normal 0 0.980733 0.195354
    outer loop
      vertex -20 132.142 17.1476
      vertex -17 132.211 16.8012
      vertex -20 132.211 16.8012
    endloop
  endfacet
  facet normal 0 0.831789 0.555092
    outer loop
      vertex -17 132.677 15.8563
      vertex -20 132.481 16.15
      vertex -17 132.481 16.15
    endloop
  endfacet
  facet normal 0 0.831789 0.555092
    outer loop
      vertex -20 132.481 16.15
      vertex -17 132.677 15.8563
      vertex -20 132.677 15.8563
    endloop
  endfacet
  facet normal 0 -1 0
    outer loop
      vertex -20 137.519 17.5
      vertex -17 137.519 29
      vertex -20 137.519 29
    endloop
  endfacet
  facet normal 0 -1 -0
    outer loop
      vertex -17 137.519 29
      vertex -20 137.519 17.5
      vertex -17 137.519 17.5
    endloop
  endfacet
  facet normal -0 0.194757 0.980852
    outer loop
      vertex -20 114.467 14.8231
      vertex -17 114.12 14.892
      vertex -17 114.467 14.8231
    endloop
  endfacet
  facet normal 0 0.194757 0.980852
    outer loop
      vertex -17 114.12 14.892
      vertex -20 114.467 14.8231
      vertex -20 114.12 14.892
    endloop
  endfacet
  facet normal 0 1 -0
    outer loop
      vertex -17 112.119 17.5
      vertex -20 112.119 29
      vertex -17 112.119 29
    endloop
  endfacet
  facet normal 0 1 0
    outer loop
      vertex -20 112.119 29
      vertex -17 112.119 17.5
      vertex -20 112.119 17.5
    endloop
  endfacet
  facet normal -0 0.660149 0.751135
    outer loop
      vertex -20 113.175 15.3579
      vertex -17 112.91 15.5908
      vertex -17 113.175 15.3579
    endloop
  endfacet
  facet normal 0 0.660149 0.751135
    outer loop
      vertex -17 112.91 15.5908
      vertex -20 113.175 15.3579
      vertex -20 112.91 15.5908
    endloop
  endfacet
  facet normal -0 0.0654841 0.997854
    outer loop
      vertex -20 114.819 14.8
      vertex -17 114.467 14.8231
      vertex -17 114.819 14.8
    endloop
  endfacet
  facet normal 0 0.0654841 0.997854
    outer loop
      vertex -17 114.467 14.8231
      vertex -20 114.819 14.8
      vertex -20 114.467 14.8231
    endloop
  endfacet
  facet normal 0 -0.32175 0.946825
    outer loop
      vertex -20 115.852 15.0055
      vertex -17 115.518 14.892
      vertex -17 115.852 15.0055
    endloop
  endfacet
  facet normal 0 -0.32175 0.946825
    outer loop
      vertex -17 115.518 14.892
      vertex -20 115.852 15.0055
      vertex -20 115.518 14.892
    endloop
  endfacet
  facet normal 0 -0.751611 0.659606
    outer loop
      vertex -20 116.728 15.5908
      vertex -17 116.961 15.8563
      vertex -20 116.961 15.8563
    endloop
  endfacet
  facet normal 0 -0.751611 0.659606
    outer loop
      vertex -17 116.961 15.8563
      vertex -20 116.728 15.5908
      vertex -17 116.728 15.5908
    endloop
  endfacet
  facet normal 0 -0.660149 0.751135
    outer loop
      vertex -20 116.728 15.5908
      vertex -17 116.463 15.3579
      vertex -17 116.728 15.5908
    endloop
  endfacet
  facet normal 0 -0.660149 0.751135
    outer loop
      vertex -17 116.463 15.3579
      vertex -20 116.728 15.5908
      vertex -20 116.463 15.3579
    endloop
  endfacet
  facet normal 0 -0.947372 0.320135
    outer loop
      vertex -20 117.314 16.4668
      vertex -17 117.427 16.8012
      vertex -20 117.427 16.8012
    endloop
  endfacet
  facet normal 0 -0.947372 0.320135
    outer loop
      vertex -17 117.427 16.8012
      vertex -20 117.314 16.4668
      vertex -17 117.314 16.4668
    endloop
  endfacet
  facet normal 0 -0.441999 0.897015
    outer loop
      vertex -20 116.169 15.1617
      vertex -17 115.852 15.0055
      vertex -17 116.169 15.1617
    endloop
  endfacet
  facet normal 0 -0.441999 0.897015
    outer loop
      vertex -17 115.852 15.0055
      vertex -20 116.169 15.1617
      vertex -20 115.852 15.0055
    endloop
  endfacet
  facet normal 0 -0.997877 0.0651282
    outer loop
      vertex -20 117.496 17.1476
      vertex -17 117.519 17.5
      vertex -20 117.519 17.5
    endloop
  endfacet
  facet normal 0 -0.997877 0.0651282
    outer loop
      vertex -17 117.519 17.5
      vertex -20 117.496 17.1476
      vertex -17 117.496 17.1476
    endloop
  endfacet
  facet normal 0 0.751611 0.659606
    outer loop
      vertex -17 112.91 15.5908
      vertex -20 112.677 15.8563
      vertex -17 112.677 15.8563
    endloop
  endfacet
  facet normal 0 0.751611 0.659606
    outer loop
      vertex -20 112.677 15.8563
      vertex -17 112.91 15.5908
      vertex -20 112.91 15.5908
    endloop
  endfacet
  facet normal 0 -0.980733 0.195354
    outer loop
      vertex -20 117.427 16.8012
      vertex -17 117.496 17.1476
      vertex -20 117.496 17.1476
    endloop
  endfacet
  facet normal 0 -0.980733 0.195354
    outer loop
      vertex -17 117.496 17.1476
      vertex -20 117.427 16.8012
      vertex -17 117.427 16.8012
    endloop
  endfacet
  facet normal 0 0.897129 0.441768
    outer loop
      vertex -17 112.481 16.15
      vertex -20 112.325 16.4668
      vertex -17 112.325 16.4668
    endloop
  endfacet
  facet normal 0 0.897129 0.441768
    outer loop
      vertex -20 112.325 16.4668
      vertex -17 112.481 16.15
      vertex -20 112.481 16.15
    endloop
  endfacet
  facet normal 0 -0.831789 0.555092
    outer loop
      vertex -20 116.961 15.8563
      vertex -17 117.157 16.15
      vertex -20 117.157 16.15
    endloop
  endfacet
  facet normal 0 -0.831789 0.555092
    outer loop
      vertex -17 117.157 16.15
      vertex -20 116.961 15.8563
      vertex -17 116.961 15.8563
    endloop
  endfacet
  facet normal -0 0.32175 0.946825
    outer loop
      vertex -20 114.12 14.892
      vertex -17 113.786 15.0055
      vertex -17 114.12 14.892
    endloop
  endfacet
  facet normal 0 0.32175 0.946825
    outer loop
      vertex -17 113.786 15.0055
      vertex -20 114.12 14.892
      vertex -20 113.786 15.0055
    endloop
  endfacet
  facet normal 0 0.94651 0.322674
    outer loop
      vertex -17 112.325 16.4668
      vertex -20 112.211 16.8012
      vertex -17 112.211 16.8012
    endloop
  endfacet
  facet normal 0 0.94651 0.322674
    outer loop
      vertex -20 112.211 16.8012
      vertex -17 112.325 16.4668
      vertex -20 112.325 16.4668
    endloop
  endfacet
  facet normal -0 0.555092 0.831789
    outer loop
      vertex -20 113.469 15.1617
      vertex -17 113.175 15.3579
      vertex -17 113.469 15.1617
    endloop
  endfacet
  facet normal 0 0.555092 0.831789
    outer loop
      vertex -17 113.175 15.3579
      vertex -20 113.469 15.1617
      vertex -20 113.175 15.3579
    endloop
  endfacet
  facet normal 0 -0.896005 0.444043
    outer loop
      vertex -20 117.157 16.15
      vertex -17 117.314 16.4668
      vertex -20 117.314 16.4668
    endloop
  endfacet
  facet normal 0 -0.896005 0.444043
    outer loop
      vertex -17 117.314 16.4668
      vertex -20 117.157 16.15
      vertex -17 117.157 16.15
    endloop
  endfacet
  facet normal 0 -0.555092 0.831789
    outer loop
      vertex -20 116.463 15.3579
      vertex -17 116.169 15.1617
      vertex -17 116.463 15.3579
    endloop
  endfacet
  facet normal 0 -0.555092 0.831789
    outer loop
      vertex -17 116.169 15.1617
      vertex -20 116.463 15.3579
      vertex -20 116.169 15.1617
    endloop
  endfacet
  facet normal -0 0.441999 0.897015
    outer loop
      vertex -20 113.786 15.0055
      vertex -17 113.469 15.1617
      vertex -17 113.786 15.0055
    endloop
  endfacet
  facet normal 0 0.441999 0.897015
    outer loop
      vertex -17 113.469 15.1617
      vertex -20 113.786 15.0055
      vertex -20 113.469 15.1617
    endloop
  endfacet
  facet normal 0 -0.0654841 0.997854
    outer loop
      vertex -20 115.171 14.8231
      vertex -17 114.819 14.8
      vertex -17 115.171 14.8231
    endloop
  endfacet
  facet normal 0 -0.0654841 0.997854
    outer loop
      vertex -17 114.819 14.8
      vertex -20 115.171 14.8231
      vertex -20 114.819 14.8
    endloop
  endfacet
  facet normal 0 -0.194757 0.980852
    outer loop
      vertex -20 115.518 14.892
      vertex -17 115.171 14.8231
      vertex -17 115.518 14.892
    endloop
  endfacet
  facet normal 0 -0.194757 0.980852
    outer loop
      vertex -17 115.171 14.8231
      vertex -20 115.518 14.892
      vertex -20 115.171 14.8231
    endloop
  endfacet
  facet normal 0 0.997877 0.0651282
    outer loop
      vertex -17 112.142 17.1476
      vertex -20 112.119 17.5
      vertex -17 112.119 17.5
    endloop
  endfacet
  facet normal 0 0.997877 0.0651282
    outer loop
      vertex -20 112.119 17.5
      vertex -17 112.142 17.1476
      vertex -20 112.142 17.1476
    endloop
  endfacet
  facet normal 0 0.980733 0.195354
    outer loop
      vertex -17 112.211 16.8012
      vertex -20 112.142 17.1476
      vertex -17 112.142 17.1476
    endloop
  endfacet
  facet normal 0 0.980733 0.195354
    outer loop
      vertex -20 112.142 17.1476
      vertex -17 112.211 16.8012
      vertex -20 112.211 16.8012
    endloop
  endfacet
  facet normal 0 0.831789 0.555092
    outer loop
      vertex -17 112.677 15.8563
      vertex -20 112.481 16.15
      vertex -17 112.481 16.15
    endloop
  endfacet
  facet normal 0 0.831789 0.555092
    outer loop
      vertex -20 112.481 16.15
      vertex -17 112.677 15.8563
      vertex -20 112.677 15.8563
    endloop
  endfacet
  facet normal 0 -1 0
    outer loop
      vertex -20 117.519 17.5
      vertex -17 117.519 29
      vertex -20 117.519 29
    endloop
  endfacet
  facet normal 0 -1 -0
    outer loop
      vertex -17 117.519 29
      vertex -20 117.519 17.5
      vertex -17 117.519 17.5
    endloop
  endfacet
  facet normal -0 0.195081 0.980787
    outer loop
      vertex -20 94.4667 14.8231
      vertex -17 94.1203 14.892
      vertex -17 94.4667 14.8231
    endloop
  endfacet
  facet normal 0 0.195081 0.980787
    outer loop
      vertex -17 94.1203 14.892
      vertex -20 94.4667 14.8231
      vertex -20 94.1203 14.892
    endloop
  endfacet
  facet normal 0 1 -0
    outer loop
      vertex -17 92.1191 17.5
      vertex -20 92.1191 29
      vertex -17 92.1191 29
    endloop
  endfacet
  facet normal 0 1 0
    outer loop
      vertex -20 92.1191 29
      vertex -17 92.1191 17.5
      vertex -20 92.1191 17.5
    endloop
  endfacet
  facet normal -0 0.659446 0.751752
    outer loop
      vertex -20 93.1754 15.3579
      vertex -17 92.9099 15.5908
      vertex -17 93.1754 15.3579
    endloop
  endfacet
  facet normal 0 0.659446 0.751752
    outer loop
      vertex -17 92.9099 15.5908
      vertex -20 93.1754 15.3579
      vertex -20 92.9099 15.5908
    endloop
  endfacet
  facet normal -0 0.0654101 0.997858
    outer loop
      vertex -20 94.8191 14.8
      vertex -17 94.4667 14.8231
      vertex -17 94.8191 14.8
    endloop
  endfacet
  facet normal 0 0.0654101 0.997858
    outer loop
      vertex -17 94.4667 14.8231
      vertex -20 94.8191 14.8
      vertex -20 94.4667 14.8231
    endloop
  endfacet
  facet normal 0 -0.321405 0.946942
    outer loop
      vertex -20 95.8523 15.0055
      vertex -17 95.5179 14.892
      vertex -17 95.8523 15.0055
    endloop
  endfacet
  facet normal 0 -0.321405 0.946942
    outer loop
      vertex -17 95.5179 14.892
      vertex -20 95.8523 15.0055
      vertex -20 95.5179 14.892
    endloop
  endfacet
  facet normal 0 -0.751892 0.659286
    outer loop
      vertex -20 96.7283 15.5908
      vertex -17 96.9611 15.8563
      vertex -20 96.9611 15.8563
    endloop
  endfacet
  facet normal 0 -0.751892 0.659286
    outer loop
      vertex -17 96.9611 15.8563
      vertex -20 96.7283 15.5908
      vertex -17 96.7283 15.5908
    endloop
  endfacet
  facet normal 0 -0.659306 0.751875
    outer loop
      vertex -20 96.7283 15.5908
      vertex -17 96.4627 15.3579
      vertex -17 96.7283 15.5908
    endloop
  endfacet
  facet normal 0 -0.659306 0.751875
    outer loop
      vertex -17 96.4627 15.3579
      vertex -20 96.7283 15.5908
      vertex -20 96.4627 15.3579
    endloop
  endfacet
  facet normal 0 -0.946942 0.321405
    outer loop
      vertex -20 97.3136 16.4668
      vertex -17 97.4271 16.8012
      vertex -20 97.4271 16.8012
    endloop
  endfacet
  facet normal 0 -0.946942 0.321405
    outer loop
      vertex -17 97.4271 16.8012
      vertex -20 97.3136 16.4668
      vertex -17 97.3136 16.4668
    endloop
  endfacet
  facet normal 0 -0.442224 0.896905
    outer loop
      vertex -20 96.1691 15.1617
      vertex -17 95.8523 15.0055
      vertex -17 96.1691 15.1617
    endloop
  endfacet
  facet normal 0 -0.442224 0.896905
    outer loop
      vertex -17 95.8523 15.0055
      vertex -20 96.1691 15.1617
      vertex -20 95.8523 15.0055
    endloop
  endfacet
  facet normal 0 -0.997858 0.0654101
    outer loop
      vertex -20 97.496 17.1476
      vertex -17 97.5191 17.5
      vertex -20 97.5191 17.5
    endloop
  endfacet
  facet normal 0 -0.997858 0.0654101
    outer loop
      vertex -17 97.5191 17.5
      vertex -20 97.496 17.1476
      vertex -17 97.496 17.1476
    endloop
  endfacet
  facet normal 0 0.751752 0.659446
    outer loop
      vertex -17 92.9099 15.5908
      vertex -20 92.677 15.8563
      vertex -17 92.677 15.8563
    endloop
  endfacet
  facet normal 0 0.751752 0.659446
    outer loop
      vertex -20 92.677 15.8563
      vertex -17 92.9099 15.5908
      vertex -20 92.9099 15.5908
    endloop
  endfacet
  facet normal 0 -0.980787 0.195081
    outer loop
      vertex -20 97.4271 16.8012
      vertex -17 97.496 17.1476
      vertex -20 97.496 17.1476
    endloop
  endfacet
  facet normal 0 -0.980787 0.195081
    outer loop
      vertex -17 97.496 17.1476
      vertex -20 97.4271 16.8012
      vertex -17 97.4271 16.8012
    endloop
  endfacet
  facet normal 0 0.896905 0.442224
    outer loop
      vertex -17 92.4808 16.15
      vertex -20 92.3246 16.4668
      vertex -17 92.3246 16.4668
    endloop
  endfacet
  facet normal 0 0.896905 0.442224
    outer loop
      vertex -20 92.3246 16.4668
      vertex -17 92.4808 16.15
      vertex -20 92.4808 16.15
    endloop
  endfacet
  facet normal 0 -0.831527 0.555484
    outer loop
      vertex -20 96.9611 15.8563
      vertex -17 97.1573 16.15
      vertex -20 97.1573 16.15
    endloop
  endfacet
  facet normal 0 -0.831527 0.555484
    outer loop
      vertex -17 97.1573 16.15
      vertex -20 96.9611 15.8563
      vertex -17 96.9611 15.8563
    endloop
  endfacet
  facet normal -0 0.321319 0.946971
    outer loop
      vertex -20 94.1203 14.892
      vertex -17 93.7858 15.0055
      vertex -17 94.1203 14.892
    endloop
  endfacet
  facet normal 0 0.321319 0.946971
    outer loop
      vertex -17 93.7858 15.0055
      vertex -20 94.1203 14.892
      vertex -20 93.7858 15.0055
    endloop
  endfacet
  facet normal 0 0.946942 0.321405
    outer loop
      vertex -17 92.3246 16.4668
      vertex -20 92.2111 16.8012
      vertex -17 92.2111 16.8012
    endloop
  endfacet
  facet normal 0 0.946942 0.321405
    outer loop
      vertex -20 92.2111 16.8012
      vertex -17 92.3246 16.4668
      vertex -20 92.3246 16.4668
    endloop
  endfacet
  facet normal -0 0.555484 0.831527
    outer loop
      vertex -20 93.4691 15.1617
      vertex -17 93.1754 15.3579
      vertex -17 93.4691 15.1617
    endloop
  endfacet
  facet normal 0 0.555484 0.831527
    outer loop
      vertex -17 93.1754 15.3579
      vertex -20 93.4691 15.1617
      vertex -20 93.1754 15.3579
    endloop
  endfacet
  facet normal 0 -0.896792 0.442452
    outer loop
      vertex -20 97.1573 16.15
      vertex -17 97.3136 16.4668
      vertex -20 97.3136 16.4668
    endloop
  endfacet
  facet normal 0 -0.896792 0.442452
    outer loop
      vertex -17 97.3136 16.4668
      vertex -20 97.1573 16.15
      vertex -17 97.1573 16.15
    endloop
  endfacet
  facet normal 0 -0.555615 0.83144
    outer loop
      vertex -20 96.4627 15.3579
      vertex -17 96.1691 15.1617
      vertex -17 96.4627 15.3579
    endloop
  endfacet
  facet normal 0 -0.555615 0.83144
    outer loop
      vertex -17 96.1691 15.1617
      vertex -20 96.4627 15.3579
      vertex -20 96.1691 15.1617
    endloop
  endfacet
  facet normal -0 0.442336 0.896849
    outer loop
      vertex -20 93.7858 15.0055
      vertex -17 93.4691 15.1617
      vertex -17 93.7858 15.0055
    endloop
  endfacet
  facet normal 0 0.442336 0.896849
    outer loop
      vertex -17 93.4691 15.1617
      vertex -20 93.7858 15.0055
      vertex -20 93.4691 15.1617
    endloop
  endfacet
  facet normal 0 -0.0654101 0.997858
    outer loop
      vertex -20 95.1715 14.8231
      vertex -17 94.8191 14.8
      vertex -17 95.1715 14.8231
    endloop
  endfacet
  facet normal 0 -0.0654101 0.997858
    outer loop
      vertex -17 94.8191 14.8
      vertex -20 95.1715 14.8231
      vertex -20 94.8191 14.8
    endloop
  endfacet
  facet normal 0 -0.195081 0.980787
    outer loop
      vertex -20 95.5179 14.892
      vertex -17 95.1715 14.8231
      vertex -17 95.5179 14.892
    endloop
  endfacet
  facet normal 0 -0.195081 0.980787
    outer loop
      vertex -17 95.1715 14.8231
      vertex -20 95.5179 14.892
      vertex -20 95.1715 14.8231
    endloop
  endfacet
  facet normal 0 0.997858 0.0654101
    outer loop
      vertex -17 92.1422 17.1476
      vertex -20 92.1191 17.5
      vertex -17 92.1191 17.5
    endloop
  endfacet
  facet normal 0 0.997858 0.0654101
    outer loop
      vertex -20 92.1191 17.5
      vertex -17 92.1422 17.1476
      vertex -20 92.1422 17.1476
    endloop
  endfacet
  facet normal 0 0.980787 0.195081
    outer loop
      vertex -17 92.2111 16.8012
      vertex -20 92.1422 17.1476
      vertex -17 92.1422 17.1476
    endloop
  endfacet
  facet normal 0 0.980787 0.195081
    outer loop
      vertex -20 92.1422 17.1476
      vertex -17 92.2111 16.8012
      vertex -20 92.2111 16.8012
    endloop
  endfacet
  facet normal 0 0.831527 0.555484
    outer loop
      vertex -17 92.677 15.8563
      vertex -20 92.4808 16.15
      vertex -17 92.4808 16.15
    endloop
  endfacet
  facet normal 0 0.831527 0.555484
    outer loop
      vertex -20 92.4808 16.15
      vertex -17 92.677 15.8563
      vertex -20 92.677 15.8563
    endloop
  endfacet
  facet normal 0 -1 0
    outer loop
      vertex -20 97.5191 17.5
      vertex -17 97.5191 29
      vertex -20 97.5191 29
    endloop
  endfacet
  facet normal 0 -1 -0
    outer loop
      vertex -17 97.5191 29
      vertex -20 97.5191 17.5
      vertex -17 97.5191 17.5
    endloop
  endfacet
  facet normal -0 0.195081 0.980787
    outer loop
      vertex -20 74.4667 14.8231
      vertex -17 74.1203 14.892
      vertex -17 74.4667 14.8231
    endloop
  endfacet
  facet normal 0 0.195081 0.980787
    outer loop
      vertex -17 74.1203 14.892
      vertex -20 74.4667 14.8231
      vertex -20 74.1203 14.892
    endloop
  endfacet
  facet normal 0 1 -0
    outer loop
      vertex -17 72.1191 17.5
      vertex -20 72.1191 29
      vertex -17 72.1191 29
    endloop
  endfacet
  facet normal 0 1 0
    outer loop
      vertex -20 72.1191 29
      vertex -17 72.1191 17.5
      vertex -20 72.1191 17.5
    endloop
  endfacet
  facet normal -0 0.659446 0.751752
    outer loop
      vertex -20 73.1754 15.3579
      vertex -17 72.9099 15.5908
      vertex -17 73.1754 15.3579
    endloop
  endfacet
  facet normal 0 0.659446 0.751752
    outer loop
      vertex -17 72.9099 15.5908
      vertex -20 73.1754 15.3579
      vertex -20 72.9099 15.5908
    endloop
  endfacet
  facet normal -0 0.0654101 0.997858
    outer loop
      vertex -20 74.8191 14.8
      vertex -17 74.4667 14.8231
      vertex -17 74.8191 14.8
    endloop
  endfacet
  facet normal 0 0.0654101 0.997858
    outer loop
      vertex -17 74.4667 14.8231
      vertex -20 74.8191 14.8
      vertex -20 74.4667 14.8231
    endloop
  endfacet
  facet normal 0 -0.321405 0.946942
    outer loop
      vertex -20 75.8523 15.0055
      vertex -17 75.5179 14.892
      vertex -17 75.8523 15.0055
    endloop
  endfacet
  facet normal 0 -0.321405 0.946942
    outer loop
      vertex -17 75.5179 14.892
      vertex -20 75.8523 15.0055
      vertex -20 75.5179 14.892
    endloop
  endfacet
  facet normal 0 -0.751892 0.659286
    outer loop
      vertex -20 76.7283 15.5908
      vertex -17 76.9611 15.8563
      vertex -20 76.9611 15.8563
    endloop
  endfacet
  facet normal 0 -0.751892 0.659286
    outer loop
      vertex -17 76.9611 15.8563
      vertex -20 76.7283 15.5908
      vertex -17 76.7283 15.5908
    endloop
  endfacet
  facet normal 0 -0.659306 0.751875
    outer loop
      vertex -20 76.7283 15.5908
      vertex -17 76.4627 15.3579
      vertex -17 76.7283 15.5908
    endloop
  endfacet
  facet normal 0 -0.659306 0.751875
    outer loop
      vertex -17 76.4627 15.3579
      vertex -20 76.7283 15.5908
      vertex -20 76.4627 15.3579
    endloop
  endfacet
  facet normal 0 -0.946942 0.321405
    outer loop
      vertex -20 77.3136 16.4668
      vertex -17 77.4271 16.8012
      vertex -20 77.4271 16.8012
    endloop
  endfacet
  facet normal 0 -0.946942 0.321405
    outer loop
      vertex -17 77.4271 16.8012
      vertex -20 77.3136 16.4668
      vertex -17 77.3136 16.4668
    endloop
  endfacet
  facet normal 0 -0.442224 0.896905
    outer loop
      vertex -20 76.1691 15.1617
      vertex -17 75.8523 15.0055
      vertex -17 76.1691 15.1617
    endloop
  endfacet
  facet normal 0 -0.442224 0.896905
    outer loop
      vertex -17 75.8523 15.0055
      vertex -20 76.1691 15.1617
      vertex -20 75.8523 15.0055
    endloop
  endfacet
  facet normal 0 -0.997858 0.0654101
    outer loop
      vertex -20 77.496 17.1476
      vertex -17 77.5191 17.5
      vertex -20 77.5191 17.5
    endloop
  endfacet
  facet normal 0 -0.997858 0.0654101
    outer loop
      vertex -17 77.5191 17.5
      vertex -20 77.496 17.1476
      vertex -17 77.496 17.1476
    endloop
  endfacet
  facet normal 0 0.751752 0.659446
    outer loop
      vertex -17 72.9099 15.5908
      vertex -20 72.677 15.8563
      vertex -17 72.677 15.8563
    endloop
  endfacet
  facet normal 0 0.751752 0.659446
    outer loop
      vertex -20 72.677 15.8563
      vertex -17 72.9099 15.5908
      vertex -20 72.9099 15.5908
    endloop
  endfacet
  facet normal 0 -0.980787 0.195081
    outer loop
      vertex -20 77.4271 16.8012
      vertex -17 77.496 17.1476
      vertex -20 77.496 17.1476
    endloop
  endfacet
  facet normal 0 -0.980787 0.195081
    outer loop
      vertex -17 77.496 17.1476
      vertex -20 77.4271 16.8012
      vertex -17 77.4271 16.8012
    endloop
  endfacet
  facet normal 0 0.896905 0.442224
    outer loop
      vertex -17 72.4808 16.15
      vertex -20 72.3246 16.4668
      vertex -17 72.3246 16.4668
    endloop
  endfacet
  facet normal 0 0.896905 0.442224
    outer loop
      vertex -20 72.3246 16.4668
      vertex -17 72.4808 16.15
      vertex -20 72.4808 16.15
    endloop
  endfacet
  facet normal 0 -0.831527 0.555484
    outer loop
      vertex -20 76.9611 15.8563
      vertex -17 77.1573 16.15
      vertex -20 77.1573 16.15
    endloop
  endfacet
  facet normal 0 -0.831527 0.555484
    outer loop
      vertex -17 77.1573 16.15
      vertex -20 76.9611 15.8563
      vertex -17 76.9611 15.8563
    endloop
  endfacet
  facet normal -0 0.321319 0.946971
    outer loop
      vertex -20 74.1203 14.892
      vertex -17 73.7858 15.0055
      vertex -17 74.1203 14.892
    endloop
  endfacet
  facet normal 0 0.321319 0.946971
    outer loop
      vertex -17 73.7858 15.0055
      vertex -20 74.1203 14.892
      vertex -20 73.7858 15.0055
    endloop
  endfacet
  facet normal 0 0.946942 0.321405
    outer loop
      vertex -17 72.3246 16.4668
      vertex -20 72.2111 16.8012
      vertex -17 72.2111 16.8012
    endloop
  endfacet
  facet normal 0 0.946942 0.321405
    outer loop
      vertex -20 72.2111 16.8012
      vertex -17 72.3246 16.4668
      vertex -20 72.3246 16.4668
    endloop
  endfacet
  facet normal -0 0.555484 0.831527
    outer loop
      vertex -20 73.4691 15.1617
      vertex -17 73.1754 15.3579
      vertex -17 73.4691 15.1617
    endloop
  endfacet
  facet normal 0 0.555484 0.831527
    outer loop
      vertex -17 73.1754 15.3579
      vertex -20 73.4691 15.1617
      vertex -20 73.1754 15.3579
    endloop
  endfacet
  facet normal 0 -0.896792 0.442452
    outer loop
      vertex -20 77.1573 16.15
      vertex -17 77.3136 16.4668
      vertex -20 77.3136 16.4668
    endloop
  endfacet
  facet normal 0 -0.896792 0.442452
    outer loop
      vertex -17 77.3136 16.4668
      vertex -20 77.1573 16.15
      vertex -17 77.1573 16.15
    endloop
  endfacet
  facet normal 0 -0.555615 0.83144
    outer loop
      vertex -20 76.4627 15.3579
      vertex -17 76.1691 15.1617
      vertex -17 76.4627 15.3579
    endloop
  endfacet
  facet normal 0 -0.555615 0.83144
    outer loop
      vertex -17 76.1691 15.1617
      vertex -20 76.4627 15.3579
      vertex -20 76.1691 15.1617
    endloop
  endfacet
  facet normal -0 0.442336 0.896849
    outer loop
      vertex -20 73.7858 15.0055
      vertex -17 73.4691 15.1617
      vertex -17 73.7858 15.0055
    endloop
  endfacet
  facet normal 0 0.442336 0.896849
    outer loop
      vertex -17 73.4691 15.1617
      vertex -20 73.7858 15.0055
      vertex -20 73.4691 15.1617
    endloop
  endfacet
  facet normal 0 -0.0654101 0.997858
    outer loop
      vertex -20 75.1715 14.8231
      vertex -17 74.8191 14.8
      vertex -17 75.1715 14.8231
    endloop
  endfacet
  facet normal 0 -0.0654101 0.997858
    outer loop
      vertex -17 74.8191 14.8
      vertex -20 75.1715 14.8231
      vertex -20 74.8191 14.8
    endloop
  endfacet
  facet normal 0 -0.195081 0.980787
    outer loop
      vertex -20 75.5179 14.892
      vertex -17 75.1715 14.8231
      vertex -17 75.5179 14.892
    endloop
  endfacet
  facet normal 0 -0.195081 0.980787
    outer loop
      vertex -17 75.1715 14.8231
      vertex -20 75.5179 14.892
      vertex -20 75.1715 14.8231
    endloop
  endfacet
  facet normal 0 0.997858 0.0654101
    outer loop
      vertex -17 72.1422 17.1476
      vertex -20 72.1191 17.5
      vertex -17 72.1191 17.5
    endloop
  endfacet
  facet normal 0 0.997858 0.0654101
    outer loop
      vertex -20 72.1191 17.5
      vertex -17 72.1422 17.1476
      vertex -20 72.1422 17.1476
    endloop
  endfacet
  facet normal 0 0.980787 0.195081
    outer loop
      vertex -17 72.2111 16.8012
      vertex -20 72.1422 17.1476
      vertex -17 72.1422 17.1476
    endloop
  endfacet
  facet normal 0 0.980787 0.195081
    outer loop
      vertex -20 72.1422 17.1476
      vertex -17 72.2111 16.8012
      vertex -20 72.2111 16.8012
    endloop
  endfacet
  facet normal 0 0.831527 0.555484
    outer loop
      vertex -17 72.677 15.8563
      vertex -20 72.4808 16.15
      vertex -17 72.4808 16.15
    endloop
  endfacet
  facet normal 0 0.831527 0.555484
    outer loop
      vertex -20 72.4808 16.15
      vertex -17 72.677 15.8563
      vertex -20 72.677 15.8563
    endloop
  endfacet
  facet normal 0 -1 0
    outer loop
      vertex -20 77.5191 17.5
      vertex -17 77.5191 29
      vertex -20 77.5191 29
    endloop
  endfacet
  facet normal 0 -1 -0
    outer loop
      vertex -17 77.5191 29
      vertex -20 77.5191 17.5
      vertex -17 77.5191 17.5
    endloop
  endfacet
  facet normal -0 0.195081 0.980787
    outer loop
      vertex -20 54.4667 14.8231
      vertex -17 54.1203 14.892
      vertex -17 54.4667 14.8231
    endloop
  endfacet
  facet normal 0 0.195081 0.980787
    outer loop
      vertex -17 54.1203 14.892
      vertex -20 54.4667 14.8231
      vertex -20 54.1203 14.892
    endloop
  endfacet
  facet normal 0 1 -0
    outer loop
      vertex -17 52.1191 17.5
      vertex -20 52.1191 29
      vertex -17 52.1191 29
    endloop
  endfacet
  facet normal 0 1 0
    outer loop
      vertex -20 52.1191 29
      vertex -17 52.1191 17.5
      vertex -20 52.1191 17.5
    endloop
  endfacet
  facet normal -0 0.659446 0.751752
    outer loop
      vertex -20 53.1754 15.3579
      vertex -17 52.9099 15.5908
      vertex -17 53.1754 15.3579
    endloop
  endfacet
  facet normal 0 0.659446 0.751752
    outer loop
      vertex -17 52.9099 15.5908
      vertex -20 53.1754 15.3579
      vertex -20 52.9099 15.5908
    endloop
  endfacet
  facet normal -0 0.0654101 0.997858
    outer loop
      vertex -20 54.8191 14.8
      vertex -17 54.4667 14.8231
      vertex -17 54.8191 14.8
    endloop
  endfacet
  facet normal 0 0.0654101 0.997858
    outer loop
      vertex -17 54.4667 14.8231
      vertex -20 54.8191 14.8
      vertex -20 54.4667 14.8231
    endloop
  endfacet
  facet normal 0 -0.321405 0.946942
    outer loop
      vertex -20 55.8523 15.0055
      vertex -17 55.5179 14.892
      vertex -17 55.8523 15.0055
    endloop
  endfacet
  facet normal 0 -0.321405 0.946942
    outer loop
      vertex -17 55.5179 14.892
      vertex -20 55.8523 15.0055
      vertex -20 55.5179 14.892
    endloop
  endfacet
  facet normal 0 -0.751892 0.659286
    outer loop
      vertex -20 56.7283 15.5908
      vertex -17 56.9611 15.8563
      vertex -20 56.9611 15.8563
    endloop
  endfacet
  facet normal 0 -0.751892 0.659286
    outer loop
      vertex -17 56.9611 15.8563
      vertex -20 56.7283 15.5908
      vertex -17 56.7283 15.5908
    endloop
  endfacet
  facet normal 0 -0.659306 0.751875
    outer loop
      vertex -20 56.7283 15.5908
      vertex -17 56.4627 15.3579
      vertex -17 56.7283 15.5908
    endloop
  endfacet
  facet normal 0 -0.659306 0.751875
    outer loop
      vertex -17 56.4627 15.3579
      vertex -20 56.7283 15.5908
      vertex -20 56.4627 15.3579
    endloop
  endfacet
  facet normal 0 -0.946856 0.321659
    outer loop
      vertex -20 57.3135 16.4668
      vertex -17 57.4271 16.8012
      vertex -20 57.4271 16.8012
    endloop
  endfacet
  facet normal 0 -0.946856 0.321659
    outer loop
      vertex -17 57.4271 16.8012
      vertex -20 57.3135 16.4668
      vertex -17 57.3135 16.4668
    endloop
  endfacet
  facet normal 0 -0.442224 0.896905
    outer loop
      vertex -20 56.1691 15.1617
      vertex -17 55.8523 15.0055
      vertex -17 56.1691 15.1617
    endloop
  endfacet
  facet normal 0 -0.442224 0.896905
    outer loop
      vertex -17 55.8523 15.0055
      vertex -20 56.1691 15.1617
      vertex -20 55.8523 15.0055
    endloop
  endfacet
  facet normal 0 -0.997858 0.0654101
    outer loop
      vertex -20 57.496 17.1476
      vertex -17 57.5191 17.5
      vertex -20 57.5191 17.5
    endloop
  endfacet
  facet normal 0 -0.997858 0.0654101
    outer loop
      vertex -17 57.5191 17.5
      vertex -20 57.496 17.1476
      vertex -17 57.496 17.1476
    endloop
  endfacet
  facet normal 0 0.751752 0.659446
    outer loop
      vertex -17 52.9099 15.5908
      vertex -20 52.677 15.8563
      vertex -17 52.677 15.8563
    endloop
  endfacet
  facet normal 0 0.751752 0.659446
    outer loop
      vertex -20 52.677 15.8563
      vertex -17 52.9099 15.5908
      vertex -20 52.9099 15.5908
    endloop
  endfacet
  facet normal 0 -0.980787 0.195081
    outer loop
      vertex -20 57.4271 16.8012
      vertex -17 57.496 17.1476
      vertex -20 57.496 17.1476
    endloop
  endfacet
  facet normal 0 -0.980787 0.195081
    outer loop
      vertex -17 57.496 17.1476
      vertex -20 57.4271 16.8012
      vertex -17 57.4271 16.8012
    endloop
  endfacet
  facet normal 0 0.896905 0.442224
    outer loop
      vertex -17 52.4808 16.15
      vertex -20 52.3246 16.4668
      vertex -17 52.3246 16.4668
    endloop
  endfacet
  facet normal 0 0.896905 0.442224
    outer loop
      vertex -20 52.3246 16.4668
      vertex -17 52.4808 16.15
      vertex -20 52.4808 16.15
    endloop
  endfacet
  facet normal 0 -0.831527 0.555484
    outer loop
      vertex -20 56.9611 15.8563
      vertex -17 57.1573 16.15
      vertex -20 57.1573 16.15
    endloop
  endfacet
  facet normal 0 -0.831527 0.555484
    outer loop
      vertex -17 57.1573 16.15
      vertex -20 56.9611 15.8563
      vertex -17 56.9611 15.8563
    endloop
  endfacet
  facet normal -0 0.321319 0.946971
    outer loop
      vertex -20 54.1203 14.892
      vertex -17 53.7858 15.0055
      vertex -17 54.1203 14.892
    endloop
  endfacet
  facet normal 0 0.321319 0.946971
    outer loop
      vertex -17 53.7858 15.0055
      vertex -20 54.1203 14.892
      vertex -20 53.7858 15.0055
    endloop
  endfacet
  facet normal 0 0.946942 0.321405
    outer loop
      vertex -17 52.3246 16.4668
      vertex -20 52.2111 16.8012
      vertex -17 52.2111 16.8012
    endloop
  endfacet
  facet normal 0 0.946942 0.321405
    outer loop
      vertex -20 52.2111 16.8012
      vertex -17 52.3246 16.4668
      vertex -20 52.3246 16.4668
    endloop
  endfacet
  facet normal -0 0.555484 0.831527
    outer loop
      vertex -20 53.4691 15.1617
      vertex -17 53.1754 15.3579
      vertex -17 53.4691 15.1617
    endloop
  endfacet
  facet normal 0 0.555484 0.831527
    outer loop
      vertex -17 53.1754 15.3579
      vertex -20 53.4691 15.1617
      vertex -20 53.1754 15.3579
    endloop
  endfacet
  facet normal 0 -0.896905 0.442224
    outer loop
      vertex -20 57.1573 16.15
      vertex -17 57.3135 16.4668
      vertex -20 57.3135 16.4668
    endloop
  endfacet
  facet normal 0 -0.896905 0.442224
    outer loop
      vertex -17 57.3135 16.4668
      vertex -20 57.1573 16.15
      vertex -17 57.1573 16.15
    endloop
  endfacet
  facet normal 0 -0.555615 0.83144
    outer loop
      vertex -20 56.4627 15.3579
      vertex -17 56.1691 15.1617
      vertex -17 56.4627 15.3579
    endloop
  endfacet
  facet normal 0 -0.555615 0.83144
    outer loop
      vertex -17 56.1691 15.1617
      vertex -20 56.4627 15.3579
      vertex -20 56.1691 15.1617
    endloop
  endfacet
  facet normal -0 0.442336 0.896849
    outer loop
      vertex -20 53.7858 15.0055
      vertex -17 53.4691 15.1617
      vertex -17 53.7858 15.0055
    endloop
  endfacet
  facet normal 0 0.442336 0.896849
    outer loop
      vertex -17 53.4691 15.1617
      vertex -20 53.7858 15.0055
      vertex -20 53.4691 15.1617
    endloop
  endfacet
  facet normal 0 -0.0654101 0.997858
    outer loop
      vertex -20 55.1715 14.8231
      vertex -17 54.8191 14.8
      vertex -17 55.1715 14.8231
    endloop
  endfacet
  facet normal 0 -0.0654101 0.997858
    outer loop
      vertex -17 54.8191 14.8
      vertex -20 55.1715 14.8231
      vertex -20 54.8191 14.8
    endloop
  endfacet
  facet normal 0 -0.195081 0.980787
    outer loop
      vertex -20 55.5179 14.892
      vertex -17 55.1715 14.8231
      vertex -17 55.5179 14.892
    endloop
  endfacet
  facet normal 0 -0.195081 0.980787
    outer loop
      vertex -17 55.1715 14.8231
      vertex -20 55.5179 14.892
      vertex -20 55.1715 14.8231
    endloop
  endfacet
  facet normal 0 0.997858 0.0654101
    outer loop
      vertex -17 52.1422 17.1476
      vertex -20 52.1191 17.5
      vertex -17 52.1191 17.5
    endloop
  endfacet
  facet normal 0 0.997858 0.0654101
    outer loop
      vertex -20 52.1191 17.5
      vertex -17 52.1422 17.1476
      vertex -20 52.1422 17.1476
    endloop
  endfacet
  facet normal 0 0.980787 0.195081
    outer loop
      vertex -17 52.2111 16.8012
      vertex -20 52.1422 17.1476
      vertex -17 52.1422 17.1476
    endloop
  endfacet
  facet normal 0 0.980787 0.195081
    outer loop
      vertex -20 52.1422 17.1476
      vertex -17 52.2111 16.8012
      vertex -20 52.2111 16.8012
    endloop
  endfacet
  facet normal 0 0.831527 0.555484
    outer loop
      vertex -17 52.677 15.8563
      vertex -20 52.4808 16.15
      vertex -17 52.4808 16.15
    endloop
  endfacet
  facet normal 0 0.831527 0.555484
    outer loop
      vertex -20 52.4808 16.15
      vertex -17 52.677 15.8563
      vertex -20 52.677 15.8563
    endloop
  endfacet
  facet normal 0 -1 0
    outer loop
      vertex -20 57.5191 17.5
      vertex -17 57.5191 29
      vertex -20 57.5191 29
    endloop
  endfacet
  facet normal 0 -1 -0
    outer loop
      vertex -17 57.5191 29
      vertex -20 57.5191 17.5
      vertex -17 57.5191 17.5
    endloop
  endfacet
  facet normal -0 0.195081 0.980787
    outer loop
      vertex -20 34.4667 14.8231
      vertex -17 34.1203 14.892
      vertex -17 34.4667 14.8231
    endloop
  endfacet
  facet normal 0 0.195081 0.980787
    outer loop
      vertex -17 34.1203 14.892
      vertex -20 34.4667 14.8231
      vertex -20 34.1203 14.892
    endloop
  endfacet
  facet normal 0 1 -0
    outer loop
      vertex -17 32.1191 17.5
      vertex -20 32.1191 29
      vertex -17 32.1191 29
    endloop
  endfacet
  facet normal 0 1 0
    outer loop
      vertex -20 32.1191 29
      vertex -17 32.1191 17.5
      vertex -20 32.1191 17.5
    endloop
  endfacet
  facet normal -0 0.659446 0.751752
    outer loop
      vertex -20 33.1754 15.3579
      vertex -17 32.9099 15.5908
      vertex -17 33.1754 15.3579
    endloop
  endfacet
  facet normal 0 0.659446 0.751752
    outer loop
      vertex -17 32.9099 15.5908
      vertex -20 33.1754 15.3579
      vertex -20 32.9099 15.5908
    endloop
  endfacet
  facet normal -0 0.0654101 0.997858
    outer loop
      vertex -20 34.8191 14.8
      vertex -17 34.4667 14.8231
      vertex -17 34.8191 14.8
    endloop
  endfacet
  facet normal 0 0.0654101 0.997858
    outer loop
      vertex -17 34.4667 14.8231
      vertex -20 34.8191 14.8
      vertex -20 34.4667 14.8231
    endloop
  endfacet
  facet normal 0 -0.321405 0.946942
    outer loop
      vertex -20 35.8523 15.0055
      vertex -17 35.5179 14.892
      vertex -17 35.8523 15.0055
    endloop
  endfacet
  facet normal 0 -0.321405 0.946942
    outer loop
      vertex -17 35.5179 14.892
      vertex -20 35.8523 15.0055
      vertex -20 35.5179 14.892
    endloop
  endfacet
  facet normal 0 -0.751892 0.659286
    outer loop
      vertex -20 36.7283 15.5908
      vertex -17 36.9611 15.8563
      vertex -20 36.9611 15.8563
    endloop
  endfacet
  facet normal 0 -0.751892 0.659286
    outer loop
      vertex -17 36.9611 15.8563
      vertex -20 36.7283 15.5908
      vertex -17 36.7283 15.5908
    endloop
  endfacet
  facet normal 0 -0.659306 0.751875
    outer loop
      vertex -20 36.7283 15.5908
      vertex -17 36.4627 15.3579
      vertex -17 36.7283 15.5908
    endloop
  endfacet
  facet normal 0 -0.659306 0.751875
    outer loop
      vertex -17 36.4627 15.3579
      vertex -20 36.7283 15.5908
      vertex -20 36.4627 15.3579
    endloop
  endfacet
  facet normal 0 -0.946856 0.321659
    outer loop
      vertex -20 37.3135 16.4668
      vertex -17 37.4271 16.8012
      vertex -20 37.4271 16.8012
    endloop
  endfacet
  facet normal 0 -0.946856 0.321659
    outer loop
      vertex -17 37.4271 16.8012
      vertex -20 37.3135 16.4668
      vertex -17 37.3135 16.4668
    endloop
  endfacet
  facet normal 0 -0.442224 0.896905
    outer loop
      vertex -20 36.1691 15.1617
      vertex -17 35.8523 15.0055
      vertex -17 36.1691 15.1617
    endloop
  endfacet
  facet normal 0 -0.442224 0.896905
    outer loop
      vertex -17 35.8523 15.0055
      vertex -20 36.1691 15.1617
      vertex -20 35.8523 15.0055
    endloop
  endfacet
  facet normal 0 -0.997858 0.0654101
    outer loop
      vertex -20 37.496 17.1476
      vertex -17 37.5191 17.5
      vertex -20 37.5191 17.5
    endloop
  endfacet
  facet normal 0 -0.997858 0.0654101
    outer loop
      vertex -17 37.5191 17.5
      vertex -20 37.496 17.1476
      vertex -17 37.496 17.1476
    endloop
  endfacet
  facet normal 0 0.751752 0.659446
    outer loop
      vertex -17 32.9099 15.5908
      vertex -20 32.677 15.8563
      vertex -17 32.677 15.8563
    endloop
  endfacet
  facet normal 0 0.751752 0.659446
    outer loop
      vertex -20 32.677 15.8563
      vertex -17 32.9099 15.5908
      vertex -20 32.9099 15.5908
    endloop
  endfacet
  facet normal 0 -0.980787 0.195081
    outer loop
      vertex -20 37.4271 16.8012
      vertex -17 37.496 17.1476
      vertex -20 37.496 17.1476
    endloop
  endfacet
  facet normal 0 -0.980787 0.195081
    outer loop
      vertex -17 37.496 17.1476
      vertex -20 37.4271 16.8012
      vertex -17 37.4271 16.8012
    endloop
  endfacet
  facet normal 0 0.946942 0.321405
    outer loop
      vertex -17 32.3246 16.4668
      vertex -20 32.2111 16.8012
      vertex -17 32.2111 16.8012
    endloop
  endfacet
  facet normal 0 0.946942 0.321405
    outer loop
      vertex -20 32.2111 16.8012
      vertex -17 32.3246 16.4668
      vertex -20 32.3246 16.4668
    endloop
  endfacet
  facet normal 0 0.896905 0.442224
    outer loop
      vertex -17 32.4808 16.15
      vertex -20 32.3246 16.4668
      vertex -17 32.3246 16.4668
    endloop
  endfacet
  facet normal 0 0.896905 0.442224
    outer loop
      vertex -20 32.3246 16.4668
      vertex -17 32.4808 16.15
      vertex -20 32.4808 16.15
    endloop
  endfacet
  facet normal 0 -0.831527 0.555484
    outer loop
      vertex -20 36.9611 15.8563
      vertex -17 37.1573 16.15
      vertex -20 37.1573 16.15
    endloop
  endfacet
  facet normal 0 -0.831527 0.555484
    outer loop
      vertex -17 37.1573 16.15
      vertex -20 36.9611 15.8563
      vertex -17 36.9611 15.8563
    endloop
  endfacet
  facet normal -0 0.321319 0.946971
    outer loop
      vertex -20 34.1203 14.892
      vertex -17 33.7858 15.0055
      vertex -17 34.1203 14.892
    endloop
  endfacet
  facet normal 0 0.321319 0.946971
    outer loop
      vertex -17 33.7858 15.0055
      vertex -20 34.1203 14.892
      vertex -20 33.7858 15.0055
    endloop
  endfacet
  facet normal -0 0.555484 0.831527
    outer loop
      vertex -20 33.4691 15.1617
      vertex -17 33.1754 15.3579
      vertex -17 33.4691 15.1617
    endloop
  endfacet
  facet normal 0 0.555484 0.831527
    outer loop
      vertex -17 33.1754 15.3579
      vertex -20 33.4691 15.1617
      vertex -20 33.1754 15.3579
    endloop
  endfacet
  facet normal 0 -0.896905 0.442224
    outer loop
      vertex -20 37.1573 16.15
      vertex -17 37.3135 16.4668
      vertex -20 37.3135 16.4668
    endloop
  endfacet
  facet normal 0 -0.896905 0.442224
    outer loop
      vertex -17 37.3135 16.4668
      vertex -20 37.1573 16.15
      vertex -17 37.1573 16.15
    endloop
  endfacet
  facet normal 0 -0.555615 0.83144
    outer loop
      vertex -20 36.4627 15.3579
      vertex -17 36.1691 15.1617
      vertex -17 36.4627 15.3579
    endloop
  endfacet
  facet normal 0 -0.555615 0.83144
    outer loop
      vertex -17 36.1691 15.1617
      vertex -20 36.4627 15.3579
      vertex -20 36.1691 15.1617
    endloop
  endfacet
  facet normal -0 0.442336 0.896849
    outer loop
      vertex -20 33.7858 15.0055
      vertex -17 33.4691 15.1617
      vertex -17 33.7858 15.0055
    endloop
  endfacet
  facet normal 0 0.442336 0.896849
    outer loop
      vertex -17 33.4691 15.1617
      vertex -20 33.7858 15.0055
      vertex -20 33.4691 15.1617
    endloop
  endfacet
  facet normal 0 -0.0654101 0.997858
    outer loop
      vertex -20 35.1715 14.8231
      vertex -17 34.8191 14.8
      vertex -17 35.1715 14.8231
    endloop
  endfacet
  facet normal 0 -0.0654101 0.997858
    outer loop
      vertex -17 34.8191 14.8
      vertex -20 35.1715 14.8231
      vertex -20 34.8191 14.8
    endloop
  endfacet
  facet normal 0 -0.195081 0.980787
    outer loop
      vertex -20 35.5179 14.892
      vertex -17 35.1715 14.8231
      vertex -17 35.5179 14.892
    endloop
  endfacet
  facet normal 0 -0.195081 0.980787
    outer loop
      vertex -17 35.1715 14.8231
      vertex -20 35.5179 14.892
      vertex -20 35.1715 14.8231
    endloop
  endfacet
  facet normal 0 0.997858 0.0654101
    outer loop
      vertex -17 32.1422 17.1476
      vertex -20 32.1191 17.5
      vertex -17 32.1191 17.5
    endloop
  endfacet
  facet normal 0 0.997858 0.0654101
    outer loop
      vertex -20 32.1191 17.5
      vertex -17 32.1422 17.1476
      vertex -20 32.1422 17.1476
    endloop
  endfacet
  facet normal 0 0.980787 0.195081
    outer loop
      vertex -17 32.2111 16.8012
      vertex -20 32.1422 17.1476
      vertex -17 32.1422 17.1476
    endloop
  endfacet
  facet normal 0 0.980787 0.195081
    outer loop
      vertex -20 32.1422 17.1476
      vertex -17 32.2111 16.8012
      vertex -20 32.2111 16.8012
    endloop
  endfacet
  facet normal 0 0.831527 0.555484
    outer loop
      vertex -17 32.677 15.8563
      vertex -20 32.4808 16.15
      vertex -17 32.4808 16.15
    endloop
  endfacet
  facet normal 0 0.831527 0.555484
    outer loop
      vertex -20 32.4808 16.15
      vertex -17 32.677 15.8563
      vertex -20 32.677 15.8563
    endloop
  endfacet
  facet normal 0 -1 0
    outer loop
      vertex -20 37.5191 17.5
      vertex -17 37.5191 29
      vertex -20 37.5191 29
    endloop
  endfacet
  facet normal 0 -1 -0
    outer loop
      vertex -17 37.5191 29
      vertex -20 37.5191 17.5
      vertex -17 37.5191 17.5
    endloop
  endfacet
  facet normal -0 0.194757 0.980852
    outer loop
      vertex -163 214.467 14.8231
      vertex -160 214.12 14.892
      vertex -160 214.467 14.8231
    endloop
  endfacet
  facet normal 0 0.194757 0.980852
    outer loop
      vertex -160 214.12 14.892
      vertex -163 214.467 14.8231
      vertex -163 214.12 14.892
    endloop
  endfacet
  facet normal 0 1 -0
    outer loop
      vertex -160 212.119 17.5
      vertex -163 212.119 29
      vertex -160 212.119 29
    endloop
  endfacet
  facet normal 0 1 0
    outer loop
      vertex -163 212.119 29
      vertex -160 212.119 17.5
      vertex -163 212.119 17.5
    endloop
  endfacet
  facet normal -0 0.660149 0.751135
    outer loop
      vertex -163 213.175 15.3579
      vertex -160 212.91 15.5908
      vertex -160 213.175 15.3579
    endloop
  endfacet
  facet normal 0 0.660149 0.751135
    outer loop
      vertex -160 212.91 15.5908
      vertex -163 213.175 15.3579
      vertex -163 212.91 15.5908
    endloop
  endfacet
  facet normal -0 0.0654841 0.997854
    outer loop
      vertex -163 214.819 14.8
      vertex -160 214.467 14.8231
      vertex -160 214.819 14.8
    endloop
  endfacet
  facet normal 0 0.0654841 0.997854
    outer loop
      vertex -160 214.467 14.8231
      vertex -163 214.819 14.8
      vertex -163 214.467 14.8231
    endloop
  endfacet
  facet normal 0 -0.32175 0.946825
    outer loop
      vertex -163 215.852 15.0055
      vertex -160 215.518 14.892
      vertex -160 215.852 15.0055
    endloop
  endfacet
  facet normal 0 -0.32175 0.946825
    outer loop
      vertex -160 215.518 14.892
      vertex -163 215.852 15.0055
      vertex -163 215.518 14.892
    endloop
  endfacet
  facet normal 0 -0.751611 0.659606
    outer loop
      vertex -163 216.728 15.5908
      vertex -160 216.961 15.8563
      vertex -163 216.961 15.8563
    endloop
  endfacet
  facet normal 0 -0.751611 0.659606
    outer loop
      vertex -160 216.961 15.8563
      vertex -163 216.728 15.5908
      vertex -160 216.728 15.5908
    endloop
  endfacet
  facet normal 0 -0.660149 0.751135
    outer loop
      vertex -163 216.728 15.5908
      vertex -160 216.463 15.3579
      vertex -160 216.728 15.5908
    endloop
  endfacet
  facet normal 0 -0.660149 0.751135
    outer loop
      vertex -160 216.463 15.3579
      vertex -163 216.728 15.5908
      vertex -163 216.463 15.3579
    endloop
  endfacet
  facet normal 0 -0.947372 0.320135
    outer loop
      vertex -163 217.314 16.4668
      vertex -160 217.427 16.8012
      vertex -163 217.427 16.8012
    endloop
  endfacet
  facet normal 0 -0.947372 0.320135
    outer loop
      vertex -160 217.427 16.8012
      vertex -163 217.314 16.4668
      vertex -160 217.314 16.4668
    endloop
  endfacet
  facet normal 0 -0.441999 0.897015
    outer loop
      vertex -163 216.169 15.1617
      vertex -160 215.852 15.0055
      vertex -160 216.169 15.1617
    endloop
  endfacet
  facet normal 0 -0.441999 0.897015
    outer loop
      vertex -160 215.852 15.0055
      vertex -163 216.169 15.1617
      vertex -163 215.852 15.0055
    endloop
  endfacet
  facet normal 0 -0.997877 0.0651282
    outer loop
      vertex -163 217.496 17.1476
      vertex -160 217.519 17.5
      vertex -163 217.519 17.5
    endloop
  endfacet
  facet normal 0 -0.997877 0.0651282
    outer loop
      vertex -160 217.519 17.5
      vertex -163 217.496 17.1476
      vertex -160 217.496 17.1476
    endloop
  endfacet
  facet normal 0 0.751611 0.659606
    outer loop
      vertex -160 212.91 15.5908
      vertex -163 212.677 15.8563
      vertex -160 212.677 15.8563
    endloop
  endfacet
  facet normal 0 0.751611 0.659606
    outer loop
      vertex -163 212.677 15.8563
      vertex -160 212.91 15.5908
      vertex -163 212.91 15.5908
    endloop
  endfacet
  facet normal 0 -0.980733 0.195354
    outer loop
      vertex -163 217.427 16.8012
      vertex -160 217.496 17.1476
      vertex -163 217.496 17.1476
    endloop
  endfacet
  facet normal 0 -0.980733 0.195354
    outer loop
      vertex -160 217.496 17.1476
      vertex -163 217.427 16.8012
      vertex -160 217.427 16.8012
    endloop
  endfacet
  facet normal 0 0.94651 0.322674
    outer loop
      vertex -160 212.325 16.4668
      vertex -163 212.211 16.8012
      vertex -160 212.211 16.8012
    endloop
  endfacet
  facet normal 0 0.94651 0.322674
    outer loop
      vertex -163 212.211 16.8012
      vertex -160 212.325 16.4668
      vertex -163 212.325 16.4668
    endloop
  endfacet
  facet normal 0 0.897129 0.441768
    outer loop
      vertex -160 212.481 16.15
      vertex -163 212.325 16.4668
      vertex -160 212.325 16.4668
    endloop
  endfacet
  facet normal 0 0.897129 0.441768
    outer loop
      vertex -163 212.325 16.4668
      vertex -160 212.481 16.15
      vertex -163 212.481 16.15
    endloop
  endfacet
  facet normal 0 -0.831789 0.555092
    outer loop
      vertex -163 216.961 15.8563
      vertex -160 217.157 16.15
      vertex -163 217.157 16.15
    endloop
  endfacet
  facet normal 0 -0.831789 0.555092
    outer loop
      vertex -160 217.157 16.15
      vertex -163 216.961 15.8563
      vertex -160 216.961 15.8563
    endloop
  endfacet
  facet normal -0 0.32175 0.946825
    outer loop
      vertex -163 214.12 14.892
      vertex -160 213.786 15.0055
      vertex -160 214.12 14.892
    endloop
  endfacet
  facet normal 0 0.32175 0.946825
    outer loop
      vertex -160 213.786 15.0055
      vertex -163 214.12 14.892
      vertex -163 213.786 15.0055
    endloop
  endfacet
  facet normal -0 0.555092 0.831789
    outer loop
      vertex -163 213.469 15.1617
      vertex -160 213.175 15.3579
      vertex -160 213.469 15.1617
    endloop
  endfacet
  facet normal 0 0.555092 0.831789
    outer loop
      vertex -160 213.175 15.3579
      vertex -163 213.469 15.1617
      vertex -163 213.175 15.3579
    endloop
  endfacet
  facet normal 0 -0.896005 0.444043
    outer loop
      vertex -163 217.157 16.15
      vertex -160 217.314 16.4668
      vertex -163 217.314 16.4668
    endloop
  endfacet
  facet normal 0 -0.896005 0.444043
    outer loop
      vertex -160 217.314 16.4668
      vertex -163 217.157 16.15
      vertex -160 217.157 16.15
    endloop
  endfacet
  facet normal 0 -0.555092 0.831789
    outer loop
      vertex -163 216.463 15.3579
      vertex -160 216.169 15.1617
      vertex -160 216.463 15.3579
    endloop
  endfacet
  facet normal 0 -0.555092 0.831789
    outer loop
      vertex -160 216.169 15.1617
      vertex -163 216.463 15.3579
      vertex -163 216.169 15.1617
    endloop
  endfacet
  facet normal -0 0.441999 0.897015
    outer loop
      vertex -163 213.786 15.0055
      vertex -160 213.469 15.1617
      vertex -160 213.786 15.0055
    endloop
  endfacet
  facet normal 0 0.441999 0.897015
    outer loop
      vertex -160 213.469 15.1617
      vertex -163 213.786 15.0055
      vertex -163 213.469 15.1617
    endloop
  endfacet
  facet normal 0 -0.0654841 0.997854
    outer loop
      vertex -163 215.171 14.8231
      vertex -160 214.819 14.8
      vertex -160 215.171 14.8231
    endloop
  endfacet
  facet normal 0 -0.0654841 0.997854
    outer loop
      vertex -160 214.819 14.8
      vertex -163 215.171 14.8231
      vertex -163 214.819 14.8
    endloop
  endfacet
  facet normal 0 -0.194757 0.980852
    outer loop
      vertex -163 215.518 14.892
      vertex -160 215.171 14.8231
      vertex -160 215.518 14.892
    endloop
  endfacet
  facet normal 0 -0.194757 0.980852
    outer loop
      vertex -160 215.171 14.8231
      vertex -163 215.518 14.892
      vertex -163 215.171 14.8231
    endloop
  endfacet
  facet normal 0 0.997877 0.0651282
    outer loop
      vertex -160 212.142 17.1476
      vertex -163 212.119 17.5
      vertex -160 212.119 17.5
    endloop
  endfacet
  facet normal 0 0.997877 0.0651282
    outer loop
      vertex -163 212.119 17.5
      vertex -160 212.142 17.1476
      vertex -163 212.142 17.1476
    endloop
  endfacet
  facet normal 0 0.980733 0.195354
    outer loop
      vertex -160 212.211 16.8012
      vertex -163 212.142 17.1476
      vertex -160 212.142 17.1476
    endloop
  endfacet
  facet normal 0 0.980733 0.195354
    outer loop
      vertex -163 212.142 17.1476
      vertex -160 212.211 16.8012
      vertex -163 212.211 16.8012
    endloop
  endfacet
  facet normal 0 0.831789 0.555092
    outer loop
      vertex -160 212.677 15.8563
      vertex -163 212.481 16.15
      vertex -160 212.481 16.15
    endloop
  endfacet
  facet normal 0 0.831789 0.555092
    outer loop
      vertex -163 212.481 16.15
      vertex -160 212.677 15.8563
      vertex -163 212.677 15.8563
    endloop
  endfacet
  facet normal 0 -1 0
    outer loop
      vertex -163 217.519 17.5
      vertex -160 217.519 29
      vertex -163 217.519 29
    endloop
  endfacet
  facet normal 0 -1 -0
    outer loop
      vertex -160 217.519 29
      vertex -163 217.519 17.5
      vertex -160 217.519 17.5
    endloop
  endfacet
  facet normal -0 0.194757 0.980852
    outer loop
      vertex -163 194.467 14.8231
      vertex -160 194.12 14.892
      vertex -160 194.467 14.8231
    endloop
  endfacet
  facet normal 0 0.194757 0.980852
    outer loop
      vertex -160 194.12 14.892
      vertex -163 194.467 14.8231
      vertex -163 194.12 14.892
    endloop
  endfacet
  facet normal 0 1 -0
    outer loop
      vertex -160 192.119 17.5
      vertex -163 192.119 29
      vertex -160 192.119 29
    endloop
  endfacet
  facet normal 0 1 0
    outer loop
      vertex -163 192.119 29
      vertex -160 192.119 17.5
      vertex -163 192.119 17.5
    endloop
  endfacet
  facet normal -0 0.660149 0.751135
    outer loop
      vertex -163 193.175 15.3579
      vertex -160 192.91 15.5908
      vertex -160 193.175 15.3579
    endloop
  endfacet
  facet normal 0 0.660149 0.751135
    outer loop
      vertex -160 192.91 15.5908
      vertex -163 193.175 15.3579
      vertex -163 192.91 15.5908
    endloop
  endfacet
  facet normal -0 0.0654841 0.997854
    outer loop
      vertex -163 194.819 14.8
      vertex -160 194.467 14.8231
      vertex -160 194.819 14.8
    endloop
  endfacet
  facet normal 0 0.0654841 0.997854
    outer loop
      vertex -160 194.467 14.8231
      vertex -163 194.819 14.8
      vertex -163 194.467 14.8231
    endloop
  endfacet
  facet normal 0 -0.32175 0.946825
    outer loop
      vertex -163 195.852 15.0055
      vertex -160 195.518 14.892
      vertex -160 195.852 15.0055
    endloop
  endfacet
  facet normal 0 -0.32175 0.946825
    outer loop
      vertex -160 195.518 14.892
      vertex -163 195.852 15.0055
      vertex -163 195.518 14.892
    endloop
  endfacet
  facet normal 0 -0.751611 0.659606
    outer loop
      vertex -163 196.728 15.5908
      vertex -160 196.961 15.8563
      vertex -163 196.961 15.8563
    endloop
  endfacet
  facet normal 0 -0.751611 0.659606
    outer loop
      vertex -160 196.961 15.8563
      vertex -163 196.728 15.5908
      vertex -160 196.728 15.5908
    endloop
  endfacet
  facet normal 0 -0.660149 0.751135
    outer loop
      vertex -163 196.728 15.5908
      vertex -160 196.463 15.3579
      vertex -160 196.728 15.5908
    endloop
  endfacet
  facet normal 0 -0.660149 0.751135
    outer loop
      vertex -160 196.463 15.3579
      vertex -163 196.728 15.5908
      vertex -163 196.463 15.3579
    endloop
  endfacet
  facet normal 0 -0.947372 0.320135
    outer loop
      vertex -163 197.314 16.4668
      vertex -160 197.427 16.8012
      vertex -163 197.427 16.8012
    endloop
  endfacet
  facet normal 0 -0.947372 0.320135
    outer loop
      vertex -160 197.427 16.8012
      vertex -163 197.314 16.4668
      vertex -160 197.314 16.4668
    endloop
  endfacet
  facet normal 0 -0.441999 0.897015
    outer loop
      vertex -163 196.169 15.1617
      vertex -160 195.852 15.0055
      vertex -160 196.169 15.1617
    endloop
  endfacet
  facet normal 0 -0.441999 0.897015
    outer loop
      vertex -160 195.852 15.0055
      vertex -163 196.169 15.1617
      vertex -163 195.852 15.0055
    endloop
  endfacet
  facet normal 0 -0.997877 0.0651282
    outer loop
      vertex -163 197.496 17.1476
      vertex -160 197.519 17.5
      vertex -163 197.519 17.5
    endloop
  endfacet
  facet normal 0 -0.997877 0.0651282
    outer loop
      vertex -160 197.519 17.5
      vertex -163 197.496 17.1476
      vertex -160 197.496 17.1476
    endloop
  endfacet
  facet normal 0 0.751611 0.659606
    outer loop
      vertex -160 192.91 15.5908
      vertex -163 192.677 15.8563
      vertex -160 192.677 15.8563
    endloop
  endfacet
  facet normal 0 0.751611 0.659606
    outer loop
      vertex -163 192.677 15.8563
      vertex -160 192.91 15.5908
      vertex -163 192.91 15.5908
    endloop
  endfacet
  facet normal 0 -0.980733 0.195354
    outer loop
      vertex -163 197.427 16.8012
      vertex -160 197.496 17.1476
      vertex -163 197.496 17.1476
    endloop
  endfacet
  facet normal 0 -0.980733 0.195354
    outer loop
      vertex -160 197.496 17.1476
      vertex -163 197.427 16.8012
      vertex -160 197.427 16.8012
    endloop
  endfacet
  facet normal 0 0.897129 0.441768
    outer loop
      vertex -160 192.481 16.15
      vertex -163 192.325 16.4668
      vertex -160 192.325 16.4668
    endloop
  endfacet
  facet normal 0 0.897129 0.441768
    outer loop
      vertex -163 192.325 16.4668
      vertex -160 192.481 16.15
      vertex -163 192.481 16.15
    endloop
  endfacet
  facet normal 0 -0.831789 0.555092
    outer loop
      vertex -163 196.961 15.8563
      vertex -160 197.157 16.15
      vertex -163 197.157 16.15
    endloop
  endfacet
  facet normal 0 -0.831789 0.555092
    outer loop
      vertex -160 197.157 16.15
      vertex -163 196.961 15.8563
      vertex -160 196.961 15.8563
    endloop
  endfacet
  facet normal -0 0.32175 0.946825
    outer loop
      vertex -163 194.12 14.892
      vertex -160 193.786 15.0055
      vertex -160 194.12 14.892
    endloop
  endfacet
  facet normal 0 0.32175 0.946825
    outer loop
      vertex -160 193.786 15.0055
      vertex -163 194.12 14.892
      vertex -163 193.786 15.0055
    endloop
  endfacet
  facet normal 0 0.94651 0.322674
    outer loop
      vertex -160 192.325 16.4668
      vertex -163 192.211 16.8012
      vertex -160 192.211 16.8012
    endloop
  endfacet
  facet normal 0 0.94651 0.322674
    outer loop
      vertex -163 192.211 16.8012
      vertex -160 192.325 16.4668
      vertex -163 192.325 16.4668
    endloop
  endfacet
  facet normal -0 0.555092 0.831789
    outer loop
      vertex -163 193.469 15.1617
      vertex -160 193.175 15.3579
      vertex -160 193.469 15.1617
    endloop
  endfacet
  facet normal 0 0.555092 0.831789
    outer loop
      vertex -160 193.175 15.3579
      vertex -163 193.469 15.1617
      vertex -163 193.175 15.3579
    endloop
  endfacet
  facet normal 0 -0.896005 0.444043
    outer loop
      vertex -163 197.157 16.15
      vertex -160 197.314 16.4668
      vertex -163 197.314 16.4668
    endloop
  endfacet
  facet normal 0 -0.896005 0.444043
    outer loop
      vertex -160 197.314 16.4668
      vertex -163 197.157 16.15
      vertex -160 197.157 16.15
    endloop
  endfacet
  facet normal 0 -0.555092 0.831789
    outer loop
      vertex -163 196.463 15.3579
      vertex -160 196.169 15.1617
      vertex -160 196.463 15.3579
    endloop
  endfacet
  facet normal 0 -0.555092 0.831789
    outer loop
      vertex -160 196.169 15.1617
      vertex -163 196.463 15.3579
      vertex -163 196.169 15.1617
    endloop
  endfacet
  facet normal -0 0.441999 0.897015
    outer loop
      vertex -163 193.786 15.0055
      vertex -160 193.469 15.1617
      vertex -160 193.786 15.0055
    endloop
  endfacet
  facet normal 0 0.441999 0.897015
    outer loop
      vertex -160 193.469 15.1617
      vertex -163 193.786 15.0055
      vertex -163 193.469 15.1617
    endloop
  endfacet
  facet normal 0 -0.0654841 0.997854
    outer loop
      vertex -163 195.171 14.8231
      vertex -160 194.819 14.8
      vertex -160 195.171 14.8231
    endloop
  endfacet
  facet normal 0 -0.0654841 0.997854
    outer loop
      vertex -160 194.819 14.8
      vertex -163 195.171 14.8231
      vertex -163 194.819 14.8
    endloop
  endfacet
  facet normal 0 -0.194757 0.980852
    outer loop
      vertex -163 195.518 14.892
      vertex -160 195.171 14.8231
      vertex -160 195.518 14.892
    endloop
  endfacet
  facet normal 0 -0.194757 0.980852
    outer loop
      vertex -160 195.171 14.8231
      vertex -163 195.518 14.892
      vertex -163 195.171 14.8231
    endloop
  endfacet
  facet normal 0 0.997877 0.0651282
    outer loop
      vertex -160 192.142 17.1476
      vertex -163 192.119 17.5
      vertex -160 192.119 17.5
    endloop
  endfacet
  facet normal 0 0.997877 0.0651282
    outer loop
      vertex -163 192.119 17.5
      vertex -160 192.142 17.1476
      vertex -163 192.142 17.1476
    endloop
  endfacet
  facet normal 0 0.980733 0.195354
    outer loop
      vertex -160 192.211 16.8012
      vertex -163 192.142 17.1476
      vertex -160 192.142 17.1476
    endloop
  endfacet
  facet normal 0 0.980733 0.195354
    outer loop
      vertex -163 192.142 17.1476
      vertex -160 192.211 16.8012
      vertex -163 192.211 16.8012
    endloop
  endfacet
  facet normal 0 0.831789 0.555092
    outer loop
      vertex -160 192.677 15.8563
      vertex -163 192.481 16.15
      vertex -160 192.481 16.15
    endloop
  endfacet
  facet normal 0 0.831789 0.555092
    outer loop
      vertex -163 192.481 16.15
      vertex -160 192.677 15.8563
      vertex -163 192.677 15.8563
    endloop
  endfacet
  facet normal 0 -1 0
    outer loop
      vertex -163 197.519 17.5
      vertex -160 197.519 29
      vertex -163 197.519 29
    endloop
  endfacet
  facet normal 0 -1 -0
    outer loop
      vertex -160 197.519 29
      vertex -163 197.519 17.5
      vertex -160 197.519 17.5
    endloop
  endfacet
  facet normal -0 0.194757 0.980852
    outer loop
      vertex -163 174.467 14.8231
      vertex -160 174.12 14.892
      vertex -160 174.467 14.8231
    endloop
  endfacet
  facet normal 0 0.194757 0.980852
    outer loop
      vertex -160 174.12 14.892
      vertex -163 174.467 14.8231
      vertex -163 174.12 14.892
    endloop
  endfacet
  facet normal 0 1 -0
    outer loop
      vertex -160 172.119 17.5
      vertex -163 172.119 29
      vertex -160 172.119 29
    endloop
  endfacet
  facet normal 0 1 0
    outer loop
      vertex -163 172.119 29
      vertex -160 172.119 17.5
      vertex -163 172.119 17.5
    endloop
  endfacet
  facet normal -0 0.660149 0.751135
    outer loop
      vertex -163 173.175 15.3579
      vertex -160 172.91 15.5908
      vertex -160 173.175 15.3579
    endloop
  endfacet
  facet normal 0 0.660149 0.751135
    outer loop
      vertex -160 172.91 15.5908
      vertex -163 173.175 15.3579
      vertex -163 172.91 15.5908
    endloop
  endfacet
  facet normal -0 0.0654841 0.997854
    outer loop
      vertex -163 174.819 14.8
      vertex -160 174.467 14.8231
      vertex -160 174.819 14.8
    endloop
  endfacet
  facet normal 0 0.0654841 0.997854
    outer loop
      vertex -160 174.467 14.8231
      vertex -163 174.819 14.8
      vertex -163 174.467 14.8231
    endloop
  endfacet
  facet normal 0 -0.32175 0.946825
    outer loop
      vertex -163 175.852 15.0055
      vertex -160 175.518 14.892
      vertex -160 175.852 15.0055
    endloop
  endfacet
  facet normal 0 -0.32175 0.946825
    outer loop
      vertex -160 175.518 14.892
      vertex -163 175.852 15.0055
      vertex -163 175.518 14.892
    endloop
  endfacet
  facet normal 0 -0.751611 0.659606
    outer loop
      vertex -163 176.728 15.5908
      vertex -160 176.961 15.8563
      vertex -163 176.961 15.8563
    endloop
  endfacet
  facet normal 0 -0.751611 0.659606
    outer loop
      vertex -160 176.961 15.8563
      vertex -163 176.728 15.5908
      vertex -160 176.728 15.5908
    endloop
  endfacet
  facet normal 0 -0.660149 0.751135
    outer loop
      vertex -163 176.728 15.5908
      vertex -160 176.463 15.3579
      vertex -160 176.728 15.5908
    endloop
  endfacet
  facet normal 0 -0.660149 0.751135
    outer loop
      vertex -160 176.463 15.3579
      vertex -163 176.728 15.5908
      vertex -163 176.463 15.3579
    endloop
  endfacet
  facet normal 0 -0.947372 0.320135
    outer loop
      vertex -163 177.314 16.4668
      vertex -160 177.427 16.8012
      vertex -163 177.427 16.8012
    endloop
  endfacet
  facet normal 0 -0.947372 0.320135
    outer loop
      vertex -160 177.427 16.8012
      vertex -163 177.314 16.4668
      vertex -160 177.314 16.4668
    endloop
  endfacet
  facet normal 0 -0.441999 0.897015
    outer loop
      vertex -163 176.169 15.1617
      vertex -160 175.852 15.0055
      vertex -160 176.169 15.1617
    endloop
  endfacet
  facet normal 0 -0.441999 0.897015
    outer loop
      vertex -160 175.852 15.0055
      vertex -163 176.169 15.1617
      vertex -163 175.852 15.0055
    endloop
  endfacet
  facet normal 0 -0.997877 0.0651282
    outer loop
      vertex -163 177.496 17.1476
      vertex -160 177.519 17.5
      vertex -163 177.519 17.5
    endloop
  endfacet
  facet normal 0 -0.997877 0.0651282
    outer loop
      vertex -160 177.519 17.5
      vertex -163 177.496 17.1476
      vertex -160 177.496 17.1476
    endloop
  endfacet
  facet normal 0 0.751611 0.659606
    outer loop
      vertex -160 172.91 15.5908
      vertex -163 172.677 15.8563
      vertex -160 172.677 15.8563
    endloop
  endfacet
  facet normal 0 0.751611 0.659606
    outer loop
      vertex -163 172.677 15.8563
      vertex -160 172.91 15.5908
      vertex -163 172.91 15.5908
    endloop
  endfacet
  facet normal 0 -0.980733 0.195354
    outer loop
      vertex -163 177.427 16.8012
      vertex -160 177.496 17.1476
      vertex -163 177.496 17.1476
    endloop
  endfacet
  facet normal 0 -0.980733 0.195354
    outer loop
      vertex -160 177.496 17.1476
      vertex -163 177.427 16.8012
      vertex -160 177.427 16.8012
    endloop
  endfacet
  facet normal 0 0.897129 0.441768
    outer loop
      vertex -160 172.481 16.15
      vertex -163 172.325 16.4668
      vertex -160 172.325 16.4668
    endloop
  endfacet
  facet normal 0 0.897129 0.441768
    outer loop
      vertex -163 172.325 16.4668
      vertex -160 172.481 16.15
      vertex -163 172.481 16.15
    endloop
  endfacet
  facet normal 0 -0.831789 0.555092
    outer loop
      vertex -163 176.961 15.8563
      vertex -160 177.157 16.15
      vertex -163 177.157 16.15
    endloop
  endfacet
  facet normal 0 -0.831789 0.555092
    outer loop
      vertex -160 177.157 16.15
      vertex -163 176.961 15.8563
      vertex -160 176.961 15.8563
    endloop
  endfacet
  facet normal -0 0.32175 0.946825
    outer loop
      vertex -163 174.12 14.892
      vertex -160 173.786 15.0055
      vertex -160 174.12 14.892
    endloop
  endfacet
  facet normal 0 0.32175 0.946825
    outer loop
      vertex -160 173.786 15.0055
      vertex -163 174.12 14.892
      vertex -163 173.786 15.0055
    endloop
  endfacet
  facet normal 0 0.94651 0.322674
    outer loop
      vertex -160 172.325 16.4668
      vertex -163 172.211 16.8012
      vertex -160 172.211 16.8012
    endloop
  endfacet
  facet normal 0 0.94651 0.322674
    outer loop
      vertex -163 172.211 16.8012
      vertex -160 172.325 16.4668
      vertex -163 172.325 16.4668
    endloop
  endfacet
  facet normal -0 0.555092 0.831789
    outer loop
      vertex -163 173.469 15.1617
      vertex -160 173.175 15.3579
      vertex -160 173.469 15.1617
    endloop
  endfacet
  facet normal 0 0.555092 0.831789
    outer loop
      vertex -160 173.175 15.3579
      vertex -163 173.469 15.1617
      vertex -163 173.175 15.3579
    endloop
  endfacet
  facet normal 0 -0.896005 0.444043
    outer loop
      vertex -163 177.157 16.15
      vertex -160 177.314 16.4668
      vertex -163 177.314 16.4668
    endloop
  endfacet
  facet normal 0 -0.896005 0.444043
    outer loop
      vertex -160 177.314 16.4668
      vertex -163 177.157 16.15
      vertex -160 177.157 16.15
    endloop
  endfacet
  facet normal 0 -0.555092 0.831789
    outer loop
      vertex -163 176.463 15.3579
      vertex -160 176.169 15.1617
      vertex -160 176.463 15.3579
    endloop
  endfacet
  facet normal 0 -0.555092 0.831789
    outer loop
      vertex -160 176.169 15.1617
      vertex -163 176.463 15.3579
      vertex -163 176.169 15.1617
    endloop
  endfacet
  facet normal -0 0.441999 0.897015
    outer loop
      vertex -163 173.786 15.0055
      vertex -160 173.469 15.1617
      vertex -160 173.786 15.0055
    endloop
  endfacet
  facet normal 0 0.441999 0.897015
    outer loop
      vertex -160 173.469 15.1617
      vertex -163 173.786 15.0055
      vertex -163 173.469 15.1617
    endloop
  endfacet
  facet normal 0 -0.0654841 0.997854
    outer loop
      vertex -163 175.171 14.8231
      vertex -160 174.819 14.8
      vertex -160 175.171 14.8231
    endloop
  endfacet
  facet normal 0 -0.0654841 0.997854
    outer loop
      vertex -160 174.819 14.8
      vertex -163 175.171 14.8231
      vertex -163 174.819 14.8
    endloop
  endfacet
  facet normal 0 -0.194757 0.980852
    outer loop
      vertex -163 175.518 14.892
      vertex -160 175.171 14.8231
      vertex -160 175.518 14.892
    endloop
  endfacet
  facet normal 0 -0.194757 0.980852
    outer loop
      vertex -160 175.171 14.8231
      vertex -163 175.518 14.892
      vertex -163 175.171 14.8231
    endloop
  endfacet
  facet normal 0 0.997877 0.0651282
    outer loop
      vertex -160 172.142 17.1476
      vertex -163 172.119 17.5
      vertex -160 172.119 17.5
    endloop
  endfacet
  facet normal 0 0.997877 0.0651282
    outer loop
      vertex -163 172.119 17.5
      vertex -160 172.142 17.1476
      vertex -163 172.142 17.1476
    endloop
  endfacet
  facet normal 0 0.980733 0.195354
    outer loop
      vertex -160 172.211 16.8012
      vertex -163 172.142 17.1476
      vertex -160 172.142 17.1476
    endloop
  endfacet
  facet normal 0 0.980733 0.195354
    outer loop
      vertex -163 172.142 17.1476
      vertex -160 172.211 16.8012
      vertex -163 172.211 16.8012
    endloop
  endfacet
  facet normal 0 0.831789 0.555092
    outer loop
      vertex -160 172.677 15.8563
      vertex -163 172.481 16.15
      vertex -160 172.481 16.15
    endloop
  endfacet
  facet normal 0 0.831789 0.555092
    outer loop
      vertex -163 172.481 16.15
      vertex -160 172.677 15.8563
      vertex -163 172.677 15.8563
    endloop
  endfacet
  facet normal 0 -1 0
    outer loop
      vertex -163 177.519 17.5
      vertex -160 177.519 29
      vertex -163 177.519 29
    endloop
  endfacet
  facet normal 0 -1 -0
    outer loop
      vertex -160 177.519 29
      vertex -163 177.519 17.5
      vertex -160 177.519 17.5
    endloop
  endfacet
  facet normal -0 0.194757 0.980852
    outer loop
      vertex -163 154.467 14.8231
      vertex -160 154.12 14.892
      vertex -160 154.467 14.8231
    endloop
  endfacet
  facet normal 0 0.194757 0.980852
    outer loop
      vertex -160 154.12 14.892
      vertex -163 154.467 14.8231
      vertex -163 154.12 14.892
    endloop
  endfacet
  facet normal 0 1 -0
    outer loop
      vertex -160 152.119 17.5
      vertex -163 152.119 29
      vertex -160 152.119 29
    endloop
  endfacet
  facet normal 0 1 0
    outer loop
      vertex -163 152.119 29
      vertex -160 152.119 17.5
      vertex -163 152.119 17.5
    endloop
  endfacet
  facet normal -0 0.660149 0.751135
    outer loop
      vertex -163 153.175 15.3579
      vertex -160 152.91 15.5908
      vertex -160 153.175 15.3579
    endloop
  endfacet
  facet normal 0 0.660149 0.751135
    outer loop
      vertex -160 152.91 15.5908
      vertex -163 153.175 15.3579
      vertex -163 152.91 15.5908
    endloop
  endfacet
  facet normal -0 0.0654841 0.997854
    outer loop
      vertex -163 154.819 14.8
      vertex -160 154.467 14.8231
      vertex -160 154.819 14.8
    endloop
  endfacet
  facet normal 0 0.0654841 0.997854
    outer loop
      vertex -160 154.467 14.8231
      vertex -163 154.819 14.8
      vertex -163 154.467 14.8231
    endloop
  endfacet
  facet normal 0 -0.32175 0.946825
    outer loop
      vertex -163 155.852 15.0055
      vertex -160 155.518 14.892
      vertex -160 155.852 15.0055
    endloop
  endfacet
  facet normal 0 -0.32175 0.946825
    outer loop
      vertex -160 155.518 14.892
      vertex -163 155.852 15.0055
      vertex -163 155.518 14.892
    endloop
  endfacet
  facet normal 0 -0.751611 0.659606
    outer loop
      vertex -163 156.728 15.5908
      vertex -160 156.961 15.8563
      vertex -163 156.961 15.8563
    endloop
  endfacet
  facet normal 0 -0.751611 0.659606
    outer loop
      vertex -160 156.961 15.8563
      vertex -163 156.728 15.5908
      vertex -160 156.728 15.5908
    endloop
  endfacet
  facet normal 0 -0.660149 0.751135
    outer loop
      vertex -163 156.728 15.5908
      vertex -160 156.463 15.3579
      vertex -160 156.728 15.5908
    endloop
  endfacet
  facet normal 0 -0.660149 0.751135
    outer loop
      vertex -160 156.463 15.3579
      vertex -163 156.728 15.5908
      vertex -163 156.463 15.3579
    endloop
  endfacet
  facet normal 0 -0.947372 0.320135
    outer loop
      vertex -163 157.314 16.4668
      vertex -160 157.427 16.8012
      vertex -163 157.427 16.8012
    endloop
  endfacet
  facet normal 0 -0.947372 0.320135
    outer loop
      vertex -160 157.427 16.8012
      vertex -163 157.314 16.4668
      vertex -160 157.314 16.4668
    endloop
  endfacet
  facet normal 0 -0.441999 0.897015
    outer loop
      vertex -163 156.169 15.1617
      vertex -160 155.852 15.0055
      vertex -160 156.169 15.1617
    endloop
  endfacet
  facet normal 0 -0.441999 0.897015
    outer loop
      vertex -160 155.852 15.0055
      vertex -163 156.169 15.1617
      vertex -163 155.852 15.0055
    endloop
  endfacet
  facet normal 0 -0.997877 0.0651282
    outer loop
      vertex -163 157.496 17.1476
      vertex -160 157.519 17.5
      vertex -163 157.519 17.5
    endloop
  endfacet
  facet normal 0 -0.997877 0.0651282
    outer loop
      vertex -160 157.519 17.5
      vertex -163 157.496 17.1476
      vertex -160 157.496 17.1476
    endloop
  endfacet
  facet normal 0 0.751611 0.659606
    outer loop
      vertex -160 152.91 15.5908
      vertex -163 152.677 15.8563
      vertex -160 152.677 15.8563
    endloop
  endfacet
  facet normal 0 0.751611 0.659606
    outer loop
      vertex -163 152.677 15.8563
      vertex -160 152.91 15.5908
      vertex -163 152.91 15.5908
    endloop
  endfacet
  facet normal 0 -0.980733 0.195354
    outer loop
      vertex -163 157.427 16.8012
      vertex -160 157.496 17.1476
      vertex -163 157.496 17.1476
    endloop
  endfacet
  facet normal 0 -0.980733 0.195354
    outer loop
      vertex -160 157.496 17.1476
      vertex -163 157.427 16.8012
      vertex -160 157.427 16.8012
    endloop
  endfacet
  facet normal 0 0.897129 0.441768
    outer loop
      vertex -160 152.481 16.15
      vertex -163 152.325 16.4668
      vertex -160 152.325 16.4668
    endloop
  endfacet
  facet normal 0 0.897129 0.441768
    outer loop
      vertex -163 152.325 16.4668
      vertex -160 152.481 16.15
      vertex -163 152.481 16.15
    endloop
  endfacet
  facet normal 0 -0.831789 0.555092
    outer loop
      vertex -163 156.961 15.8563
      vertex -160 157.157 16.15
      vertex -163 157.157 16.15
    endloop
  endfacet
  facet normal 0 -0.831789 0.555092
    outer loop
      vertex -160 157.157 16.15
      vertex -163 156.961 15.8563
      vertex -160 156.961 15.8563
    endloop
  endfacet
  facet normal -0 0.32175 0.946825
    outer loop
      vertex -163 154.12 14.892
      vertex -160 153.786 15.0055
      vertex -160 154.12 14.892
    endloop
  endfacet
  facet normal 0 0.32175 0.946825
    outer loop
      vertex -160 153.786 15.0055
      vertex -163 154.12 14.892
      vertex -163 153.786 15.0055
    endloop
  endfacet
  facet normal 0 0.94651 0.322674
    outer loop
      vertex -160 152.325 16.4668
      vertex -163 152.211 16.8012
      vertex -160 152.211 16.8012
    endloop
  endfacet
  facet normal 0 0.94651 0.322674
    outer loop
      vertex -163 152.211 16.8012
      vertex -160 152.325 16.4668
      vertex -163 152.325 16.4668
    endloop
  endfacet
  facet normal -0 0.555092 0.831789
    outer loop
      vertex -163 153.469 15.1617
      vertex -160 153.175 15.3579
      vertex -160 153.469 15.1617
    endloop
  endfacet
  facet normal 0 0.555092 0.831789
    outer loop
      vertex -160 153.175 15.3579
      vertex -163 153.469 15.1617
      vertex -163 153.175 15.3579
    endloop
  endfacet
  facet normal 0 -0.896005 0.444043
    outer loop
      vertex -163 157.157 16.15
      vertex -160 157.314 16.4668
      vertex -163 157.314 16.4668
    endloop
  endfacet
  facet normal 0 -0.896005 0.444043
    outer loop
      vertex -160 157.314 16.4668
      vertex -163 157.157 16.15
      vertex -160 157.157 16.15
    endloop
  endfacet
  facet normal 0 -0.555092 0.831789
    outer loop
      vertex -163 156.463 15.3579
      vertex -160 156.169 15.1617
      vertex -160 156.463 15.3579
    endloop
  endfacet
  facet normal 0 -0.555092 0.831789
    outer loop
      vertex -160 156.169 15.1617
      vertex -163 156.463 15.3579
      vertex -163 156.169 15.1617
    endloop
  endfacet
  facet normal -0 0.441999 0.897015
    outer loop
      vertex -163 153.786 15.0055
      vertex -160 153.469 15.1617
      vertex -160 153.786 15.0055
    endloop
  endfacet
  facet normal 0 0.441999 0.897015
    outer loop
      vertex -160 153.469 15.1617
      vertex -163 153.786 15.0055
      vertex -163 153.469 15.1617
    endloop
  endfacet
  facet normal 0 -0.0654841 0.997854
    outer loop
      vertex -163 155.171 14.8231
      vertex -160 154.819 14.8
      vertex -160 155.171 14.8231
    endloop
  endfacet
  facet normal 0 -0.0654841 0.997854
    outer loop
      vertex -160 154.819 14.8
      vertex -163 155.171 14.8231
      vertex -163 154.819 14.8
    endloop
  endfacet
  facet normal 0 -0.194757 0.980852
    outer loop
      vertex -163 155.518 14.892
      vertex -160 155.171 14.8231
      vertex -160 155.518 14.892
    endloop
  endfacet
  facet normal 0 -0.194757 0.980852
    outer loop
      vertex -160 155.171 14.8231
      vertex -163 155.518 14.892
      vertex -163 155.171 14.8231
    endloop
  endfacet
  facet normal 0 0.997877 0.0651282
    outer loop
      vertex -160 152.142 17.1476
      vertex -163 152.119 17.5
      vertex -160 152.119 17.5
    endloop
  endfacet
  facet normal 0 0.997877 0.0651282
    outer loop
      vertex -163 152.119 17.5
      vertex -160 152.142 17.1476
      vertex -163 152.142 17.1476
    endloop
  endfacet
  facet normal 0 0.980733 0.195354
    outer loop
      vertex -160 152.211 16.8012
      vertex -163 152.142 17.1476
      vertex -160 152.142 17.1476
    endloop
  endfacet
  facet normal 0 0.980733 0.195354
    outer loop
      vertex -163 152.142 17.1476
      vertex -160 152.211 16.8012
      vertex -163 152.211 16.8012
    endloop
  endfacet
  facet normal 0 0.831789 0.555092
    outer loop
      vertex -160 152.677 15.8563
      vertex -163 152.481 16.15
      vertex -160 152.481 16.15
    endloop
  endfacet
  facet normal 0 0.831789 0.555092
    outer loop
      vertex -163 152.481 16.15
      vertex -160 152.677 15.8563
      vertex -163 152.677 15.8563
    endloop
  endfacet
  facet normal 0 -1 0
    outer loop
      vertex -163 157.519 17.5
      vertex -160 157.519 29
      vertex -163 157.519 29
    endloop
  endfacet
  facet normal 0 -1 -0
    outer loop
      vertex -160 157.519 29
      vertex -163 157.519 17.5
      vertex -160 157.519 17.5
    endloop
  endfacet
  facet normal -0 0.194757 0.980852
    outer loop
      vertex -163 134.467 14.8231
      vertex -160 134.12 14.892
      vertex -160 134.467 14.8231
    endloop
  endfacet
  facet normal 0 0.194757 0.980852
    outer loop
      vertex -160 134.12 14.892
      vertex -163 134.467 14.8231
      vertex -163 134.12 14.892
    endloop
  endfacet
  facet normal 0 1 -0
    outer loop
      vertex -160 132.119 17.5
      vertex -163 132.119 29
      vertex -160 132.119 29
    endloop
  endfacet
  facet normal 0 1 0
    outer loop
      vertex -163 132.119 29
      vertex -160 132.119 17.5
      vertex -163 132.119 17.5
    endloop
  endfacet
  facet normal -0 0.660149 0.751135
    outer loop
      vertex -163 133.175 15.3579
      vertex -160 132.91 15.5908
      vertex -160 133.175 15.3579
    endloop
  endfacet
  facet normal 0 0.660149 0.751135
    outer loop
      vertex -160 132.91 15.5908
      vertex -163 133.175 15.3579
      vertex -163 132.91 15.5908
    endloop
  endfacet
  facet normal -0 0.0654841 0.997854
    outer loop
      vertex -163 134.819 14.8
      vertex -160 134.467 14.8231
      vertex -160 134.819 14.8
    endloop
  endfacet
  facet normal 0 0.0654841 0.997854
    outer loop
      vertex -160 134.467 14.8231
      vertex -163 134.819 14.8
      vertex -163 134.467 14.8231
    endloop
  endfacet
  facet normal 0 -0.32175 0.946825
    outer loop
      vertex -163 135.852 15.0055
      vertex -160 135.518 14.892
      vertex -160 135.852 15.0055
    endloop
  endfacet
  facet normal 0 -0.32175 0.946825
    outer loop
      vertex -160 135.518 14.892
      vertex -163 135.852 15.0055
      vertex -163 135.518 14.892
    endloop
  endfacet
  facet normal 0 -0.751611 0.659606
    outer loop
      vertex -163 136.728 15.5908
      vertex -160 136.961 15.8563
      vertex -163 136.961 15.8563
    endloop
  endfacet
  facet normal 0 -0.751611 0.659606
    outer loop
      vertex -160 136.961 15.8563
      vertex -163 136.728 15.5908
      vertex -160 136.728 15.5908
    endloop
  endfacet
  facet normal 0 -0.660149 0.751135
    outer loop
      vertex -163 136.728 15.5908
      vertex -160 136.463 15.3579
      vertex -160 136.728 15.5908
    endloop
  endfacet
  facet normal 0 -0.660149 0.751135
    outer loop
      vertex -160 136.463 15.3579
      vertex -163 136.728 15.5908
      vertex -163 136.463 15.3579
    endloop
  endfacet
  facet normal 0 -0.947372 0.320135
    outer loop
      vertex -163 137.314 16.4668
      vertex -160 137.427 16.8012
      vertex -163 137.427 16.8012
    endloop
  endfacet
  facet normal 0 -0.947372 0.320135
    outer loop
      vertex -160 137.427 16.8012
      vertex -163 137.314 16.4668
      vertex -160 137.314 16.4668
    endloop
  endfacet
  facet normal 0 -0.0654841 0.997854
    outer loop
      vertex -163 135.171 14.8231
      vertex -160 134.819 14.8
      vertex -160 135.171 14.8231
    endloop
  endfacet
  facet normal 0 -0.0654841 0.997854
    outer loop
      vertex -160 134.819 14.8
      vertex -163 135.171 14.8231
      vertex -163 134.819 14.8
    endloop
  endfacet
  facet normal 0 -0.441999 0.897015
    outer loop
      vertex -163 136.169 15.1617
      vertex -160 135.852 15.0055
      vertex -160 136.169 15.1617
    endloop
  endfacet
  facet normal 0 -0.441999 0.897015
    outer loop
      vertex -160 135.852 15.0055
      vertex -163 136.169 15.1617
      vertex -163 135.852 15.0055
    endloop
  endfacet
  facet normal 0 -0.997877 0.0651282
    outer loop
      vertex -163 137.496 17.1476
      vertex -160 137.519 17.5
      vertex -163 137.519 17.5
    endloop
  endfacet
  facet normal 0 -0.997877 0.0651282
    outer loop
      vertex -160 137.519 17.5
      vertex -163 137.496 17.1476
      vertex -160 137.496 17.1476
    endloop
  endfacet
  facet normal 0 0.751611 0.659606
    outer loop
      vertex -160 132.91 15.5908
      vertex -163 132.677 15.8563
      vertex -160 132.677 15.8563
    endloop
  endfacet
  facet normal 0 0.751611 0.659606
    outer loop
      vertex -163 132.677 15.8563
      vertex -160 132.91 15.5908
      vertex -163 132.91 15.5908
    endloop
  endfacet
  facet normal 0 -0.980733 0.195354
    outer loop
      vertex -163 137.427 16.8012
      vertex -160 137.496 17.1476
      vertex -163 137.496 17.1476
    endloop
  endfacet
  facet normal 0 -0.980733 0.195354
    outer loop
      vertex -160 137.496 17.1476
      vertex -163 137.427 16.8012
      vertex -160 137.427 16.8012
    endloop
  endfacet
  facet normal 0 0.94651 0.322674
    outer loop
      vertex -160 132.325 16.4668
      vertex -163 132.211 16.8012
      vertex -160 132.211 16.8012
    endloop
  endfacet
  facet normal 0 0.94651 0.322674
    outer loop
      vertex -163 132.211 16.8012
      vertex -160 132.325 16.4668
      vertex -163 132.325 16.4668
    endloop
  endfacet
  facet normal 0 0.897129 0.441768
    outer loop
      vertex -160 132.481 16.15
      vertex -163 132.325 16.4668
      vertex -160 132.325 16.4668
    endloop
  endfacet
  facet normal 0 0.897129 0.441768
    outer loop
      vertex -163 132.325 16.4668
      vertex -160 132.481 16.15
      vertex -163 132.481 16.15
    endloop
  endfacet
  facet normal 0 -0.831789 0.555092
    outer loop
      vertex -163 136.961 15.8563
      vertex -160 137.157 16.15
      vertex -163 137.157 16.15
    endloop
  endfacet
  facet normal 0 -0.831789 0.555092
    outer loop
      vertex -160 137.157 16.15
      vertex -163 136.961 15.8563
      vertex -160 136.961 15.8563
    endloop
  endfacet
  facet normal -0 0.32175 0.946825
    outer loop
      vertex -163 134.12 14.892
      vertex -160 133.786 15.0055
      vertex -160 134.12 14.892
    endloop
  endfacet
  facet normal 0 0.32175 0.946825
    outer loop
      vertex -160 133.786 15.0055
      vertex -163 134.12 14.892
      vertex -163 133.786 15.0055
    endloop
  endfacet
  facet normal -0 0.555092 0.831789
    outer loop
      vertex -163 133.469 15.1617
      vertex -160 133.175 15.3579
      vertex -160 133.469 15.1617
    endloop
  endfacet
  facet normal 0 0.555092 0.831789
    outer loop
      vertex -160 133.175 15.3579
      vertex -163 133.469 15.1617
      vertex -163 133.175 15.3579
    endloop
  endfacet
  facet normal 0 -0.896005 0.444043
    outer loop
      vertex -163 137.157 16.15
      vertex -160 137.314 16.4668
      vertex -163 137.314 16.4668
    endloop
  endfacet
  facet normal 0 -0.896005 0.444043
    outer loop
      vertex -160 137.314 16.4668
      vertex -163 137.157 16.15
      vertex -160 137.157 16.15
    endloop
  endfacet
  facet normal 0 -0.555092 0.831789
    outer loop
      vertex -163 136.463 15.3579
      vertex -160 136.169 15.1617
      vertex -160 136.463 15.3579
    endloop
  endfacet
  facet normal 0 -0.555092 0.831789
    outer loop
      vertex -160 136.169 15.1617
      vertex -163 136.463 15.3579
      vertex -163 136.169 15.1617
    endloop
  endfacet
  facet normal -0 0.441999 0.897015
    outer loop
      vertex -163 133.786 15.0055
      vertex -160 133.469 15.1617
      vertex -160 133.786 15.0055
    endloop
  endfacet
  facet normal 0 0.441999 0.897015
    outer loop
      vertex -160 133.469 15.1617
      vertex -163 133.786 15.0055
      vertex -163 133.469 15.1617
    endloop
  endfacet
  facet normal 0 -0.194757 0.980852
    outer loop
      vertex -163 135.518 14.892
      vertex -160 135.171 14.8231
      vertex -160 135.518 14.892
    endloop
  endfacet
  facet normal 0 -0.194757 0.980852
    outer loop
      vertex -160 135.171 14.8231
      vertex -163 135.518 14.892
      vertex -163 135.171 14.8231
    endloop
  endfacet
  facet normal 0 0.997877 0.0651282
    outer loop
      vertex -160 132.142 17.1476
      vertex -163 132.119 17.5
      vertex -160 132.119 17.5
    endloop
  endfacet
  facet normal 0 0.997877 0.0651282
    outer loop
      vertex -163 132.119 17.5
      vertex -160 132.142 17.1476
      vertex -163 132.142 17.1476
    endloop
  endfacet
  facet normal 0 0.980733 0.195354
    outer loop
      vertex -160 132.211 16.8012
      vertex -163 132.142 17.1476
      vertex -160 132.142 17.1476
    endloop
  endfacet
  facet normal 0 0.980733 0.195354
    outer loop
      vertex -163 132.142 17.1476
      vertex -160 132.211 16.8012
      vertex -163 132.211 16.8012
    endloop
  endfacet
  facet normal 0 0.831789 0.555092
    outer loop
      vertex -160 132.677 15.8563
      vertex -163 132.481 16.15
      vertex -160 132.481 16.15
    endloop
  endfacet
  facet normal 0 0.831789 0.555092
    outer loop
      vertex -163 132.481 16.15
      vertex -160 132.677 15.8563
      vertex -163 132.677 15.8563
    endloop
  endfacet
  facet normal 0 -1 0
    outer loop
      vertex -163 137.519 17.5
      vertex -160 137.519 29
      vertex -163 137.519 29
    endloop
  endfacet
  facet normal 0 -1 -0
    outer loop
      vertex -160 137.519 29
      vertex -163 137.519 17.5
      vertex -160 137.519 17.5
    endloop
  endfacet
  facet normal -0 0.194757 0.980852
    outer loop
      vertex -163 114.467 14.8231
      vertex -160 114.12 14.892
      vertex -160 114.467 14.8231
    endloop
  endfacet
  facet normal 0 0.194757 0.980852
    outer loop
      vertex -160 114.12 14.892
      vertex -163 114.467 14.8231
      vertex -163 114.12 14.892
    endloop
  endfacet
  facet normal 0 1 -0
    outer loop
      vertex -160 112.119 17.5
      vertex -163 112.119 29
      vertex -160 112.119 29
    endloop
  endfacet
  facet normal 0 1 0
    outer loop
      vertex -163 112.119 29
      vertex -160 112.119 17.5
      vertex -163 112.119 17.5
    endloop
  endfacet
  facet normal -0 0.660149 0.751135
    outer loop
      vertex -163 113.175 15.3579
      vertex -160 112.91 15.5908
      vertex -160 113.175 15.3579
    endloop
  endfacet
  facet normal 0 0.660149 0.751135
    outer loop
      vertex -160 112.91 15.5908
      vertex -163 113.175 15.3579
      vertex -163 112.91 15.5908
    endloop
  endfacet
  facet normal -0 0.0654841 0.997854
    outer loop
      vertex -163 114.819 14.8
      vertex -160 114.467 14.8231
      vertex -160 114.819 14.8
    endloop
  endfacet
  facet normal 0 0.0654841 0.997854
    outer loop
      vertex -160 114.467 14.8231
      vertex -163 114.819 14.8
      vertex -163 114.467 14.8231
    endloop
  endfacet
  facet normal 0 -0.32175 0.946825
    outer loop
      vertex -163 115.852 15.0055
      vertex -160 115.518 14.892
      vertex -160 115.852 15.0055
    endloop
  endfacet
  facet normal 0 -0.32175 0.946825
    outer loop
      vertex -160 115.518 14.892
      vertex -163 115.852 15.0055
      vertex -163 115.518 14.892
    endloop
  endfacet
  facet normal 0 -0.751611 0.659606
    outer loop
      vertex -163 116.728 15.5908
      vertex -160 116.961 15.8563
      vertex -163 116.961 15.8563
    endloop
  endfacet
  facet normal 0 -0.751611 0.659606
    outer loop
      vertex -160 116.961 15.8563
      vertex -163 116.728 15.5908
      vertex -160 116.728 15.5908
    endloop
  endfacet
  facet normal 0 -0.660149 0.751135
    outer loop
      vertex -163 116.728 15.5908
      vertex -160 116.463 15.3579
      vertex -160 116.728 15.5908
    endloop
  endfacet
  facet normal 0 -0.660149 0.751135
    outer loop
      vertex -160 116.463 15.3579
      vertex -163 116.728 15.5908
      vertex -163 116.463 15.3579
    endloop
  endfacet
  facet normal 0 -0.947372 0.320135
    outer loop
      vertex -163 117.314 16.4668
      vertex -160 117.427 16.8012
      vertex -163 117.427 16.8012
    endloop
  endfacet
  facet normal 0 -0.947372 0.320135
    outer loop
      vertex -160 117.427 16.8012
      vertex -163 117.314 16.4668
      vertex -160 117.314 16.4668
    endloop
  endfacet
  facet normal 0 -0.441999 0.897015
    outer loop
      vertex -163 116.169 15.1617
      vertex -160 115.852 15.0055
      vertex -160 116.169 15.1617
    endloop
  endfacet
  facet normal 0 -0.441999 0.897015
    outer loop
      vertex -160 115.852 15.0055
      vertex -163 116.169 15.1617
      vertex -163 115.852 15.0055
    endloop
  endfacet
  facet normal 0 -0.997877 0.0651282
    outer loop
      vertex -163 117.496 17.1476
      vertex -160 117.519 17.5
      vertex -163 117.519 17.5
    endloop
  endfacet
  facet normal 0 -0.997877 0.0651282
    outer loop
      vertex -160 117.519 17.5
      vertex -163 117.496 17.1476
      vertex -160 117.496 17.1476
    endloop
  endfacet
  facet normal 0 0.751611 0.659606
    outer loop
      vertex -160 112.91 15.5908
      vertex -163 112.677 15.8563
      vertex -160 112.677 15.8563
    endloop
  endfacet
  facet normal 0 0.751611 0.659606
    outer loop
      vertex -163 112.677 15.8563
      vertex -160 112.91 15.5908
      vertex -163 112.91 15.5908
    endloop
  endfacet
  facet normal 0 -0.980733 0.195354
    outer loop
      vertex -163 117.427 16.8012
      vertex -160 117.496 17.1476
      vertex -163 117.496 17.1476
    endloop
  endfacet
  facet normal 0 -0.980733 0.195354
    outer loop
      vertex -160 117.496 17.1476
      vertex -163 117.427 16.8012
      vertex -160 117.427 16.8012
    endloop
  endfacet
  facet normal 0 0.897129 0.441768
    outer loop
      vertex -160 112.481 16.15
      vertex -163 112.325 16.4668
      vertex -160 112.325 16.4668
    endloop
  endfacet
  facet normal 0 0.897129 0.441768
    outer loop
      vertex -163 112.325 16.4668
      vertex -160 112.481 16.15
      vertex -163 112.481 16.15
    endloop
  endfacet
  facet normal 0 -0.831789 0.555092
    outer loop
      vertex -163 116.961 15.8563
      vertex -160 117.157 16.15
      vertex -163 117.157 16.15
    endloop
  endfacet
  facet normal 0 -0.831789 0.555092
    outer loop
      vertex -160 117.157 16.15
      vertex -163 116.961 15.8563
      vertex -160 116.961 15.8563
    endloop
  endfacet
  facet normal -0 0.32175 0.946825
    outer loop
      vertex -163 114.12 14.892
      vertex -160 113.786 15.0055
      vertex -160 114.12 14.892
    endloop
  endfacet
  facet normal 0 0.32175 0.946825
    outer loop
      vertex -160 113.786 15.0055
      vertex -163 114.12 14.892
      vertex -163 113.786 15.0055
    endloop
  endfacet
  facet normal 0 0.94651 0.322674
    outer loop
      vertex -160 112.325 16.4668
      vertex -163 112.211 16.8012
      vertex -160 112.211 16.8012
    endloop
  endfacet
  facet normal 0 0.94651 0.322674
    outer loop
      vertex -163 112.211 16.8012
      vertex -160 112.325 16.4668
      vertex -163 112.325 16.4668
    endloop
  endfacet
  facet normal -0 0.555092 0.831789
    outer loop
      vertex -163 113.469 15.1617
      vertex -160 113.175 15.3579
      vertex -160 113.469 15.1617
    endloop
  endfacet
  facet normal 0 0.555092 0.831789
    outer loop
      vertex -160 113.175 15.3579
      vertex -163 113.469 15.1617
      vertex -163 113.175 15.3579
    endloop
  endfacet
  facet normal 0 -0.896005 0.444043
    outer loop
      vertex -163 117.157 16.15
      vertex -160 117.314 16.4668
      vertex -163 117.314 16.4668
    endloop
  endfacet
  facet normal 0 -0.896005 0.444043
    outer loop
      vertex -160 117.314 16.4668
      vertex -163 117.157 16.15
      vertex -160 117.157 16.15
    endloop
  endfacet
  facet normal 0 -0.555092 0.831789
    outer loop
      vertex -163 116.463 15.3579
      vertex -160 116.169 15.1617
      vertex -160 116.463 15.3579
    endloop
  endfacet
  facet normal 0 -0.555092 0.831789
    outer loop
      vertex -160 116.169 15.1617
      vertex -163 116.463 15.3579
      vertex -163 116.169 15.1617
    endloop
  endfacet
  facet normal -0 0.441999 0.897015
    outer loop
      vertex -163 113.786 15.0055
      vertex -160 113.469 15.1617
      vertex -160 113.786 15.0055
    endloop
  endfacet
  facet normal 0 0.441999 0.897015
    outer loop
      vertex -160 113.469 15.1617
      vertex -163 113.786 15.0055
      vertex -163 113.469 15.1617
    endloop
  endfacet
  facet normal 0 -0.0654841 0.997854
    outer loop
      vertex -163 115.171 14.8231
      vertex -160 114.819 14.8
      vertex -160 115.171 14.8231
    endloop
  endfacet
  facet normal 0 -0.0654841 0.997854
    outer loop
      vertex -160 114.819 14.8
      vertex -163 115.171 14.8231
      vertex -163 114.819 14.8
    endloop
  endfacet
  facet normal 0 -0.194757 0.980852
    outer loop
      vertex -163 115.518 14.892
      vertex -160 115.171 14.8231
      vertex -160 115.518 14.892
    endloop
  endfacet
  facet normal 0 -0.194757 0.980852
    outer loop
      vertex -160 115.171 14.8231
      vertex -163 115.518 14.892
      vertex -163 115.171 14.8231
    endloop
  endfacet
  facet normal 0 0.997877 0.0651282
    outer loop
      vertex -160 112.142 17.1476
      vertex -163 112.119 17.5
      vertex -160 112.119 17.5
    endloop
  endfacet
  facet normal 0 0.997877 0.0651282
    outer loop
      vertex -163 112.119 17.5
      vertex -160 112.142 17.1476
      vertex -163 112.142 17.1476
    endloop
  endfacet
  facet normal 0 0.980733 0.195354
    outer loop
      vertex -160 112.211 16.8012
      vertex -163 112.142 17.1476
      vertex -160 112.142 17.1476
    endloop
  endfacet
  facet normal 0 0.980733 0.195354
    outer loop
      vertex -163 112.142 17.1476
      vertex -160 112.211 16.8012
      vertex -163 112.211 16.8012
    endloop
  endfacet
  facet normal 0 0.831789 0.555092
    outer loop
      vertex -160 112.677 15.8563
      vertex -163 112.481 16.15
      vertex -160 112.481 16.15
    endloop
  endfacet
  facet normal 0 0.831789 0.555092
    outer loop
      vertex -163 112.481 16.15
      vertex -160 112.677 15.8563
      vertex -163 112.677 15.8563
    endloop
  endfacet
  facet normal 0 -1 0
    outer loop
      vertex -163 117.519 17.5
      vertex -160 117.519 29
      vertex -163 117.519 29
    endloop
  endfacet
  facet normal 0 -1 -0
    outer loop
      vertex -160 117.519 29
      vertex -163 117.519 17.5
      vertex -160 117.519 17.5
    endloop
  endfacet
  facet normal -0 0.195081 0.980787
    outer loop
      vertex -163 94.4667 14.8231
      vertex -160 94.1203 14.892
      vertex -160 94.4667 14.8231
    endloop
  endfacet
  facet normal 0 0.195081 0.980787
    outer loop
      vertex -160 94.1203 14.892
      vertex -163 94.4667 14.8231
      vertex -163 94.1203 14.892
    endloop
  endfacet
  facet normal 0 1 -0
    outer loop
      vertex -160 92.1191 17.5
      vertex -163 92.1191 29
      vertex -160 92.1191 29
    endloop
  endfacet
  facet normal 0 1 0
    outer loop
      vertex -163 92.1191 29
      vertex -160 92.1191 17.5
      vertex -163 92.1191 17.5
    endloop
  endfacet
  facet normal -0 0.659446 0.751752
    outer loop
      vertex -163 93.1754 15.3579
      vertex -160 92.9099 15.5908
      vertex -160 93.1754 15.3579
    endloop
  endfacet
  facet normal 0 0.659446 0.751752
    outer loop
      vertex -160 92.9099 15.5908
      vertex -163 93.1754 15.3579
      vertex -163 92.9099 15.5908
    endloop
  endfacet
  facet normal -0 0.0654101 0.997858
    outer loop
      vertex -163 94.8191 14.8
      vertex -160 94.4667 14.8231
      vertex -160 94.8191 14.8
    endloop
  endfacet
  facet normal 0 0.0654101 0.997858
    outer loop
      vertex -160 94.4667 14.8231
      vertex -163 94.8191 14.8
      vertex -163 94.4667 14.8231
    endloop
  endfacet
  facet normal 0 -0.321405 0.946942
    outer loop
      vertex -163 95.8523 15.0055
      vertex -160 95.5179 14.892
      vertex -160 95.8523 15.0055
    endloop
  endfacet
  facet normal 0 -0.321405 0.946942
    outer loop
      vertex -160 95.5179 14.892
      vertex -163 95.8523 15.0055
      vertex -163 95.5179 14.892
    endloop
  endfacet
  facet normal 0 -0.751892 0.659286
    outer loop
      vertex -163 96.7283 15.5908
      vertex -160 96.9611 15.8563
      vertex -163 96.9611 15.8563
    endloop
  endfacet
  facet normal 0 -0.751892 0.659286
    outer loop
      vertex -160 96.9611 15.8563
      vertex -163 96.7283 15.5908
      vertex -160 96.7283 15.5908
    endloop
  endfacet
  facet normal 0 -0.659306 0.751875
    outer loop
      vertex -163 96.7283 15.5908
      vertex -160 96.4627 15.3579
      vertex -160 96.7283 15.5908
    endloop
  endfacet
  facet normal 0 -0.659306 0.751875
    outer loop
      vertex -160 96.4627 15.3579
      vertex -163 96.7283 15.5908
      vertex -163 96.4627 15.3579
    endloop
  endfacet
  facet normal 0 -0.946942 0.321405
    outer loop
      vertex -163 97.3136 16.4668
      vertex -160 97.4271 16.8012
      vertex -163 97.4271 16.8012
    endloop
  endfacet
  facet normal 0 -0.946942 0.321405
    outer loop
      vertex -160 97.4271 16.8012
      vertex -163 97.3136 16.4668
      vertex -160 97.3136 16.4668
    endloop
  endfacet
  facet normal 0 -0.0654101 0.997858
    outer loop
      vertex -163 95.1715 14.8231
      vertex -160 94.8191 14.8
      vertex -160 95.1715 14.8231
    endloop
  endfacet
  facet normal 0 -0.0654101 0.997858
    outer loop
      vertex -160 94.8191 14.8
      vertex -163 95.1715 14.8231
      vertex -163 94.8191 14.8
    endloop
  endfacet
  facet normal 0 -0.442224 0.896905
    outer loop
      vertex -163 96.1691 15.1617
      vertex -160 95.8523 15.0055
      vertex -160 96.1691 15.1617
    endloop
  endfacet
  facet normal 0 -0.442224 0.896905
    outer loop
      vertex -160 95.8523 15.0055
      vertex -163 96.1691 15.1617
      vertex -163 95.8523 15.0055
    endloop
  endfacet
  facet normal 0 -0.997858 0.0654101
    outer loop
      vertex -163 97.496 17.1476
      vertex -160 97.5191 17.5
      vertex -163 97.5191 17.5
    endloop
  endfacet
  facet normal 0 -0.997858 0.0654101
    outer loop
      vertex -160 97.5191 17.5
      vertex -163 97.496 17.1476
      vertex -160 97.496 17.1476
    endloop
  endfacet
  facet normal 0 0.751752 0.659446
    outer loop
      vertex -160 92.9099 15.5908
      vertex -163 92.677 15.8563
      vertex -160 92.677 15.8563
    endloop
  endfacet
  facet normal 0 0.751752 0.659446
    outer loop
      vertex -163 92.677 15.8563
      vertex -160 92.9099 15.5908
      vertex -163 92.9099 15.5908
    endloop
  endfacet
  facet normal 0 -0.980787 0.195081
    outer loop
      vertex -163 97.4271 16.8012
      vertex -160 97.496 17.1476
      vertex -163 97.496 17.1476
    endloop
  endfacet
  facet normal 0 -0.980787 0.195081
    outer loop
      vertex -160 97.496 17.1476
      vertex -163 97.4271 16.8012
      vertex -160 97.4271 16.8012
    endloop
  endfacet
  facet normal 0 0.946942 0.321405
    outer loop
      vertex -160 92.3246 16.4668
      vertex -163 92.2111 16.8012
      vertex -160 92.2111 16.8012
    endloop
  endfacet
  facet normal 0 0.946942 0.321405
    outer loop
      vertex -163 92.2111 16.8012
      vertex -160 92.3246 16.4668
      vertex -163 92.3246 16.4668
    endloop
  endfacet
  facet normal 0 0.896905 0.442224
    outer loop
      vertex -160 92.4808 16.15
      vertex -163 92.3246 16.4668
      vertex -160 92.3246 16.4668
    endloop
  endfacet
  facet normal 0 0.896905 0.442224
    outer loop
      vertex -163 92.3246 16.4668
      vertex -160 92.4808 16.15
      vertex -163 92.4808 16.15
    endloop
  endfacet
  facet normal 0 -0.831527 0.555484
    outer loop
      vertex -163 96.9611 15.8563
      vertex -160 97.1573 16.15
      vertex -163 97.1573 16.15
    endloop
  endfacet
  facet normal 0 -0.831527 0.555484
    outer loop
      vertex -160 97.1573 16.15
      vertex -163 96.9611 15.8563
      vertex -160 96.9611 15.8563
    endloop
  endfacet
  facet normal -0 0.321319 0.946971
    outer loop
      vertex -163 94.1203 14.892
      vertex -160 93.7858 15.0055
      vertex -160 94.1203 14.892
    endloop
  endfacet
  facet normal 0 0.321319 0.946971
    outer loop
      vertex -160 93.7858 15.0055
      vertex -163 94.1203 14.892
      vertex -163 93.7858 15.0055
    endloop
  endfacet
  facet normal -0 0.555484 0.831527
    outer loop
      vertex -163 93.4691 15.1617
      vertex -160 93.1754 15.3579
      vertex -160 93.4691 15.1617
    endloop
  endfacet
  facet normal 0 0.555484 0.831527
    outer loop
      vertex -160 93.1754 15.3579
      vertex -163 93.4691 15.1617
      vertex -163 93.1754 15.3579
    endloop
  endfacet
  facet normal 0 -0.896792 0.442452
    outer loop
      vertex -163 97.1573 16.15
      vertex -160 97.3136 16.4668
      vertex -163 97.3136 16.4668
    endloop
  endfacet
  facet normal 0 -0.896792 0.442452
    outer loop
      vertex -160 97.3136 16.4668
      vertex -163 97.1573 16.15
      vertex -160 97.1573 16.15
    endloop
  endfacet
  facet normal 0 -0.555615 0.83144
    outer loop
      vertex -163 96.4627 15.3579
      vertex -160 96.1691 15.1617
      vertex -160 96.4627 15.3579
    endloop
  endfacet
  facet normal 0 -0.555615 0.83144
    outer loop
      vertex -160 96.1691 15.1617
      vertex -163 96.4627 15.3579
      vertex -163 96.1691 15.1617
    endloop
  endfacet
  facet normal -0 0.442336 0.896849
    outer loop
      vertex -163 93.7858 15.0055
      vertex -160 93.4691 15.1617
      vertex -160 93.7858 15.0055
    endloop
  endfacet
  facet normal 0 0.442336 0.896849
    outer loop
      vertex -160 93.4691 15.1617
      vertex -163 93.7858 15.0055
      vertex -163 93.4691 15.1617
    endloop
  endfacet
  facet normal 0 -0.195081 0.980787
    outer loop
      vertex -163 95.5179 14.892
      vertex -160 95.1715 14.8231
      vertex -160 95.5179 14.892
    endloop
  endfacet
  facet normal 0 -0.195081 0.980787
    outer loop
      vertex -160 95.1715 14.8231
      vertex -163 95.5179 14.892
      vertex -163 95.1715 14.8231
    endloop
  endfacet
  facet normal 0 0.997858 0.0654101
    outer loop
      vertex -160 92.1422 17.1476
      vertex -163 92.1191 17.5
      vertex -160 92.1191 17.5
    endloop
  endfacet
  facet normal 0 0.997858 0.0654101
    outer loop
      vertex -163 92.1191 17.5
      vertex -160 92.1422 17.1476
      vertex -163 92.1422 17.1476
    endloop
  endfacet
  facet normal 0 0.980787 0.195081
    outer loop
      vertex -160 92.2111 16.8012
      vertex -163 92.1422 17.1476
      vertex -160 92.1422 17.1476
    endloop
  endfacet
  facet normal 0 0.980787 0.195081
    outer loop
      vertex -163 92.1422 17.1476
      vertex -160 92.2111 16.8012
      vertex -163 92.2111 16.8012
    endloop
  endfacet
  facet normal 0 0.831527 0.555484
    outer loop
      vertex -160 92.677 15.8563
      vertex -163 92.4808 16.15
      vertex -160 92.4808 16.15
    endloop
  endfacet
  facet normal 0 0.831527 0.555484
    outer loop
      vertex -163 92.4808 16.15
      vertex -160 92.677 15.8563
      vertex -163 92.677 15.8563
    endloop
  endfacet
  facet normal 0 -1 0
    outer loop
      vertex -163 97.5191 17.5
      vertex -160 97.5191 29
      vertex -163 97.5191 29
    endloop
  endfacet
  facet normal 0 -1 -0
    outer loop
      vertex -160 97.5191 29
      vertex -163 97.5191 17.5
      vertex -160 97.5191 17.5
    endloop
  endfacet
  facet normal -0 0.195081 0.980787
    outer loop
      vertex -163 74.4667 14.8231
      vertex -160 74.1203 14.892
      vertex -160 74.4667 14.8231
    endloop
  endfacet
  facet normal 0 0.195081 0.980787
    outer loop
      vertex -160 74.1203 14.892
      vertex -163 74.4667 14.8231
      vertex -163 74.1203 14.892
    endloop
  endfacet
  facet normal 0 1 -0
    outer loop
      vertex -160 72.1191 17.5
      vertex -163 72.1191 29
      vertex -160 72.1191 29
    endloop
  endfacet
  facet normal 0 1 0
    outer loop
      vertex -163 72.1191 29
      vertex -160 72.1191 17.5
      vertex -163 72.1191 17.5
    endloop
  endfacet
  facet normal -0 0.659446 0.751752
    outer loop
      vertex -163 73.1754 15.3579
      vertex -160 72.9099 15.5908
      vertex -160 73.1754 15.3579
    endloop
  endfacet
  facet normal 0 0.659446 0.751752
    outer loop
      vertex -160 72.9099 15.5908
      vertex -163 73.1754 15.3579
      vertex -163 72.9099 15.5908
    endloop
  endfacet
  facet normal -0 0.0654101 0.997858
    outer loop
      vertex -163 74.8191 14.8
      vertex -160 74.4667 14.8231
      vertex -160 74.8191 14.8
    endloop
  endfacet
  facet normal 0 0.0654101 0.997858
    outer loop
      vertex -160 74.4667 14.8231
      vertex -163 74.8191 14.8
      vertex -163 74.4667 14.8231
    endloop
  endfacet
  facet normal 0 -0.321405 0.946942
    outer loop
      vertex -163 75.8523 15.0055
      vertex -160 75.5179 14.892
      vertex -160 75.8523 15.0055
    endloop
  endfacet
  facet normal 0 -0.321405 0.946942
    outer loop
      vertex -160 75.5179 14.892
      vertex -163 75.8523 15.0055
      vertex -163 75.5179 14.892
    endloop
  endfacet
  facet normal 0 -0.751892 0.659286
    outer loop
      vertex -163 76.7283 15.5908
      vertex -160 76.9611 15.8563
      vertex -163 76.9611 15.8563
    endloop
  endfacet
  facet normal 0 -0.751892 0.659286
    outer loop
      vertex -160 76.9611 15.8563
      vertex -163 76.7283 15.5908
      vertex -160 76.7283 15.5908
    endloop
  endfacet
  facet normal 0 -0.659306 0.751875
    outer loop
      vertex -163 76.7283 15.5908
      vertex -160 76.4627 15.3579
      vertex -160 76.7283 15.5908
    endloop
  endfacet
  facet normal 0 -0.659306 0.751875
    outer loop
      vertex -160 76.4627 15.3579
      vertex -163 76.7283 15.5908
      vertex -163 76.4627 15.3579
    endloop
  endfacet
  facet normal 0 -0.946942 0.321405
    outer loop
      vertex -163 77.3136 16.4668
      vertex -160 77.4271 16.8012
      vertex -163 77.4271 16.8012
    endloop
  endfacet
  facet normal 0 -0.946942 0.321405
    outer loop
      vertex -160 77.4271 16.8012
      vertex -163 77.3136 16.4668
      vertex -160 77.3136 16.4668
    endloop
  endfacet
  facet normal 0 -0.0654101 0.997858
    outer loop
      vertex -163 75.1715 14.8231
      vertex -160 74.8191 14.8
      vertex -160 75.1715 14.8231
    endloop
  endfacet
  facet normal 0 -0.0654101 0.997858
    outer loop
      vertex -160 74.8191 14.8
      vertex -163 75.1715 14.8231
      vertex -163 74.8191 14.8
    endloop
  endfacet
  facet normal 0 -0.442224 0.896905
    outer loop
      vertex -163 76.1691 15.1617
      vertex -160 75.8523 15.0055
      vertex -160 76.1691 15.1617
    endloop
  endfacet
  facet normal 0 -0.442224 0.896905
    outer loop
      vertex -160 75.8523 15.0055
      vertex -163 76.1691 15.1617
      vertex -163 75.8523 15.0055
    endloop
  endfacet
  facet normal 0 -0.997858 0.0654101
    outer loop
      vertex -163 77.496 17.1476
      vertex -160 77.5191 17.5
      vertex -163 77.5191 17.5
    endloop
  endfacet
  facet normal 0 -0.997858 0.0654101
    outer loop
      vertex -160 77.5191 17.5
      vertex -163 77.496 17.1476
      vertex -160 77.496 17.1476
    endloop
  endfacet
  facet normal 0 0.751752 0.659446
    outer loop
      vertex -160 72.9099 15.5908
      vertex -163 72.677 15.8563
      vertex -160 72.677 15.8563
    endloop
  endfacet
  facet normal 0 0.751752 0.659446
    outer loop
      vertex -163 72.677 15.8563
      vertex -160 72.9099 15.5908
      vertex -163 72.9099 15.5908
    endloop
  endfacet
  facet normal 0 -0.980787 0.195081
    outer loop
      vertex -163 77.4271 16.8012
      vertex -160 77.496 17.1476
      vertex -163 77.496 17.1476
    endloop
  endfacet
  facet normal 0 -0.980787 0.195081
    outer loop
      vertex -160 77.496 17.1476
      vertex -163 77.4271 16.8012
      vertex -160 77.4271 16.8012
    endloop
  endfacet
  facet normal 0 0.896905 0.442224
    outer loop
      vertex -160 72.4808 16.15
      vertex -163 72.3246 16.4668
      vertex -160 72.3246 16.4668
    endloop
  endfacet
  facet normal 0 0.896905 0.442224
    outer loop
      vertex -163 72.3246 16.4668
      vertex -160 72.4808 16.15
      vertex -163 72.4808 16.15
    endloop
  endfacet
  facet normal 0 -0.831527 0.555484
    outer loop
      vertex -163 76.9611 15.8563
      vertex -160 77.1573 16.15
      vertex -163 77.1573 16.15
    endloop
  endfacet
  facet normal 0 -0.831527 0.555484
    outer loop
      vertex -160 77.1573 16.15
      vertex -163 76.9611 15.8563
      vertex -160 76.9611 15.8563
    endloop
  endfacet
  facet normal -0 0.321319 0.946971
    outer loop
      vertex -163 74.1203 14.892
      vertex -160 73.7858 15.0055
      vertex -160 74.1203 14.892
    endloop
  endfacet
  facet normal 0 0.321319 0.946971
    outer loop
      vertex -160 73.7858 15.0055
      vertex -163 74.1203 14.892
      vertex -163 73.7858 15.0055
    endloop
  endfacet
  facet normal 0 0.946942 0.321405
    outer loop
      vertex -160 72.3246 16.4668
      vertex -163 72.2111 16.8012
      vertex -160 72.2111 16.8012
    endloop
  endfacet
  facet normal 0 0.946942 0.321405
    outer loop
      vertex -163 72.2111 16.8012
      vertex -160 72.3246 16.4668
      vertex -163 72.3246 16.4668
    endloop
  endfacet
  facet normal -0 0.555484 0.831527
    outer loop
      vertex -163 73.4691 15.1617
      vertex -160 73.1754 15.3579
      vertex -160 73.4691 15.1617
    endloop
  endfacet
  facet normal 0 0.555484 0.831527
    outer loop
      vertex -160 73.1754 15.3579
      vertex -163 73.4691 15.1617
      vertex -163 73.1754 15.3579
    endloop
  endfacet
  facet normal 0 -0.896792 0.442452
    outer loop
      vertex -163 77.1573 16.15
      vertex -160 77.3136 16.4668
      vertex -163 77.3136 16.4668
    endloop
  endfacet
  facet normal 0 -0.896792 0.442452
    outer loop
      vertex -160 77.3136 16.4668
      vertex -163 77.1573 16.15
      vertex -160 77.1573 16.15
    endloop
  endfacet
  facet normal 0 -0.555615 0.83144
    outer loop
      vertex -163 76.4627 15.3579
      vertex -160 76.1691 15.1617
      vertex -160 76.4627 15.3579
    endloop
  endfacet
  facet normal 0 -0.555615 0.83144
    outer loop
      vertex -160 76.1691 15.1617
      vertex -163 76.4627 15.3579
      vertex -163 76.1691 15.1617
    endloop
  endfacet
  facet normal -0 0.442336 0.896849
    outer loop
      vertex -163 73.7858 15.0055
      vertex -160 73.4691 15.1617
      vertex -160 73.7858 15.0055
    endloop
  endfacet
  facet normal 0 0.442336 0.896849
    outer loop
      vertex -160 73.4691 15.1617
      vertex -163 73.7858 15.0055
      vertex -163 73.4691 15.1617
    endloop
  endfacet
  facet normal 0 -0.195081 0.980787
    outer loop
      vertex -163 75.5179 14.892
      vertex -160 75.1715 14.8231
      vertex -160 75.5179 14.892
    endloop
  endfacet
  facet normal 0 -0.195081 0.980787
    outer loop
      vertex -160 75.1715 14.8231
      vertex -163 75.5179 14.892
      vertex -163 75.1715 14.8231
    endloop
  endfacet
  facet normal 0 0.997858 0.0654101
    outer loop
      vertex -160 72.1422 17.1476
      vertex -163 72.1191 17.5
      vertex -160 72.1191 17.5
    endloop
  endfacet
  facet normal 0 0.997858 0.0654101
    outer loop
      vertex -163 72.1191 17.5
      vertex -160 72.1422 17.1476
      vertex -163 72.1422 17.1476
    endloop
  endfacet
  facet normal 0 0.980787 0.195081
    outer loop
      vertex -160 72.2111 16.8012
      vertex -163 72.1422 17.1476
      vertex -160 72.1422 17.1476
    endloop
  endfacet
  facet normal 0 0.980787 0.195081
    outer loop
      vertex -163 72.1422 17.1476
      vertex -160 72.2111 16.8012
      vertex -163 72.2111 16.8012
    endloop
  endfacet
  facet normal 0 0.831527 0.555484
    outer loop
      vertex -160 72.677 15.8563
      vertex -163 72.4808 16.15
      vertex -160 72.4808 16.15
    endloop
  endfacet
  facet normal 0 0.831527 0.555484
    outer loop
      vertex -163 72.4808 16.15
      vertex -160 72.677 15.8563
      vertex -163 72.677 15.8563
    endloop
  endfacet
  facet normal 0 -1 0
    outer loop
      vertex -163 77.5191 17.5
      vertex -160 77.5191 29
      vertex -163 77.5191 29
    endloop
  endfacet
  facet normal 0 -1 -0
    outer loop
      vertex -160 77.5191 29
      vertex -163 77.5191 17.5
      vertex -160 77.5191 17.5
    endloop
  endfacet
  facet normal -0 0.195081 0.980787
    outer loop
      vertex -163 54.4667 14.8231
      vertex -160 54.1203 14.892
      vertex -160 54.4667 14.8231
    endloop
  endfacet
  facet normal 0 0.195081 0.980787
    outer loop
      vertex -160 54.1203 14.892
      vertex -163 54.4667 14.8231
      vertex -163 54.1203 14.892
    endloop
  endfacet
  facet normal 0 1 -0
    outer loop
      vertex -160 52.1191 17.5
      vertex -163 52.1191 29
      vertex -160 52.1191 29
    endloop
  endfacet
  facet normal 0 1 0
    outer loop
      vertex -163 52.1191 29
      vertex -160 52.1191 17.5
      vertex -163 52.1191 17.5
    endloop
  endfacet
  facet normal -0 0.659446 0.751752
    outer loop
      vertex -163 53.1754 15.3579
      vertex -160 52.9099 15.5908
      vertex -160 53.1754 15.3579
    endloop
  endfacet
  facet normal 0 0.659446 0.751752
    outer loop
      vertex -160 52.9099 15.5908
      vertex -163 53.1754 15.3579
      vertex -163 52.9099 15.5908
    endloop
  endfacet
  facet normal -0 0.0654101 0.997858
    outer loop
      vertex -163 54.8191 14.8
      vertex -160 54.4667 14.8231
      vertex -160 54.8191 14.8
    endloop
  endfacet
  facet normal 0 0.0654101 0.997858
    outer loop
      vertex -160 54.4667 14.8231
      vertex -163 54.8191 14.8
      vertex -163 54.4667 14.8231
    endloop
  endfacet
  facet normal 0 -0.321405 0.946942
    outer loop
      vertex -163 55.8523 15.0055
      vertex -160 55.5179 14.892
      vertex -160 55.8523 15.0055
    endloop
  endfacet
  facet normal 0 -0.321405 0.946942
    outer loop
      vertex -160 55.5179 14.892
      vertex -163 55.8523 15.0055
      vertex -163 55.5179 14.892
    endloop
  endfacet
  facet normal 0 -0.751892 0.659286
    outer loop
      vertex -163 56.7283 15.5908
      vertex -160 56.9611 15.8563
      vertex -163 56.9611 15.8563
    endloop
  endfacet
  facet normal 0 -0.751892 0.659286
    outer loop
      vertex -160 56.9611 15.8563
      vertex -163 56.7283 15.5908
      vertex -160 56.7283 15.5908
    endloop
  endfacet
  facet normal 0 -0.659306 0.751875
    outer loop
      vertex -163 56.7283 15.5908
      vertex -160 56.4627 15.3579
      vertex -160 56.7283 15.5908
    endloop
  endfacet
  facet normal 0 -0.659306 0.751875
    outer loop
      vertex -160 56.4627 15.3579
      vertex -163 56.7283 15.5908
      vertex -163 56.4627 15.3579
    endloop
  endfacet
  facet normal 0 -0.946856 0.321659
    outer loop
      vertex -163 57.3135 16.4668
      vertex -160 57.4271 16.8012
      vertex -163 57.4271 16.8012
    endloop
  endfacet
  facet normal 0 -0.946856 0.321659
    outer loop
      vertex -160 57.4271 16.8012
      vertex -163 57.3135 16.4668
      vertex -160 57.3135 16.4668
    endloop
  endfacet
  facet normal 0 -0.442224 0.896905
    outer loop
      vertex -163 56.1691 15.1617
      vertex -160 55.8523 15.0055
      vertex -160 56.1691 15.1617
    endloop
  endfacet
  facet normal 0 -0.442224 0.896905
    outer loop
      vertex -160 55.8523 15.0055
      vertex -163 56.1691 15.1617
      vertex -163 55.8523 15.0055
    endloop
  endfacet
  facet normal 0 -0.997858 0.0654101
    outer loop
      vertex -163 57.496 17.1476
      vertex -160 57.5191 17.5
      vertex -163 57.5191 17.5
    endloop
  endfacet
  facet normal 0 -0.997858 0.0654101
    outer loop
      vertex -160 57.5191 17.5
      vertex -163 57.496 17.1476
      vertex -160 57.496 17.1476
    endloop
  endfacet
  facet normal 0 0.751752 0.659446
    outer loop
      vertex -160 52.9099 15.5908
      vertex -163 52.677 15.8563
      vertex -160 52.677 15.8563
    endloop
  endfacet
  facet normal 0 0.751752 0.659446
    outer loop
      vertex -163 52.677 15.8563
      vertex -160 52.9099 15.5908
      vertex -163 52.9099 15.5908
    endloop
  endfacet
  facet normal 0 -0.980787 0.195081
    outer loop
      vertex -163 57.4271 16.8012
      vertex -160 57.496 17.1476
      vertex -163 57.496 17.1476
    endloop
  endfacet
  facet normal 0 -0.980787 0.195081
    outer loop
      vertex -160 57.496 17.1476
      vertex -163 57.4271 16.8012
      vertex -160 57.4271 16.8012
    endloop
  endfacet
  facet normal 0 0.896905 0.442224
    outer loop
      vertex -160 52.4808 16.15
      vertex -163 52.3246 16.4668
      vertex -160 52.3246 16.4668
    endloop
  endfacet
  facet normal 0 0.896905 0.442224
    outer loop
      vertex -163 52.3246 16.4668
      vertex -160 52.4808 16.15
      vertex -163 52.4808 16.15
    endloop
  endfacet
  facet normal 0 -0.831527 0.555484
    outer loop
      vertex -163 56.9611 15.8563
      vertex -160 57.1573 16.15
      vertex -163 57.1573 16.15
    endloop
  endfacet
  facet normal 0 -0.831527 0.555484
    outer loop
      vertex -160 57.1573 16.15
      vertex -163 56.9611 15.8563
      vertex -160 56.9611 15.8563
    endloop
  endfacet
  facet normal -0 0.321319 0.946971
    outer loop
      vertex -163 54.1203 14.892
      vertex -160 53.7858 15.0055
      vertex -160 54.1203 14.892
    endloop
  endfacet
  facet normal 0 0.321319 0.946971
    outer loop
      vertex -160 53.7858 15.0055
      vertex -163 54.1203 14.892
      vertex -163 53.7858 15.0055
    endloop
  endfacet
  facet normal 0 0.946942 0.321405
    outer loop
      vertex -160 52.3246 16.4668
      vertex -163 52.2111 16.8012
      vertex -160 52.2111 16.8012
    endloop
  endfacet
  facet normal 0 0.946942 0.321405
    outer loop
      vertex -163 52.2111 16.8012
      vertex -160 52.3246 16.4668
      vertex -163 52.3246 16.4668
    endloop
  endfacet
  facet normal -0 0.555484 0.831527
    outer loop
      vertex -163 53.4691 15.1617
      vertex -160 53.1754 15.3579
      vertex -160 53.4691 15.1617
    endloop
  endfacet
  facet normal 0 0.555484 0.831527
    outer loop
      vertex -160 53.1754 15.3579
      vertex -163 53.4691 15.1617
      vertex -163 53.1754 15.3579
    endloop
  endfacet
  facet normal 0 -0.896905 0.442224
    outer loop
      vertex -163 57.1573 16.15
      vertex -160 57.3135 16.4668
      vertex -163 57.3135 16.4668
    endloop
  endfacet
  facet normal 0 -0.896905 0.442224
    outer loop
      vertex -160 57.3135 16.4668
      vertex -163 57.1573 16.15
      vertex -160 57.1573 16.15
    endloop
  endfacet
  facet normal 0 -0.555615 0.83144
    outer loop
      vertex -163 56.4627 15.3579
      vertex -160 56.1691 15.1617
      vertex -160 56.4627 15.3579
    endloop
  endfacet
  facet normal 0 -0.555615 0.83144
    outer loop
      vertex -160 56.1691 15.1617
      vertex -163 56.4627 15.3579
      vertex -163 56.1691 15.1617
    endloop
  endfacet
  facet normal -0 0.442336 0.896849
    outer loop
      vertex -163 53.7858 15.0055
      vertex -160 53.4691 15.1617
      vertex -160 53.7858 15.0055
    endloop
  endfacet
  facet normal 0 0.442336 0.896849
    outer loop
      vertex -160 53.4691 15.1617
      vertex -163 53.7858 15.0055
      vertex -163 53.4691 15.1617
    endloop
  endfacet
  facet normal 0 -0.0654101 0.997858
    outer loop
      vertex -163 55.1715 14.8231
      vertex -160 54.8191 14.8
      vertex -160 55.1715 14.8231
    endloop
  endfacet
  facet normal 0 -0.0654101 0.997858
    outer loop
      vertex -160 54.8191 14.8
      vertex -163 55.1715 14.8231
      vertex -163 54.8191 14.8
    endloop
  endfacet
  facet normal 0 -0.195081 0.980787
    outer loop
      vertex -163 55.5179 14.892
      vertex -160 55.1715 14.8231
      vertex -160 55.5179 14.892
    endloop
  endfacet
  facet normal 0 -0.195081 0.980787
    outer loop
      vertex -160 55.1715 14.8231
      vertex -163 55.5179 14.892
      vertex -163 55.1715 14.8231
    endloop
  endfacet
  facet normal 0 0.997858 0.0654101
    outer loop
      vertex -160 52.1422 17.1476
      vertex -163 52.1191 17.5
      vertex -160 52.1191 17.5
    endloop
  endfacet
  facet normal 0 0.997858 0.0654101
    outer loop
      vertex -163 52.1191 17.5
      vertex -160 52.1422 17.1476
      vertex -163 52.1422 17.1476
    endloop
  endfacet
  facet normal 0 0.980787 0.195081
    outer loop
      vertex -160 52.2111 16.8012
      vertex -163 52.1422 17.1476
      vertex -160 52.1422 17.1476
    endloop
  endfacet
  facet normal 0 0.980787 0.195081
    outer loop
      vertex -163 52.1422 17.1476
      vertex -160 52.2111 16.8012
      vertex -163 52.2111 16.8012
    endloop
  endfacet
  facet normal 0 0.831527 0.555484
    outer loop
      vertex -160 52.677 15.8563
      vertex -163 52.4808 16.15
      vertex -160 52.4808 16.15
    endloop
  endfacet
  facet normal 0 0.831527 0.555484
    outer loop
      vertex -163 52.4808 16.15
      vertex -160 52.677 15.8563
      vertex -163 52.677 15.8563
    endloop
  endfacet
  facet normal 0 -1 0
    outer loop
      vertex -163 57.5191 17.5
      vertex -160 57.5191 29
      vertex -163 57.5191 29
    endloop
  endfacet
  facet normal 0 -1 -0
    outer loop
      vertex -160 57.5191 29
      vertex -163 57.5191 17.5
      vertex -160 57.5191 17.5
    endloop
  endfacet
  facet normal -0 0.195081 0.980787
    outer loop
      vertex -163 34.4667 14.8231
      vertex -160 34.1203 14.892
      vertex -160 34.4667 14.8231
    endloop
  endfacet
  facet normal 0 0.195081 0.980787
    outer loop
      vertex -160 34.1203 14.892
      vertex -163 34.4667 14.8231
      vertex -163 34.1203 14.892
    endloop
  endfacet
  facet normal 0 1 -0
    outer loop
      vertex -160 32.1191 17.5
      vertex -163 32.1191 29
      vertex -160 32.1191 29
    endloop
  endfacet
  facet normal 0 1 0
    outer loop
      vertex -163 32.1191 29
      vertex -160 32.1191 17.5
      vertex -163 32.1191 17.5
    endloop
  endfacet
  facet normal -0 0.659446 0.751752
    outer loop
      vertex -163 33.1754 15.3579
      vertex -160 32.9099 15.5908
      vertex -160 33.1754 15.3579
    endloop
  endfacet
  facet normal 0 0.659446 0.751752
    outer loop
      vertex -160 32.9099 15.5908
      vertex -163 33.1754 15.3579
      vertex -163 32.9099 15.5908
    endloop
  endfacet
  facet normal -0 0.0654101 0.997858
    outer loop
      vertex -163 34.8191 14.8
      vertex -160 34.4667 14.8231
      vertex -160 34.8191 14.8
    endloop
  endfacet
  facet normal 0 0.0654101 0.997858
    outer loop
      vertex -160 34.4667 14.8231
      vertex -163 34.8191 14.8
      vertex -163 34.4667 14.8231
    endloop
  endfacet
  facet normal 0 -0.321405 0.946942
    outer loop
      vertex -163 35.8523 15.0055
      vertex -160 35.5179 14.892
      vertex -160 35.8523 15.0055
    endloop
  endfacet
  facet normal 0 -0.321405 0.946942
    outer loop
      vertex -160 35.5179 14.892
      vertex -163 35.8523 15.0055
      vertex -163 35.5179 14.892
    endloop
  endfacet
  facet normal 0 -0.751892 0.659286
    outer loop
      vertex -163 36.7283 15.5908
      vertex -160 36.9611 15.8563
      vertex -163 36.9611 15.8563
    endloop
  endfacet
  facet normal 0 -0.751892 0.659286
    outer loop
      vertex -160 36.9611 15.8563
      vertex -163 36.7283 15.5908
      vertex -160 36.7283 15.5908
    endloop
  endfacet
  facet normal 0 -0.659306 0.751875
    outer loop
      vertex -163 36.7283 15.5908
      vertex -160 36.4627 15.3579
      vertex -160 36.7283 15.5908
    endloop
  endfacet
  facet normal 0 -0.659306 0.751875
    outer loop
      vertex -160 36.4627 15.3579
      vertex -163 36.7283 15.5908
      vertex -163 36.4627 15.3579
    endloop
  endfacet
  facet normal 0 -0.946856 0.321659
    outer loop
      vertex -163 37.3135 16.4668
      vertex -160 37.4271 16.8012
      vertex -163 37.4271 16.8012
    endloop
  endfacet
  facet normal 0 -0.946856 0.321659
    outer loop
      vertex -160 37.4271 16.8012
      vertex -163 37.3135 16.4668
      vertex -160 37.3135 16.4668
    endloop
  endfacet
  facet normal 0 -0.442224 0.896905
    outer loop
      vertex -163 36.1691 15.1617
      vertex -160 35.8523 15.0055
      vertex -160 36.1691 15.1617
    endloop
  endfacet
  facet normal 0 -0.442224 0.896905
    outer loop
      vertex -160 35.8523 15.0055
      vertex -163 36.1691 15.1617
      vertex -163 35.8523 15.0055
    endloop
  endfacet
  facet normal 0 -0.997858 0.0654101
    outer loop
      vertex -163 37.496 17.1476
      vertex -160 37.5191 17.5
      vertex -163 37.5191 17.5
    endloop
  endfacet
  facet normal 0 -0.997858 0.0654101
    outer loop
      vertex -160 37.5191 17.5
      vertex -163 37.496 17.1476
      vertex -160 37.496 17.1476
    endloop
  endfacet
  facet normal 0 0.751752 0.659446
    outer loop
      vertex -160 32.9099 15.5908
      vertex -163 32.677 15.8563
      vertex -160 32.677 15.8563
    endloop
  endfacet
  facet normal 0 0.751752 0.659446
    outer loop
      vertex -163 32.677 15.8563
      vertex -160 32.9099 15.5908
      vertex -163 32.9099 15.5908
    endloop
  endfacet
  facet normal 0 -0.980787 0.195081
    outer loop
      vertex -163 37.4271 16.8012
      vertex -160 37.496 17.1476
      vertex -163 37.496 17.1476
    endloop
  endfacet
  facet normal 0 -0.980787 0.195081
    outer loop
      vertex -160 37.496 17.1476
      vertex -163 37.4271 16.8012
      vertex -160 37.4271 16.8012
    endloop
  endfacet
  facet normal 0 0.896905 0.442224
    outer loop
      vertex -160 32.4808 16.15
      vertex -163 32.3246 16.4668
      vertex -160 32.3246 16.4668
    endloop
  endfacet
  facet normal 0 0.896905 0.442224
    outer loop
      vertex -163 32.3246 16.4668
      vertex -160 32.4808 16.15
      vertex -163 32.4808 16.15
    endloop
  endfacet
  facet normal 0 -0.831527 0.555484
    outer loop
      vertex -163 36.9611 15.8563
      vertex -160 37.1573 16.15
      vertex -163 37.1573 16.15
    endloop
  endfacet
  facet normal 0 -0.831527 0.555484
    outer loop
      vertex -160 37.1573 16.15
      vertex -163 36.9611 15.8563
      vertex -160 36.9611 15.8563
    endloop
  endfacet
  facet normal -0 0.321319 0.946971
    outer loop
      vertex -163 34.1203 14.892
      vertex -160 33.7858 15.0055
      vertex -160 34.1203 14.892
    endloop
  endfacet
  facet normal 0 0.321319 0.946971
    outer loop
      vertex -160 33.7858 15.0055
      vertex -163 34.1203 14.892
      vertex -163 33.7858 15.0055
    endloop
  endfacet
  facet normal 0 0.946942 0.321405
    outer loop
      vertex -160 32.3246 16.4668
      vertex -163 32.2111 16.8012
      vertex -160 32.2111 16.8012
    endloop
  endfacet
  facet normal 0 0.946942 0.321405
    outer loop
      vertex -163 32.2111 16.8012
      vertex -160 32.3246 16.4668
      vertex -163 32.3246 16.4668
    endloop
  endfacet
  facet normal -0 0.555484 0.831527
    outer loop
      vertex -163 33.4691 15.1617
      vertex -160 33.1754 15.3579
      vertex -160 33.4691 15.1617
    endloop
  endfacet
  facet normal 0 0.555484 0.831527
    outer loop
      vertex -160 33.1754 15.3579
      vertex -163 33.4691 15.1617
      vertex -163 33.1754 15.3579
    endloop
  endfacet
  facet normal 0 -0.896905 0.442224
    outer loop
      vertex -163 37.1573 16.15
      vertex -160 37.3135 16.4668
      vertex -163 37.3135 16.4668
    endloop
  endfacet
  facet normal 0 -0.896905 0.442224
    outer loop
      vertex -160 37.3135 16.4668
      vertex -163 37.1573 16.15
      vertex -160 37.1573 16.15
    endloop
  endfacet
  facet normal 0 -0.555615 0.83144
    outer loop
      vertex -163 36.4627 15.3579
      vertex -160 36.1691 15.1617
      vertex -160 36.4627 15.3579
    endloop
  endfacet
  facet normal 0 -0.555615 0.83144
    outer loop
      vertex -160 36.1691 15.1617
      vertex -163 36.4627 15.3579
      vertex -163 36.1691 15.1617
    endloop
  endfacet
  facet normal -0 0.442336 0.896849
    outer loop
      vertex -163 33.7858 15.0055
      vertex -160 33.4691 15.1617
      vertex -160 33.7858 15.0055
    endloop
  endfacet
  facet normal 0 0.442336 0.896849
    outer loop
      vertex -160 33.4691 15.1617
      vertex -163 33.7858 15.0055
      vertex -163 33.4691 15.1617
    endloop
  endfacet
  facet normal 0 -0.0654101 0.997858
    outer loop
      vertex -163 35.1715 14.8231
      vertex -160 34.8191 14.8
      vertex -160 35.1715 14.8231
    endloop
  endfacet
  facet normal 0 -0.0654101 0.997858
    outer loop
      vertex -160 34.8191 14.8
      vertex -163 35.1715 14.8231
      vertex -163 34.8191 14.8
    endloop
  endfacet
  facet normal 0 -0.195081 0.980787
    outer loop
      vertex -163 35.5179 14.892
      vertex -160 35.1715 14.8231
      vertex -160 35.5179 14.892
    endloop
  endfacet
  facet normal 0 -0.195081 0.980787
    outer loop
      vertex -160 35.1715 14.8231
      vertex -163 35.5179 14.892
      vertex -163 35.1715 14.8231
    endloop
  endfacet
  facet normal 0 0.997858 0.0654101
    outer loop
      vertex -160 32.1422 17.1476
      vertex -163 32.1191 17.5
      vertex -160 32.1191 17.5
    endloop
  endfacet
  facet normal 0 0.997858 0.0654101
    outer loop
      vertex -163 32.1191 17.5
      vertex -160 32.1422 17.1476
      vertex -163 32.1422 17.1476
    endloop
  endfacet
  facet normal 0 0.980787 0.195081
    outer loop
      vertex -160 32.2111 16.8012
      vertex -163 32.1422 17.1476
      vertex -160 32.1422 17.1476
    endloop
  endfacet
  facet normal 0 0.980787 0.195081
    outer loop
      vertex -163 32.1422 17.1476
      vertex -160 32.2111 16.8012
      vertex -163 32.2111 16.8012
    endloop
  endfacet
  facet normal 0 0.831527 0.555484
    outer loop
      vertex -160 32.677 15.8563
      vertex -163 32.4808 16.15
      vertex -160 32.4808 16.15
    endloop
  endfacet
  facet normal 0 0.831527 0.555484
    outer loop
      vertex -163 32.4808 16.15
      vertex -160 32.677 15.8563
      vertex -163 32.677 15.8563
    endloop
  endfacet
  facet normal 0 -1 0
    outer loop
      vertex -163 37.5191 17.5
      vertex -160 37.5191 29
      vertex -163 37.5191 29
    endloop
  endfacet
  facet normal 0 -1 -0
    outer loop
      vertex -160 37.5191 29
      vertex -163 37.5191 17.5
      vertex -160 37.5191 17.5
    endloop
  endfacet
  facet normal 1 -0 0
    outer loop
      vertex -20.01 228.19 32
      vertex -20.01 231.19 29
      vertex -20.01 231.19 32
    endloop
  endfacet
  facet normal 1 0 0
    outer loop
      vertex -20.01 231.19 29
      vertex -20.01 228.19 32
      vertex -20.01 228.19 29
    endloop
  endfacet
  facet normal 1 -0 0
    outer loop
      vertex -20.01 18.81 32
      vertex -20.01 21.81 29
      vertex -20.01 21.81 32
    endloop
  endfacet
  facet normal 1 0 0
    outer loop
      vertex -20.01 21.81 29
      vertex -20.01 18.81 32
      vertex -20.01 18.81 29
    endloop
  endfacet
  facet normal 0 0 1
    outer loop
      vertex -17 231.19 29
      vertex -20 228.19 29
      vertex -17 217.519 29
    endloop
  endfacet
  facet normal -0 0 1
    outer loop
      vertex -20.01 231.19 29
      vertex -20 228.19 29
      vertex -17 231.19 29
    endloop
  endfacet
  facet normal 0 0 1
    outer loop
      vertex -20 228.19 29
      vertex -20.01 231.19 29
      vertex -20.01 228.19 29
    endloop
  endfacet
  facet normal 0 0 1
    outer loop
      vertex -17 217.519 29
      vertex -20 228.19 29
      vertex -20 217.519 29
    endloop
  endfacet
  facet normal -0 0 1
    outer loop
      vertex -20 212.119 29
      vertex -17 197.519 29
      vertex -17 212.119 29
    endloop
  endfacet
  facet normal 0 0 1
    outer loop
      vertex -17 197.519 29
      vertex -20 212.119 29
      vertex -20 197.519 29
    endloop
  endfacet
  facet normal -0 0 1
    outer loop
      vertex -20 192.119 29
      vertex -17 177.519 29
      vertex -17 192.119 29
    endloop
  endfacet
  facet normal 0 0 1
    outer loop
      vertex -17 177.519 29
      vertex -20 192.119 29
      vertex -20 177.519 29
    endloop
  endfacet
  facet normal -0 0 1
    outer loop
      vertex -20 172.119 29
      vertex -17 157.519 29
      vertex -17 172.119 29
    endloop
  endfacet
  facet normal 0 0 1
    outer loop
      vertex -17 157.519 29
      vertex -20 172.119 29
      vertex -20 157.519 29
    endloop
  endfacet
  facet normal -0 0 1
    outer loop
      vertex -20 152.119 29
      vertex -17 137.519 29
      vertex -17 152.119 29
    endloop
  endfacet
  facet normal 0 0 1
    outer loop
      vertex -17 137.519 29
      vertex -20 152.119 29
      vertex -20 137.519 29
    endloop
  endfacet
  facet normal -0 0 1
    outer loop
      vertex -20 132.119 29
      vertex -17 117.519 29
      vertex -17 132.119 29
    endloop
  endfacet
  facet normal 0 0 1
    outer loop
      vertex -17 117.519 29
      vertex -20 132.119 29
      vertex -20 117.519 29
    endloop
  endfacet
  facet normal -0 0 1
    outer loop
      vertex -20 112.119 29
      vertex -17 97.5191 29
      vertex -17 112.119 29
    endloop
  endfacet
  facet normal 0 0 1
    outer loop
      vertex -17 97.5191 29
      vertex -20 112.119 29
      vertex -20 97.5191 29
    endloop
  endfacet
  facet normal -0 0 1
    outer loop
      vertex -20 92.1191 29
      vertex -17 77.5191 29
      vertex -17 92.1191 29
    endloop
  endfacet
  facet normal 0 0 1
    outer loop
      vertex -17 77.5191 29
      vertex -20 92.1191 29
      vertex -20 77.5191 29
    endloop
  endfacet
  facet normal -0 0 1
    outer loop
      vertex -20 72.1191 29
      vertex -17 57.5191 29
      vertex -17 72.1191 29
    endloop
  endfacet
  facet normal 0 0 1
    outer loop
      vertex -17 57.5191 29
      vertex -20 72.1191 29
      vertex -20 57.5191 29
    endloop
  endfacet
  facet normal -0 0 1
    outer loop
      vertex -20 52.1191 29
      vertex -17 37.5191 29
      vertex -17 52.1191 29
    endloop
  endfacet
  facet normal 0 0 1
    outer loop
      vertex -17 37.5191 29
      vertex -20 52.1191 29
      vertex -20 37.5191 29
    endloop
  endfacet
  facet normal 0 0 1
    outer loop
      vertex -20 21.81 29
      vertex -17 32.1191 29
      vertex -20 32.1191 29
    endloop
  endfacet
  facet normal 0 0 1
    outer loop
      vertex -17 32.1191 29
      vertex -20 21.81 29
      vertex -17 18.81 29
    endloop
  endfacet
  facet normal 0 0 1
    outer loop
      vertex -20.01 18.81 29
      vertex -20 21.81 29
      vertex -20.01 21.81 29
    endloop
  endfacet
  facet normal 0 0 1
    outer loop
      vertex -20 21.81 29
      vertex -20.01 18.81 29
      vertex -17 18.81 29
    endloop
  endfacet
  facet normal 0 1 -0
    outer loop
      vertex -160 18.8 29
      vertex -163 18.8 32
      vertex -160 18.8 32
    endloop
  endfacet
  facet normal 0 1 0
    outer loop
      vertex -163 18.8 32
      vertex -160 18.8 29
      vertex -163 18.8 29
    endloop
  endfacet
  facet normal 0 -1 0
    outer loop
      vertex -163 231.2 29
      vertex -160 231.2 32
      vertex -163 231.2 32
    endloop
  endfacet
  facet normal 0 -1 -0
    outer loop
      vertex -160 231.2 32
      vertex -163 231.2 29
      vertex -160 231.2 29
    endloop
  endfacet
  facet normal -1 0 0
    outer loop
      vertex -159.99 228.19 29
      vertex -159.99 231.19 32
      vertex -159.99 231.19 29
    endloop
  endfacet
  facet normal -1 -0 0
    outer loop
      vertex -159.99 231.19 32
      vertex -159.99 228.19 29
      vertex -159.99 228.19 32
    endloop
  endfacet
  facet normal -1 0 0
    outer loop
      vertex -159.99 18.81 29
      vertex -159.99 21.81 32
      vertex -159.99 21.81 29
    endloop
  endfacet
  facet normal -1 -0 0
    outer loop
      vertex -159.99 21.81 32
      vertex -159.99 18.81 29
      vertex -159.99 18.81 32
    endloop
  endfacet
  facet normal -0 0 1
    outer loop
      vertex -163 231.2 29
      vertex -160 231.19 29
      vertex -160 231.2 29
    endloop
  endfacet
  facet normal 0 0 1
    outer loop
      vertex -160 231.19 29
      vertex -163 231.2 29
      vertex -160 228.19 29
    endloop
  endfacet
  facet normal 0 0 1
    outer loop
      vertex -163 217.519 29
      vertex -160 228.19 29
      vertex -163 231.2 29
    endloop
  endfacet
  facet normal 0 0 1
    outer loop
      vertex -160 228.19 29
      vertex -163 217.519 29
      vertex -160 217.519 29
    endloop
  endfacet
  facet normal -0 0 1
    outer loop
      vertex -160 231.19 29
      vertex -159.99 228.19 29
      vertex -159.99 231.19 29
    endloop
  endfacet
  facet normal 0 0 1
    outer loop
      vertex -159.99 228.19 29
      vertex -160 231.19 29
      vertex -160 228.19 29
    endloop
  endfacet
  facet normal -0 0 1
    outer loop
      vertex -163 212.119 29
      vertex -160 197.519 29
      vertex -160 212.119 29
    endloop
  endfacet
  facet normal 0 0 1
    outer loop
      vertex -160 197.519 29
      vertex -163 212.119 29
      vertex -163 197.519 29
    endloop
  endfacet
  facet normal -0 0 1
    outer loop
      vertex -163 192.119 29
      vertex -160 177.519 29
      vertex -160 192.119 29
    endloop
  endfacet
  facet normal 0 0 1
    outer loop
      vertex -160 177.519 29
      vertex -163 192.119 29
      vertex -163 177.519 29
    endloop
  endfacet
  facet normal -0 0 1
    outer loop
      vertex -163 172.119 29
      vertex -160 157.519 29
      vertex -160 172.119 29
    endloop
  endfacet
  facet normal 0 0 1
    outer loop
      vertex -160 157.519 29
      vertex -163 172.119 29
      vertex -163 157.519 29
    endloop
  endfacet
  facet normal -0 0 1
    outer loop
      vertex -163 152.119 29
      vertex -160 137.519 29
      vertex -160 152.119 29
    endloop
  endfacet
  facet normal 0 0 1
    outer loop
      vertex -160 137.519 29
      vertex -163 152.119 29
      vertex -163 137.519 29
    endloop
  endfacet
  facet normal -0 0 1
    outer loop
      vertex -163 132.119 29
      vertex -160 117.519 29
      vertex -160 132.119 29
    endloop
  endfacet
  facet normal 0 0 1
    outer loop
      vertex -160 117.519 29
      vertex -163 132.119 29
      vertex -163 117.519 29
    endloop
  endfacet
  facet normal -0 0 1
    outer loop
      vertex -163 112.119 29
      vertex -160 97.5191 29
      vertex -160 112.119 29
    endloop
  endfacet
  facet normal 0 0 1
    outer loop
      vertex -160 97.5191 29
      vertex -163 112.119 29
      vertex -163 97.5191 29
    endloop
  endfacet
  facet normal -0 0 1
    outer loop
      vertex -163 92.1191 29
      vertex -160 77.5191 29
      vertex -160 92.1191 29
    endloop
  endfacet
  facet normal 0 0 1
    outer loop
      vertex -160 77.5191 29
      vertex -163 92.1191 29
      vertex -163 77.5191 29
    endloop
  endfacet
  facet normal -0 0 1
    outer loop
      vertex -163 72.1191 29
      vertex -160 57.5191 29
      vertex -160 72.1191 29
    endloop
  endfacet
  facet normal 0 0 1
    outer loop
      vertex -160 57.5191 29
      vertex -163 72.1191 29
      vertex -163 57.5191 29
    endloop
  endfacet
  facet normal -0 0 1
    outer loop
      vertex -163 52.1191 29
      vertex -160 37.5191 29
      vertex -160 52.1191 29
    endloop
  endfacet
  facet normal 0 0 1
    outer loop
      vertex -160 37.5191 29
      vertex -163 52.1191 29
      vertex -163 37.5191 29
    endloop
  endfacet
  facet normal -0 0 1
    outer loop
      vertex -163 32.1191 29
      vertex -160 21.81 29
      vertex -160 32.1191 29
    endloop
  endfacet
  facet normal 0 0 1
    outer loop
      vertex -163 18.8 29
      vertex -160 21.81 29
      vertex -163 32.1191 29
    endloop
  endfacet
  facet normal 0 0 1
    outer loop
      vertex -160 21.81 29
      vertex -163 18.8 29
      vertex -160 18.81 29
    endloop
  endfacet
  facet normal 0 0 1
    outer loop
      vertex -160 18.81 29
      vertex -163 18.8 29
      vertex -160 18.8 29
    endloop
  endfacet
  facet normal -0 0 1
    outer loop
      vertex -160 21.81 29
      vertex -159.99 18.81 29
      vertex -159.99 21.81 29
    endloop
  endfacet
  facet normal 0 0 1
    outer loop
      vertex -159.99 18.81 29
      vertex -160 21.81 29
      vertex -160 18.81 29
    endloop
  endfacet
  facet normal 0.980646 -0.195789 0
    outer loop
      vertex -42.2308 239.389 32
      vertex -42.1733 239.677 2.5
      vertex -42.1733 239.677 32
    endloop
  endfacet
  facet normal 0.980646 -0.195789 0
    outer loop
      vertex -42.1733 239.677 2.5
      vertex -42.2308 239.389 32
      vertex -42.2308 239.389 2.5
    endloop
  endfacet
  facet normal 0.997874 -0.0651673 0
    outer loop
      vertex -42.25 239.095 32
      vertex -42.2308 239.389 2.5
      vertex -42.2308 239.389 32
    endloop
  endfacet
  facet normal 0.997874 -0.0651673 0
    outer loop
      vertex -42.2308 239.389 2.5
      vertex -42.25 239.095 32
      vertex -42.25 239.095 2.5
    endloop
  endfacet
  facet normal 0.947041 -0.321112 0
    outer loop
      vertex -42.1733 239.677 32
      vertex -42.0787 239.956 2.5
      vertex -42.0787 239.956 32
    endloop
  endfacet
  facet normal 0.947041 -0.321112 0
    outer loop
      vertex -42.0787 239.956 2.5
      vertex -42.1733 239.677 32
      vertex -42.1733 239.677 2.5
    endloop
  endfacet
  facet normal 0.831632 -0.555327 0
    outer loop
      vertex -41.9486 240.22 32
      vertex -41.785 240.465 2.5
      vertex -41.785 240.465 32
    endloop
  endfacet
  facet normal 0.831632 -0.555327 0
    outer loop
      vertex -41.785 240.465 2.5
      vertex -41.9486 240.22 32
      vertex -41.9486 240.22 2.5
    endloop
  endfacet
  facet normal -0.659202 0.751966 0
    outer loop
      vertex -38.409 237.504 2.5
      vertex -38.6303 237.31 32
      vertex -38.409 237.504 32
    endloop
  endfacet
  facet normal -0.659202 0.751966 0
    outer loop
      vertex -38.6303 237.31 32
      vertex -38.409 237.504 2.5
      vertex -38.6303 237.31 2.5
    endloop
  endfacet
  facet normal 0.751522 0.659708 0
    outer loop
      vertex -41.591 237.504 32
      vertex -41.785 237.725 2.5
      vertex -41.785 237.725 32
    endloop
  endfacet
  facet normal 0.751522 0.659708 0
    outer loop
      vertex -41.785 237.725 2.5
      vertex -41.591 237.504 32
      vertex -41.591 237.504 2.5
    endloop
  endfacet
  facet normal 0.659202 -0.751966 0
    outer loop
      vertex -41.591 240.686 2.5
      vertex -41.3697 240.88 32
      vertex -41.591 240.686 32
    endloop
  endfacet
  facet normal 0.659202 -0.751966 0
    outer loop
      vertex -41.3697 240.88 32
      vertex -41.591 240.686 2.5
      vertex -41.3697 240.88 2.5
    endloop
  endfacet
  facet normal -0.441768 -0.897129 0
    outer loop
      vertex -39.139 241.174 2.5
      vertex -38.875 241.044 32
      vertex -39.139 241.174 32
    endloop
  endfacet
  facet normal -0.441768 -0.897129 -0
    outer loop
      vertex -38.875 241.044 32
      vertex -39.139 241.174 2.5
      vertex -38.875 241.044 2.5
    endloop
  endfacet
  facet normal 0.441768 -0.897129 0
    outer loop
      vertex -41.125 241.044 2.5
      vertex -40.861 241.174 32
      vertex -41.125 241.044 32
    endloop
  endfacet
  facet normal 0.441768 -0.897129 0
    outer loop
      vertex -40.861 241.174 32
      vertex -41.125 241.044 2.5
      vertex -40.861 241.174 2.5
    endloop
  endfacet
  facet normal 0.896995 0.442042 0
    outer loop
      vertex -41.9486 237.97 32
      vertex -42.0787 238.234 2.5
      vertex -42.0787 238.234 32
    endloop
  endfacet
  facet normal 0.896995 0.442042 0
    outer loop
      vertex -42.0787 238.234 2.5
      vertex -41.9486 237.97 32
      vertex -41.9486 237.97 2.5
    endloop
  endfacet
  facet normal 0.319592 0.947555 -0
    outer loop
      vertex -40.5823 236.922 2.5
      vertex -40.861 237.016 32
      vertex -40.5823 236.922 32
    endloop
  endfacet
  facet normal 0.319592 0.947555 0
    outer loop
      vertex -40.861 237.016 32
      vertex -40.5823 236.922 2.5
      vertex -40.861 237.016 2.5
    endloop
  endfacet
  facet normal 0.896995 -0.442042 0
    outer loop
      vertex -42.0787 239.956 32
      vertex -41.9486 240.22 2.5
      vertex -41.9486 240.22 32
    endloop
  endfacet
  facet normal 0.896995 -0.442042 0
    outer loop
      vertex -41.9486 240.22 2.5
      vertex -42.0787 239.956 32
      vertex -42.0787 239.956 2.5
    endloop
  endfacet
  facet normal -0.896995 -0.442042 0
    outer loop
      vertex -37.9213 239.956 2.5
      vertex -38.0514 240.22 32
      vertex -38.0514 240.22 2.5
    endloop
  endfacet
  facet normal -0.896995 -0.442042 0
    outer loop
      vertex -38.0514 240.22 32
      vertex -37.9213 239.956 2.5
      vertex -37.9213 239.956 32
    endloop
  endfacet
  facet normal 0.751522 -0.659708 0
    outer loop
      vertex -41.785 240.465 32
      vertex -41.591 240.686 2.5
      vertex -41.591 240.686 32
    endloop
  endfacet
  facet normal 0.751522 -0.659708 0
    outer loop
      vertex -41.591 240.686 2.5
      vertex -41.785 240.465 32
      vertex -41.785 240.465 2.5
    endloop
  endfacet
  facet normal 0.980646 0.195789 0
    outer loop
      vertex -42.1733 238.513 32
      vertex -42.2308 238.801 2.5
      vertex -42.2308 238.801 32
    endloop
  endfacet
  facet normal 0.980646 0.195789 0
    outer loop
      vertex -42.2308 238.801 2.5
      vertex -42.1733 238.513 32
      vertex -42.1733 238.513 2.5
    endloop
  endfacet
  facet normal 0.997874 0.0651673 0
    outer loop
      vertex -42.2308 238.801 32
      vertex -42.25 239.095 2.5
      vertex -42.25 239.095 32
    endloop
  endfacet
  facet normal 0.997874 0.0651673 0
    outer loop
      vertex -42.25 239.095 2.5
      vertex -42.2308 238.801 32
      vertex -42.2308 238.801 2.5
    endloop
  endfacet
  facet normal -0.556735 0.83069 0
    outer loop
      vertex -38.6303 237.31 2.5
      vertex -38.875 237.146 32
      vertex -38.6303 237.31 32
    endloop
  endfacet
  facet normal -0.556735 0.83069 0
    outer loop
      vertex -38.875 237.146 32
      vertex -38.6303 237.31 2.5
      vertex -38.875 237.146 2.5
    endloop
  endfacet
  facet normal -0.947041 0.321112 0
    outer loop
      vertex -37.9213 238.234 2.5
      vertex -37.8267 238.513 32
      vertex -37.8267 238.513 2.5
    endloop
  endfacet
  facet normal -0.947041 0.321112 0
    outer loop
      vertex -37.8267 238.513 32
      vertex -37.9213 238.234 2.5
      vertex -37.9213 238.234 32
    endloop
  endfacet
  facet normal -0.997874 0.0651673 0
    outer loop
      vertex -37.7692 238.801 2.5
      vertex -37.75 239.095 32
      vertex -37.75 239.095 2.5
    endloop
  endfacet
  facet normal -0.997874 0.0651673 0
    outer loop
      vertex -37.75 239.095 32
      vertex -37.7692 238.801 2.5
      vertex -37.7692 238.801 32
    endloop
  endfacet
  facet normal -0.319592 -0.947555 0
    outer loop
      vertex -39.4177 241.268 2.5
      vertex -39.139 241.174 32
      vertex -39.4177 241.268 32
    endloop
  endfacet
  facet normal -0.319592 -0.947555 -0
    outer loop
      vertex -39.139 241.174 32
      vertex -39.4177 241.268 2.5
      vertex -39.139 241.174 2.5
    endloop
  endfacet
  facet normal 0.659202 0.751966 -0
    outer loop
      vertex -41.3697 237.31 2.5
      vertex -41.591 237.504 32
      vertex -41.3697 237.31 32
    endloop
  endfacet
  facet normal 0.659202 0.751966 0
    outer loop
      vertex -41.591 237.504 32
      vertex -41.3697 237.31 2.5
      vertex -41.591 237.504 2.5
    endloop
  endfacet
  facet normal 0.0645569 0.997914 -0
    outer loop
      vertex -40 236.845 2.5
      vertex -40.2937 236.864 32
      vertex -40 236.845 32
    endloop
  endfacet
  facet normal 0.0645569 0.997914 0
    outer loop
      vertex -40.2937 236.864 32
      vertex -40 236.845 2.5
      vertex -40.2937 236.864 2.5
    endloop
  endfacet
  facet normal 0.197031 -0.980397 0
    outer loop
      vertex -40.5823 241.268 2.5
      vertex -40.2937 241.326 32
      vertex -40.5823 241.268 32
    endloop
  endfacet
  facet normal 0.197031 -0.980397 0
    outer loop
      vertex -40.2937 241.326 32
      vertex -40.5823 241.268 2.5
      vertex -40.2937 241.326 2.5
    endloop
  endfacet
  facet normal 0.319592 -0.947555 0
    outer loop
      vertex -40.861 241.174 2.5
      vertex -40.5823 241.268 32
      vertex -40.861 241.174 32
    endloop
  endfacet
  facet normal 0.319592 -0.947555 0
    outer loop
      vertex -40.5823 241.268 32
      vertex -40.861 241.174 2.5
      vertex -40.5823 241.268 2.5
    endloop
  endfacet
  facet normal 0.947041 0.321112 0
    outer loop
      vertex -42.0787 238.234 32
      vertex -42.1733 238.513 2.5
      vertex -42.1733 238.513 32
    endloop
  endfacet
  facet normal 0.947041 0.321112 0
    outer loop
      vertex -42.1733 238.513 2.5
      vertex -42.0787 238.234 32
      vertex -42.0787 238.234 2.5
    endloop
  endfacet
  facet normal -0.197031 -0.980397 0
    outer loop
      vertex -39.7063 241.326 2.5
      vertex -39.4177 241.268 32
      vertex -39.7063 241.326 32
    endloop
  endfacet
  facet normal -0.197031 -0.980397 -0
    outer loop
      vertex -39.4177 241.268 32
      vertex -39.7063 241.326 2.5
      vertex -39.4177 241.268 2.5
    endloop
  endfacet
  facet normal -0.947041 -0.321112 0
    outer loop
      vertex -37.8267 239.677 2.5
      vertex -37.9213 239.956 32
      vertex -37.9213 239.956 2.5
    endloop
  endfacet
  facet normal -0.947041 -0.321112 0
    outer loop
      vertex -37.9213 239.956 32
      vertex -37.8267 239.677 2.5
      vertex -37.8267 239.677 32
    endloop
  endfacet
  facet normal 0.556735 -0.83069 0
    outer loop
      vertex -41.3697 240.88 2.5
      vertex -41.125 241.044 32
      vertex -41.3697 240.88 32
    endloop
  endfacet
  facet normal 0.556735 -0.83069 0
    outer loop
      vertex -41.125 241.044 32
      vertex -41.3697 240.88 2.5
      vertex -41.125 241.044 2.5
    endloop
  endfacet
  facet normal 0.197031 0.980397 -0
    outer loop
      vertex -40.2937 236.864 2.5
      vertex -40.5823 236.922 32
      vertex -40.2937 236.864 32
    endloop
  endfacet
  facet normal 0.197031 0.980397 0
    outer loop
      vertex -40.5823 236.922 32
      vertex -40.2937 236.864 2.5
      vertex -40.5823 236.922 2.5
    endloop
  endfacet
  facet normal 0.441768 0.897129 -0
    outer loop
      vertex -40.861 237.016 2.5
      vertex -41.125 237.146 32
      vertex -40.861 237.016 32
    endloop
  endfacet
  facet normal 0.441768 0.897129 0
    outer loop
      vertex -41.125 237.146 32
      vertex -40.861 237.016 2.5
      vertex -41.125 237.146 2.5
    endloop
  endfacet
  facet normal -0.441768 0.897129 0
    outer loop
      vertex -38.875 237.146 2.5
      vertex -39.139 237.016 32
      vertex -38.875 237.146 32
    endloop
  endfacet
  facet normal -0.441768 0.897129 0
    outer loop
      vertex -39.139 237.016 32
      vertex -38.875 237.146 2.5
      vertex -39.139 237.016 2.5
    endloop
  endfacet
  facet normal -0.751522 -0.659708 0
    outer loop
      vertex -38.215 240.465 2.5
      vertex -38.409 240.686 32
      vertex -38.409 240.686 2.5
    endloop
  endfacet
  facet normal -0.751522 -0.659708 0
    outer loop
      vertex -38.409 240.686 32
      vertex -38.215 240.465 2.5
      vertex -38.215 240.465 32
    endloop
  endfacet
  facet normal -0.896995 0.442042 0
    outer loop
      vertex -38.0514 237.97 2.5
      vertex -37.9213 238.234 32
      vertex -37.9213 238.234 2.5
    endloop
  endfacet
  facet normal -0.896995 0.442042 0
    outer loop
      vertex -37.9213 238.234 32
      vertex -38.0514 237.97 2.5
      vertex -38.0514 237.97 32
    endloop
  endfacet
  facet normal -0.997874 -0.0651673 0
    outer loop
      vertex -37.75 239.095 2.5
      vertex -37.7692 239.389 32
      vertex -37.7692 239.389 2.5
    endloop
  endfacet
  facet normal -0.997874 -0.0651673 0
    outer loop
      vertex -37.7692 239.389 32
      vertex -37.75 239.095 2.5
      vertex -37.75 239.095 32
    endloop
  endfacet
  facet normal -0.831632 0.555327 0
    outer loop
      vertex -38.215 237.725 2.5
      vertex -38.0514 237.97 32
      vertex -38.0514 237.97 2.5
    endloop
  endfacet
  facet normal -0.831632 0.555327 0
    outer loop
      vertex -38.0514 237.97 32
      vertex -38.215 237.725 2.5
      vertex -38.215 237.725 32
    endloop
  endfacet
  facet normal -0.556735 -0.83069 0
    outer loop
      vertex -38.875 241.044 2.5
      vertex -38.6303 240.88 32
      vertex -38.875 241.044 32
    endloop
  endfacet
  facet normal -0.556735 -0.83069 -0
    outer loop
      vertex -38.6303 240.88 32
      vertex -38.875 241.044 2.5
      vertex -38.6303 240.88 2.5
    endloop
  endfacet
  facet normal 0.831632 0.555327 0
    outer loop
      vertex -41.785 237.725 32
      vertex -41.9486 237.97 2.5
      vertex -41.9486 237.97 32
    endloop
  endfacet
  facet normal 0.831632 0.555327 0
    outer loop
      vertex -41.9486 237.97 2.5
      vertex -41.785 237.725 32
      vertex -41.785 237.725 2.5
    endloop
  endfacet
  facet normal -0.0645569 0.997914 0
    outer loop
      vertex -39.7063 236.864 2.5
      vertex -40 236.845 32
      vertex -39.7063 236.864 32
    endloop
  endfacet
  facet normal -0.0645569 0.997914 0
    outer loop
      vertex -40 236.845 32
      vertex -39.7063 236.864 2.5
      vertex -40 236.845 2.5
    endloop
  endfacet
  facet normal -0.659202 -0.751966 0
    outer loop
      vertex -38.6303 240.88 2.5
      vertex -38.409 240.686 32
      vertex -38.6303 240.88 32
    endloop
  endfacet
  facet normal -0.659202 -0.751966 -0
    outer loop
      vertex -38.409 240.686 32
      vertex -38.6303 240.88 2.5
      vertex -38.409 240.686 2.5
    endloop
  endfacet
  facet normal 0.556735 0.83069 -0
    outer loop
      vertex -41.125 237.146 2.5
      vertex -41.3697 237.31 32
      vertex -41.125 237.146 32
    endloop
  endfacet
  facet normal 0.556735 0.83069 0
    outer loop
      vertex -41.3697 237.31 32
      vertex -41.125 237.146 2.5
      vertex -41.3697 237.31 2.5
    endloop
  endfacet
  facet normal -0.980646 -0.195789 0
    outer loop
      vertex -37.7692 239.389 2.5
      vertex -37.8267 239.677 32
      vertex -37.8267 239.677 2.5
    endloop
  endfacet
  facet normal -0.980646 -0.195789 0
    outer loop
      vertex -37.8267 239.677 32
      vertex -37.7692 239.389 2.5
      vertex -37.7692 239.389 32
    endloop
  endfacet
  facet normal -0.0645569 -0.997914 0
    outer loop
      vertex -40 241.345 2.5
      vertex -39.7063 241.326 32
      vertex -40 241.345 32
    endloop
  endfacet
  facet normal -0.0645569 -0.997914 -0
    outer loop
      vertex -39.7063 241.326 32
      vertex -40 241.345 2.5
      vertex -39.7063 241.326 2.5
    endloop
  endfacet
  facet normal -0.319592 0.947555 0
    outer loop
      vertex -39.139 237.016 2.5
      vertex -39.4177 236.922 32
      vertex -39.139 237.016 32
    endloop
  endfacet
  facet normal -0.319592 0.947555 0
    outer loop
      vertex -39.4177 236.922 32
      vertex -39.139 237.016 2.5
      vertex -39.4177 236.922 2.5
    endloop
  endfacet
  facet normal -0.980646 0.195789 0
    outer loop
      vertex -37.8267 238.513 2.5
      vertex -37.7692 238.801 32
      vertex -37.7692 238.801 2.5
    endloop
  endfacet
  facet normal -0.980646 0.195789 0
    outer loop
      vertex -37.7692 238.801 32
      vertex -37.8267 238.513 2.5
      vertex -37.8267 238.513 32
    endloop
  endfacet
  facet normal -0.751522 0.659708 0
    outer loop
      vertex -38.409 237.504 2.5
      vertex -38.215 237.725 32
      vertex -38.215 237.725 2.5
    endloop
  endfacet
  facet normal -0.751522 0.659708 0
    outer loop
      vertex -38.215 237.725 32
      vertex -38.409 237.504 2.5
      vertex -38.409 237.504 32
    endloop
  endfacet
  facet normal 0.0645569 -0.997914 0
    outer loop
      vertex -40.2937 241.326 2.5
      vertex -40 241.345 32
      vertex -40.2937 241.326 32
    endloop
  endfacet
  facet normal 0.0645569 -0.997914 0
    outer loop
      vertex -40 241.345 32
      vertex -40.2937 241.326 2.5
      vertex -40 241.345 2.5
    endloop
  endfacet
  facet normal -0.197031 0.980397 0
    outer loop
      vertex -39.4177 236.922 2.5
      vertex -39.7063 236.864 32
      vertex -39.4177 236.922 32
    endloop
  endfacet
  facet normal -0.197031 0.980397 0
    outer loop
      vertex -39.7063 236.864 32
      vertex -39.4177 236.922 2.5
      vertex -39.7063 236.864 2.5
    endloop
  endfacet
  facet normal -0.831632 -0.555327 0
    outer loop
      vertex -38.0514 240.22 2.5
      vertex -38.215 240.465 32
      vertex -38.215 240.465 2.5
    endloop
  endfacet
  facet normal -0.831632 -0.555327 0
    outer loop
      vertex -38.215 240.465 32
      vertex -38.0514 240.22 2.5
      vertex -38.0514 240.22 32
    endloop
  endfacet
  facet normal 0.812584 -0.053194 -0.580412
    outer loop
      vertex -44.0357 239.095 0
      vertex -44.0067 239.538 0
      vertex -42.25 239.095 2.5
    endloop
  endfacet
  facet normal -0.155163 0.799087 -0.580848
    outer loop
      vertex -39.4732 235.094 0
      vertex -39.4177 236.922 2.5
      vertex -39.3908 235.11 0
    endloop
  endfacet
  facet normal -0.160466 0.798459 -0.580271
    outer loop
      vertex -39.4177 236.922 2.5
      vertex -39.4732 235.094 0
      vertex -39.7063 236.864 2.5
    endloop
  endfacet
  facet normal -0.798582 0.159439 -0.580384
    outer loop
      vertex -35.9988 238.568 0
      vertex -37.8267 238.513 2.5
      vertex -37.7692 238.801 2.5
    endloop
  endfacet
  facet normal -0.79855 0.15971 -0.580354
    outer loop
      vertex -37.8267 238.513 2.5
      vertex -35.9988 238.568 0
      vertex -36.0152 238.486 0
    endloop
  endfacet
  facet normal -0.261594 0.771217 -0.580339
    outer loop
      vertex -38.9555 235.197 0
      vertex -39.139 237.016 2.5
      vertex -38.8759 235.224 0
    endloop
  endfacet
  facet normal -0.260233 0.771563 -0.58049
    outer loop
      vertex -39.139 237.016 2.5
      vertex -38.9555 235.197 0
      vertex -39.4177 236.922 2.5
    endloop
  endfacet
  facet normal 0.366738 -0.727685 -0.579636
    outer loop
      vertex -41.5444 242.824 0
      vertex -41.125 241.044 2.5
      vertex -41.6198 242.786 0
    endloop
  endfacet
  facet normal 0.359723 -0.730514 -0.580473
    outer loop
      vertex -41.125 241.044 2.5
      vertex -41.5444 242.824 0
      vertex -40.861 241.174 2.5
    endloop
  endfacet
  facet normal -0.677129 -0.452337 -0.58042
    outer loop
      vertex -38.0514 240.22 2.5
      vertex -36.7515 241.482 0
      vertex -36.505 241.113 0
    endloop
  endfacet
  facet normal 0.260646 -0.771474 -0.580423
    outer loop
      vertex -41.5444 242.824 0
      vertex -41.1241 242.966 0
      vertex -40.861 241.174 2.5
    endloop
  endfacet
  facet normal 0.730322 -0.360207 -0.580414
    outer loop
      vertex -43.6913 240.715 0
      vertex -43.495 241.113 0
      vertex -41.9486 240.22 2.5
    endloop
  endfacet
  facet normal 0.447705 -0.680317 -0.580284
    outer loop
      vertex -42.3869 242.343 0
      vertex -41.3697 240.88 2.5
      vertex -42.4568 242.297 0
    endloop
  endfacet
  facet normal 0.453386 -0.676485 -0.580353
    outer loop
      vertex -41.3697 240.88 2.5
      vertex -42.3869 242.343 0
      vertex -41.125 241.044 2.5
    endloop
  endfacet
  facet normal -0.159589 -0.798493 -0.580465
    outer loop
      vertex -39.4177 241.268 2.5
      vertex -39.3908 243.08 0
      vertex -38.9555 242.993 0
    endloop
  endfacet
  facet normal -0.35874 0.731054 -0.580401
    outer loop
      vertex -38.4556 235.367 0
      vertex -38.875 237.146 2.5
      vertex -38.3802 235.404 0
    endloop
  endfacet
  facet normal -0.359784 0.730638 -0.580279
    outer loop
      vertex -38.875 237.146 2.5
      vertex -38.4556 235.367 0
      vertex -39.139 237.016 2.5
    endloop
  endfacet
  facet normal 0.730322 0.360207 -0.580414
    outer loop
      vertex -43.6913 237.475 0
      vertex -41.9486 237.97 2.5
      vertex -43.495 237.077 0
    endloop
  endfacet
  facet normal 0.611742 0.537525 -0.580378
    outer loop
      vertex -43.2017 236.638 0
      vertex -41.785 237.725 2.5
      vertex -42.9091 236.305 0
    endloop
  endfacet
  facet normal -0.79855 -0.15971 -0.580354
    outer loop
      vertex -35.9988 239.622 0
      vertex -37.8267 239.677 2.5
      vertex -36.0152 239.704 0
    endloop
  endfacet
  facet normal -0.798582 -0.159439 -0.580384
    outer loop
      vertex -37.8267 239.677 2.5
      vertex -35.9988 239.622 0
      vertex -37.7692 239.389 2.5
    endloop
  endfacet
  facet normal 0.771148 0.261472 -0.580486
    outer loop
      vertex -42.0787 238.234 2.5
      vertex -43.8982 238.05 0
      vertex -42.1733 238.513 2.5
    endloop
  endfacet
  facet normal 0.770657 0.263389 -0.58027
    outer loop
      vertex -43.8982 238.05 0
      vertex -42.0787 238.234 2.5
      vertex -43.8712 237.971 0
    endloop
  endfacet
  facet normal -0.611742 -0.537525 -0.580378
    outer loop
      vertex -38.215 240.465 2.5
      vertex -37.0909 241.885 0
      vertex -36.7983 241.552 0
    endloop
  endfacet
  facet normal -0.812584 -0.053194 -0.580412
    outer loop
      vertex -37.75 239.095 2.5
      vertex -35.9933 239.538 0
      vertex -35.9643 239.095 0
    endloop
  endfacet
  facet normal -0.771044 -0.261971 -0.580398
    outer loop
      vertex -37.9213 239.956 2.5
      vertex -36.2715 240.639 0
      vertex -36.1288 240.219 0
    endloop
  endfacet
  facet normal -0.359723 -0.730514 -0.580473
    outer loop
      vertex -38.4556 242.824 0
      vertex -38.875 241.044 2.5
      vertex -39.139 241.174 2.5
    endloop
  endfacet
  facet normal -0.366738 -0.727685 -0.579636
    outer loop
      vertex -38.875 241.044 2.5
      vertex -38.4556 242.824 0
      vertex -38.3802 242.786 0
    endloop
  endfacet
  facet normal 0.798695 -0.15864 -0.580448
    outer loop
      vertex -43.9848 239.704 0
      vertex -43.8982 240.14 0
      vertex -42.1733 239.677 2.5
    endloop
  endfacet
  facet normal 0.798695 0.15864 -0.580448
    outer loop
      vertex -43.9848 238.486 0
      vertex -42.1733 238.513 2.5
      vertex -43.8982 238.05 0
    endloop
  endfacet
  facet normal -0.812584 0.053194 -0.580412
    outer loop
      vertex -37.75 239.095 2.5
      vertex -35.9643 239.095 0
      vertex -35.9933 238.652 0
    endloop
  endfacet
  facet normal 0.536812 0.612353 -0.580394
    outer loop
      vertex -42.7905 236.186 0
      vertex -41.591 237.504 2.5
      vertex -41.3697 237.31 2.5
    endloop
  endfacet
  facet normal 0.534604 0.614308 -0.580366
    outer loop
      vertex -41.591 237.504 2.5
      vertex -42.7905 236.186 0
      vertex -42.8537 236.241 0
    endloop
  endfacet
  facet normal 0.812584 0.053194 -0.580412
    outer loop
      vertex -44.0357 239.095 0
      vertex -42.25 239.095 2.5
      vertex -44.0067 238.652 0
    endloop
  endfacet
  facet normal 0.771044 -0.261971 -0.580398
    outer loop
      vertex -43.8712 240.219 0
      vertex -43.7285 240.639 0
      vertex -42.0787 239.956 2.5
    endloop
  endfacet
  facet normal 0.73127 -0.357937 -0.580625
    outer loop
      vertex -41.9486 240.22 2.5
      vertex -43.7285 240.639 0
      vertex -43.6913 240.715 0
    endloop
  endfacet
  facet normal 0.730458 -0.359972 -0.580388
    outer loop
      vertex -43.7285 240.639 0
      vertex -41.9486 240.22 2.5
      vertex -42.0787 239.956 2.5
    endloop
  endfacet
  facet normal -0.453386 -0.676485 -0.580353
    outer loop
      vertex -37.6131 242.343 0
      vertex -38.6303 240.88 2.5
      vertex -38.875 241.044 2.5
    endloop
  endfacet
  facet normal -0.447705 -0.680317 -0.580284
    outer loop
      vertex -38.6303 240.88 2.5
      vertex -37.6131 242.343 0
      vertex -37.5432 242.297 0
    endloop
  endfacet
  facet normal 0.677129 0.452337 -0.58042
    outer loop
      vertex -43.495 237.077 0
      vertex -41.9486 237.97 2.5
      vertex -43.2485 236.708 0
    endloop
  endfacet
  facet normal -0.730322 -0.360207 -0.580414
    outer loop
      vertex -38.0514 240.22 2.5
      vertex -36.505 241.113 0
      vertex -36.3087 240.715 0
    endloop
  endfacet
  facet normal 0.0532029 -0.812537 -0.580476
    outer loop
      vertex -40.4429 243.102 0
      vertex -40 243.131 0
      vertex -40 241.345 2.5
    endloop
  endfacet
  facet normal 0.159589 -0.798493 -0.580465
    outer loop
      vertex -41.0445 242.993 0
      vertex -40.6092 243.08 0
      vertex -40.5823 241.268 2.5
    endloop
  endfacet
  facet normal 0.677129 -0.452337 -0.58042
    outer loop
      vertex -43.495 241.113 0
      vertex -43.2485 241.482 0
      vertex -41.9486 240.22 2.5
    endloop
  endfacet
  facet normal 0.261594 -0.771217 -0.580339
    outer loop
      vertex -41.0445 242.993 0
      vertex -40.861 241.174 2.5
      vertex -41.1241 242.966 0
    endloop
  endfacet
  facet normal 0.260233 -0.771563 -0.58049
    outer loop
      vertex -40.861 241.174 2.5
      vertex -41.0445 242.993 0
      vertex -40.5823 241.268 2.5
    endloop
  endfacet
  facet normal 0.0525698 0.812618 -0.580421
    outer loop
      vertex -40.4429 235.088 0
      vertex -40.2937 236.864 2.5
      vertex -40 236.845 2.5
    endloop
  endfacet
  facet normal 0.0580843 0.812213 -0.580462
    outer loop
      vertex -40.2937 236.864 2.5
      vertex -40.4429 235.088 0
      vertex -40.5268 235.094 0
    endloop
  endfacet
  facet normal 0.730458 0.359972 -0.580388
    outer loop
      vertex -41.9486 237.97 2.5
      vertex -43.7285 237.551 0
      vertex -42.0787 238.234 2.5
    endloop
  endfacet
  facet normal 0.73127 0.357937 -0.580625
    outer loop
      vertex -43.7285 237.551 0
      vertex -41.9486 237.97 2.5
      vertex -43.6913 237.475 0
    endloop
  endfacet
  facet normal -0.160466 -0.798459 -0.580271
    outer loop
      vertex -39.4732 243.096 0
      vertex -39.4177 241.268 2.5
      vertex -39.7063 241.326 2.5
    endloop
  endfacet
  facet normal -0.155163 -0.799087 -0.580848
    outer loop
      vertex -39.4177 241.268 2.5
      vertex -39.4732 243.096 0
      vertex -39.3908 243.08 0
    endloop
  endfacet
  facet normal 0.537268 0.611899 -0.58045
    outer loop
      vertex -42.7905 236.186 0
      vertex -41.3697 237.31 2.5
      vertex -42.4568 235.893 0
    endloop
  endfacet
  facet normal 0.0532029 0.812537 -0.580476
    outer loop
      vertex -40.4429 235.088 0
      vertex -40 236.845 2.5
      vertex -40 235.059 0
    endloop
  endfacet
  facet normal 0.615759 -0.533017 -0.580288
    outer loop
      vertex -41.591 240.686 2.5
      vertex -42.9091 241.885 0
      vertex -42.8537 241.949 0
    endloop
  endfacet
  facet normal 0.612018 -0.537247 -0.580344
    outer loop
      vertex -42.9091 241.885 0
      vertex -41.591 240.686 2.5
      vertex -41.785 240.465 2.5
    endloop
  endfacet
  facet normal -0.81259 -0.0532053 -0.580402
    outer loop
      vertex -35.9933 239.538 0
      vertex -37.7692 239.389 2.5
      vertex -35.9988 239.622 0
    endloop
  endfacet
  facet normal -0.8126 -0.0530677 -0.580401
    outer loop
      vertex -37.7692 239.389 2.5
      vertex -35.9933 239.538 0
      vertex -37.75 239.095 2.5
    endloop
  endfacet
  facet normal -0.798695 -0.15864 -0.580448
    outer loop
      vertex -37.8267 239.677 2.5
      vertex -36.1018 240.14 0
      vertex -36.0152 239.704 0
    endloop
  endfacet
  facet normal -0.534604 0.614308 -0.580366
    outer loop
      vertex -37.2095 236.186 0
      vertex -38.409 237.504 2.5
      vertex -37.1463 236.241 0
    endloop
  endfacet
  facet normal -0.536812 0.612353 -0.580394
    outer loop
      vertex -38.409 237.504 2.5
      vertex -37.2095 236.186 0
      vertex -38.6303 237.31 2.5
    endloop
  endfacet
  facet normal -0.0525698 -0.812618 -0.580421
    outer loop
      vertex -39.5571 243.102 0
      vertex -39.7063 241.326 2.5
      vertex -40 241.345 2.5
    endloop
  endfacet
  facet normal -0.0580843 -0.812213 -0.580462
    outer loop
      vertex -39.7063 241.326 2.5
      vertex -39.5571 243.102 0
      vertex -39.4732 243.096 0
    endloop
  endfacet
  facet normal -0.0532029 -0.812537 -0.580476
    outer loop
      vertex -40 241.345 2.5
      vertex -40 243.131 0
      vertex -39.5571 243.102 0
    endloop
  endfacet
  facet normal -0.260233 -0.771563 -0.58049
    outer loop
      vertex -38.9555 242.993 0
      vertex -39.139 241.174 2.5
      vertex -39.4177 241.268 2.5
    endloop
  endfacet
  facet normal -0.261594 -0.771217 -0.580339
    outer loop
      vertex -39.139 241.174 2.5
      vertex -38.9555 242.993 0
      vertex -38.8759 242.966 0
    endloop
  endfacet
  facet normal 0.770657 -0.263389 -0.58027
    outer loop
      vertex -42.0787 239.956 2.5
      vertex -43.8982 240.14 0
      vertex -43.8712 240.219 0
    endloop
  endfacet
  facet normal 0.771148 -0.261472 -0.580486
    outer loop
      vertex -43.8982 240.14 0
      vertex -42.0787 239.956 2.5
      vertex -42.1733 239.677 2.5
    endloop
  endfacet
  facet normal -0.615759 -0.533017 -0.580288
    outer loop
      vertex -37.0909 241.885 0
      vertex -38.409 240.686 2.5
      vertex -37.1463 241.949 0
    endloop
  endfacet
  facet normal -0.612018 -0.537247 -0.580344
    outer loop
      vertex -38.409 240.686 2.5
      vertex -37.0909 241.885 0
      vertex -38.215 240.465 2.5
    endloop
  endfacet
  facet normal -0.447705 0.680317 -0.580284
    outer loop
      vertex -37.6131 235.847 0
      vertex -38.6303 237.31 2.5
      vertex -37.5432 235.893 0
    endloop
  endfacet
  facet normal -0.453386 0.676485 -0.580353
    outer loop
      vertex -38.6303 237.31 2.5
      vertex -37.6131 235.847 0
      vertex -38.875 237.146 2.5
    endloop
  endfacet
  facet normal -0.359724 0.730644 -0.580309
    outer loop
      vertex -38.875 237.146 2.5
      vertex -37.9821 235.6 0
      vertex -38.3802 235.404 0
    endloop
  endfacet
  facet normal -0.536812 -0.612353 -0.580394
    outer loop
      vertex -37.2095 242.004 0
      vertex -38.409 240.686 2.5
      vertex -38.6303 240.88 2.5
    endloop
  endfacet
  facet normal -0.534604 -0.614308 -0.580366
    outer loop
      vertex -38.409 240.686 2.5
      vertex -37.2095 242.004 0
      vertex -37.1463 241.949 0
    endloop
  endfacet
  facet normal 0.159589 0.798493 -0.580465
    outer loop
      vertex -41.0445 235.197 0
      vertex -40.5823 236.922 2.5
      vertex -40.6092 235.11 0
    endloop
  endfacet
  facet normal 0.611742 -0.537525 -0.580378
    outer loop
      vertex -43.2017 241.552 0
      vertex -42.9091 241.885 0
      vertex -41.785 240.465 2.5
    endloop
  endfacet
  facet normal -0.770657 -0.263389 -0.58027
    outer loop
      vertex -36.1018 240.14 0
      vertex -37.9213 239.956 2.5
      vertex -36.1288 240.219 0
    endloop
  endfacet
  facet normal -0.771148 -0.261472 -0.580486
    outer loop
      vertex -37.9213 239.956 2.5
      vertex -36.1018 240.14 0
      vertex -37.8267 239.677 2.5
    endloop
  endfacet
  facet normal -0.159589 0.798493 -0.580465
    outer loop
      vertex -39.4177 236.922 2.5
      vertex -38.9555 235.197 0
      vertex -39.3908 235.11 0
    endloop
  endfacet
  facet normal 0.155163 -0.799087 -0.580848
    outer loop
      vertex -40.5268 243.096 0
      vertex -40.5823 241.268 2.5
      vertex -40.6092 243.08 0
    endloop
  endfacet
  facet normal 0.160466 -0.798459 -0.580271
    outer loop
      vertex -40.5823 241.268 2.5
      vertex -40.5268 243.096 0
      vertex -40.2937 241.326 2.5
    endloop
  endfacet
  facet normal -0.730458 0.359972 -0.580388
    outer loop
      vertex -36.2715 237.551 0
      vertex -38.0514 237.97 2.5
      vertex -37.9213 238.234 2.5
    endloop
  endfacet
  facet normal -0.73127 0.357937 -0.580625
    outer loop
      vertex -38.0514 237.97 2.5
      vertex -36.2715 237.551 0
      vertex -36.3087 237.475 0
    endloop
  endfacet
  facet normal -0.73127 -0.357937 -0.580625
    outer loop
      vertex -36.2715 240.639 0
      vertex -38.0514 240.22 2.5
      vertex -36.3087 240.715 0
    endloop
  endfacet
  facet normal -0.730458 -0.359972 -0.580388
    outer loop
      vertex -38.0514 240.22 2.5
      vertex -36.2715 240.639 0
      vertex -37.9213 239.956 2.5
    endloop
  endfacet
  facet normal 0.771044 0.261971 -0.580398
    outer loop
      vertex -43.8712 237.971 0
      vertex -42.0787 238.234 2.5
      vertex -43.7285 237.551 0
    endloop
  endfacet
  facet normal -0.260646 -0.771474 -0.580423
    outer loop
      vertex -39.139 241.174 2.5
      vertex -38.8759 242.966 0
      vertex -38.4556 242.824 0
    endloop
  endfacet
  facet normal 0.262326 0.771018 -0.580273
    outer loop
      vertex -41.5444 235.367 0
      vertex -40.861 237.016 2.5
      vertex -41.1241 235.224 0
    endloop
  endfacet
  facet normal 0.676963 -0.452598 -0.580411
    outer loop
      vertex -41.785 240.465 2.5
      vertex -43.2485 241.482 0
      vertex -43.2017 241.552 0
    endloop
  endfacet
  facet normal 0.67722 -0.452217 -0.580407
    outer loop
      vertex -43.2485 241.482 0
      vertex -41.785 240.465 2.5
      vertex -41.9486 240.22 2.5
    endloop
  endfacet
  facet normal 0.453013 -0.676769 -0.580312
    outer loop
      vertex -42.3869 242.343 0
      vertex -42.0179 242.59 0
      vertex -41.125 241.044 2.5
    endloop
  endfacet
  facet normal -0.0580843 0.812213 -0.580462
    outer loop
      vertex -39.5571 235.088 0
      vertex -39.7063 236.864 2.5
      vertex -39.4732 235.094 0
    endloop
  endfacet
  facet normal -0.0525698 0.812618 -0.580421
    outer loop
      vertex -39.7063 236.864 2.5
      vertex -39.5571 235.088 0
      vertex -40 236.845 2.5
    endloop
  endfacet
  facet normal 0.612018 0.537247 -0.580344
    outer loop
      vertex -41.591 237.504 2.5
      vertex -42.9091 236.305 0
      vertex -41.785 237.725 2.5
    endloop
  endfacet
  facet normal 0.615759 0.533017 -0.580288
    outer loop
      vertex -42.9091 236.305 0
      vertex -41.591 237.504 2.5
      vertex -42.8537 236.241 0
    endloop
  endfacet
  facet normal 0.79855 -0.15971 -0.580354
    outer loop
      vertex -42.1733 239.677 2.5
      vertex -44.0012 239.622 0
      vertex -43.9848 239.704 0
    endloop
  endfacet
  facet normal 0.798582 -0.159439 -0.580384
    outer loop
      vertex -44.0012 239.622 0
      vertex -42.1733 239.677 2.5
      vertex -42.2308 239.389 2.5
    endloop
  endfacet
  facet normal -0.771148 0.261472 -0.580486
    outer loop
      vertex -36.1018 238.05 0
      vertex -37.9213 238.234 2.5
      vertex -37.8267 238.513 2.5
    endloop
  endfacet
  facet normal -0.770657 0.263389 -0.58027
    outer loop
      vertex -37.9213 238.234 2.5
      vertex -36.1018 238.05 0
      vertex -36.1288 237.971 0
    endloop
  endfacet
  facet normal -0.612018 0.537247 -0.580344
    outer loop
      vertex -37.0909 236.305 0
      vertex -38.409 237.504 2.5
      vertex -38.215 237.725 2.5
    endloop
  endfacet
  facet normal -0.615759 0.533017 -0.580288
    outer loop
      vertex -38.409 237.504 2.5
      vertex -37.0909 236.305 0
      vertex -37.1463 236.241 0
    endloop
  endfacet
  facet normal -0.798695 0.15864 -0.580448
    outer loop
      vertex -37.8267 238.513 2.5
      vertex -36.0152 238.486 0
      vertex -36.1018 238.05 0
    endloop
  endfacet
  facet normal 0.798582 0.159439 -0.580384
    outer loop
      vertex -42.1733 238.513 2.5
      vertex -44.0012 238.568 0
      vertex -42.2308 238.801 2.5
    endloop
  endfacet
  facet normal 0.79855 0.15971 -0.580354
    outer loop
      vertex -44.0012 238.568 0
      vertex -42.1733 238.513 2.5
      vertex -43.9848 238.486 0
    endloop
  endfacet
  facet normal 0.8126 0.0530677 -0.580401
    outer loop
      vertex -42.2308 238.801 2.5
      vertex -44.0067 238.652 0
      vertex -42.25 239.095 2.5
    endloop
  endfacet
  facet normal 0.81259 0.0532053 -0.580402
    outer loop
      vertex -44.0067 238.652 0
      vertex -42.2308 238.801 2.5
      vertex -44.0012 238.568 0
    endloop
  endfacet
  facet normal -0.676963 -0.452598 -0.580411
    outer loop
      vertex -36.7515 241.482 0
      vertex -38.215 240.465 2.5
      vertex -36.7983 241.552 0
    endloop
  endfacet
  facet normal -0.67722 -0.452217 -0.580407
    outer loop
      vertex -38.215 240.465 2.5
      vertex -36.7515 241.482 0
      vertex -38.0514 240.22 2.5
    endloop
  endfacet
  facet normal 0.0580843 -0.812213 -0.580462
    outer loop
      vertex -40.4429 243.102 0
      vertex -40.2937 241.326 2.5
      vertex -40.5268 243.096 0
    endloop
  endfacet
  facet normal 0.0525698 -0.812618 -0.580421
    outer loop
      vertex -40.2937 241.326 2.5
      vertex -40.4429 243.102 0
      vertex -40 241.345 2.5
    endloop
  endfacet
  facet normal 0.260233 0.771563 -0.58049
    outer loop
      vertex -41.0445 235.197 0
      vertex -40.861 237.016 2.5
      vertex -40.5823 236.922 2.5
    endloop
  endfacet
  facet normal 0.261594 0.771217 -0.580339
    outer loop
      vertex -40.861 237.016 2.5
      vertex -41.0445 235.197 0
      vertex -41.1241 235.224 0
    endloop
  endfacet
  facet normal 0.359724 -0.730644 -0.580309
    outer loop
      vertex -42.0179 242.59 0
      vertex -41.6198 242.786 0
      vertex -41.125 241.044 2.5
    endloop
  endfacet
  facet normal 0.359784 0.730638 -0.580279
    outer loop
      vertex -41.5444 235.367 0
      vertex -41.125 237.146 2.5
      vertex -40.861 237.016 2.5
    endloop
  endfacet
  facet normal 0.35874 0.731054 -0.580401
    outer loop
      vertex -41.125 237.146 2.5
      vertex -41.5444 235.367 0
      vertex -41.6198 235.404 0
    endloop
  endfacet
  facet normal 0.160466 0.798459 -0.580271
    outer loop
      vertex -40.5268 235.094 0
      vertex -40.5823 236.922 2.5
      vertex -40.2937 236.864 2.5
    endloop
  endfacet
  facet normal 0.155163 0.799087 -0.580848
    outer loop
      vertex -40.5823 236.922 2.5
      vertex -40.5268 235.094 0
      vertex -40.6092 235.11 0
    endloop
  endfacet
  facet normal -0.611742 0.537525 -0.580378
    outer loop
      vertex -38.215 237.725 2.5
      vertex -36.7983 236.638 0
      vertex -37.0909 236.305 0
    endloop
  endfacet
  facet normal -0.453013 -0.676769 -0.580312
    outer loop
      vertex -38.875 241.044 2.5
      vertex -37.9821 242.59 0
      vertex -37.6131 242.343 0
    endloop
  endfacet
  facet normal -0.537268 -0.611899 -0.58045
    outer loop
      vertex -38.6303 240.88 2.5
      vertex -37.5432 242.297 0
      vertex -37.2095 242.004 0
    endloop
  endfacet
  facet normal -0.8126 0.0530677 -0.580401
    outer loop
      vertex -35.9933 238.652 0
      vertex -37.7692 238.801 2.5
      vertex -37.75 239.095 2.5
    endloop
  endfacet
  facet normal -0.81259 0.0532053 -0.580402
    outer loop
      vertex -37.7692 238.801 2.5
      vertex -35.9933 238.652 0
      vertex -35.9988 238.568 0
    endloop
  endfacet
  facet normal -0.771044 0.261971 -0.580398
    outer loop
      vertex -37.9213 238.234 2.5
      vertex -36.1288 237.971 0
      vertex -36.2715 237.551 0
    endloop
  endfacet
  facet normal 0.537268 -0.611899 -0.58045
    outer loop
      vertex -42.7905 242.004 0
      vertex -42.4568 242.297 0
      vertex -41.3697 240.88 2.5
    endloop
  endfacet
  facet normal 0.67722 0.452217 -0.580407
    outer loop
      vertex -41.785 237.725 2.5
      vertex -43.2485 236.708 0
      vertex -41.9486 237.97 2.5
    endloop
  endfacet
  facet normal 0.676963 0.452598 -0.580411
    outer loop
      vertex -43.2485 236.708 0
      vertex -41.785 237.725 2.5
      vertex -43.2017 236.638 0
    endloop
  endfacet
  facet normal 0.359724 0.730644 -0.580309
    outer loop
      vertex -42.0179 235.6 0
      vertex -41.125 237.146 2.5
      vertex -41.6198 235.404 0
    endloop
  endfacet
  facet normal -0.453013 0.676769 -0.580312
    outer loop
      vertex -38.875 237.146 2.5
      vertex -37.6131 235.847 0
      vertex -37.9821 235.6 0
    endloop
  endfacet
  facet normal 0.534604 -0.614308 -0.580366
    outer loop
      vertex -42.7905 242.004 0
      vertex -41.591 240.686 2.5
      vertex -42.8537 241.949 0
    endloop
  endfacet
  facet normal 0.536812 -0.612353 -0.580394
    outer loop
      vertex -41.591 240.686 2.5
      vertex -42.7905 242.004 0
      vertex -41.3697 240.88 2.5
    endloop
  endfacet
  facet normal -0.730322 0.360207 -0.580414
    outer loop
      vertex -38.0514 237.97 2.5
      vertex -36.3087 237.475 0
      vertex -36.505 237.077 0
    endloop
  endfacet
  facet normal 0.81259 -0.0532053 -0.580402
    outer loop
      vertex -42.2308 239.389 2.5
      vertex -44.0067 239.538 0
      vertex -44.0012 239.622 0
    endloop
  endfacet
  facet normal 0.8126 -0.0530677 -0.580401
    outer loop
      vertex -44.0067 239.538 0
      vertex -42.2308 239.389 2.5
      vertex -42.25 239.095 2.5
    endloop
  endfacet
  facet normal -0.0532029 0.812537 -0.580476
    outer loop
      vertex -40 235.059 0
      vertex -40 236.845 2.5
      vertex -39.5571 235.088 0
    endloop
  endfacet
  facet normal -0.537268 0.611899 -0.58045
    outer loop
      vertex -38.6303 237.31 2.5
      vertex -37.2095 236.186 0
      vertex -37.5432 235.893 0
    endloop
  endfacet
  facet normal -0.677129 0.452337 -0.58042
    outer loop
      vertex -38.0514 237.97 2.5
      vertex -36.505 237.077 0
      vertex -36.7515 236.708 0
    endloop
  endfacet
  facet normal -0.262326 0.771018 -0.580273
    outer loop
      vertex -39.139 237.016 2.5
      vertex -38.4556 235.367 0
      vertex -38.8759 235.224 0
    endloop
  endfacet
  facet normal 0.453386 0.676485 -0.580353
    outer loop
      vertex -42.3869 235.847 0
      vertex -41.3697 237.31 2.5
      vertex -41.125 237.146 2.5
    endloop
  endfacet
  facet normal 0.447705 0.680317 -0.580284
    outer loop
      vertex -41.3697 237.31 2.5
      vertex -42.3869 235.847 0
      vertex -42.4568 235.893 0
    endloop
  endfacet
  facet normal -0.359724 -0.730644 -0.580309
    outer loop
      vertex -38.875 241.044 2.5
      vertex -38.3802 242.786 0
      vertex -37.9821 242.59 0
    endloop
  endfacet
  facet normal 0.453013 0.676769 -0.580312
    outer loop
      vertex -42.3869 235.847 0
      vertex -41.125 237.146 2.5
      vertex -42.0179 235.6 0
    endloop
  endfacet
  facet normal -0.67722 0.452217 -0.580407
    outer loop
      vertex -36.7515 236.708 0
      vertex -38.215 237.725 2.5
      vertex -38.0514 237.97 2.5
    endloop
  endfacet
  facet normal -0.676963 0.452598 -0.580411
    outer loop
      vertex -38.215 237.725 2.5
      vertex -36.7515 236.708 0
      vertex -36.7983 236.638 0
    endloop
  endfacet
  facet normal 0.980318 -0.197425 0
    outer loop
      vertex -142.231 239.389 32
      vertex -142.173 239.677 2.5
      vertex -142.173 239.677 32
    endloop
  endfacet
  facet normal 0.980318 -0.197425 0
    outer loop
      vertex -142.173 239.677 2.5
      vertex -142.231 239.389 32
      vertex -142.231 239.389 2.5
    endloop
  endfacet
  facet normal 0.997918 -0.0644913 0
    outer loop
      vertex -142.25 239.095 32
      vertex -142.231 239.389 2.5
      vertex -142.231 239.389 32
    endloop
  endfacet
  facet normal 0.997918 -0.0644913 0
    outer loop
      vertex -142.231 239.389 2.5
      vertex -142.25 239.095 32
      vertex -142.25 239.095 2.5
    endloop
  endfacet
  facet normal 0.947659 -0.319283 0
    outer loop
      vertex -142.173 239.677 32
      vertex -142.079 239.956 2.5
      vertex -142.079 239.956 32
    endloop
  endfacet
  facet normal 0.947659 -0.319283 0
    outer loop
      vertex -142.079 239.956 2.5
      vertex -142.173 239.677 32
      vertex -142.173 239.677 2.5
    endloop
  endfacet
  facet normal 0.831005 -0.556265 0
    outer loop
      vertex -141.949 240.22 32
      vertex -141.785 240.465 2.5
      vertex -141.785 240.465 32
    endloop
  endfacet
  facet normal 0.831005 -0.556265 0
    outer loop
      vertex -141.785 240.465 2.5
      vertex -141.949 240.22 32
      vertex -141.949 240.22 2.5
    endloop
  endfacet
  facet normal -0.659708 0.751522 0
    outer loop
      vertex -138.409 237.504 2.5
      vertex -138.63 237.31 32
      vertex -138.409 237.504 32
    endloop
  endfacet
  facet normal -0.659708 0.751522 0
    outer loop
      vertex -138.63 237.31 32
      vertex -138.409 237.504 2.5
      vertex -138.63 237.31 2.5
    endloop
  endfacet
  facet normal 0.751522 0.659708 0
    outer loop
      vertex -141.591 237.504 32
      vertex -141.785 237.725 2.5
      vertex -141.785 237.725 32
    endloop
  endfacet
  facet normal 0.751522 0.659708 0
    outer loop
      vertex -141.785 237.725 2.5
      vertex -141.591 237.504 32
      vertex -141.591 237.504 2.5
    endloop
  endfacet
  facet normal 0.659708 -0.751522 0
    outer loop
      vertex -141.591 240.686 2.5
      vertex -141.37 240.88 32
      vertex -141.591 240.686 32
    endloop
  endfacet
  facet normal 0.659708 -0.751522 0
    outer loop
      vertex -141.37 240.88 32
      vertex -141.591 240.686 2.5
      vertex -141.37 240.88 2.5
    endloop
  endfacet
  facet normal -0.441768 -0.897129 0
    outer loop
      vertex -139.139 241.174 2.5
      vertex -138.875 241.044 32
      vertex -139.139 241.174 32
    endloop
  endfacet
  facet normal -0.441768 -0.897129 -0
    outer loop
      vertex -138.875 241.044 32
      vertex -139.139 241.174 2.5
      vertex -138.875 241.044 2.5
    endloop
  endfacet
  facet normal 0.441768 -0.897129 0
    outer loop
      vertex -141.125 241.044 2.5
      vertex -140.861 241.174 32
      vertex -141.125 241.044 32
    endloop
  endfacet
  facet normal 0.441768 -0.897129 0
    outer loop
      vertex -140.861 241.174 32
      vertex -141.125 241.044 2.5
      vertex -140.861 241.174 2.5
    endloop
  endfacet
  facet normal 0.897129 0.441768 0
    outer loop
      vertex -141.949 237.97 32
      vertex -142.079 238.234 2.5
      vertex -142.079 238.234 32
    endloop
  endfacet
  facet normal 0.897129 0.441768 0
    outer loop
      vertex -142.079 238.234 2.5
      vertex -141.949 237.97 32
      vertex -141.949 237.97 2.5
    endloop
  endfacet
  facet normal 0.319283 0.947659 -0
    outer loop
      vertex -140.582 236.922 2.5
      vertex -140.861 237.016 32
      vertex -140.582 236.922 32
    endloop
  endfacet
  facet normal 0.319283 0.947659 0
    outer loop
      vertex -140.861 237.016 32
      vertex -140.582 236.922 2.5
      vertex -140.861 237.016 2.5
    endloop
  endfacet
  facet normal 0.897129 -0.441768 0
    outer loop
      vertex -142.079 239.956 32
      vertex -141.949 240.22 2.5
      vertex -141.949 240.22 32
    endloop
  endfacet
  facet normal 0.897129 -0.441768 0
    outer loop
      vertex -141.949 240.22 2.5
      vertex -142.079 239.956 32
      vertex -142.079 239.956 2.5
    endloop
  endfacet
  facet normal -0.897129 -0.441768 0
    outer loop
      vertex -137.921 239.956 2.5
      vertex -138.051 240.22 32
      vertex -138.051 240.22 2.5
    endloop
  endfacet
  facet normal -0.897129 -0.441768 0
    outer loop
      vertex -138.051 240.22 32
      vertex -137.921 239.956 2.5
      vertex -137.921 239.956 32
    endloop
  endfacet
  facet normal 0.751522 -0.659708 0
    outer loop
      vertex -141.785 240.465 32
      vertex -141.591 240.686 2.5
      vertex -141.591 240.686 32
    endloop
  endfacet
  facet normal 0.751522 -0.659708 0
    outer loop
      vertex -141.591 240.686 2.5
      vertex -141.785 240.465 32
      vertex -141.785 240.465 2.5
    endloop
  endfacet
  facet normal 0.980318 0.197425 0
    outer loop
      vertex -142.173 238.513 32
      vertex -142.231 238.801 2.5
      vertex -142.231 238.801 32
    endloop
  endfacet
  facet normal 0.980318 0.197425 0
    outer loop
      vertex -142.231 238.801 2.5
      vertex -142.173 238.513 32
      vertex -142.173 238.513 2.5
    endloop
  endfacet
  facet normal 0.997918 0.0644913 0
    outer loop
      vertex -142.231 238.801 32
      vertex -142.25 239.095 2.5
      vertex -142.25 239.095 32
    endloop
  endfacet
  facet normal 0.997918 0.0644913 0
    outer loop
      vertex -142.25 239.095 2.5
      vertex -142.231 238.801 32
      vertex -142.231 238.801 2.5
    endloop
  endfacet
  facet normal -0.556265 0.831005 0
    outer loop
      vertex -138.63 237.31 2.5
      vertex -138.875 237.146 32
      vertex -138.63 237.31 32
    endloop
  endfacet
  facet normal -0.556265 0.831005 0
    outer loop
      vertex -138.875 237.146 32
      vertex -138.63 237.31 2.5
      vertex -138.875 237.146 2.5
    endloop
  endfacet
  facet normal -0.947659 0.319283 0
    outer loop
      vertex -137.921 238.234 2.5
      vertex -137.827 238.513 32
      vertex -137.827 238.513 2.5
    endloop
  endfacet
  facet normal -0.947659 0.319283 0
    outer loop
      vertex -137.827 238.513 32
      vertex -137.921 238.234 2.5
      vertex -137.921 238.234 32
    endloop
  endfacet
  facet normal -0.997918 0.0644913 0
    outer loop
      vertex -137.769 238.801 2.5
      vertex -137.75 239.095 32
      vertex -137.75 239.095 2.5
    endloop
  endfacet
  facet normal -0.997918 0.0644913 0
    outer loop
      vertex -137.75 239.095 32
      vertex -137.769 238.801 2.5
      vertex -137.769 238.801 32
    endloop
  endfacet
  facet normal -0.319283 -0.947659 0
    outer loop
      vertex -139.418 241.268 2.5
      vertex -139.139 241.174 32
      vertex -139.418 241.268 32
    endloop
  endfacet
  facet normal -0.319283 -0.947659 -0
    outer loop
      vertex -139.139 241.174 32
      vertex -139.418 241.268 2.5
      vertex -139.139 241.174 2.5
    endloop
  endfacet
  facet normal 0.659708 0.751522 -0
    outer loop
      vertex -141.37 237.31 2.5
      vertex -141.591 237.504 32
      vertex -141.37 237.31 32
    endloop
  endfacet
  facet normal 0.659708 0.751522 0
    outer loop
      vertex -141.591 237.504 32
      vertex -141.37 237.31 2.5
      vertex -141.591 237.504 2.5
    endloop
  endfacet
  facet normal 0.0644913 0.997918 -0
    outer loop
      vertex -140 236.845 2.5
      vertex -140.294 236.864 32
      vertex -140 236.845 32
    endloop
  endfacet
  facet normal 0.0644913 0.997918 0
    outer loop
      vertex -140.294 236.864 32
      vertex -140 236.845 2.5
      vertex -140.294 236.864 2.5
    endloop
  endfacet
  facet normal 0.197425 -0.980318 0
    outer loop
      vertex -140.582 241.268 2.5
      vertex -140.294 241.326 32
      vertex -140.582 241.268 32
    endloop
  endfacet
  facet normal 0.197425 -0.980318 0
    outer loop
      vertex -140.294 241.326 32
      vertex -140.582 241.268 2.5
      vertex -140.294 241.326 2.5
    endloop
  endfacet
  facet normal 0.319283 -0.947659 0
    outer loop
      vertex -140.861 241.174 2.5
      vertex -140.582 241.268 32
      vertex -140.861 241.174 32
    endloop
  endfacet
  facet normal 0.319283 -0.947659 0
    outer loop
      vertex -140.582 241.268 32
      vertex -140.861 241.174 2.5
      vertex -140.582 241.268 2.5
    endloop
  endfacet
  facet normal 0.947659 0.319283 0
    outer loop
      vertex -142.079 238.234 32
      vertex -142.173 238.513 2.5
      vertex -142.173 238.513 32
    endloop
  endfacet
  facet normal 0.947659 0.319283 0
    outer loop
      vertex -142.173 238.513 2.5
      vertex -142.079 238.234 32
      vertex -142.079 238.234 2.5
    endloop
  endfacet
  facet normal -0.197425 -0.980318 0
    outer loop
      vertex -139.706 241.326 2.5
      vertex -139.418 241.268 32
      vertex -139.706 241.326 32
    endloop
  endfacet
  facet normal -0.197425 -0.980318 -0
    outer loop
      vertex -139.418 241.268 32
      vertex -139.706 241.326 2.5
      vertex -139.418 241.268 2.5
    endloop
  endfacet
  facet normal -0.947659 -0.319283 0
    outer loop
      vertex -137.827 239.677 2.5
      vertex -137.921 239.956 32
      vertex -137.921 239.956 2.5
    endloop
  endfacet
  facet normal -0.947659 -0.319283 0
    outer loop
      vertex -137.921 239.956 32
      vertex -137.827 239.677 2.5
      vertex -137.827 239.677 32
    endloop
  endfacet
  facet normal 0.556265 -0.831005 0
    outer loop
      vertex -141.37 240.88 2.5
      vertex -141.125 241.044 32
      vertex -141.37 240.88 32
    endloop
  endfacet
  facet normal 0.556265 -0.831005 0
    outer loop
      vertex -141.125 241.044 32
      vertex -141.37 240.88 2.5
      vertex -141.125 241.044 2.5
    endloop
  endfacet
  facet normal 0.197425 0.980318 -0
    outer loop
      vertex -140.294 236.864 2.5
      vertex -140.582 236.922 32
      vertex -140.294 236.864 32
    endloop
  endfacet
  facet normal 0.197425 0.980318 0
    outer loop
      vertex -140.582 236.922 32
      vertex -140.294 236.864 2.5
      vertex -140.582 236.922 2.5
    endloop
  endfacet
  facet normal 0.441768 0.897129 -0
    outer loop
      vertex -140.861 237.016 2.5
      vertex -141.125 237.146 32
      vertex -140.861 237.016 32
    endloop
  endfacet
  facet normal 0.441768 0.897129 0
    outer loop
      vertex -141.125 237.146 32
      vertex -140.861 237.016 2.5
      vertex -141.125 237.146 2.5
    endloop
  endfacet
  facet normal -0.441768 0.897129 0
    outer loop
      vertex -138.875 237.146 2.5
      vertex -139.139 237.016 32
      vertex -138.875 237.146 32
    endloop
  endfacet
  facet normal -0.441768 0.897129 0
    outer loop
      vertex -139.139 237.016 32
      vertex -138.875 237.146 2.5
      vertex -139.139 237.016 2.5
    endloop
  endfacet
  facet normal -0.751522 -0.659708 0
    outer loop
      vertex -138.215 240.465 2.5
      vertex -138.409 240.686 32
      vertex -138.409 240.686 2.5
    endloop
  endfacet
  facet normal -0.751522 -0.659708 0
    outer loop
      vertex -138.409 240.686 32
      vertex -138.215 240.465 2.5
      vertex -138.215 240.465 32
    endloop
  endfacet
  facet normal -0.897129 0.441768 0
    outer loop
      vertex -138.051 237.97 2.5
      vertex -137.921 238.234 32
      vertex -137.921 238.234 2.5
    endloop
  endfacet
  facet normal -0.897129 0.441768 0
    outer loop
      vertex -137.921 238.234 32
      vertex -138.051 237.97 2.5
      vertex -138.051 237.97 32
    endloop
  endfacet
  facet normal -0.997918 -0.0644913 0
    outer loop
      vertex -137.75 239.095 2.5
      vertex -137.769 239.389 32
      vertex -137.769 239.389 2.5
    endloop
  endfacet
  facet normal -0.997918 -0.0644913 0
    outer loop
      vertex -137.769 239.389 32
      vertex -137.75 239.095 2.5
      vertex -137.75 239.095 32
    endloop
  endfacet
  facet normal -0.831005 0.556265 0
    outer loop
      vertex -138.215 237.725 2.5
      vertex -138.051 237.97 32
      vertex -138.051 237.97 2.5
    endloop
  endfacet
  facet normal -0.831005 0.556265 0
    outer loop
      vertex -138.051 237.97 32
      vertex -138.215 237.725 2.5
      vertex -138.215 237.725 32
    endloop
  endfacet
  facet normal -0.556265 -0.831005 0
    outer loop
      vertex -138.875 241.044 2.5
      vertex -138.63 240.88 32
      vertex -138.875 241.044 32
    endloop
  endfacet
  facet normal -0.556265 -0.831005 -0
    outer loop
      vertex -138.63 240.88 32
      vertex -138.875 241.044 2.5
      vertex -138.63 240.88 2.5
    endloop
  endfacet
  facet normal 0.831005 0.556265 0
    outer loop
      vertex -141.785 237.725 32
      vertex -141.949 237.97 2.5
      vertex -141.949 237.97 32
    endloop
  endfacet
  facet normal 0.831005 0.556265 0
    outer loop
      vertex -141.949 237.97 2.5
      vertex -141.785 237.725 32
      vertex -141.785 237.725 2.5
    endloop
  endfacet
  facet normal -0.0644913 0.997918 0
    outer loop
      vertex -139.706 236.864 2.5
      vertex -140 236.845 32
      vertex -139.706 236.864 32
    endloop
  endfacet
  facet normal -0.0644913 0.997918 0
    outer loop
      vertex -140 236.845 32
      vertex -139.706 236.864 2.5
      vertex -140 236.845 2.5
    endloop
  endfacet
  facet normal -0.659708 -0.751522 0
    outer loop
      vertex -138.63 240.88 2.5
      vertex -138.409 240.686 32
      vertex -138.63 240.88 32
    endloop
  endfacet
  facet normal -0.659708 -0.751522 -0
    outer loop
      vertex -138.409 240.686 32
      vertex -138.63 240.88 2.5
      vertex -138.409 240.686 2.5
    endloop
  endfacet
  facet normal 0.556265 0.831005 -0
    outer loop
      vertex -141.125 237.146 2.5
      vertex -141.37 237.31 32
      vertex -141.125 237.146 32
    endloop
  endfacet
  facet normal 0.556265 0.831005 0
    outer loop
      vertex -141.37 237.31 32
      vertex -141.125 237.146 2.5
      vertex -141.37 237.31 2.5
    endloop
  endfacet
  facet normal -0.980318 -0.197425 0
    outer loop
      vertex -137.769 239.389 2.5
      vertex -137.827 239.677 32
      vertex -137.827 239.677 2.5
    endloop
  endfacet
  facet normal -0.980318 -0.197425 0
    outer loop
      vertex -137.827 239.677 32
      vertex -137.769 239.389 2.5
      vertex -137.769 239.389 32
    endloop
  endfacet
  facet normal -0.0644913 -0.997918 0
    outer loop
      vertex -140 241.345 2.5
      vertex -139.706 241.326 32
      vertex -140 241.345 32
    endloop
  endfacet
  facet normal -0.0644913 -0.997918 -0
    outer loop
      vertex -139.706 241.326 32
      vertex -140 241.345 2.5
      vertex -139.706 241.326 2.5
    endloop
  endfacet
  facet normal -0.319283 0.947659 0
    outer loop
      vertex -139.139 237.016 2.5
      vertex -139.418 236.922 32
      vertex -139.139 237.016 32
    endloop
  endfacet
  facet normal -0.319283 0.947659 0
    outer loop
      vertex -139.418 236.922 32
      vertex -139.139 237.016 2.5
      vertex -139.418 236.922 2.5
    endloop
  endfacet
  facet normal -0.980318 0.197425 0
    outer loop
      vertex -137.827 238.513 2.5
      vertex -137.769 238.801 32
      vertex -137.769 238.801 2.5
    endloop
  endfacet
  facet normal -0.980318 0.197425 0
    outer loop
      vertex -137.769 238.801 32
      vertex -137.827 238.513 2.5
      vertex -137.827 238.513 32
    endloop
  endfacet
  facet normal -0.751522 0.659708 0
    outer loop
      vertex -138.409 237.504 2.5
      vertex -138.215 237.725 32
      vertex -138.215 237.725 2.5
    endloop
  endfacet
  facet normal -0.751522 0.659708 0
    outer loop
      vertex -138.215 237.725 32
      vertex -138.409 237.504 2.5
      vertex -138.409 237.504 32
    endloop
  endfacet
  facet normal 0.0644913 -0.997918 0
    outer loop
      vertex -140.294 241.326 2.5
      vertex -140 241.345 32
      vertex -140.294 241.326 32
    endloop
  endfacet
  facet normal 0.0644913 -0.997918 0
    outer loop
      vertex -140 241.345 32
      vertex -140.294 241.326 2.5
      vertex -140 241.345 2.5
    endloop
  endfacet
  facet normal -0.197425 0.980318 0
    outer loop
      vertex -139.418 236.922 2.5
      vertex -139.706 236.864 32
      vertex -139.418 236.922 32
    endloop
  endfacet
  facet normal -0.197425 0.980318 0
    outer loop
      vertex -139.706 236.864 32
      vertex -139.418 236.922 2.5
      vertex -139.706 236.864 2.5
    endloop
  endfacet
  facet normal -0.831005 -0.556265 0
    outer loop
      vertex -138.051 240.22 2.5
      vertex -138.215 240.465 32
      vertex -138.215 240.465 2.5
    endloop
  endfacet
  facet normal -0.831005 -0.556265 0
    outer loop
      vertex -138.215 240.465 32
      vertex -138.051 240.22 2.5
      vertex -138.051 240.22 32
    endloop
  endfacet
  facet normal 0.812538 -0.0531909 -0.580477
    outer loop
      vertex -144.036 239.095 0
      vertex -144.007 239.538 0
      vertex -142.25 239.095 2.5
    endloop
  endfacet
  facet normal -0.1559 0.798986 -0.580789
    outer loop
      vertex -139.473 235.094 0
      vertex -139.418 236.922 2.5
      vertex -139.391 235.11 0
    endloop
  endfacet
  facet normal -0.16079 0.798404 -0.580256
    outer loop
      vertex -139.418 236.922 2.5
      vertex -139.473 235.094 0
      vertex -139.706 236.864 2.5
    endloop
  endfacet
  facet normal -0.798404 0.16079 -0.580256
    outer loop
      vertex -135.999 238.568 0
      vertex -137.827 238.513 2.5
      vertex -137.769 238.801 2.5
    endloop
  endfacet
  facet normal -0.798986 0.1559 -0.580789
    outer loop
      vertex -137.827 238.513 2.5
      vertex -135.999 238.568 0
      vertex -136.015 238.486 0
    endloop
  endfacet
  facet normal -0.263413 0.770726 -0.580168
    outer loop
      vertex -138.955 235.197 0
      vertex -139.139 237.016 2.5
      vertex -138.876 235.224 0
    endloop
  endfacet
  facet normal -0.259967 0.771605 -0.580554
    outer loop
      vertex -139.139 237.016 2.5
      vertex -138.955 235.197 0
      vertex -139.418 236.922 2.5
    endloop
  endfacet
  facet normal 0.364343 -0.728686 -0.579888
    outer loop
      vertex -141.544 242.824 0
      vertex -141.125 241.044 2.5
      vertex -141.62 242.786 0
    endloop
  endfacet
  facet normal 0.359735 -0.730538 -0.580435
    outer loop
      vertex -141.125 241.044 2.5
      vertex -141.544 242.824 0
      vertex -140.861 241.174 2.5
    endloop
  endfacet
  facet normal -0.676762 -0.453009 -0.580324
    outer loop
      vertex -138.051 240.22 2.5
      vertex -136.752 241.482 0
      vertex -136.505 241.113 0
    endloop
  endfacet
  facet normal 0.260818 -0.771433 -0.580401
    outer loop
      vertex -141.544 242.824 0
      vertex -141.124 242.966 0
      vertex -140.861 241.174 2.5
    endloop
  endfacet
  facet normal 0.7306 -0.359793 -0.580321
    outer loop
      vertex -143.691 240.715 0
      vertex -143.495 241.113 0
      vertex -141.949 240.22 2.5
    endloop
  endfacet
  facet normal 0.44727 -0.680629 -0.580253
    outer loop
      vertex -142.387 242.343 0
      vertex -141.37 240.88 2.5
      vertex -142.457 242.297 0
    endloop
  endfacet
  facet normal 0.453014 -0.676758 -0.580325
    outer loop
      vertex -141.37 240.88 2.5
      vertex -142.387 242.343 0
      vertex -141.125 241.044 2.5
    endloop
  endfacet
  facet normal -0.159339 -0.798524 -0.580491
    outer loop
      vertex -139.418 241.268 2.5
      vertex -139.391 243.08 0
      vertex -138.955 242.993 0
    endloop
  endfacet
  facet normal -0.356379 0.732022 -0.580636
    outer loop
      vertex -138.456 235.367 0
      vertex -138.875 237.146 2.5
      vertex -138.38 235.404 0
    endloop
  endfacet
  facet normal -0.359796 0.730662 -0.580241
    outer loop
      vertex -138.875 237.146 2.5
      vertex -138.456 235.367 0
      vertex -139.139 237.016 2.5
    endloop
  endfacet
  facet normal 0.7306 0.359793 -0.580321
    outer loop
      vertex -143.691 237.475 0
      vertex -141.949 237.97 2.5
      vertex -143.495 237.077 0
    endloop
  endfacet
  facet normal 0.611361 0.537924 -0.580409
    outer loop
      vertex -143.202 236.638 0
      vertex -141.785 237.725 2.5
      vertex -142.909 236.305 0
    endloop
  endfacet
  facet normal -0.798986 -0.1559 -0.580789
    outer loop
      vertex -135.999 239.622 0
      vertex -137.827 239.677 2.5
      vertex -136.015 239.704 0
    endloop
  endfacet
  facet normal -0.798404 -0.16079 -0.580256
    outer loop
      vertex -137.827 239.677 2.5
      vertex -135.999 239.622 0
      vertex -137.769 239.389 2.5
    endloop
  endfacet
  facet normal 0.771605 0.259967 -0.580554
    outer loop
      vertex -142.079 238.234 2.5
      vertex -143.898 238.05 0
      vertex -142.173 238.513 2.5
    endloop
  endfacet
  facet normal 0.770726 0.263413 -0.580168
    outer loop
      vertex -143.898 238.05 0
      vertex -142.079 238.234 2.5
      vertex -143.871 237.971 0
    endloop
  endfacet
  facet normal -0.611361 -0.537924 -0.580409
    outer loop
      vertex -138.215 240.465 2.5
      vertex -137.091 241.885 0
      vertex -136.798 241.552 0
    endloop
  endfacet
  facet normal -0.812538 -0.0531909 -0.580477
    outer loop
      vertex -137.75 239.095 2.5
      vertex -135.993 239.538 0
      vertex -135.964 239.095 0
    endloop
  endfacet
  facet normal -0.771433 -0.260818 -0.580401
    outer loop
      vertex -137.921 239.956 2.5
      vertex -136.271 240.639 0
      vertex -136.129 240.219 0
    endloop
  endfacet
  facet normal -0.359735 -0.730538 -0.580435
    outer loop
      vertex -138.456 242.824 0
      vertex -138.875 241.044 2.5
      vertex -139.139 241.174 2.5
    endloop
  endfacet
  facet normal -0.364343 -0.728686 -0.579888
    outer loop
      vertex -138.875 241.044 2.5
      vertex -138.456 242.824 0
      vertex -138.38 242.786 0
    endloop
  endfacet
  facet normal 0.798524 -0.159339 -0.580491
    outer loop
      vertex -143.985 239.704 0
      vertex -143.898 240.14 0
      vertex -142.173 239.677 2.5
    endloop
  endfacet
  facet normal 0.798524 0.159339 -0.580491
    outer loop
      vertex -143.985 238.486 0
      vertex -142.173 238.513 2.5
      vertex -143.898 238.05 0
    endloop
  endfacet
  facet normal -0.812538 0.0531909 -0.580477
    outer loop
      vertex -137.75 239.095 2.5
      vertex -135.964 239.095 0
      vertex -135.993 238.652 0
    endloop
  endfacet
  facet normal 0.537255 0.612027 -0.580328
    outer loop
      vertex -142.79 236.186 0
      vertex -141.591 237.504 2.5
      vertex -141.37 237.31 2.5
    endloop
  endfacet
  facet normal 0.530831 0.617694 -0.580235
    outer loop
      vertex -141.591 237.504 2.5
      vertex -142.79 236.186 0
      vertex -142.854 236.241 0
    endloop
  endfacet
  facet normal 0.812538 0.0531909 -0.580477
    outer loop
      vertex -144.036 239.095 0
      vertex -142.25 239.095 2.5
      vertex -144.007 238.652 0
    endloop
  endfacet
  facet normal 0.771433 -0.260818 -0.580401
    outer loop
      vertex -143.871 240.219 0
      vertex -143.729 240.639 0
      vertex -142.079 239.956 2.5
    endloop
  endfacet
  facet normal 0.728686 -0.364343 -0.579888
    outer loop
      vertex -141.949 240.22 2.5
      vertex -143.729 240.639 0
      vertex -143.691 240.715 0
    endloop
  endfacet
  facet normal 0.730538 -0.359735 -0.580435
    outer loop
      vertex -143.729 240.639 0
      vertex -141.949 240.22 2.5
      vertex -142.079 239.956 2.5
    endloop
  endfacet
  facet normal -0.453014 -0.676758 -0.580325
    outer loop
      vertex -137.613 242.343 0
      vertex -138.63 240.88 2.5
      vertex -138.875 241.044 2.5
    endloop
  endfacet
  facet normal -0.44727 -0.680629 -0.580253
    outer loop
      vertex -138.63 240.88 2.5
      vertex -137.613 242.343 0
      vertex -137.543 242.297 0
    endloop
  endfacet
  facet normal 0.676762 0.453009 -0.580324
    outer loop
      vertex -143.495 237.077 0
      vertex -141.949 237.97 2.5
      vertex -143.248 236.708 0
    endloop
  endfacet
  facet normal -0.7306 -0.359793 -0.580321
    outer loop
      vertex -138.051 240.22 2.5
      vertex -136.505 241.113 0
      vertex -136.309 240.715 0
    endloop
  endfacet
  facet normal 0.0531909 -0.812538 -0.580477
    outer loop
      vertex -140.443 243.102 0
      vertex -140 243.131 0
      vertex -140 241.345 2.5
    endloop
  endfacet
  facet normal 0.159339 -0.798524 -0.580491
    outer loop
      vertex -141.045 242.993 0
      vertex -140.609 243.08 0
      vertex -140.582 241.268 2.5
    endloop
  endfacet
  facet normal 0.676762 -0.453009 -0.580324
    outer loop
      vertex -143.495 241.113 0
      vertex -143.248 241.482 0
      vertex -141.949 240.22 2.5
    endloop
  endfacet
  facet normal 0.263413 -0.770726 -0.580168
    outer loop
      vertex -141.045 242.993 0
      vertex -140.861 241.174 2.5
      vertex -141.124 242.966 0
    endloop
  endfacet
  facet normal 0.259967 -0.771605 -0.580554
    outer loop
      vertex -140.861 241.174 2.5
      vertex -141.045 242.993 0
      vertex -140.582 241.268 2.5
    endloop
  endfacet
  facet normal 0.0525165 0.812624 -0.580418
    outer loop
      vertex -140.443 235.088 0
      vertex -140.294 236.864 2.5
      vertex -140 236.845 2.5
    endloop
  endfacet
  facet normal 0.0580157 0.81222 -0.580459
    outer loop
      vertex -140.294 236.864 2.5
      vertex -140.443 235.088 0
      vertex -140.527 235.094 0
    endloop
  endfacet
  facet normal 0.730538 0.359735 -0.580435
    outer loop
      vertex -141.949 237.97 2.5
      vertex -143.729 237.551 0
      vertex -142.079 238.234 2.5
    endloop
  endfacet
  facet normal 0.728686 0.364343 -0.579888
    outer loop
      vertex -143.729 237.551 0
      vertex -141.949 237.97 2.5
      vertex -143.691 237.475 0
    endloop
  endfacet
  facet normal -0.16079 -0.798404 -0.580256
    outer loop
      vertex -139.473 243.096 0
      vertex -139.418 241.268 2.5
      vertex -139.706 241.326 2.5
    endloop
  endfacet
  facet normal -0.1559 -0.798986 -0.580789
    outer loop
      vertex -139.418 241.268 2.5
      vertex -139.473 243.096 0
      vertex -139.391 243.08 0
    endloop
  endfacet
  facet normal 0.537924 0.611361 -0.580409
    outer loop
      vertex -142.79 236.186 0
      vertex -141.37 237.31 2.5
      vertex -142.457 235.893 0
    endloop
  endfacet
  facet normal 0.0531909 0.812538 -0.580477
    outer loop
      vertex -140.443 235.088 0
      vertex -140 236.845 2.5
      vertex -140 235.059 0
    endloop
  endfacet
  facet normal 0.617694 -0.530831 -0.580235
    outer loop
      vertex -141.591 240.686 2.5
      vertex -142.909 241.885 0
      vertex -142.854 241.949 0
    endloop
  endfacet
  facet normal 0.612027 -0.537255 -0.580328
    outer loop
      vertex -142.909 241.885 0
      vertex -141.591 240.686 2.5
      vertex -141.785 240.465 2.5
    endloop
  endfacet
  facet normal -0.81222 -0.0580157 -0.580459
    outer loop
      vertex -135.993 239.538 0
      vertex -137.769 239.389 2.5
      vertex -135.999 239.622 0
    endloop
  endfacet
  facet normal -0.812624 -0.0525165 -0.580418
    outer loop
      vertex -137.769 239.389 2.5
      vertex -135.993 239.538 0
      vertex -137.75 239.095 2.5
    endloop
  endfacet
  facet normal -0.798524 -0.159339 -0.580491
    outer loop
      vertex -137.827 239.677 2.5
      vertex -136.102 240.14 0
      vertex -136.015 239.704 0
    endloop
  endfacet
  facet normal -0.530831 0.617694 -0.580235
    outer loop
      vertex -137.21 236.186 0
      vertex -138.409 237.504 2.5
      vertex -137.146 236.241 0
    endloop
  endfacet
  facet normal -0.537255 0.612027 -0.580328
    outer loop
      vertex -138.409 237.504 2.5
      vertex -137.21 236.186 0
      vertex -138.63 237.31 2.5
    endloop
  endfacet
  facet normal -0.0525165 -0.812624 -0.580418
    outer loop
      vertex -139.557 243.102 0
      vertex -139.706 241.326 2.5
      vertex -140 241.345 2.5
    endloop
  endfacet
  facet normal -0.0580157 -0.81222 -0.580459
    outer loop
      vertex -139.706 241.326 2.5
      vertex -139.557 243.102 0
      vertex -139.473 243.096 0
    endloop
  endfacet
  facet normal -0.0531909 -0.812538 -0.580477
    outer loop
      vertex -140 241.345 2.5
      vertex -140 243.131 0
      vertex -139.557 243.102 0
    endloop
  endfacet
  facet normal -0.259967 -0.771605 -0.580554
    outer loop
      vertex -138.955 242.993 0
      vertex -139.139 241.174 2.5
      vertex -139.418 241.268 2.5
    endloop
  endfacet
  facet normal -0.263413 -0.770726 -0.580168
    outer loop
      vertex -139.139 241.174 2.5
      vertex -138.955 242.993 0
      vertex -138.876 242.966 0
    endloop
  endfacet
  facet normal 0.770726 -0.263413 -0.580168
    outer loop
      vertex -142.079 239.956 2.5
      vertex -143.898 240.14 0
      vertex -143.871 240.219 0
    endloop
  endfacet
  facet normal 0.771605 -0.259967 -0.580554
    outer loop
      vertex -143.898 240.14 0
      vertex -142.079 239.956 2.5
      vertex -142.173 239.677 2.5
    endloop
  endfacet
  facet normal -0.617694 -0.530831 -0.580235
    outer loop
      vertex -137.091 241.885 0
      vertex -138.409 240.686 2.5
      vertex -137.146 241.949 0
    endloop
  endfacet
  facet normal -0.612027 -0.537255 -0.580328
    outer loop
      vertex -138.409 240.686 2.5
      vertex -137.091 241.885 0
      vertex -138.215 240.465 2.5
    endloop
  endfacet
  facet normal -0.44727 0.680629 -0.580253
    outer loop
      vertex -137.613 235.847 0
      vertex -138.63 237.31 2.5
      vertex -137.543 235.893 0
    endloop
  endfacet
  facet normal -0.453014 0.676758 -0.580325
    outer loop
      vertex -138.63 237.31 2.5
      vertex -137.613 235.847 0
      vertex -138.875 237.146 2.5
    endloop
  endfacet
  facet normal -0.359793 0.7306 -0.580321
    outer loop
      vertex -138.875 237.146 2.5
      vertex -137.982 235.6 0
      vertex -138.38 235.404 0
    endloop
  endfacet
  facet normal -0.537255 -0.612027 -0.580328
    outer loop
      vertex -137.21 242.004 0
      vertex -138.409 240.686 2.5
      vertex -138.63 240.88 2.5
    endloop
  endfacet
  facet normal -0.530831 -0.617694 -0.580235
    outer loop
      vertex -138.409 240.686 2.5
      vertex -137.21 242.004 0
      vertex -137.146 241.949 0
    endloop
  endfacet
  facet normal 0.159339 0.798524 -0.580491
    outer loop
      vertex -141.045 235.197 0
      vertex -140.582 236.922 2.5
      vertex -140.609 235.11 0
    endloop
  endfacet
  facet normal 0.611361 -0.537924 -0.580409
    outer loop
      vertex -143.202 241.552 0
      vertex -142.909 241.885 0
      vertex -141.785 240.465 2.5
    endloop
  endfacet
  facet normal -0.770726 -0.263413 -0.580168
    outer loop
      vertex -136.102 240.14 0
      vertex -137.921 239.956 2.5
      vertex -136.129 240.219 0
    endloop
  endfacet
  facet normal -0.771605 -0.259967 -0.580554
    outer loop
      vertex -137.921 239.956 2.5
      vertex -136.102 240.14 0
      vertex -137.827 239.677 2.5
    endloop
  endfacet
  facet normal -0.159339 0.798524 -0.580491
    outer loop
      vertex -139.418 236.922 2.5
      vertex -138.955 235.197 0
      vertex -139.391 235.11 0
    endloop
  endfacet
  facet normal 0.1559 -0.798986 -0.580789
    outer loop
      vertex -140.527 243.096 0
      vertex -140.582 241.268 2.5
      vertex -140.609 243.08 0
    endloop
  endfacet
  facet normal 0.16079 -0.798404 -0.580256
    outer loop
      vertex -140.582 241.268 2.5
      vertex -140.527 243.096 0
      vertex -140.294 241.326 2.5
    endloop
  endfacet
  facet normal -0.730538 0.359735 -0.580435
    outer loop
      vertex -136.271 237.551 0
      vertex -138.051 237.97 2.5
      vertex -137.921 238.234 2.5
    endloop
  endfacet
  facet normal -0.728686 0.364343 -0.579888
    outer loop
      vertex -138.051 237.97 2.5
      vertex -136.271 237.551 0
      vertex -136.309 237.475 0
    endloop
  endfacet
  facet normal -0.728686 -0.364343 -0.579888
    outer loop
      vertex -136.271 240.639 0
      vertex -138.051 240.22 2.5
      vertex -136.309 240.715 0
    endloop
  endfacet
  facet normal -0.730538 -0.359735 -0.580435
    outer loop
      vertex -138.051 240.22 2.5
      vertex -136.271 240.639 0
      vertex -137.921 239.956 2.5
    endloop
  endfacet
  facet normal 0.771433 0.260818 -0.580401
    outer loop
      vertex -143.871 237.971 0
      vertex -142.079 238.234 2.5
      vertex -143.729 237.551 0
    endloop
  endfacet
  facet normal -0.260818 -0.771433 -0.580401
    outer loop
      vertex -139.139 241.174 2.5
      vertex -138.876 242.966 0
      vertex -138.456 242.824 0
    endloop
  endfacet
  facet normal 0.262499 0.770976 -0.58025
    outer loop
      vertex -141.544 235.367 0
      vertex -140.861 237.016 2.5
      vertex -141.124 235.224 0
    endloop
  endfacet
  facet normal 0.680629 -0.44727 -0.580253
    outer loop
      vertex -141.785 240.465 2.5
      vertex -143.248 241.482 0
      vertex -143.202 241.552 0
    endloop
  endfacet
  facet normal 0.676758 -0.453014 -0.580325
    outer loop
      vertex -143.248 241.482 0
      vertex -141.785 240.465 2.5
      vertex -141.949 240.22 2.5
    endloop
  endfacet
  facet normal 0.453009 -0.676762 -0.580324
    outer loop
      vertex -142.387 242.343 0
      vertex -142.018 242.59 0
      vertex -141.125 241.044 2.5
    endloop
  endfacet
  facet normal -0.0580157 0.81222 -0.580459
    outer loop
      vertex -139.557 235.088 0
      vertex -139.706 236.864 2.5
      vertex -139.473 235.094 0
    endloop
  endfacet
  facet normal -0.0525165 0.812624 -0.580418
    outer loop
      vertex -139.706 236.864 2.5
      vertex -139.557 235.088 0
      vertex -140 236.845 2.5
    endloop
  endfacet
  facet normal 0.612027 0.537255 -0.580328
    outer loop
      vertex -141.591 237.504 2.5
      vertex -142.909 236.305 0
      vertex -141.785 237.725 2.5
    endloop
  endfacet
  facet normal 0.617694 0.530831 -0.580235
    outer loop
      vertex -142.909 236.305 0
      vertex -141.591 237.504 2.5
      vertex -142.854 236.241 0
    endloop
  endfacet
  facet normal 0.798986 -0.1559 -0.580789
    outer loop
      vertex -142.173 239.677 2.5
      vertex -144.001 239.622 0
      vertex -143.985 239.704 0
    endloop
  endfacet
  facet normal 0.798404 -0.16079 -0.580256
    outer loop
      vertex -144.001 239.622 0
      vertex -142.173 239.677 2.5
      vertex -142.231 239.389 2.5
    endloop
  endfacet
  facet normal -0.771605 0.259967 -0.580554
    outer loop
      vertex -136.102 238.05 0
      vertex -137.921 238.234 2.5
      vertex -137.827 238.513 2.5
    endloop
  endfacet
  facet normal -0.770726 0.263413 -0.580168
    outer loop
      vertex -137.921 238.234 2.5
      vertex -136.102 238.05 0
      vertex -136.129 237.971 0
    endloop
  endfacet
  facet normal -0.612027 0.537255 -0.580328
    outer loop
      vertex -137.091 236.305 0
      vertex -138.409 237.504 2.5
      vertex -138.215 237.725 2.5
    endloop
  endfacet
  facet normal -0.617694 0.530831 -0.580235
    outer loop
      vertex -138.409 237.504 2.5
      vertex -137.091 236.305 0
      vertex -137.146 236.241 0
    endloop
  endfacet
  facet normal -0.798524 0.159339 -0.580491
    outer loop
      vertex -137.827 238.513 2.5
      vertex -136.015 238.486 0
      vertex -136.102 238.05 0
    endloop
  endfacet
  facet normal 0.798404 0.16079 -0.580256
    outer loop
      vertex -142.173 238.513 2.5
      vertex -144.001 238.568 0
      vertex -142.231 238.801 2.5
    endloop
  endfacet
  facet normal 0.798986 0.1559 -0.580789
    outer loop
      vertex -144.001 238.568 0
      vertex -142.173 238.513 2.5
      vertex -143.985 238.486 0
    endloop
  endfacet
  facet normal 0.812624 0.0525165 -0.580418
    outer loop
      vertex -142.231 238.801 2.5
      vertex -144.007 238.652 0
      vertex -142.25 239.095 2.5
    endloop
  endfacet
  facet normal 0.81222 0.0580157 -0.580459
    outer loop
      vertex -144.007 238.652 0
      vertex -142.231 238.801 2.5
      vertex -144.001 238.568 0
    endloop
  endfacet
  facet normal -0.680629 -0.44727 -0.580253
    outer loop
      vertex -136.752 241.482 0
      vertex -138.215 240.465 2.5
      vertex -136.798 241.552 0
    endloop
  endfacet
  facet normal -0.676758 -0.453014 -0.580325
    outer loop
      vertex -138.215 240.465 2.5
      vertex -136.752 241.482 0
      vertex -138.051 240.22 2.5
    endloop
  endfacet
  facet normal 0.0580157 -0.81222 -0.580459
    outer loop
      vertex -140.443 243.102 0
      vertex -140.294 241.326 2.5
      vertex -140.527 243.096 0
    endloop
  endfacet
  facet normal 0.0525165 -0.812624 -0.580418
    outer loop
      vertex -140.294 241.326 2.5
      vertex -140.443 243.102 0
      vertex -140 241.345 2.5
    endloop
  endfacet
  facet normal 0.259967 0.771605 -0.580554
    outer loop
      vertex -141.045 235.197 0
      vertex -140.861 237.016 2.5
      vertex -140.582 236.922 2.5
    endloop
  endfacet
  facet normal 0.263413 0.770726 -0.580168
    outer loop
      vertex -140.861 237.016 2.5
      vertex -141.045 235.197 0
      vertex -141.124 235.224 0
    endloop
  endfacet
  facet normal 0.359793 -0.7306 -0.580321
    outer loop
      vertex -142.018 242.59 0
      vertex -141.62 242.786 0
      vertex -141.125 241.044 2.5
    endloop
  endfacet
  facet normal 0.359796 0.730662 -0.580241
    outer loop
      vertex -141.544 235.367 0
      vertex -141.125 237.146 2.5
      vertex -140.861 237.016 2.5
    endloop
  endfacet
  facet normal 0.356379 0.732022 -0.580636
    outer loop
      vertex -141.125 237.146 2.5
      vertex -141.544 235.367 0
      vertex -141.62 235.404 0
    endloop
  endfacet
  facet normal 0.16079 0.798404 -0.580256
    outer loop
      vertex -140.527 235.094 0
      vertex -140.582 236.922 2.5
      vertex -140.294 236.864 2.5
    endloop
  endfacet
  facet normal 0.1559 0.798986 -0.580789
    outer loop
      vertex -140.582 236.922 2.5
      vertex -140.527 235.094 0
      vertex -140.609 235.11 0
    endloop
  endfacet
  facet normal -0.611361 0.537924 -0.580409
    outer loop
      vertex -138.215 237.725 2.5
      vertex -136.798 236.638 0
      vertex -137.091 236.305 0
    endloop
  endfacet
  facet normal -0.453009 -0.676762 -0.580324
    outer loop
      vertex -138.875 241.044 2.5
      vertex -137.982 242.59 0
      vertex -137.613 242.343 0
    endloop
  endfacet
  facet normal -0.537924 -0.611361 -0.580409
    outer loop
      vertex -138.63 240.88 2.5
      vertex -137.543 242.297 0
      vertex -137.21 242.004 0
    endloop
  endfacet
  facet normal -0.812624 0.0525165 -0.580418
    outer loop
      vertex -135.993 238.652 0
      vertex -137.769 238.801 2.5
      vertex -137.75 239.095 2.5
    endloop
  endfacet
  facet normal -0.81222 0.0580157 -0.580459
    outer loop
      vertex -137.769 238.801 2.5
      vertex -135.993 238.652 0
      vertex -135.999 238.568 0
    endloop
  endfacet
  facet normal -0.771433 0.260818 -0.580401
    outer loop
      vertex -137.921 238.234 2.5
      vertex -136.129 237.971 0
      vertex -136.271 237.551 0
    endloop
  endfacet
  facet normal 0.537924 -0.611361 -0.580409
    outer loop
      vertex -142.79 242.004 0
      vertex -142.457 242.297 0
      vertex -141.37 240.88 2.5
    endloop
  endfacet
  facet normal 0.676758 0.453014 -0.580325
    outer loop
      vertex -141.785 237.725 2.5
      vertex -143.248 236.708 0
      vertex -141.949 237.97 2.5
    endloop
  endfacet
  facet normal 0.680629 0.44727 -0.580253
    outer loop
      vertex -143.248 236.708 0
      vertex -141.785 237.725 2.5
      vertex -143.202 236.638 0
    endloop
  endfacet
  facet normal 0.359793 0.7306 -0.580321
    outer loop
      vertex -142.018 235.6 0
      vertex -141.125 237.146 2.5
      vertex -141.62 235.404 0
    endloop
  endfacet
  facet normal -0.453009 0.676762 -0.580324
    outer loop
      vertex -138.875 237.146 2.5
      vertex -137.613 235.847 0
      vertex -137.982 235.6 0
    endloop
  endfacet
  facet normal 0.530831 -0.617694 -0.580235
    outer loop
      vertex -142.79 242.004 0
      vertex -141.591 240.686 2.5
      vertex -142.854 241.949 0
    endloop
  endfacet
  facet normal 0.537255 -0.612027 -0.580328
    outer loop
      vertex -141.591 240.686 2.5
      vertex -142.79 242.004 0
      vertex -141.37 240.88 2.5
    endloop
  endfacet
  facet normal -0.7306 0.359793 -0.580321
    outer loop
      vertex -138.051 237.97 2.5
      vertex -136.309 237.475 0
      vertex -136.505 237.077 0
    endloop
  endfacet
  facet normal 0.81222 -0.0580157 -0.580459
    outer loop
      vertex -142.231 239.389 2.5
      vertex -144.007 239.538 0
      vertex -144.001 239.622 0
    endloop
  endfacet
  facet normal 0.812624 -0.0525165 -0.580418
    outer loop
      vertex -144.007 239.538 0
      vertex -142.231 239.389 2.5
      vertex -142.25 239.095 2.5
    endloop
  endfacet
  facet normal -0.0531909 0.812538 -0.580477
    outer loop
      vertex -140 235.059 0
      vertex -140 236.845 2.5
      vertex -139.557 235.088 0
    endloop
  endfacet
  facet normal -0.537924 0.611361 -0.580409
    outer loop
      vertex -138.63 237.31 2.5
      vertex -137.21 236.186 0
      vertex -137.543 235.893 0
    endloop
  endfacet
  facet normal -0.676762 0.453009 -0.580324
    outer loop
      vertex -138.051 237.97 2.5
      vertex -136.505 237.077 0
      vertex -136.752 236.708 0
    endloop
  endfacet
  facet normal -0.262499 0.770976 -0.58025
    outer loop
      vertex -139.139 237.016 2.5
      vertex -138.456 235.367 0
      vertex -138.876 235.224 0
    endloop
  endfacet
  facet normal 0.453014 0.676758 -0.580325
    outer loop
      vertex -142.387 235.847 0
      vertex -141.37 237.31 2.5
      vertex -141.125 237.146 2.5
    endloop
  endfacet
  facet normal 0.44727 0.680629 -0.580253
    outer loop
      vertex -141.37 237.31 2.5
      vertex -142.387 235.847 0
      vertex -142.457 235.893 0
    endloop
  endfacet
  facet normal -0.359793 -0.7306 -0.580321
    outer loop
      vertex -138.875 241.044 2.5
      vertex -138.38 242.786 0
      vertex -137.982 242.59 0
    endloop
  endfacet
  facet normal 0.453009 0.676762 -0.580324
    outer loop
      vertex -142.387 235.847 0
      vertex -141.125 237.146 2.5
      vertex -142.018 235.6 0
    endloop
  endfacet
  facet normal -0.676758 0.453014 -0.580325
    outer loop
      vertex -136.752 236.708 0
      vertex -138.215 237.725 2.5
      vertex -138.051 237.97 2.5
    endloop
  endfacet
  facet normal -0.680629 0.44727 -0.580253
    outer loop
      vertex -138.215 237.725 2.5
      vertex -136.752 236.708 0
      vertex -136.798 236.638 0
    endloop
  endfacet
  facet normal 0.980724 -0.195397 0
    outer loop
      vertex -42.2308 11.1987 32
      vertex -42.1733 11.4873 2.5
      vertex -42.1733 11.4873 32
    endloop
  endfacet
  facet normal 0.980724 -0.195397 0
    outer loop
      vertex -42.1733 11.4873 2.5
      vertex -42.2308 11.1987 32
      vertex -42.2308 11.1987 2.5
    endloop
  endfacet
  facet normal 0.99787 -0.0652336 0
    outer loop
      vertex -42.25 10.905 32
      vertex -42.2308 11.1987 2.5
      vertex -42.2308 11.1987 32
    endloop
  endfacet
  facet normal 0.99787 -0.0652336 0
    outer loop
      vertex -42.2308 11.1987 2.5
      vertex -42.25 10.905 32
      vertex -42.25 10.905 2.5
    endloop
  endfacet
  facet normal 0.946936 -0.321421 0
    outer loop
      vertex -42.1733 11.4873 32
      vertex -42.0787 11.766 2.5
      vertex -42.0787 11.766 32
    endloop
  endfacet
  facet normal 0.946936 -0.321421 0
    outer loop
      vertex -42.0787 11.766 2.5
      vertex -42.1733 11.4873 32
      vertex -42.1733 11.4873 2.5
    endloop
  endfacet
  facet normal 0.831318 -0.555797 0
    outer loop
      vertex -41.9486 12.03 32
      vertex -41.785 12.2747 2.5
      vertex -41.785 12.2747 32
    endloop
  endfacet
  facet normal 0.831318 -0.555797 0
    outer loop
      vertex -41.785 12.2747 2.5
      vertex -41.9486 12.03 32
      vertex -41.9486 12.03 2.5
    endloop
  endfacet
  facet normal -0.659317 0.751865 0
    outer loop
      vertex -38.409 9.314 2.5
      vertex -38.6303 9.11994 32
      vertex -38.409 9.314 32
    endloop
  endfacet
  facet normal -0.659317 0.751865 0
    outer loop
      vertex -38.6303 9.11994 32
      vertex -38.409 9.314 2.5
      vertex -38.6303 9.11994 2.5
    endloop
  endfacet
  facet normal 0.751922 0.659252 0
    outer loop
      vertex -41.591 9.314 32
      vertex -41.785 9.53527 2.5
      vertex -41.785 9.53527 32
    endloop
  endfacet
  facet normal 0.751922 0.659252 0
    outer loop
      vertex -41.785 9.53527 2.5
      vertex -41.591 9.314 32
      vertex -41.591 9.314 2.5
    endloop
  endfacet
  facet normal 0.659202 -0.751966 0
    outer loop
      vertex -41.591 12.496 2.5
      vertex -41.3697 12.69 32
      vertex -41.591 12.496 32
    endloop
  endfacet
  facet normal 0.659202 -0.751966 0
    outer loop
      vertex -41.3697 12.69 32
      vertex -41.591 12.496 2.5
      vertex -41.3697 12.69 2.5
    endloop
  endfacet
  facet normal -0.442315 -0.89686 0
    outer loop
      vertex -39.139 12.9837 2.5
      vertex -38.875 12.8535 32
      vertex -39.139 12.9837 32
    endloop
  endfacet
  facet normal -0.442315 -0.89686 -0
    outer loop
      vertex -38.875 12.8535 32
      vertex -39.139 12.9837 2.5
      vertex -38.875 12.8535 2.5
    endloop
  endfacet
  facet normal 0.442315 -0.89686 0
    outer loop
      vertex -41.125 12.8535 2.5
      vertex -40.861 12.9837 32
      vertex -41.125 12.8535 32
    endloop
  endfacet
  facet normal 0.442315 -0.89686 0
    outer loop
      vertex -40.861 12.9837 32
      vertex -41.125 12.8535 2.5
      vertex -40.861 12.9837 2.5
    endloop
  endfacet
  facet normal 0.896935 0.442163 0
    outer loop
      vertex -41.9486 9.77999 32
      vertex -42.0787 10.0439 2.5
      vertex -42.0787 10.0439 32
    endloop
  endfacet
  facet normal 0.896935 0.442163 0
    outer loop
      vertex -42.0787 10.0439 2.5
      vertex -41.9486 9.77999 32
      vertex -41.9486 9.77999 2.5
    endloop
  endfacet
  facet normal 0.321452 0.946926 -0
    outer loop
      vertex -40.5823 8.73165 2.5
      vertex -40.861 8.82626 32
      vertex -40.5823 8.73165 32
    endloop
  endfacet
  facet normal 0.321452 0.946926 0
    outer loop
      vertex -40.861 8.82626 32
      vertex -40.5823 8.73165 2.5
      vertex -40.861 8.82626 2.5
    endloop
  endfacet
  facet normal 0.896995 -0.442042 0
    outer loop
      vertex -42.0787 11.766 32
      vertex -41.9486 12.03 2.5
      vertex -41.9486 12.03 32
    endloop
  endfacet
  facet normal 0.896995 -0.442042 0
    outer loop
      vertex -41.9486 12.03 2.5
      vertex -42.0787 11.766 32
      vertex -42.0787 11.766 2.5
    endloop
  endfacet
  facet normal -0.896995 -0.442042 0
    outer loop
      vertex -37.9213 11.766 2.5
      vertex -38.0514 12.03 32
      vertex -38.0514 12.03 2.5
    endloop
  endfacet
  facet normal -0.896995 -0.442042 0
    outer loop
      vertex -38.0514 12.03 32
      vertex -37.9213 11.766 2.5
      vertex -37.9213 11.766 32
    endloop
  endfacet
  facet normal 0.751966 -0.659202 0
    outer loop
      vertex -41.785 12.2747 32
      vertex -41.591 12.496 2.5
      vertex -41.591 12.496 32
    endloop
  endfacet
  facet normal 0.751966 -0.659202 0
    outer loop
      vertex -41.591 12.496 2.5
      vertex -41.785 12.2747 32
      vertex -41.785 12.2747 2.5
    endloop
  endfacet
  facet normal 0.980737 0.195332 0
    outer loop
      vertex -42.1733 10.3226 32
      vertex -42.2308 10.6113 2.5
      vertex -42.2308 10.6113 32
    endloop
  endfacet
  facet normal 0.980737 0.195332 0
    outer loop
      vertex -42.2308 10.6113 2.5
      vertex -42.1733 10.3226 32
      vertex -42.1733 10.3226 2.5
    endloop
  endfacet
  facet normal 0.99787 0.0652336 0
    outer loop
      vertex -42.2308 10.6113 32
      vertex -42.25 10.905 2.5
      vertex -42.25 10.905 32
    endloop
  endfacet
  facet normal 0.99787 0.0652336 0
    outer loop
      vertex -42.25 10.905 2.5
      vertex -42.2308 10.6113 32
      vertex -42.2308 10.6113 2.5
    endloop
  endfacet
  facet normal -0.555586 0.831459 0
    outer loop
      vertex -38.6303 9.11994 2.5
      vertex -38.875 8.95643 32
      vertex -38.6303 9.11994 32
    endloop
  endfacet
  facet normal -0.555586 0.831459 0
    outer loop
      vertex -38.875 8.95643 32
      vertex -38.6303 9.11994 2.5
      vertex -38.875 8.95643 2.5
    endloop
  endfacet
  facet normal -0.946936 0.321421 0
    outer loop
      vertex -37.9213 10.0439 2.5
      vertex -37.8267 10.3226 32
      vertex -37.8267 10.3226 2.5
    endloop
  endfacet
  facet normal -0.946936 0.321421 0
    outer loop
      vertex -37.8267 10.3226 32
      vertex -37.9213 10.0439 2.5
      vertex -37.9213 10.0439 32
    endloop
  endfacet
  facet normal -0.99787 0.0652336 0
    outer loop
      vertex -37.7692 10.6113 2.5
      vertex -37.75 10.905 32
      vertex -37.75 10.905 2.5
    endloop
  endfacet
  facet normal -0.99787 0.0652336 0
    outer loop
      vertex -37.75 10.905 32
      vertex -37.7692 10.6113 2.5
      vertex -37.7692 10.6113 32
    endloop
  endfacet
  facet normal -0.321421 -0.946936 0
    outer loop
      vertex -39.4177 13.0783 2.5
      vertex -39.139 12.9837 32
      vertex -39.4177 13.0783 32
    endloop
  endfacet
  facet normal -0.321421 -0.946936 -0
    outer loop
      vertex -39.139 12.9837 32
      vertex -39.4177 13.0783 2.5
      vertex -39.139 12.9837 2.5
    endloop
  endfacet
  facet normal 0.659317 0.751865 -0
    outer loop
      vertex -41.3697 9.11994 2.5
      vertex -41.591 9.314 32
      vertex -41.3697 9.11994 32
    endloop
  endfacet
  facet normal 0.659317 0.751865 0
    outer loop
      vertex -41.591 9.314 32
      vertex -41.3697 9.11994 2.5
      vertex -41.591 9.314 2.5
    endloop
  endfacet
  facet normal 0.0654027 0.997859 -0
    outer loop
      vertex -40 8.65499 2.5
      vertex -40.2937 8.67424 32
      vertex -40 8.65499 32
    endloop
  endfacet
  facet normal 0.0654027 0.997859 0
    outer loop
      vertex -40.2937 8.67424 32
      vertex -40 8.65499 2.5
      vertex -40.2937 8.67424 2.5
    endloop
  endfacet
  facet normal 0.19507 -0.980789 0
    outer loop
      vertex -40.5823 13.0783 2.5
      vertex -40.2937 13.1357 32
      vertex -40.5823 13.0783 32
    endloop
  endfacet
  facet normal 0.19507 -0.980789 0
    outer loop
      vertex -40.2937 13.1357 32
      vertex -40.5823 13.0783 2.5
      vertex -40.2937 13.1357 2.5
    endloop
  endfacet
  facet normal 0.321421 -0.946936 0
    outer loop
      vertex -40.861 12.9837 2.5
      vertex -40.5823 13.0783 32
      vertex -40.861 12.9837 32
    endloop
  endfacet
  facet normal 0.321421 -0.946936 0
    outer loop
      vertex -40.5823 13.0783 32
      vertex -40.861 12.9837 2.5
      vertex -40.5823 13.0783 2.5
    endloop
  endfacet
  facet normal 0.946936 0.321421 0
    outer loop
      vertex -42.0787 10.0439 32
      vertex -42.1733 10.3226 2.5
      vertex -42.1733 10.3226 32
    endloop
  endfacet
  facet normal 0.946936 0.321421 0
    outer loop
      vertex -42.1733 10.3226 2.5
      vertex -42.0787 10.0439 32
      vertex -42.0787 10.0439 2.5
    endloop
  endfacet
  facet normal -0.19507 -0.980789 0
    outer loop
      vertex -39.7063 13.1357 2.5
      vertex -39.4177 13.0783 32
      vertex -39.7063 13.1357 32
    endloop
  endfacet
  facet normal -0.19507 -0.980789 -0
    outer loop
      vertex -39.4177 13.0783 32
      vertex -39.7063 13.1357 2.5
      vertex -39.4177 13.0783 2.5
    endloop
  endfacet
  facet normal -0.946936 -0.321421 0
    outer loop
      vertex -37.8267 11.4873 2.5
      vertex -37.9213 11.766 32
      vertex -37.9213 11.766 2.5
    endloop
  endfacet
  facet normal -0.946936 -0.321421 0
    outer loop
      vertex -37.9213 11.766 32
      vertex -37.8267 11.4873 2.5
      vertex -37.8267 11.4873 32
    endloop
  endfacet
  facet normal 0.555562 -0.831475 0
    outer loop
      vertex -41.3697 12.69 2.5
      vertex -41.125 12.8535 32
      vertex -41.3697 12.69 32
    endloop
  endfacet
  facet normal 0.555562 -0.831475 0
    outer loop
      vertex -41.125 12.8535 32
      vertex -41.3697 12.69 2.5
      vertex -41.125 12.8535 2.5
    endloop
  endfacet
  facet normal 0.195103 0.980783 -0
    outer loop
      vertex -40.2937 8.67424 2.5
      vertex -40.5823 8.73165 32
      vertex -40.2937 8.67424 32
    endloop
  endfacet
  facet normal 0.195103 0.980783 0
    outer loop
      vertex -40.5823 8.73165 32
      vertex -40.2937 8.67424 2.5
      vertex -40.5823 8.73165 2.5
    endloop
  endfacet
  facet normal 0.442233 0.8969 -0
    outer loop
      vertex -40.861 8.82626 2.5
      vertex -41.125 8.95643 32
      vertex -40.861 8.82626 32
    endloop
  endfacet
  facet normal 0.442233 0.8969 0
    outer loop
      vertex -41.125 8.95643 32
      vertex -40.861 8.82626 2.5
      vertex -41.125 8.95643 2.5
    endloop
  endfacet
  facet normal -0.442233 0.8969 0
    outer loop
      vertex -38.875 8.95643 2.5
      vertex -39.139 8.82626 32
      vertex -38.875 8.95643 32
    endloop
  endfacet
  facet normal -0.442233 0.8969 0
    outer loop
      vertex -39.139 8.82626 32
      vertex -38.875 8.95643 2.5
      vertex -39.139 8.82626 2.5
    endloop
  endfacet
  facet normal -0.751966 -0.659202 0
    outer loop
      vertex -38.215 12.2747 2.5
      vertex -38.409 12.496 32
      vertex -38.409 12.496 2.5
    endloop
  endfacet
  facet normal -0.751966 -0.659202 0
    outer loop
      vertex -38.409 12.496 32
      vertex -38.215 12.2747 2.5
      vertex -38.215 12.2747 32
    endloop
  endfacet
  facet normal -0.896935 0.442163 0
    outer loop
      vertex -38.0514 9.77999 2.5
      vertex -37.9213 10.0439 32
      vertex -37.9213 10.0439 2.5
    endloop
  endfacet
  facet normal -0.896935 0.442163 0
    outer loop
      vertex -37.9213 10.0439 32
      vertex -38.0514 9.77999 2.5
      vertex -38.0514 9.77999 32
    endloop
  endfacet
  facet normal -0.99787 -0.0652336 0
    outer loop
      vertex -37.75 10.905 2.5
      vertex -37.7692 11.1987 32
      vertex -37.7692 11.1987 2.5
    endloop
  endfacet
  facet normal -0.99787 -0.0652336 0
    outer loop
      vertex -37.7692 11.1987 32
      vertex -37.75 10.905 2.5
      vertex -37.75 10.905 32
    endloop
  endfacet
  facet normal -0.831339 0.555766 0
    outer loop
      vertex -38.215 9.53527 2.5
      vertex -38.0514 9.77999 32
      vertex -38.0514 9.77999 2.5
    endloop
  endfacet
  facet normal -0.831339 0.555766 0
    outer loop
      vertex -38.0514 9.77999 32
      vertex -38.215 9.53527 2.5
      vertex -38.215 9.53527 32
    endloop
  endfacet
  facet normal -0.555562 -0.831475 0
    outer loop
      vertex -38.875 12.8535 2.5
      vertex -38.6303 12.69 32
      vertex -38.875 12.8535 32
    endloop
  endfacet
  facet normal -0.555562 -0.831475 -0
    outer loop
      vertex -38.6303 12.69 32
      vertex -38.875 12.8535 2.5
      vertex -38.6303 12.69 2.5
    endloop
  endfacet
  facet normal 0.831339 0.555766 0
    outer loop
      vertex -41.785 9.53527 32
      vertex -41.9486 9.77999 2.5
      vertex -41.9486 9.77999 32
    endloop
  endfacet
  facet normal 0.831339 0.555766 0
    outer loop
      vertex -41.9486 9.77999 2.5
      vertex -41.785 9.53527 32
      vertex -41.785 9.53527 2.5
    endloop
  endfacet
  facet normal -0.0654027 0.997859 0
    outer loop
      vertex -39.7063 8.67424 2.5
      vertex -40 8.65499 32
      vertex -39.7063 8.67424 32
    endloop
  endfacet
  facet normal -0.0654027 0.997859 0
    outer loop
      vertex -40 8.65499 32
      vertex -39.7063 8.67424 2.5
      vertex -40 8.65499 2.5
    endloop
  endfacet
  facet normal -0.659202 -0.751966 0
    outer loop
      vertex -38.6303 12.69 2.5
      vertex -38.409 12.496 32
      vertex -38.6303 12.69 32
    endloop
  endfacet
  facet normal -0.659202 -0.751966 -0
    outer loop
      vertex -38.409 12.496 32
      vertex -38.6303 12.69 2.5
      vertex -38.409 12.496 2.5
    endloop
  endfacet
  facet normal 0.555586 0.831459 -0
    outer loop
      vertex -41.125 8.95643 2.5
      vertex -41.3697 9.11994 32
      vertex -41.125 8.95643 32
    endloop
  endfacet
  facet normal 0.555586 0.831459 0
    outer loop
      vertex -41.3697 9.11994 32
      vertex -41.125 8.95643 2.5
      vertex -41.3697 9.11994 2.5
    endloop
  endfacet
  facet normal -0.980724 -0.195397 0
    outer loop
      vertex -37.7692 11.1987 2.5
      vertex -37.8267 11.4873 32
      vertex -37.8267 11.4873 2.5
    endloop
  endfacet
  facet normal -0.980724 -0.195397 0
    outer loop
      vertex -37.8267 11.4873 32
      vertex -37.7692 11.1987 2.5
      vertex -37.7692 11.1987 32
    endloop
  endfacet
  facet normal -0.0655719 -0.997848 0
    outer loop
      vertex -40 13.155 2.5
      vertex -39.7063 13.1357 32
      vertex -40 13.155 32
    endloop
  endfacet
  facet normal -0.0655719 -0.997848 -0
    outer loop
      vertex -39.7063 13.1357 32
      vertex -40 13.155 2.5
      vertex -39.7063 13.1357 2.5
    endloop
  endfacet
  facet normal -0.321452 0.946926 0
    outer loop
      vertex -39.139 8.82626 2.5
      vertex -39.4177 8.73165 32
      vertex -39.139 8.82626 32
    endloop
  endfacet
  facet normal -0.321452 0.946926 0
    outer loop
      vertex -39.4177 8.73165 32
      vertex -39.139 8.82626 2.5
      vertex -39.4177 8.73165 2.5
    endloop
  endfacet
  facet normal -0.980737 0.195332 0
    outer loop
      vertex -37.8267 10.3226 2.5
      vertex -37.7692 10.6113 32
      vertex -37.7692 10.6113 2.5
    endloop
  endfacet
  facet normal -0.980737 0.195332 0
    outer loop
      vertex -37.7692 10.6113 32
      vertex -37.8267 10.3226 2.5
      vertex -37.8267 10.3226 32
    endloop
  endfacet
  facet normal -0.751922 0.659252 0
    outer loop
      vertex -38.409 9.314 2.5
      vertex -38.215 9.53527 32
      vertex -38.215 9.53527 2.5
    endloop
  endfacet
  facet normal -0.751922 0.659252 0
    outer loop
      vertex -38.215 9.53527 32
      vertex -38.409 9.314 2.5
      vertex -38.409 9.314 32
    endloop
  endfacet
  facet normal 0.0655719 -0.997848 0
    outer loop
      vertex -40.2937 13.1357 2.5
      vertex -40 13.155 32
      vertex -40.2937 13.1357 32
    endloop
  endfacet
  facet normal 0.0655719 -0.997848 0
    outer loop
      vertex -40 13.155 32
      vertex -40.2937 13.1357 2.5
      vertex -40 13.155 2.5
    endloop
  endfacet
  facet normal -0.195103 0.980783 0
    outer loop
      vertex -39.4177 8.73165 2.5
      vertex -39.7063 8.67424 32
      vertex -39.4177 8.73165 32
    endloop
  endfacet
  facet normal -0.195103 0.980783 0
    outer loop
      vertex -39.7063 8.67424 32
      vertex -39.4177 8.73165 2.5
      vertex -39.7063 8.67424 2.5
    endloop
  endfacet
  facet normal -0.831318 -0.555797 0
    outer loop
      vertex -38.0514 12.03 2.5
      vertex -38.215 12.2747 32
      vertex -38.215 12.2747 2.5
    endloop
  endfacet
  facet normal -0.831318 -0.555797 0
    outer loop
      vertex -38.215 12.2747 32
      vertex -38.0514 12.03 2.5
      vertex -38.0514 12.03 32
    endloop
  endfacet
  facet normal 0.812583 -0.0532179 -0.580411
    outer loop
      vertex -44.0357 10.905 0
      vertex -44.0067 11.3478 0
      vertex -42.25 10.905 2.5
    endloop
  endfacet
  facet normal -0.158957 0.798663 -0.580405
    outer loop
      vertex -39.4732 6.9038 0
      vertex -39.4177 8.73165 2.5
      vertex -39.3908 6.9202 0
    endloop
  endfacet
  facet normal -0.158877 0.798672 -0.580414
    outer loop
      vertex -39.4177 8.73165 2.5
      vertex -39.4732 6.9038 0
      vertex -39.7063 8.67424 2.5
    endloop
  endfacet
  facet normal -0.798645 0.159065 -0.5804
    outer loop
      vertex -35.9988 10.3782 0
      vertex -37.8267 10.3226 2.5
      vertex -37.7692 10.6113 2.5
    endloop
  endfacet
  facet normal -0.798681 0.158768 -0.580432
    outer loop
      vertex -37.8267 10.3226 2.5
      vertex -35.9988 10.3782 0
      vertex -36.0152 10.2957 0
    endloop
  endfacet
  facet normal -0.26175 0.771107 -0.580415
    outer loop
      vertex -38.9555 7.00679 0
      vertex -39.139 8.82626 2.5
      vertex -38.8759 7.03381 0
    endloop
  endfacet
  facet normal -0.261765 0.771103 -0.580413
    outer loop
      vertex -39.139 8.82626 2.5
      vertex -38.9555 7.00679 0
      vertex -39.4177 8.73165 2.5
    endloop
  endfacet
  facet normal 0.360299 -0.730283 -0.580406
    outer loop
      vertex -41.5444 14.6335 0
      vertex -41.125 12.8535 2.5
      vertex -41.6198 14.5963 0
    endloop
  endfacet
  facet normal 0.360185 -0.730329 -0.580419
    outer loop
      vertex -41.125 12.8535 2.5
      vertex -41.5444 14.6335 0
      vertex -40.861 12.9837 2.5
    endloop
  endfacet
  facet normal -0.677198 -0.452261 -0.580399
    outer loop
      vertex -38.0514 12.03 2.5
      vertex -36.7515 13.2919 0
      vertex -36.505 12.9228 0
    endloop
  endfacet
  facet normal 0.261799 -0.771086 -0.58042
    outer loop
      vertex -41.5444 14.6335 0
      vertex -41.1241 14.7762 0
      vertex -40.861 12.9837 2.5
    endloop
  endfacet
  facet normal 0.730335 -0.360213 -0.580395
    outer loop
      vertex -43.6913 12.5248 0
      vertex -43.495 12.9228 0
      vertex -41.9486 12.03 2.5
    endloop
  endfacet
  facet normal 0.453034 -0.676647 -0.580439
    outer loop
      vertex -42.3869 14.1535 0
      vertex -41.3697 12.69 2.5
      vertex -42.4568 14.1067 0
    endloop
  endfacet
  facet normal 0.452399 -0.677077 -0.580433
    outer loop
      vertex -41.3697 12.69 2.5
      vertex -42.3869 14.1535 0
      vertex -41.125 12.8535 2.5
    endloop
  endfacet
  facet normal -0.158889 -0.798664 -0.580422
    outer loop
      vertex -39.4177 13.0783 2.5
      vertex -39.3908 14.8898 0
      vertex -38.9555 14.8032 0
    endloop
  endfacet
  facet normal -0.360221 0.730321 -0.580407
    outer loop
      vertex -38.4556 7.17647 0
      vertex -38.875 8.95643 2.5
      vertex -38.3802 7.21366 0
    endloop
  endfacet
  facet normal -0.360118 0.730362 -0.580419
    outer loop
      vertex -38.875 8.95643 2.5
      vertex -38.4556 7.17647 0
      vertex -39.139 8.82626 2.5
    endloop
  endfacet
  facet normal 0.730346 0.360182 -0.5804
    outer loop
      vertex -43.6913 9.28517 0
      vertex -41.9486 9.77999 2.5
      vertex -43.495 8.88713 0
    endloop
  endfacet
  facet normal 0.612259 0.536898 -0.580413
    outer loop
      vertex -43.2017 8.4482 0
      vertex -41.785 9.53527 2.5
      vertex -42.9091 8.11453 0
    endloop
  endfacet
  facet normal -0.798655 -0.158956 -0.580416
    outer loop
      vertex -35.9988 11.4318 0
      vertex -37.8267 11.4873 2.5
      vertex -36.0152 11.5142 0
    endloop
  endfacet
  facet normal -0.798636 -0.159118 -0.580398
    outer loop
      vertex -37.8267 11.4873 2.5
      vertex -35.9988 11.4318 0
      vertex -37.7692 11.1987 2.5
    endloop
  endfacet
  facet normal 0.771108 0.26174 -0.580417
    outer loop
      vertex -42.0787 10.0439 2.5
      vertex -43.8982 9.86047 0
      vertex -42.1733 10.3226 2.5
    endloop
  endfacet
  facet normal 0.771174 0.261481 -0.580446
    outer loop
      vertex -43.8982 9.86047 0
      vertex -42.0787 10.0439 2.5
      vertex -43.8712 9.78084 0
    endloop
  endfacet
  facet normal -0.612202 -0.536961 -0.580415
    outer loop
      vertex -38.215 12.2747 2.5
      vertex -37.0909 13.6954 0
      vertex -36.7983 13.3618 0
    endloop
  endfacet
  facet normal -0.812583 -0.0532179 -0.580411
    outer loop
      vertex -37.75 10.905 2.5
      vertex -35.9933 11.3478 0
      vertex -35.9643 10.905 0
    endloop
  endfacet
  facet normal -0.771086 -0.261799 -0.58042
    outer loop
      vertex -37.9213 11.766 2.5
      vertex -36.2715 12.4494 0
      vertex -36.1288 12.0291 0
    endloop
  endfacet
  facet normal -0.360185 -0.730329 -0.580419
    outer loop
      vertex -38.4556 14.6335 0
      vertex -38.875 12.8535 2.5
      vertex -39.139 12.9837 2.5
    endloop
  endfacet
  facet normal -0.360299 -0.730283 -0.580406
    outer loop
      vertex -38.875 12.8535 2.5
      vertex -38.4556 14.6335 0
      vertex -38.3802 14.5963 0
    endloop
  endfacet
  facet normal 0.798664 -0.158889 -0.580422
    outer loop
      vertex -43.9848 11.5142 0
      vertex -43.8982 11.9495 0
      vertex -42.1733 11.4873 2.5
    endloop
  endfacet
  facet normal 0.798661 0.158914 -0.58042
    outer loop
      vertex -43.9848 10.2957 0
      vertex -42.1733 10.3226 2.5
      vertex -43.8982 9.86047 0
    endloop
  endfacet
  facet normal -0.812583 0.0532059 -0.580412
    outer loop
      vertex -37.75 10.905 2.5
      vertex -35.9643 10.905 0
      vertex -35.9933 10.4621 0
    endloop
  endfacet
  facet normal 0.536894 0.612257 -0.580418
    outer loop
      vertex -42.7905 7.99586 0
      vertex -41.591 9.314 2.5
      vertex -41.3697 9.11994 2.5
    endloop
  endfacet
  facet normal 0.537 0.612164 -0.580419
    outer loop
      vertex -41.591 9.314 2.5
      vertex -42.7905 7.99586 0
      vertex -42.8537 8.0513 0
    endloop
  endfacet
  facet normal 0.812583 0.0532059 -0.580412
    outer loop
      vertex -44.0357 10.905 0
      vertex -42.25 10.905 2.5
      vertex -44.0067 10.4621 0
    endloop
  endfacet
  facet normal 0.771086 -0.261799 -0.58042
    outer loop
      vertex -43.8712 12.0291 0
      vertex -43.7285 12.4494 0
      vertex -42.0787 11.766 2.5
    endloop
  endfacet
  facet normal 0.730296 -0.360305 -0.580386
    outer loop
      vertex -41.9486 12.03 2.5
      vertex -43.7285 12.4494 0
      vertex -43.6913 12.5248 0
    endloop
  endfacet
  facet normal 0.730434 -0.35996 -0.580427
    outer loop
      vertex -43.7285 12.4494 0
      vertex -41.9486 12.03 2.5
      vertex -42.0787 11.766 2.5
    endloop
  endfacet
  facet normal -0.452399 -0.677077 -0.580433
    outer loop
      vertex -37.6131 14.1535 0
      vertex -38.6303 12.69 2.5
      vertex -38.875 12.8535 2.5
    endloop
  endfacet
  facet normal -0.453034 -0.676647 -0.580439
    outer loop
      vertex -38.6303 12.69 2.5
      vertex -37.6131 14.1535 0
      vertex -37.5432 14.1067 0
    endloop
  endfacet
  facet normal 0.677145 0.452335 -0.580403
    outer loop
      vertex -43.495 8.88713 0
      vertex -41.9486 9.77999 2.5
      vertex -43.2485 8.51812 0
    endloop
  endfacet
  facet normal -0.730335 -0.360213 -0.580395
    outer loop
      vertex -38.0514 12.03 2.5
      vertex -36.505 12.9228 0
      vertex -36.3087 12.5248 0
    endloop
  endfacet
  facet normal 0.0532059 -0.812583 -0.580412
    outer loop
      vertex -40.4429 14.9117 0
      vertex -40 14.9407 0
      vertex -40 13.155 2.5
    endloop
  endfacet
  facet normal 0.158889 -0.798664 -0.580422
    outer loop
      vertex -41.0445 14.8032 0
      vertex -40.6092 14.8898 0
      vertex -40.5823 13.0783 2.5
    endloop
  endfacet
  facet normal 0.677198 -0.452261 -0.580399
    outer loop
      vertex -43.495 12.9228 0
      vertex -43.2485 13.2919 0
      vertex -41.9486 12.03 2.5
    endloop
  endfacet
  facet normal 0.26157 -0.771148 -0.580441
    outer loop
      vertex -41.0445 14.8032 0
      vertex -40.861 12.9837 2.5
      vertex -41.1241 14.7762 0
    endloop
  endfacet
  facet normal 0.261739 -0.771105 -0.580422
    outer loop
      vertex -40.861 12.9837 2.5
      vertex -41.0445 14.8032 0
      vertex -40.5823 13.0783 2.5
    endloop
  endfacet
  facet normal 0.0532588 0.812578 -0.580414
    outer loop
      vertex -40.4429 6.8983 0
      vertex -40.2937 8.67424 2.5
      vertex -40 8.65499 2.5
    endloop
  endfacet
  facet normal 0.0532679 0.812577 -0.580414
    outer loop
      vertex -40.2937 8.67424 2.5
      vertex -40.4429 6.8983 0
      vertex -40.5268 6.9038 0
    endloop
  endfacet
  facet normal 0.730392 0.360062 -0.580416
    outer loop
      vertex -41.9486 9.77999 2.5
      vertex -43.7285 9.36058 0
      vertex -42.0787 10.0439 2.5
    endloop
  endfacet
  facet normal 0.730311 0.360265 -0.580392
    outer loop
      vertex -43.7285 9.36058 0
      vertex -41.9486 9.77999 2.5
      vertex -43.6913 9.28517 0
    endloop
  endfacet
  facet normal -0.158848 -0.798668 -0.580428
    outer loop
      vertex -39.4732 14.9062 0
      vertex -39.4177 13.0783 2.5
      vertex -39.7063 13.1357 2.5
    endloop
  endfacet
  facet normal -0.158956 -0.798655 -0.580416
    outer loop
      vertex -39.4177 13.0783 2.5
      vertex -39.4732 14.9062 0
      vertex -39.3908 14.8898 0
    endloop
  endfacet
  facet normal 0.53689 0.612262 -0.580418
    outer loop
      vertex -42.7905 7.99586 0
      vertex -41.3697 9.11994 2.5
      vertex -42.4568 7.70324 0
    endloop
  endfacet
  facet normal 0.0532606 0.812578 -0.580414
    outer loop
      vertex -40.4429 6.8983 0
      vertex -40 8.65499 2.5
      vertex -40 6.86927 0
    endloop
  endfacet
  facet normal 0.612792 -0.536314 -0.580391
    outer loop
      vertex -41.591 12.496 2.5
      vertex -42.9091 13.6954 0
      vertex -42.8537 13.7587 0
    endloop
  endfacet
  facet normal 0.612351 -0.536811 -0.580396
    outer loop
      vertex -42.9091 13.6954 0
      vertex -41.591 12.496 2.5
      vertex -41.785 12.2747 2.5
    endloop
  endfacet
  facet normal -0.812589 -0.0532052 -0.580404
    outer loop
      vertex -35.9933 11.3478 0
      vertex -37.7692 11.1987 2.5
      vertex -35.9988 11.4318 0
    endloop
  endfacet
  facet normal -0.812595 -0.0531216 -0.580403
    outer loop
      vertex -37.7692 11.1987 2.5
      vertex -35.9933 11.3478 0
      vertex -37.75 10.905 2.5
    endloop
  endfacet
  facet normal -0.798664 -0.158889 -0.580422
    outer loop
      vertex -37.8267 11.4873 2.5
      vertex -36.1018 11.9495 0
      vertex -36.0152 11.5142 0
    endloop
  endfacet
  facet normal -0.537 0.612164 -0.580419
    outer loop
      vertex -37.2095 7.99586 0
      vertex -38.409 9.314 2.5
      vertex -37.1463 8.0513 0
    endloop
  endfacet
  facet normal -0.536894 0.612257 -0.580418
    outer loop
      vertex -38.409 9.314 2.5
      vertex -37.2095 7.99586 0
      vertex -38.6303 9.11994 2.5
    endloop
  endfacet
  facet normal -0.0533959 -0.812559 -0.580428
    outer loop
      vertex -39.5571 14.9117 0
      vertex -39.7063 13.1357 2.5
      vertex -40 13.155 2.5
    endloop
  endfacet
  facet normal -0.0532673 -0.812568 -0.580427
    outer loop
      vertex -39.7063 13.1357 2.5
      vertex -39.5571 14.9117 0
      vertex -39.4732 14.9062 0
    endloop
  endfacet
  facet normal -0.0532059 -0.812583 -0.580412
    outer loop
      vertex -40 13.155 2.5
      vertex -40 14.9407 0
      vertex -39.5571 14.9117 0
    endloop
  endfacet
  facet normal -0.261739 -0.771105 -0.580422
    outer loop
      vertex -38.9555 14.8032 0
      vertex -39.139 12.9837 2.5
      vertex -39.4177 13.0783 2.5
    endloop
  endfacet
  facet normal -0.26157 -0.771148 -0.580441
    outer loop
      vertex -39.139 12.9837 2.5
      vertex -38.9555 14.8032 0
      vertex -38.8759 14.7762 0
    endloop
  endfacet
  facet normal 0.771148 -0.26157 -0.580441
    outer loop
      vertex -42.0787 11.766 2.5
      vertex -43.8982 11.9495 0
      vertex -43.8712 12.0291 0
    endloop
  endfacet
  facet normal 0.771105 -0.261739 -0.580422
    outer loop
      vertex -43.8982 11.9495 0
      vertex -42.0787 11.766 2.5
      vertex -42.1733 11.4873 2.5
    endloop
  endfacet
  facet normal -0.612792 -0.536314 -0.580391
    outer loop
      vertex -37.0909 13.6954 0
      vertex -38.409 12.496 2.5
      vertex -37.1463 13.7587 0
    endloop
  endfacet
  facet normal -0.612351 -0.536811 -0.580396
    outer loop
      vertex -38.409 12.496 2.5
      vertex -37.0909 13.6954 0
      vertex -38.215 12.2747 2.5
    endloop
  endfacet
  facet normal -0.452506 0.677016 -0.58042
    outer loop
      vertex -37.6131 7.65652 0
      vertex -38.6303 9.11994 2.5
      vertex -37.5432 7.70324 0
    endloop
  endfacet
  facet normal -0.452424 0.677072 -0.580419
    outer loop
      vertex -38.6303 9.11994 2.5
      vertex -37.6131 7.65652 0
      vertex -38.875 8.95643 2.5
    endloop
  endfacet
  facet normal -0.360133 0.730357 -0.580416
    outer loop
      vertex -38.875 8.95643 2.5
      vertex -37.9821 7.40996 0
      vertex -38.3802 7.21366 0
    endloop
  endfacet
  facet normal -0.536804 -0.612344 -0.580411
    outer loop
      vertex -37.2095 13.8141 0
      vertex -38.409 12.496 2.5
      vertex -38.6303 12.69 2.5
    endloop
  endfacet
  facet normal -0.536785 -0.612361 -0.58041
    outer loop
      vertex -38.409 12.496 2.5
      vertex -37.2095 13.8141 0
      vertex -37.1463 13.7587 0
    endloop
  endfacet
  facet normal 0.158873 0.798674 -0.580413
    outer loop
      vertex -41.0445 7.00679 0
      vertex -40.5823 8.73165 2.5
      vertex -40.6092 6.9202 0
    endloop
  endfacet
  facet normal 0.612202 -0.536961 -0.580415
    outer loop
      vertex -43.2017 13.3618 0
      vertex -42.9091 13.6954 0
      vertex -41.785 12.2747 2.5
    endloop
  endfacet
  facet normal -0.771148 -0.26157 -0.580441
    outer loop
      vertex -36.1018 11.9495 0
      vertex -37.9213 11.766 2.5
      vertex -36.1288 12.0291 0
    endloop
  endfacet
  facet normal -0.771105 -0.261739 -0.580422
    outer loop
      vertex -37.9213 11.766 2.5
      vertex -36.1018 11.9495 0
      vertex -37.8267 11.4873 2.5
    endloop
  endfacet
  facet normal -0.158873 0.798674 -0.580413
    outer loop
      vertex -39.4177 8.73165 2.5
      vertex -38.9555 7.00679 0
      vertex -39.3908 6.9202 0
    endloop
  endfacet
  facet normal 0.158956 -0.798655 -0.580416
    outer loop
      vertex -40.5268 14.9062 0
      vertex -40.5823 13.0783 2.5
      vertex -40.6092 14.8898 0
    endloop
  endfacet
  facet normal 0.158848 -0.798668 -0.580428
    outer loop
      vertex -40.5823 13.0783 2.5
      vertex -40.5268 14.9062 0
      vertex -40.2937 13.1357 2.5
    endloop
  endfacet
  facet normal -0.730392 0.360062 -0.580416
    outer loop
      vertex -36.2715 9.36058 0
      vertex -38.0514 9.77999 2.5
      vertex -37.9213 10.0439 2.5
    endloop
  endfacet
  facet normal -0.730311 0.360265 -0.580392
    outer loop
      vertex -38.0514 9.77999 2.5
      vertex -36.2715 9.36058 0
      vertex -36.3087 9.28517 0
    endloop
  endfacet
  facet normal -0.730296 -0.360305 -0.580386
    outer loop
      vertex -36.2715 12.4494 0
      vertex -38.0514 12.03 2.5
      vertex -36.3087 12.5248 0
    endloop
  endfacet
  facet normal -0.730434 -0.35996 -0.580427
    outer loop
      vertex -38.0514 12.03 2.5
      vertex -36.2715 12.4494 0
      vertex -37.9213 11.766 2.5
    endloop
  endfacet
  facet normal 0.771082 0.261822 -0.580416
    outer loop
      vertex -43.8712 9.78084 0
      vertex -42.0787 10.0439 2.5
      vertex -43.7285 9.36058 0
    endloop
  endfacet
  facet normal -0.261799 -0.771086 -0.58042
    outer loop
      vertex -39.139 12.9837 2.5
      vertex -38.8759 14.7762 0
      vertex -38.4556 14.6335 0
    endloop
  endfacet
  facet normal 0.261734 0.771111 -0.580416
    outer loop
      vertex -41.5444 7.17647 0
      vertex -40.861 8.82626 2.5
      vertex -41.1241 7.03381 0
    endloop
  endfacet
  facet normal 0.676647 -0.453034 -0.580439
    outer loop
      vertex -41.785 12.2747 2.5
      vertex -43.2485 13.2919 0
      vertex -43.2017 13.3618 0
    endloop
  endfacet
  facet normal 0.676948 -0.452589 -0.580435
    outer loop
      vertex -43.2485 13.2919 0
      vertex -41.785 12.2747 2.5
      vertex -41.9486 12.03 2.5
    endloop
  endfacet
  facet normal 0.452335 -0.677126 -0.580426
    outer loop
      vertex -42.3869 14.1535 0
      vertex -42.0179 14.4 0
      vertex -41.125 12.8535 2.5
    endloop
  endfacet
  facet normal -0.0532679 0.812577 -0.580414
    outer loop
      vertex -39.5571 6.8983 0
      vertex -39.7063 8.67424 2.5
      vertex -39.4732 6.9038 0
    endloop
  endfacet
  facet normal -0.0532588 0.812578 -0.580414
    outer loop
      vertex -39.7063 8.67424 2.5
      vertex -39.5571 6.8983 0
      vertex -40 8.65499 2.5
    endloop
  endfacet
  facet normal 0.61231 0.536847 -0.580407
    outer loop
      vertex -41.591 9.314 2.5
      vertex -42.9091 8.11453 0
      vertex -41.785 9.53527 2.5
    endloop
  endfacet
  facet normal 0.61249 0.536643 -0.580404
    outer loop
      vertex -42.9091 8.11453 0
      vertex -41.591 9.314 2.5
      vertex -42.8537 8.0513 0
    endloop
  endfacet
  facet normal 0.798655 -0.158956 -0.580416
    outer loop
      vertex -42.1733 11.4873 2.5
      vertex -44.0012 11.4318 0
      vertex -43.9848 11.5142 0
    endloop
  endfacet
  facet normal 0.798636 -0.159118 -0.580398
    outer loop
      vertex -44.0012 11.4318 0
      vertex -42.1733 11.4873 2.5
      vertex -42.2308 11.1987 2.5
    endloop
  endfacet
  facet normal -0.771108 0.26174 -0.580417
    outer loop
      vertex -36.1018 9.86047 0
      vertex -37.9213 10.0439 2.5
      vertex -37.8267 10.3226 2.5
    endloop
  endfacet
  facet normal -0.771174 0.261481 -0.580446
    outer loop
      vertex -37.9213 10.0439 2.5
      vertex -36.1018 9.86047 0
      vertex -36.1288 9.78084 0
    endloop
  endfacet
  facet normal -0.61231 0.536847 -0.580407
    outer loop
      vertex -37.0909 8.11453 0
      vertex -38.409 9.314 2.5
      vertex -38.215 9.53527 2.5
    endloop
  endfacet
  facet normal -0.61249 0.536643 -0.580404
    outer loop
      vertex -38.409 9.314 2.5
      vertex -37.0909 8.11453 0
      vertex -37.1463 8.0513 0
    endloop
  endfacet
  facet normal -0.798661 0.158914 -0.58042
    outer loop
      vertex -37.8267 10.3226 2.5
      vertex -36.0152 10.2957 0
      vertex -36.1018 9.86047 0
    endloop
  endfacet
  facet normal 0.798645 0.159065 -0.5804
    outer loop
      vertex -42.1733 10.3226 2.5
      vertex -44.0012 10.3782 0
      vertex -42.2308 10.6113 2.5
    endloop
  endfacet
  facet normal 0.798681 0.158768 -0.580432
    outer loop
      vertex -44.0012 10.3782 0
      vertex -42.1733 10.3226 2.5
      vertex -43.9848 10.2957 0
    endloop
  endfacet
  facet normal 0.812594 0.0531216 -0.580404
    outer loop
      vertex -42.2308 10.6113 2.5
      vertex -44.0067 10.4621 0
      vertex -42.25 10.905 2.5
    endloop
  endfacet
  facet normal 0.812583 0.0532683 -0.580406
    outer loop
      vertex -44.0067 10.4621 0
      vertex -42.2308 10.6113 2.5
      vertex -44.0012 10.3782 0
    endloop
  endfacet
  facet normal -0.676647 -0.453034 -0.580439
    outer loop
      vertex -36.7515 13.2919 0
      vertex -38.215 12.2747 2.5
      vertex -36.7983 13.3618 0
    endloop
  endfacet
  facet normal -0.676948 -0.452589 -0.580435
    outer loop
      vertex -38.215 12.2747 2.5
      vertex -36.7515 13.2919 0
      vertex -38.0514 12.03 2.5
    endloop
  endfacet
  facet normal 0.0532673 -0.812568 -0.580427
    outer loop
      vertex -40.4429 14.9117 0
      vertex -40.2937 13.1357 2.5
      vertex -40.5268 14.9062 0
    endloop
  endfacet
  facet normal 0.0533959 -0.812559 -0.580428
    outer loop
      vertex -40.2937 13.1357 2.5
      vertex -40.4429 14.9117 0
      vertex -40 13.155 2.5
    endloop
  endfacet
  facet normal 0.261765 0.771103 -0.580413
    outer loop
      vertex -41.0445 7.00679 0
      vertex -40.861 8.82626 2.5
      vertex -40.5823 8.73165 2.5
    endloop
  endfacet
  facet normal 0.26175 0.771107 -0.580415
    outer loop
      vertex -40.861 8.82626 2.5
      vertex -41.0445 7.00679 0
      vertex -41.1241 7.03381 0
    endloop
  endfacet
  facet normal 0.360132 -0.730354 -0.580421
    outer loop
      vertex -42.0179 14.4 0
      vertex -41.6198 14.5963 0
      vertex -41.125 12.8535 2.5
    endloop
  endfacet
  facet normal 0.360118 0.730362 -0.580419
    outer loop
      vertex -41.5444 7.17647 0
      vertex -41.125 8.95643 2.5
      vertex -40.861 8.82626 2.5
    endloop
  endfacet
  facet normal 0.360221 0.730321 -0.580407
    outer loop
      vertex -41.125 8.95643 2.5
      vertex -41.5444 7.17647 0
      vertex -41.6198 7.21366 0
    endloop
  endfacet
  facet normal 0.158877 0.798672 -0.580414
    outer loop
      vertex -40.5268 6.9038 0
      vertex -40.5823 8.73165 2.5
      vertex -40.2937 8.67424 2.5
    endloop
  endfacet
  facet normal 0.158957 0.798663 -0.580405
    outer loop
      vertex -40.5823 8.73165 2.5
      vertex -40.5268 6.9038 0
      vertex -40.6092 6.9202 0
    endloop
  endfacet
  facet normal -0.612259 0.536898 -0.580413
    outer loop
      vertex -38.215 9.53527 2.5
      vertex -36.7983 8.4482 0
      vertex -37.0909 8.11453 0
    endloop
  endfacet
  facet normal -0.452335 -0.677126 -0.580426
    outer loop
      vertex -38.875 12.8535 2.5
      vertex -37.9821 14.4 0
      vertex -37.6131 14.1535 0
    endloop
  endfacet
  facet normal -0.536869 -0.61228 -0.580419
    outer loop
      vertex -38.6303 12.69 2.5
      vertex -37.5432 14.1067 0
      vertex -37.2095 13.8141 0
    endloop
  endfacet
  facet normal -0.812594 0.0531216 -0.580404
    outer loop
      vertex -35.9933 10.4621 0
      vertex -37.7692 10.6113 2.5
      vertex -37.75 10.905 2.5
    endloop
  endfacet
  facet normal -0.812583 0.0532683 -0.580406
    outer loop
      vertex -37.7692 10.6113 2.5
      vertex -35.9933 10.4621 0
      vertex -35.9988 10.3782 0
    endloop
  endfacet
  facet normal -0.771082 0.261822 -0.580416
    outer loop
      vertex -37.9213 10.0439 2.5
      vertex -36.1288 9.78084 0
      vertex -36.2715 9.36058 0
    endloop
  endfacet
  facet normal 0.536869 -0.61228 -0.580419
    outer loop
      vertex -42.7905 13.8141 0
      vertex -42.4568 14.1067 0
      vertex -41.3697 12.69 2.5
    endloop
  endfacet
  facet normal 0.676969 0.452566 -0.580429
    outer loop
      vertex -41.785 9.53527 2.5
      vertex -43.2485 8.51812 0
      vertex -41.9486 9.77999 2.5
    endloop
  endfacet
  facet normal 0.676711 0.452947 -0.580432
    outer loop
      vertex -43.2485 8.51812 0
      vertex -41.785 9.53527 2.5
      vertex -43.2017 8.4482 0
    endloop
  endfacet
  facet normal 0.360133 0.730357 -0.580416
    outer loop
      vertex -42.0179 7.40996 0
      vertex -41.125 8.95643 2.5
      vertex -41.6198 7.21366 0
    endloop
  endfacet
  facet normal -0.452414 0.67708 -0.580418
    outer loop
      vertex -38.875 8.95643 2.5
      vertex -37.6131 7.65652 0
      vertex -37.9821 7.40996 0
    endloop
  endfacet
  facet normal 0.536785 -0.612361 -0.58041
    outer loop
      vertex -42.7905 13.8141 0
      vertex -41.591 12.496 2.5
      vertex -42.8537 13.7587 0
    endloop
  endfacet
  facet normal 0.536804 -0.612344 -0.580411
    outer loop
      vertex -41.591 12.496 2.5
      vertex -42.7905 13.8141 0
      vertex -41.3697 12.69 2.5
    endloop
  endfacet
  facet normal -0.730346 0.360182 -0.5804
    outer loop
      vertex -38.0514 9.77999 2.5
      vertex -36.3087 9.28517 0
      vertex -36.505 8.88713 0
    endloop
  endfacet
  facet normal 0.812589 -0.0532052 -0.580404
    outer loop
      vertex -42.2308 11.1987 2.5
      vertex -44.0067 11.3478 0
      vertex -44.0012 11.4318 0
    endloop
  endfacet
  facet normal 0.812595 -0.0531216 -0.580403
    outer loop
      vertex -44.0067 11.3478 0
      vertex -42.2308 11.1987 2.5
      vertex -42.25 10.905 2.5
    endloop
  endfacet
  facet normal -0.0532606 0.812578 -0.580414
    outer loop
      vertex -40 6.86927 0
      vertex -40 8.65499 2.5
      vertex -39.5571 6.8983 0
    endloop
  endfacet
  facet normal -0.53689 0.612262 -0.580418
    outer loop
      vertex -38.6303 9.11994 2.5
      vertex -37.2095 7.99586 0
      vertex -37.5432 7.70324 0
    endloop
  endfacet
  facet normal -0.677145 0.452335 -0.580403
    outer loop
      vertex -38.0514 9.77999 2.5
      vertex -36.505 8.88713 0
      vertex -36.7515 8.51812 0
    endloop
  endfacet
  facet normal -0.261734 0.771111 -0.580416
    outer loop
      vertex -39.139 8.82626 2.5
      vertex -38.4556 7.17647 0
      vertex -38.8759 7.03381 0
    endloop
  endfacet
  facet normal 0.452424 0.677072 -0.580419
    outer loop
      vertex -42.3869 7.65652 0
      vertex -41.3697 9.11994 2.5
      vertex -41.125 8.95643 2.5
    endloop
  endfacet
  facet normal 0.452506 0.677016 -0.58042
    outer loop
      vertex -41.3697 9.11994 2.5
      vertex -42.3869 7.65652 0
      vertex -42.4568 7.70324 0
    endloop
  endfacet
  facet normal -0.360132 -0.730354 -0.580421
    outer loop
      vertex -38.875 12.8535 2.5
      vertex -38.3802 14.5963 0
      vertex -37.9821 14.4 0
    endloop
  endfacet
  facet normal 0.452414 0.67708 -0.580418
    outer loop
      vertex -42.3869 7.65652 0
      vertex -41.125 8.95643 2.5
      vertex -42.0179 7.40996 0
    endloop
  endfacet
  facet normal -0.676969 0.452566 -0.580429
    outer loop
      vertex -36.7515 8.51812 0
      vertex -38.215 9.53527 2.5
      vertex -38.0514 9.77999 2.5
    endloop
  endfacet
  facet normal -0.676711 0.452947 -0.580432
    outer loop
      vertex -38.215 9.53527 2.5
      vertex -36.7515 8.51812 0
      vertex -36.7983 8.4482 0
    endloop
  endfacet
  facet normal 0.980397 -0.197031 0
    outer loop
      vertex -142.231 11.1987 32
      vertex -142.173 11.4873 2.5
      vertex -142.173 11.4873 32
    endloop
  endfacet
  facet normal 0.980397 -0.197031 0
    outer loop
      vertex -142.173 11.4873 2.5
      vertex -142.231 11.1987 32
      vertex -142.231 11.1987 2.5
    endloop
  endfacet
  facet normal 0.997914 -0.0645569 0
    outer loop
      vertex -142.25 10.905 32
      vertex -142.231 11.1987 2.5
      vertex -142.231 11.1987 32
    endloop
  endfacet
  facet normal 0.997914 -0.0645569 0
    outer loop
      vertex -142.231 11.1987 2.5
      vertex -142.25 10.905 32
      vertex -142.25 10.905 2.5
    endloop
  endfacet
  facet normal 0.947555 -0.319592 0
    outer loop
      vertex -142.173 11.4873 32
      vertex -142.079 11.766 2.5
      vertex -142.079 11.766 32
    endloop
  endfacet
  facet normal 0.947555 -0.319592 0
    outer loop
      vertex -142.079 11.766 2.5
      vertex -142.173 11.4873 32
      vertex -142.173 11.4873 2.5
    endloop
  endfacet
  facet normal 0.83069 -0.556735 0
    outer loop
      vertex -141.949 12.03 32
      vertex -141.785 12.2747 2.5
      vertex -141.785 12.2747 32
    endloop
  endfacet
  facet normal 0.83069 -0.556735 0
    outer loop
      vertex -141.785 12.2747 2.5
      vertex -141.949 12.03 32
      vertex -141.949 12.03 2.5
    endloop
  endfacet
  facet normal -0.659823 0.751421 0
    outer loop
      vertex -138.409 9.314 2.5
      vertex -138.63 9.11994 32
      vertex -138.409 9.314 32
    endloop
  endfacet
  facet normal -0.659823 0.751421 0
    outer loop
      vertex -138.63 9.11994 32
      vertex -138.409 9.314 2.5
      vertex -138.63 9.11994 2.5
    endloop
  endfacet
  facet normal 0.751922 0.659252 0
    outer loop
      vertex -141.591 9.314 32
      vertex -141.785 9.53527 2.5
      vertex -141.785 9.53527 32
    endloop
  endfacet
  facet normal 0.751922 0.659252 0
    outer loop
      vertex -141.785 9.53527 2.5
      vertex -141.591 9.314 32
      vertex -141.591 9.314 2.5
    endloop
  endfacet
  facet normal 0.659708 -0.751522 0
    outer loop
      vertex -141.591 12.496 2.5
      vertex -141.37 12.69 32
      vertex -141.591 12.496 32
    endloop
  endfacet
  facet normal 0.659708 -0.751522 0
    outer loop
      vertex -141.37 12.69 32
      vertex -141.591 12.496 2.5
      vertex -141.37 12.69 2.5
    endloop
  endfacet
  facet normal -0.442315 -0.89686 0
    outer loop
      vertex -139.139 12.9837 2.5
      vertex -138.875 12.8535 32
      vertex -139.139 12.9837 32
    endloop
  endfacet
  facet normal -0.442315 -0.89686 -0
    outer loop
      vertex -138.875 12.8535 32
      vertex -139.139 12.9837 2.5
      vertex -138.875 12.8535 2.5
    endloop
  endfacet
  facet normal 0.442315 -0.89686 0
    outer loop
      vertex -141.125 12.8535 2.5
      vertex -140.861 12.9837 32
      vertex -141.125 12.8535 32
    endloop
  endfacet
  facet normal 0.442315 -0.89686 0
    outer loop
      vertex -140.861 12.9837 32
      vertex -141.125 12.8535 2.5
      vertex -140.861 12.9837 2.5
    endloop
  endfacet
  facet normal 0.89707 0.441889 0
    outer loop
      vertex -141.949 9.77999 32
      vertex -142.079 10.0439 2.5
      vertex -142.079 10.0439 32
    endloop
  endfacet
  facet normal 0.89707 0.441889 0
    outer loop
      vertex -142.079 10.0439 2.5
      vertex -141.949 9.77999 32
      vertex -141.949 9.77999 2.5
    endloop
  endfacet
  facet normal 0.321142 0.947031 -0
    outer loop
      vertex -140.582 8.73165 2.5
      vertex -140.861 8.82626 32
      vertex -140.582 8.73165 32
    endloop
  endfacet
  facet normal 0.321142 0.947031 0
    outer loop
      vertex -140.861 8.82626 32
      vertex -140.582 8.73165 2.5
      vertex -140.861 8.82626 2.5
    endloop
  endfacet
  facet normal 0.897129 -0.441768 0
    outer loop
      vertex -142.079 11.766 32
      vertex -141.949 12.03 2.5
      vertex -141.949 12.03 32
    endloop
  endfacet
  facet normal 0.897129 -0.441768 0
    outer loop
      vertex -141.949 12.03 2.5
      vertex -142.079 11.766 32
      vertex -142.079 11.766 2.5
    endloop
  endfacet
  facet normal -0.897129 -0.441768 0
    outer loop
      vertex -137.921 11.766 2.5
      vertex -138.051 12.03 32
      vertex -138.051 12.03 2.5
    endloop
  endfacet
  facet normal -0.897129 -0.441768 0
    outer loop
      vertex -138.051 12.03 32
      vertex -137.921 11.766 2.5
      vertex -137.921 11.766 32
    endloop
  endfacet
  facet normal 0.751966 -0.659202 0
    outer loop
      vertex -141.785 12.2747 32
      vertex -141.591 12.496 2.5
      vertex -141.591 12.496 32
    endloop
  endfacet
  facet normal 0.751966 -0.659202 0
    outer loop
      vertex -141.591 12.496 2.5
      vertex -141.785 12.2747 32
      vertex -141.785 12.2747 2.5
    endloop
  endfacet
  facet normal 0.980411 0.196965 0
    outer loop
      vertex -142.173 10.3226 32
      vertex -142.231 10.6113 2.5
      vertex -142.231 10.6113 32
    endloop
  endfacet
  facet normal 0.980411 0.196965 0
    outer loop
      vertex -142.231 10.6113 2.5
      vertex -142.173 10.3226 32
      vertex -142.173 10.3226 2.5
    endloop
  endfacet
  facet normal 0.997914 0.0645569 0
    outer loop
      vertex -142.231 10.6113 32
      vertex -142.25 10.905 2.5
      vertex -142.25 10.905 32
    endloop
  endfacet
  facet normal 0.997914 0.0645569 0
    outer loop
      vertex -142.25 10.905 2.5
      vertex -142.231 10.6113 32
      vertex -142.231 10.6113 2.5
    endloop
  endfacet
  facet normal -0.555115 0.831773 0
    outer loop
      vertex -138.63 9.11994 2.5
      vertex -138.875 8.95643 32
      vertex -138.63 9.11994 32
    endloop
  endfacet
  facet normal -0.555115 0.831773 0
    outer loop
      vertex -138.875 8.95643 32
      vertex -138.63 9.11994 2.5
      vertex -138.875 8.95643 2.5
    endloop
  endfacet
  facet normal -0.947555 0.319592 0
    outer loop
      vertex -137.921 10.0439 2.5
      vertex -137.827 10.3226 32
      vertex -137.827 10.3226 2.5
    endloop
  endfacet
  facet normal -0.947555 0.319592 0
    outer loop
      vertex -137.827 10.3226 32
      vertex -137.921 10.0439 2.5
      vertex -137.921 10.0439 32
    endloop
  endfacet
  facet normal -0.997914 0.0645569 0
    outer loop
      vertex -137.769 10.6113 2.5
      vertex -137.75 10.905 32
      vertex -137.75 10.905 2.5
    endloop
  endfacet
  facet normal -0.997914 0.0645569 0
    outer loop
      vertex -137.75 10.905 32
      vertex -137.769 10.6113 2.5
      vertex -137.769 10.6113 32
    endloop
  endfacet
  facet normal -0.321112 -0.947041 0
    outer loop
      vertex -139.418 13.0783 2.5
      vertex -139.139 12.9837 32
      vertex -139.418 13.0783 32
    endloop
  endfacet
  facet normal -0.321112 -0.947041 -0
    outer loop
      vertex -139.139 12.9837 32
      vertex -139.418 13.0783 2.5
      vertex -139.139 12.9837 2.5
    endloop
  endfacet
  facet normal 0.659823 0.751421 -0
    outer loop
      vertex -141.37 9.11994 2.5
      vertex -141.591 9.314 32
      vertex -141.37 9.11994 32
    endloop
  endfacet
  facet normal 0.659823 0.751421 0
    outer loop
      vertex -141.591 9.314 32
      vertex -141.37 9.11994 2.5
      vertex -141.591 9.314 2.5
    endloop
  endfacet
  facet normal 0.0653363 0.997863 -0
    outer loop
      vertex -140 8.65499 2.5
      vertex -140.294 8.67424 32
      vertex -140 8.65499 32
    endloop
  endfacet
  facet normal 0.0653363 0.997863 0
    outer loop
      vertex -140.294 8.67424 32
      vertex -140 8.65499 2.5
      vertex -140.294 8.67424 2.5
    endloop
  endfacet
  facet normal 0.195461 -0.980711 0
    outer loop
      vertex -140.582 13.0783 2.5
      vertex -140.294 13.1357 32
      vertex -140.582 13.0783 32
    endloop
  endfacet
  facet normal 0.195461 -0.980711 0
    outer loop
      vertex -140.294 13.1357 32
      vertex -140.582 13.0783 2.5
      vertex -140.294 13.1357 2.5
    endloop
  endfacet
  facet normal 0.321112 -0.947041 0
    outer loop
      vertex -140.861 12.9837 2.5
      vertex -140.582 13.0783 32
      vertex -140.861 12.9837 32
    endloop
  endfacet
  facet normal 0.321112 -0.947041 0
    outer loop
      vertex -140.582 13.0783 32
      vertex -140.861 12.9837 2.5
      vertex -140.582 13.0783 2.5
    endloop
  endfacet
  facet normal 0.947555 0.319592 0
    outer loop
      vertex -142.079 10.0439 32
      vertex -142.173 10.3226 2.5
      vertex -142.173 10.3226 32
    endloop
  endfacet
  facet normal 0.947555 0.319592 0
    outer loop
      vertex -142.173 10.3226 2.5
      vertex -142.079 10.0439 32
      vertex -142.079 10.0439 2.5
    endloop
  endfacet
  facet normal -0.195461 -0.980711 0
    outer loop
      vertex -139.706 13.1357 2.5
      vertex -139.418 13.0783 32
      vertex -139.706 13.1357 32
    endloop
  endfacet
  facet normal -0.195461 -0.980711 -0
    outer loop
      vertex -139.418 13.0783 32
      vertex -139.706 13.1357 2.5
      vertex -139.418 13.0783 2.5
    endloop
  endfacet
  facet normal -0.947555 -0.319592 0
    outer loop
      vertex -137.827 11.4873 2.5
      vertex -137.921 11.766 32
      vertex -137.921 11.766 2.5
    endloop
  endfacet
  facet normal -0.947555 -0.319592 0
    outer loop
      vertex -137.921 11.766 32
      vertex -137.827 11.4873 2.5
      vertex -137.827 11.4873 32
    endloop
  endfacet
  facet normal 0.555092 -0.831789 0
    outer loop
      vertex -141.37 12.69 2.5
      vertex -141.125 12.8535 32
      vertex -141.37 12.69 32
    endloop
  endfacet
  facet normal 0.555092 -0.831789 0
    outer loop
      vertex -141.125 12.8535 32
      vertex -141.37 12.69 2.5
      vertex -141.125 12.8535 2.5
    endloop
  endfacet
  facet normal 0.195494 0.980705 -0
    outer loop
      vertex -140.294 8.67424 2.5
      vertex -140.582 8.73165 32
      vertex -140.294 8.67424 32
    endloop
  endfacet
  facet normal 0.195494 0.980705 0
    outer loop
      vertex -140.582 8.73165 32
      vertex -140.294 8.67424 2.5
      vertex -140.582 8.73165 2.5
    endloop
  endfacet
  facet normal 0.442233 0.8969 -0
    outer loop
      vertex -140.861 8.82626 2.5
      vertex -141.125 8.95643 32
      vertex -140.861 8.82626 32
    endloop
  endfacet
  facet normal 0.442233 0.8969 0
    outer loop
      vertex -141.125 8.95643 32
      vertex -140.861 8.82626 2.5
      vertex -141.125 8.95643 2.5
    endloop
  endfacet
  facet normal -0.442233 0.8969 0
    outer loop
      vertex -138.875 8.95643 2.5
      vertex -139.139 8.82626 32
      vertex -138.875 8.95643 32
    endloop
  endfacet
  facet normal -0.442233 0.8969 0
    outer loop
      vertex -139.139 8.82626 32
      vertex -138.875 8.95643 2.5
      vertex -139.139 8.82626 2.5
    endloop
  endfacet
  facet normal -0.751966 -0.659202 0
    outer loop
      vertex -138.215 12.2747 2.5
      vertex -138.409 12.496 32
      vertex -138.409 12.496 2.5
    endloop
  endfacet
  facet normal -0.751966 -0.659202 0
    outer loop
      vertex -138.409 12.496 32
      vertex -138.215 12.2747 2.5
      vertex -138.215 12.2747 32
    endloop
  endfacet
  facet normal -0.89707 0.441889 0
    outer loop
      vertex -138.051 9.77999 2.5
      vertex -137.921 10.0439 32
      vertex -137.921 10.0439 2.5
    endloop
  endfacet
  facet normal -0.89707 0.441889 0
    outer loop
      vertex -137.921 10.0439 32
      vertex -138.051 9.77999 2.5
      vertex -138.051 9.77999 32
    endloop
  endfacet
  facet normal -0.997914 -0.0645569 0
    outer loop
      vertex -137.75 10.905 2.5
      vertex -137.769 11.1987 32
      vertex -137.769 11.1987 2.5
    endloop
  endfacet
  facet normal -0.997914 -0.0645569 0
    outer loop
      vertex -137.769 11.1987 32
      vertex -137.75 10.905 2.5
      vertex -137.75 10.905 32
    endloop
  endfacet
  facet normal -0.830711 0.556704 0
    outer loop
      vertex -138.215 9.53527 2.5
      vertex -138.051 9.77999 32
      vertex -138.051 9.77999 2.5
    endloop
  endfacet
  facet normal -0.830711 0.556704 0
    outer loop
      vertex -138.051 9.77999 32
      vertex -138.215 9.53527 2.5
      vertex -138.215 9.53527 32
    endloop
  endfacet
  facet normal -0.555092 -0.831789 0
    outer loop
      vertex -138.875 12.8535 2.5
      vertex -138.63 12.69 32
      vertex -138.875 12.8535 32
    endloop
  endfacet
  facet normal -0.555092 -0.831789 -0
    outer loop
      vertex -138.63 12.69 32
      vertex -138.875 12.8535 2.5
      vertex -138.63 12.69 2.5
    endloop
  endfacet
  facet normal 0.830711 0.556704 0
    outer loop
      vertex -141.785 9.53527 32
      vertex -141.949 9.77999 2.5
      vertex -141.949 9.77999 32
    endloop
  endfacet
  facet normal 0.830711 0.556704 0
    outer loop
      vertex -141.949 9.77999 2.5
      vertex -141.785 9.53527 32
      vertex -141.785 9.53527 2.5
    endloop
  endfacet
  facet normal -0.0653363 0.997863 0
    outer loop
      vertex -139.706 8.67424 2.5
      vertex -140 8.65499 32
      vertex -139.706 8.67424 32
    endloop
  endfacet
  facet normal -0.0653363 0.997863 0
    outer loop
      vertex -140 8.65499 32
      vertex -139.706 8.67424 2.5
      vertex -140 8.65499 2.5
    endloop
  endfacet
  facet normal -0.659708 -0.751522 0
    outer loop
      vertex -138.63 12.69 2.5
      vertex -138.409 12.496 32
      vertex -138.63 12.69 32
    endloop
  endfacet
  facet normal -0.659708 -0.751522 -0
    outer loop
      vertex -138.409 12.496 32
      vertex -138.63 12.69 2.5
      vertex -138.409 12.496 2.5
    endloop
  endfacet
  facet normal 0.555115 0.831773 -0
    outer loop
      vertex -141.125 8.95643 2.5
      vertex -141.37 9.11994 32
      vertex -141.125 8.95643 32
    endloop
  endfacet
  facet normal 0.555115 0.831773 0
    outer loop
      vertex -141.37 9.11994 32
      vertex -141.125 8.95643 2.5
      vertex -141.37 9.11994 2.5
    endloop
  endfacet
  facet normal -0.980397 -0.197031 0
    outer loop
      vertex -137.769 11.1987 2.5
      vertex -137.827 11.4873 32
      vertex -137.827 11.4873 2.5
    endloop
  endfacet
  facet normal -0.980397 -0.197031 0
    outer loop
      vertex -137.827 11.4873 32
      vertex -137.769 11.1987 2.5
      vertex -137.769 11.1987 32
    endloop
  endfacet
  facet normal -0.0655053 -0.997852 0
    outer loop
      vertex -140 13.155 2.5
      vertex -139.706 13.1357 32
      vertex -140 13.155 32
    endloop
  endfacet
  facet normal -0.0655053 -0.997852 -0
    outer loop
      vertex -139.706 13.1357 32
      vertex -140 13.155 2.5
      vertex -139.706 13.1357 2.5
    endloop
  endfacet
  facet normal -0.321142 0.947031 0
    outer loop
      vertex -139.139 8.82626 2.5
      vertex -139.418 8.73165 32
      vertex -139.139 8.82626 32
    endloop
  endfacet
  facet normal -0.321142 0.947031 0
    outer loop
      vertex -139.418 8.73165 32
      vertex -139.139 8.82626 2.5
      vertex -139.418 8.73165 2.5
    endloop
  endfacet
  facet normal -0.980411 0.196965 0
    outer loop
      vertex -137.827 10.3226 2.5
      vertex -137.769 10.6113 32
      vertex -137.769 10.6113 2.5
    endloop
  endfacet
  facet normal -0.980411 0.196965 0
    outer loop
      vertex -137.769 10.6113 32
      vertex -137.827 10.3226 2.5
      vertex -137.827 10.3226 32
    endloop
  endfacet
  facet normal -0.751922 0.659252 0
    outer loop
      vertex -138.409 9.314 2.5
      vertex -138.215 9.53527 32
      vertex -138.215 9.53527 2.5
    endloop
  endfacet
  facet normal -0.751922 0.659252 0
    outer loop
      vertex -138.215 9.53527 32
      vertex -138.409 9.314 2.5
      vertex -138.409 9.314 32
    endloop
  endfacet
  facet normal 0.0655053 -0.997852 0
    outer loop
      vertex -140.294 13.1357 2.5
      vertex -140 13.155 32
      vertex -140.294 13.1357 32
    endloop
  endfacet
  facet normal 0.0655053 -0.997852 0
    outer loop
      vertex -140 13.155 32
      vertex -140.294 13.1357 2.5
      vertex -140 13.155 2.5
    endloop
  endfacet
  facet normal -0.195494 0.980705 0
    outer loop
      vertex -139.418 8.73165 2.5
      vertex -139.706 8.67424 32
      vertex -139.418 8.73165 32
    endloop
  endfacet
  facet normal -0.195494 0.980705 0
    outer loop
      vertex -139.706 8.67424 32
      vertex -139.418 8.73165 2.5
      vertex -139.706 8.67424 2.5
    endloop
  endfacet
  facet normal -0.83069 -0.556735 0
    outer loop
      vertex -138.051 12.03 2.5
      vertex -138.215 12.2747 32
      vertex -138.215 12.2747 2.5
    endloop
  endfacet
  facet normal -0.83069 -0.556735 0
    outer loop
      vertex -138.215 12.2747 32
      vertex -138.051 12.03 2.5
      vertex -138.051 12.03 32
    endloop
  endfacet
  facet normal 0.812537 -0.0532149 -0.580476
    outer loop
      vertex -144.036 10.905 0
      vertex -144.007 11.3478 0
      vertex -142.25 10.905 2.5
    endloop
  endfacet
  facet normal -0.159711 0.798557 -0.580343
    outer loop
      vertex -139.473 6.9038 0
      vertex -139.418 8.73165 2.5
      vertex -139.391 6.9202 0
    endloop
  endfacet
  facet normal -0.159197 0.798619 -0.5804
    outer loop
      vertex -139.418 8.73165 2.5
      vertex -139.473 6.9038 0
      vertex -139.706 8.67424 2.5
    endloop
  endfacet
  facet normal -0.798468 0.160413 -0.580272
    outer loop
      vertex -135.999 10.3782 0
      vertex -137.827 10.3226 2.5
      vertex -137.769 10.6113 2.5
    endloop
  endfacet
  facet normal -0.799111 0.154979 -0.580864
    outer loop
      vertex -137.827 10.3226 2.5
      vertex -135.999 10.3782 0
      vertex -136.015 10.2957 0
    endloop
  endfacet
  facet normal -0.26357 0.770616 -0.580244
    outer loop
      vertex -138.955 7.00679 0
      vertex -139.139 8.82626 2.5
      vertex -138.876 7.03381 0
    endloop
  endfacet
  facet normal -0.261498 0.771145 -0.580477
    outer loop
      vertex -139.139 8.82626 2.5
      vertex -138.955 7.00679 0
      vertex -139.418 8.73165 2.5
    endloop
  endfacet
  facet normal 0.357931 -0.731257 -0.580644
    outer loop
      vertex -141.544 14.6335 0
      vertex -141.125 12.8535 2.5
      vertex -141.62 14.5963 0
    endloop
  endfacet
  facet normal 0.360197 -0.730354 -0.580381
    outer loop
      vertex -141.125 12.8535 2.5
      vertex -141.544 14.6335 0
      vertex -140.861 12.9837 2.5
    endloop
  endfacet
  facet normal -0.676831 -0.452932 -0.580303
    outer loop
      vertex -138.051 12.03 2.5
      vertex -136.752 13.2919 0
      vertex -136.505 12.9228 0
    endloop
  endfacet
  facet normal 0.261971 -0.771044 -0.580398
    outer loop
      vertex -141.544 14.6335 0
      vertex -141.124 14.7762 0
      vertex -140.861 12.9837 2.5
    endloop
  endfacet
  facet normal 0.730612 -0.359799 -0.580302
    outer loop
      vertex -143.691 12.5248 0
      vertex -143.495 12.9228 0
      vertex -141.949 12.03 2.5
    endloop
  endfacet
  facet normal 0.452598 -0.676963 -0.580411
    outer loop
      vertex -142.387 14.1535 0
      vertex -141.37 12.69 2.5
      vertex -142.457 14.1067 0
    endloop
  endfacet
  facet normal 0.452027 -0.677349 -0.580405
    outer loop
      vertex -141.37 12.69 2.5
      vertex -142.387 14.1535 0
      vertex -141.125 12.8535 2.5
    endloop
  endfacet
  facet normal -0.15864 -0.798695 -0.580448
    outer loop
      vertex -139.418 13.0783 2.5
      vertex -139.391 14.8898 0
      vertex -138.955 14.8032 0
    endloop
  endfacet
  facet normal -0.357853 0.731294 -0.580646
    outer loop
      vertex -138.456 7.17647 0
      vertex -138.875 8.95643 2.5
      vertex -138.38 7.21366 0
    endloop
  endfacet
  facet normal -0.36013 0.730386 -0.580381
    outer loop
      vertex -138.875 8.95643 2.5
      vertex -138.456 7.17647 0
      vertex -139.139 8.82626 2.5
    endloop
  endfacet
  facet normal 0.730624 0.359768 -0.580307
    outer loop
      vertex -143.691 9.28517 0
      vertex -141.949 9.77999 2.5
      vertex -143.495 8.88713 0
    endloop
  endfacet
  facet normal 0.611878 0.537298 -0.580445
    outer loop
      vertex -143.202 8.4482 0
      vertex -141.785 9.53527 2.5
      vertex -142.909 8.11453 0
    endloop
  endfacet
  facet normal -0.799087 -0.155163 -0.580848
    outer loop
      vertex -135.999 11.4318 0
      vertex -137.827 11.4873 2.5
      vertex -136.015 11.5142 0
    endloop
  endfacet
  facet normal -0.798459 -0.160466 -0.580271
    outer loop
      vertex -137.827 11.4873 2.5
      vertex -135.999 11.4318 0
      vertex -137.769 11.1987 2.5
    endloop
  endfacet
  facet normal 0.771566 0.260234 -0.580486
    outer loop
      vertex -142.079 10.0439 2.5
      vertex -143.898 9.86047 0
      vertex -142.173 10.3226 2.5
    endloop
  endfacet
  facet normal 0.771244 0.261504 -0.580344
    outer loop
      vertex -143.898 9.86047 0
      vertex -142.079 10.0439 2.5
      vertex -143.871 9.78084 0
    endloop
  endfacet
  facet normal -0.611821 -0.537361 -0.580446
    outer loop
      vertex -138.215 12.2747 2.5
      vertex -137.091 13.6954 0
      vertex -136.798 13.3618 0
    endloop
  endfacet
  facet normal -0.812537 -0.0532149 -0.580476
    outer loop
      vertex -137.75 10.905 2.5
      vertex -135.993 11.3478 0
      vertex -135.964 10.905 0
    endloop
  endfacet
  facet normal -0.771474 -0.260646 -0.580423
    outer loop
      vertex -137.921 11.766 2.5
      vertex -136.271 12.4494 0
      vertex -136.129 12.0291 0
    endloop
  endfacet
  facet normal -0.360197 -0.730354 -0.580381
    outer loop
      vertex -138.456 14.6335 0
      vertex -138.875 12.8535 2.5
      vertex -139.139 12.9837 2.5
    endloop
  endfacet
  facet normal -0.357931 -0.731257 -0.580644
    outer loop
      vertex -138.875 12.8535 2.5
      vertex -138.456 14.6335 0
      vertex -138.38 14.5963 0
    endloop
  endfacet
  facet normal 0.798493 -0.159589 -0.580465
    outer loop
      vertex -143.985 11.5142 0
      vertex -143.898 11.9495 0
      vertex -142.173 11.4873 2.5
    endloop
  endfacet
  facet normal 0.79849 0.159614 -0.580463
    outer loop
      vertex -143.985 10.2957 0
      vertex -142.173 10.3226 2.5
      vertex -143.898 9.86047 0
    endloop
  endfacet
  facet normal -0.812537 0.0532029 -0.580476
    outer loop
      vertex -137.75 10.905 2.5
      vertex -135.964 10.905 0
      vertex -135.993 10.4621 0
    endloop
  endfacet
  facet normal 0.537337 0.611932 -0.580352
    outer loop
      vertex -142.79 7.99586 0
      vertex -141.591 9.314 2.5
      vertex -141.37 9.11994 2.5
    endloop
  endfacet
  facet normal 0.533232 0.615564 -0.580298
    outer loop
      vertex -141.591 9.314 2.5
      vertex -142.79 7.99586 0
      vertex -142.854 8.0513 0
    endloop
  endfacet
  facet normal 0.812537 0.0532029 -0.580476
    outer loop
      vertex -144.036 10.905 0
      vertex -142.25 10.905 2.5
      vertex -144.007 10.4621 0
    endloop
  endfacet
  facet normal 0.771474 -0.260646 -0.580423
    outer loop
      vertex -143.871 12.0291 0
      vertex -143.729 12.4494 0
      vertex -142.079 11.766 2.5
    endloop
  endfacet
  facet normal 0.727685 -0.366738 -0.579636
    outer loop
      vertex -141.949 12.03 2.5
      vertex -143.729 12.4494 0
      vertex -143.691 12.5248 0
    endloop
  endfacet
  facet normal 0.730514 -0.359723 -0.580473
    outer loop
      vertex -143.729 12.4494 0
      vertex -141.949 12.03 2.5
      vertex -142.079 11.766 2.5
    endloop
  endfacet
  facet normal -0.452027 -0.677349 -0.580405
    outer loop
      vertex -137.613 14.1535 0
      vertex -138.63 12.69 2.5
      vertex -138.875 12.8535 2.5
    endloop
  endfacet
  facet normal -0.452598 -0.676963 -0.580411
    outer loop
      vertex -138.63 12.69 2.5
      vertex -137.613 14.1535 0
      vertex -137.543 14.1067 0
    endloop
  endfacet
  facet normal 0.676777 0.453007 -0.580308
    outer loop
      vertex -143.495 8.88713 0
      vertex -141.949 9.77999 2.5
      vertex -143.248 8.51812 0
    endloop
  endfacet
  facet normal -0.730612 -0.359799 -0.580302
    outer loop
      vertex -138.051 12.03 2.5
      vertex -136.505 12.9228 0
      vertex -136.309 12.5248 0
    endloop
  endfacet
  facet normal 0.053194 -0.812584 -0.580412
    outer loop
      vertex -140.443 14.9117 0
      vertex -140 14.9407 0
      vertex -140 13.155 2.5
    endloop
  endfacet
  facet normal 0.15864 -0.798695 -0.580448
    outer loop
      vertex -141.045 14.8032 0
      vertex -140.609 14.8898 0
      vertex -140.582 13.0783 2.5
    endloop
  endfacet
  facet normal 0.676831 -0.452932 -0.580303
    outer loop
      vertex -143.495 12.9228 0
      vertex -143.248 13.2919 0
      vertex -141.949 12.03 2.5
    endloop
  endfacet
  facet normal 0.263389 -0.770657 -0.58027
    outer loop
      vertex -141.045 14.8032 0
      vertex -140.861 12.9837 2.5
      vertex -141.124 14.7762 0
    endloop
  endfacet
  facet normal 0.261472 -0.771148 -0.580486
    outer loop
      vertex -140.861 12.9837 2.5
      vertex -141.045 14.8032 0
      vertex -140.582 13.0783 2.5
    endloop
  endfacet
  facet normal 0.0532049 0.812584 -0.580411
    outer loop
      vertex -140.443 6.8983 0
      vertex -140.294 8.67424 2.5
      vertex -140 8.65499 2.5
    endloop
  endfacet
  facet normal 0.0532049 0.812584 -0.580411
    outer loop
      vertex -140.294 8.67424 2.5
      vertex -140.443 6.8983 0
      vertex -140.527 6.9038 0
    endloop
  endfacet
  facet normal 0.730472 0.359825 -0.580462
    outer loop
      vertex -141.949 9.77999 2.5
      vertex -143.729 9.36058 0
      vertex -142.079 10.0439 2.5
    endloop
  endfacet
  facet normal 0.727701 0.366697 -0.579642
    outer loop
      vertex -143.729 9.36058 0
      vertex -141.949 9.77999 2.5
      vertex -143.691 9.28517 0
    endloop
  endfacet
  facet normal -0.159168 -0.798615 -0.580413
    outer loop
      vertex -139.473 14.9062 0
      vertex -139.418 13.0783 2.5
      vertex -139.706 13.1357 2.5
    endloop
  endfacet
  facet normal -0.15971 -0.79855 -0.580354
    outer loop
      vertex -139.418 13.0783 2.5
      vertex -139.473 14.9062 0
      vertex -139.391 14.8898 0
    endloop
  endfacet
  facet normal 0.537546 0.611724 -0.580377
    outer loop
      vertex -142.79 7.99586 0
      vertex -141.37 9.11994 2.5
      vertex -142.457 7.70324 0
    endloop
  endfacet
  facet normal 0.0532486 0.812578 -0.580415
    outer loop
      vertex -140.443 6.8983 0
      vertex -140 8.65499 2.5
      vertex -140 6.86927 0
    endloop
  endfacet
  facet normal 0.614738 -0.534132 -0.580345
    outer loop
      vertex -141.591 12.496 2.5
      vertex -142.909 13.6954 0
      vertex -142.854 13.7587 0
    endloop
  endfacet
  facet normal 0.61236 -0.536818 -0.58038
    outer loop
      vertex -142.909 13.6954 0
      vertex -141.591 12.496 2.5
      vertex -141.785 12.2747 2.5
    endloop
  endfacet
  facet normal -0.812219 -0.0580156 -0.58046
    outer loop
      vertex -135.993 11.3478 0
      vertex -137.769 11.1987 2.5
      vertex -135.999 11.4318 0
    endloop
  endfacet
  facet normal -0.812619 -0.0525698 -0.58042
    outer loop
      vertex -137.769 11.1987 2.5
      vertex -135.993 11.3478 0
      vertex -137.75 10.905 2.5
    endloop
  endfacet
  facet normal -0.798493 -0.159589 -0.580465
    outer loop
      vertex -137.827 11.4873 2.5
      vertex -136.102 11.9495 0
      vertex -136.015 11.5142 0
    endloop
  endfacet
  facet normal -0.533232 0.615564 -0.580298
    outer loop
      vertex -137.21 7.99586 0
      vertex -138.409 9.314 2.5
      vertex -137.146 8.0513 0
    endloop
  endfacet
  facet normal -0.537337 0.611932 -0.580352
    outer loop
      vertex -138.409 9.314 2.5
      vertex -137.21 7.99586 0
      vertex -138.63 9.11994 2.5
    endloop
  endfacet
  facet normal -0.0533418 -0.812565 -0.580425
    outer loop
      vertex -139.557 14.9117 0
      vertex -139.706 13.1357 2.5
      vertex -140 13.155 2.5
    endloop
  endfacet
  facet normal -0.0532043 -0.812575 -0.580424
    outer loop
      vertex -139.706 13.1357 2.5
      vertex -139.557 14.9117 0
      vertex -139.473 14.9062 0
    endloop
  endfacet
  facet normal -0.053194 -0.812584 -0.580412
    outer loop
      vertex -140 13.155 2.5
      vertex -140 14.9407 0
      vertex -139.557 14.9117 0
    endloop
  endfacet
  facet normal -0.261472 -0.771148 -0.580486
    outer loop
      vertex -138.955 14.8032 0
      vertex -139.139 12.9837 2.5
      vertex -139.418 13.0783 2.5
    endloop
  endfacet
  facet normal -0.263389 -0.770657 -0.58027
    outer loop
      vertex -139.139 12.9837 2.5
      vertex -138.955 14.8032 0
      vertex -138.876 14.7762 0
    endloop
  endfacet
  facet normal 0.771217 -0.261594 -0.580339
    outer loop
      vertex -142.079 11.766 2.5
      vertex -143.898 11.9495 0
      vertex -143.871 12.0291 0
    endloop
  endfacet
  facet normal 0.771563 -0.260233 -0.58049
    outer loop
      vertex -143.898 11.9495 0
      vertex -142.079 11.766 2.5
      vertex -142.173 11.4873 2.5
    endloop
  endfacet
  facet normal -0.614738 -0.534132 -0.580345
    outer loop
      vertex -137.091 13.6954 0
      vertex -138.409 12.496 2.5
      vertex -137.146 13.7587 0
    endloop
  endfacet
  facet normal -0.61236 -0.536818 -0.58038
    outer loop
      vertex -138.409 12.496 2.5
      vertex -137.091 13.6954 0
      vertex -138.215 12.2747 2.5
    endloop
  endfacet
  facet normal -0.452071 0.677332 -0.580391
    outer loop
      vertex -137.613 7.65652 0
      vertex -138.63 9.11994 2.5
      vertex -137.543 7.70324 0
    endloop
  endfacet
  facet normal -0.452052 0.677345 -0.580391
    outer loop
      vertex -138.63 9.11994 2.5
      vertex -137.613 7.65652 0
      vertex -138.875 8.95643 2.5
    endloop
  endfacet
  facet normal -0.360202 0.730314 -0.580428
    outer loop
      vertex -138.875 8.95643 2.5
      vertex -137.982 7.40996 0
      vertex -138.38 7.21366 0
    endloop
  endfacet
  facet normal -0.537247 -0.612018 -0.580344
    outer loop
      vertex -137.21 13.8141 0
      vertex -138.409 12.496 2.5
      vertex -138.63 12.69 2.5
    endloop
  endfacet
  facet normal -0.533017 -0.615759 -0.580288
    outer loop
      vertex -138.409 12.496 2.5
      vertex -137.21 13.8141 0
      vertex -137.146 13.7587 0
    endloop
  endfacet
  facet normal 0.158624 0.798705 -0.580439
    outer loop
      vertex -141.045 7.00679 0
      vertex -140.582 8.73165 2.5
      vertex -140.609 6.9202 0
    endloop
  endfacet
  facet normal 0.611821 -0.537361 -0.580446
    outer loop
      vertex -143.202 13.3618 0
      vertex -142.909 13.6954 0
      vertex -141.785 12.2747 2.5
    endloop
  endfacet
  facet normal -0.771217 -0.261594 -0.580339
    outer loop
      vertex -136.102 11.9495 0
      vertex -137.921 11.766 2.5
      vertex -136.129 12.0291 0
    endloop
  endfacet
  facet normal -0.771563 -0.260233 -0.58049
    outer loop
      vertex -137.921 11.766 2.5
      vertex -136.102 11.9495 0
      vertex -137.827 11.4873 2.5
    endloop
  endfacet
  facet normal -0.158624 0.798705 -0.580439
    outer loop
      vertex -139.418 8.73165 2.5
      vertex -138.955 7.00679 0
      vertex -139.391 6.9202 0
    endloop
  endfacet
  facet normal 0.15971 -0.79855 -0.580354
    outer loop
      vertex -140.527 14.9062 0
      vertex -140.582 13.0783 2.5
      vertex -140.609 14.8898 0
    endloop
  endfacet
  facet normal 0.159168 -0.798615 -0.580413
    outer loop
      vertex -140.582 13.0783 2.5
      vertex -140.527 14.9062 0
      vertex -140.294 13.1357 2.5
    endloop
  endfacet
  facet normal -0.730472 0.359825 -0.580462
    outer loop
      vertex -136.271 9.36058 0
      vertex -138.051 9.77999 2.5
      vertex -137.921 10.0439 2.5
    endloop
  endfacet
  facet normal -0.727701 0.366697 -0.579642
    outer loop
      vertex -138.051 9.77999 2.5
      vertex -136.271 9.36058 0
      vertex -136.309 9.28517 0
    endloop
  endfacet
  facet normal -0.727685 -0.366738 -0.579636
    outer loop
      vertex -136.271 12.4494 0
      vertex -138.051 12.03 2.5
      vertex -136.309 12.5248 0
    endloop
  endfacet
  facet normal -0.730514 -0.359723 -0.580473
    outer loop
      vertex -138.051 12.03 2.5
      vertex -136.271 12.4494 0
      vertex -137.921 11.766 2.5
    endloop
  endfacet
  facet normal 0.77147 0.260669 -0.580418
    outer loop
      vertex -143.871 9.78084 0
      vertex -142.079 10.0439 2.5
      vertex -143.729 9.36058 0
    endloop
  endfacet
  facet normal -0.261971 -0.771044 -0.580398
    outer loop
      vertex -139.139 12.9837 2.5
      vertex -138.876 14.7762 0
      vertex -138.456 14.6335 0
    endloop
  endfacet
  facet normal 0.261907 0.771069 -0.580394
    outer loop
      vertex -141.544 7.17647 0
      vertex -140.861 8.82626 2.5
      vertex -141.124 7.03381 0
    endloop
  endfacet
  facet normal 0.680317 -0.447705 -0.580284
    outer loop
      vertex -141.785 12.2747 2.5
      vertex -143.248 13.2919 0
      vertex -143.202 13.3618 0
    endloop
  endfacet
  facet normal 0.676485 -0.453386 -0.580353
    outer loop
      vertex -143.248 13.2919 0
      vertex -141.785 12.2747 2.5
      vertex -141.949 12.03 2.5
    endloop
  endfacet
  facet normal 0.45233 -0.677119 -0.580438
    outer loop
      vertex -142.387 14.1535 0
      vertex -142.018 14.4 0
      vertex -141.125 12.8535 2.5
    endloop
  endfacet
  facet normal -0.0532049 0.812584 -0.580411
    outer loop
      vertex -139.557 6.8983 0
      vertex -139.706 8.67424 2.5
      vertex -139.473 6.9038 0
    endloop
  endfacet
  facet normal -0.0532049 0.812584 -0.580411
    outer loop
      vertex -139.706 8.67424 2.5
      vertex -139.557 6.8983 0
      vertex -140 8.65499 2.5
    endloop
  endfacet
  facet normal 0.612319 0.536854 -0.580391
    outer loop
      vertex -141.591 9.314 2.5
      vertex -142.909 8.11453 0
      vertex -141.785 9.53527 2.5
    endloop
  endfacet
  facet normal 0.614437 0.534462 -0.58036
    outer loop
      vertex -142.909 8.11453 0
      vertex -141.591 9.314 2.5
      vertex -142.854 8.0513 0
    endloop
  endfacet
  facet normal 0.799087 -0.155163 -0.580848
    outer loop
      vertex -142.173 11.4873 2.5
      vertex -144.001 11.4318 0
      vertex -143.985 11.5142 0
    endloop
  endfacet
  facet normal 0.798459 -0.160466 -0.580271
    outer loop
      vertex -144.001 11.4318 0
      vertex -142.173 11.4873 2.5
      vertex -142.231 11.1987 2.5
    endloop
  endfacet
  facet normal -0.771566 0.260234 -0.580486
    outer loop
      vertex -136.102 9.86047 0
      vertex -137.921 10.0439 2.5
      vertex -137.827 10.3226 2.5
    endloop
  endfacet
  facet normal -0.771244 0.261504 -0.580344
    outer loop
      vertex -137.921 10.0439 2.5
      vertex -136.102 9.86047 0
      vertex -136.129 9.78084 0
    endloop
  endfacet
  facet normal -0.612319 0.536854 -0.580391
    outer loop
      vertex -137.091 8.11453 0
      vertex -138.409 9.314 2.5
      vertex -138.215 9.53527 2.5
    endloop
  endfacet
  facet normal -0.614437 0.534462 -0.58036
    outer loop
      vertex -138.409 9.314 2.5
      vertex -137.091 8.11453 0
      vertex -137.146 8.0513 0
    endloop
  endfacet
  facet normal -0.79849 0.159614 -0.580463
    outer loop
      vertex -137.827 10.3226 2.5
      vertex -136.015 10.2957 0
      vertex -136.102 9.86047 0
    endloop
  endfacet
  facet normal 0.798468 0.160413 -0.580272
    outer loop
      vertex -142.173 10.3226 2.5
      vertex -144.001 10.3782 0
      vertex -142.231 10.6113 2.5
    endloop
  endfacet
  facet normal 0.799111 0.154979 -0.580864
    outer loop
      vertex -144.001 10.3782 0
      vertex -142.173 10.3226 2.5
      vertex -143.985 10.2957 0
    endloop
  endfacet
  facet normal 0.812618 0.0525698 -0.580421
    outer loop
      vertex -142.231 10.6113 2.5
      vertex -144.007 10.4621 0
      vertex -142.25 10.905 2.5
    endloop
  endfacet
  facet normal 0.812213 0.0580843 -0.580462
    outer loop
      vertex -144.007 10.4621 0
      vertex -142.231 10.6113 2.5
      vertex -144.001 10.3782 0
    endloop
  endfacet
  facet normal -0.680317 -0.447705 -0.580284
    outer loop
      vertex -136.752 13.2919 0
      vertex -138.215 12.2747 2.5
      vertex -136.798 13.3618 0
    endloop
  endfacet
  facet normal -0.676485 -0.453386 -0.580353
    outer loop
      vertex -138.215 12.2747 2.5
      vertex -136.752 13.2919 0
      vertex -138.051 12.03 2.5
    endloop
  endfacet
  facet normal 0.0532043 -0.812575 -0.580424
    outer loop
      vertex -140.443 14.9117 0
      vertex -140.294 13.1357 2.5
      vertex -140.527 14.9062 0
    endloop
  endfacet
  facet normal 0.0533418 -0.812565 -0.580425
    outer loop
      vertex -140.294 13.1357 2.5
      vertex -140.443 14.9117 0
      vertex -140 13.155 2.5
    endloop
  endfacet
  facet normal 0.261498 0.771145 -0.580477
    outer loop
      vertex -141.045 7.00679 0
      vertex -140.861 8.82626 2.5
      vertex -140.582 8.73165 2.5
    endloop
  endfacet
  facet normal 0.26357 0.770616 -0.580244
    outer loop
      vertex -140.861 8.82626 2.5
      vertex -141.045 7.00679 0
      vertex -141.124 7.03381 0
    endloop
  endfacet
  facet normal 0.360201 -0.73031 -0.580433
    outer loop
      vertex -142.018 14.4 0
      vertex -141.62 14.5963 0
      vertex -141.125 12.8535 2.5
    endloop
  endfacet
  facet normal 0.36013 0.730386 -0.580381
    outer loop
      vertex -141.544 7.17647 0
      vertex -141.125 8.95643 2.5
      vertex -140.861 8.82626 2.5
    endloop
  endfacet
  facet normal 0.357853 0.731294 -0.580646
    outer loop
      vertex -141.125 8.95643 2.5
      vertex -141.544 7.17647 0
      vertex -141.62 7.21366 0
    endloop
  endfacet
  facet normal 0.159197 0.798619 -0.5804
    outer loop
      vertex -140.527 6.9038 0
      vertex -140.582 8.73165 2.5
      vertex -140.294 8.67424 2.5
    endloop
  endfacet
  facet normal 0.159711 0.798557 -0.580343
    outer loop
      vertex -140.582 8.73165 2.5
      vertex -140.527 6.9038 0
      vertex -140.609 6.9202 0
    endloop
  endfacet
  facet normal -0.611878 0.537298 -0.580445
    outer loop
      vertex -138.215 9.53527 2.5
      vertex -136.798 8.4482 0
      vertex -137.091 8.11453 0
    endloop
  endfacet
  facet normal -0.45233 -0.677119 -0.580438
    outer loop
      vertex -138.875 12.8535 2.5
      vertex -137.982 14.4 0
      vertex -137.613 14.1535 0
    endloop
  endfacet
  facet normal -0.537525 -0.611742 -0.580378
    outer loop
      vertex -138.63 12.69 2.5
      vertex -137.543 14.1067 0
      vertex -137.21 13.8141 0
    endloop
  endfacet
  facet normal -0.812618 0.0525698 -0.580421
    outer loop
      vertex -135.993 10.4621 0
      vertex -137.769 10.6113 2.5
      vertex -137.75 10.905 2.5
    endloop
  endfacet
  facet normal -0.812213 0.0580843 -0.580462
    outer loop
      vertex -137.769 10.6113 2.5
      vertex -135.993 10.4621 0
      vertex -135.999 10.3782 0
    endloop
  endfacet
  facet normal -0.77147 0.260669 -0.580418
    outer loop
      vertex -137.921 10.0439 2.5
      vertex -136.129 9.78084 0
      vertex -136.271 9.36058 0
    endloop
  endfacet
  facet normal 0.537525 -0.611742 -0.580378
    outer loop
      vertex -142.79 13.8141 0
      vertex -142.457 14.1067 0
      vertex -141.37 12.69 2.5
    endloop
  endfacet
  facet normal 0.676506 0.453363 -0.580346
    outer loop
      vertex -141.785 9.53527 2.5
      vertex -143.248 8.51812 0
      vertex -141.949 9.77999 2.5
    endloop
  endfacet
  facet normal 0.68038 0.447618 -0.580276
    outer loop
      vertex -143.248 8.51812 0
      vertex -141.785 9.53527 2.5
      vertex -143.202 8.4482 0
    endloop
  endfacet
  facet normal 0.360202 0.730314 -0.580428
    outer loop
      vertex -142.018 7.40996 0
      vertex -141.125 8.95643 2.5
      vertex -141.62 7.21366 0
    endloop
  endfacet
  facet normal -0.452409 0.677073 -0.58043
    outer loop
      vertex -138.875 8.95643 2.5
      vertex -137.613 7.65652 0
      vertex -137.982 7.40996 0
    endloop
  endfacet
  facet normal 0.533017 -0.615759 -0.580288
    outer loop
      vertex -142.79 13.8141 0
      vertex -141.591 12.496 2.5
      vertex -142.854 13.7587 0
    endloop
  endfacet
  facet normal 0.537247 -0.612018 -0.580344
    outer loop
      vertex -141.591 12.496 2.5
      vertex -142.79 13.8141 0
      vertex -141.37 12.69 2.5
    endloop
  endfacet
  facet normal -0.730624 0.359768 -0.580307
    outer loop
      vertex -138.051 9.77999 2.5
      vertex -136.309 9.28517 0
      vertex -136.505 8.88713 0
    endloop
  endfacet
  facet normal 0.812219 -0.0580156 -0.58046
    outer loop
      vertex -142.231 11.1987 2.5
      vertex -144.007 11.3478 0
      vertex -144.001 11.4318 0
    endloop
  endfacet
  facet normal 0.812619 -0.0525698 -0.58042
    outer loop
      vertex -144.007 11.3478 0
      vertex -142.231 11.1987 2.5
      vertex -142.25 10.905 2.5
    endloop
  endfacet
  facet normal -0.0532486 0.812578 -0.580415
    outer loop
      vertex -140 6.86927 0
      vertex -140 8.65499 2.5
      vertex -139.557 6.8983 0
    endloop
  endfacet
  facet normal -0.537546 0.611724 -0.580377
    outer loop
      vertex -138.63 9.11994 2.5
      vertex -137.21 7.99586 0
      vertex -137.543 7.70324 0
    endloop
  endfacet
  facet normal -0.676777 0.453007 -0.580308
    outer loop
      vertex -138.051 9.77999 2.5
      vertex -136.505 8.88713 0
      vertex -136.752 8.51812 0
    endloop
  endfacet
  facet normal -0.261907 0.771069 -0.580394
    outer loop
      vertex -139.139 8.82626 2.5
      vertex -138.456 7.17647 0
      vertex -138.876 7.03381 0
    endloop
  endfacet
  facet normal 0.452052 0.677345 -0.580391
    outer loop
      vertex -142.387 7.65652 0
      vertex -141.37 9.11994 2.5
      vertex -141.125 8.95643 2.5
    endloop
  endfacet
  facet normal 0.452071 0.677332 -0.580391
    outer loop
      vertex -141.37 9.11994 2.5
      vertex -142.387 7.65652 0
      vertex -142.457 7.70324 0
    endloop
  endfacet
  facet normal -0.360201 -0.73031 -0.580433
    outer loop
      vertex -138.875 12.8535 2.5
      vertex -138.38 14.5963 0
      vertex -137.982 14.4 0
    endloop
  endfacet
  facet normal 0.452409 0.677073 -0.58043
    outer loop
      vertex -142.387 7.65652 0
      vertex -141.125 8.95643 2.5
      vertex -142.018 7.40996 0
    endloop
  endfacet
  facet normal -0.676506 0.453363 -0.580346
    outer loop
      vertex -136.752 8.51812 0
      vertex -138.215 9.53527 2.5
      vertex -138.051 9.77999 2.5
    endloop
  endfacet
  facet normal -0.68038 0.447618 -0.580276
    outer loop
      vertex -138.215 9.53527 2.5
      vertex -136.752 8.51812 0
      vertex -136.798 8.4482 0
    endloop
  endfacet
  facet normal 0.980931 0.194358 0
    outer loop
      vertex -91.2074 238.771 32
      vertex -91.2393 238.932 8
      vertex -91.2393 238.932 32
    endloop
  endfacet
  facet normal 0.980931 0.194358 0
    outer loop
      vertex -91.2393 238.932 8
      vertex -91.2074 238.771 32
      vertex -91.2074 238.771 8
    endloop
  endfacet
  facet normal 0.195763 0.980651 -0
    outer loop
      vertex -90.1632 237.856 8
      vertex -90.3235 237.888 32
      vertex -90.1632 237.856 32
    endloop
  endfacet
  facet normal 0.195763 0.980651 0
    outer loop
      vertex -90.3235 237.888 32
      vertex -90.1632 237.856 8
      vertex -90.3235 237.888 8
    endloop
  endfacet
  facet normal 0.980931 -0.194358 0
    outer loop
      vertex -91.2393 239.258 32
      vertex -91.2074 239.419 8
      vertex -91.2074 239.419 32
    endloop
  endfacet
  facet normal 0.980931 -0.194358 0
    outer loop
      vertex -91.2074 239.419 8
      vertex -91.2393 239.258 32
      vertex -91.2393 239.258 8
    endloop
  endfacet
  facet normal 0.997852 -0.0655032 0
    outer loop
      vertex -91.25 239.095 32
      vertex -91.2393 239.258 8
      vertex -91.2393 239.258 32
    endloop
  endfacet
  facet normal 0.997852 -0.0655032 0
    outer loop
      vertex -91.2393 239.258 8
      vertex -91.25 239.095 32
      vertex -91.25 239.095 8
    endloop
  endfacet
  facet normal -0.55611 -0.831109 0
    outer loop
      vertex -89.375 240.178 8
      vertex -89.239 240.087 32
      vertex -89.375 240.178 32
    endloop
  endfacet
  facet normal -0.55611 -0.831109 -0
    outer loop
      vertex -89.239 240.087 32
      vertex -89.375 240.178 8
      vertex -89.239 240.087 8
    endloop
  endfacet
  facet normal -0.318247 0.948008 0
    outer loop
      vertex -89.5216 237.94 8
      vertex -89.6765 237.888 32
      vertex -89.5216 237.94 32
    endloop
  endfacet
  facet normal -0.318247 0.948008 0
    outer loop
      vertex -89.6765 237.888 32
      vertex -89.5216 237.94 8
      vertex -89.6765 237.888 8
    endloop
  endfacet
  facet normal -0.831674 -0.555265 0
    outer loop
      vertex -88.9175 239.72 8
      vertex -89.0083 239.856 32
      vertex -89.0083 239.856 8
    endloop
  endfacet
  facet normal -0.831674 -0.555265 0
    outer loop
      vertex -89.0083 239.856 32
      vertex -88.9175 239.72 8
      vertex -88.9175 239.72 32
    endloop
  endfacet
  facet normal -0.946322 0.323224 0
    outer loop
      vertex -88.8452 238.617 8
      vertex -88.7926 238.771 32
      vertex -88.7926 238.771 8
    endloop
  endfacet
  facet normal -0.946322 0.323224 0
    outer loop
      vertex -88.7926 238.771 32
      vertex -88.8452 238.617 8
      vertex -88.8452 238.617 32
    endloop
  endfacet
  facet normal -0.997852 -0.0655032 0
    outer loop
      vertex -88.75 239.095 8
      vertex -88.7607 239.258 32
      vertex -88.7607 239.258 8
    endloop
  endfacet
  facet normal -0.997852 -0.0655032 0
    outer loop
      vertex -88.7607 239.258 32
      vertex -88.75 239.095 8
      vertex -88.75 239.095 32
    endloop
  endfacet
  facet normal 0.946322 0.323224 0
    outer loop
      vertex -91.1548 238.617 32
      vertex -91.2074 238.771 8
      vertex -91.2074 238.771 32
    endloop
  endfacet
  facet normal 0.946322 0.323224 0
    outer loop
      vertex -91.2074 238.771 8
      vertex -91.1548 238.617 32
      vertex -91.1548 238.617 8
    endloop
  endfacet
  facet normal -0.0672494 0.997736 0
    outer loop
      vertex -89.8368 237.856 8
      vertex -90 237.845 32
      vertex -89.8368 237.856 32
    endloop
  endfacet
  facet normal -0.0672494 0.997736 0
    outer loop
      vertex -90 237.845 32
      vertex -89.8368 237.856 8
      vertex -90 237.845 8
    endloop
  endfacet
  facet normal -0.980931 -0.194358 0
    outer loop
      vertex -88.7607 239.258 8
      vertex -88.7926 239.419 32
      vertex -88.7926 239.419 8
    endloop
  endfacet
  facet normal -0.980931 -0.194358 0
    outer loop
      vertex -88.7926 239.419 32
      vertex -88.7607 239.258 8
      vertex -88.7607 239.258 32
    endloop
  endfacet
  facet normal 0.897338 0.441344 0
    outer loop
      vertex -91.0825 238.47 32
      vertex -91.1548 238.617 8
      vertex -91.1548 238.617 32
    endloop
  endfacet
  facet normal 0.897338 0.441344 0
    outer loop
      vertex -91.1548 238.617 8
      vertex -91.0825 238.47 32
      vertex -91.0825 238.47 8
    endloop
  endfacet
  facet normal -0.980931 0.194358 0
    outer loop
      vertex -88.7926 238.771 8
      vertex -88.7607 238.932 32
      vertex -88.7607 238.932 8
    endloop
  endfacet
  facet normal -0.980931 0.194358 0
    outer loop
      vertex -88.7607 238.932 32
      vertex -88.7926 238.771 8
      vertex -88.7926 238.771 32
    endloop
  endfacet
  facet normal 0.831674 0.555265 0
    outer loop
      vertex -90.9917 238.334 32
      vertex -91.0825 238.47 8
      vertex -91.0825 238.47 32
    endloop
  endfacet
  facet normal 0.831674 0.555265 0
    outer loop
      vertex -91.0825 238.47 8
      vertex -90.9917 238.334 32
      vertex -90.9917 238.334 8
    endloop
  endfacet
  facet normal 0.0672494 -0.997736 0
    outer loop
      vertex -90.1632 240.334 8
      vertex -90 240.345 32
      vertex -90.1632 240.334 32
    endloop
  endfacet
  facet normal 0.0672494 -0.997736 0
    outer loop
      vertex -90 240.345 32
      vertex -90.1632 240.334 8
      vertex -90 240.345 8
    endloop
  endfacet
  facet normal -0.897338 0.441344 0
    outer loop
      vertex -88.9175 238.47 8
      vertex -88.8452 238.617 32
      vertex -88.8452 238.617 8
    endloop
  endfacet
  facet normal -0.897338 0.441344 0
    outer loop
      vertex -88.8452 238.617 32
      vertex -88.9175 238.47 8
      vertex -88.9175 238.47 32
    endloop
  endfacet
  facet normal 0.831674 -0.555265 0
    outer loop
      vertex -91.0825 239.72 32
      vertex -90.9917 239.856 8
      vertex -90.9917 239.856 32
    endloop
  endfacet
  facet normal 0.831674 -0.555265 0
    outer loop
      vertex -90.9917 239.856 8
      vertex -91.0825 239.72 32
      vertex -91.0825 239.72 8
    endloop
  endfacet
  facet normal 0.752046 0.65911 0
    outer loop
      vertex -90.8839 238.211 32
      vertex -90.9917 238.334 8
      vertex -90.9917 238.334 32
    endloop
  endfacet
  facet normal 0.752046 0.65911 0
    outer loop
      vertex -90.9917 238.334 8
      vertex -90.8839 238.211 32
      vertex -90.8839 238.211 8
    endloop
  endfacet
  facet normal -0.440835 -0.897588 0
    outer loop
      vertex -89.5216 240.25 8
      vertex -89.375 240.178 32
      vertex -89.5216 240.25 32
    endloop
  endfacet
  facet normal -0.440835 -0.897588 -0
    outer loop
      vertex -89.375 240.178 32
      vertex -89.5216 240.25 8
      vertex -89.375 240.178 8
    endloop
  endfacet
  facet normal 0.659801 0.75144 -0
    outer loop
      vertex -90.7609 238.103 8
      vertex -90.8839 238.211 32
      vertex -90.7609 238.103 32
    endloop
  endfacet
  facet normal 0.659801 0.75144 0
    outer loop
      vertex -90.8839 238.211 32
      vertex -90.7609 238.103 8
      vertex -90.8839 238.211 8
    endloop
  endfacet
  facet normal -0.752046 0.65911 0
    outer loop
      vertex -89.1161 238.211 8
      vertex -89.0083 238.334 32
      vertex -89.0083 238.334 8
    endloop
  endfacet
  facet normal -0.752046 0.65911 0
    outer loop
      vertex -89.0083 238.334 32
      vertex -89.1161 238.211 8
      vertex -89.1161 238.211 32
    endloop
  endfacet
  facet normal 0.318247 -0.948008 0
    outer loop
      vertex -90.4784 240.25 8
      vertex -90.3235 240.302 32
      vertex -90.4784 240.25 32
    endloop
  endfacet
  facet normal 0.318247 -0.948008 0
    outer loop
      vertex -90.3235 240.302 32
      vertex -90.4784 240.25 8
      vertex -90.3235 240.302 8
    endloop
  endfacet
  facet normal 0.440835 0.897588 -0
    outer loop
      vertex -90.4784 237.94 8
      vertex -90.625 238.012 32
      vertex -90.4784 237.94 32
    endloop
  endfacet
  facet normal 0.440835 0.897588 0
    outer loop
      vertex -90.625 238.012 32
      vertex -90.4784 237.94 8
      vertex -90.625 238.012 8
    endloop
  endfacet
  facet normal 0.659801 -0.75144 0
    outer loop
      vertex -90.8839 239.979 8
      vertex -90.7609 240.087 32
      vertex -90.8839 239.979 32
    endloop
  endfacet
  facet normal 0.659801 -0.75144 0
    outer loop
      vertex -90.7609 240.087 32
      vertex -90.8839 239.979 8
      vertex -90.7609 240.087 8
    endloop
  endfacet
  facet normal -0.440835 0.897588 0
    outer loop
      vertex -89.375 238.012 8
      vertex -89.5216 237.94 32
      vertex -89.375 238.012 32
    endloop
  endfacet
  facet normal -0.440835 0.897588 0
    outer loop
      vertex -89.5216 237.94 32
      vertex -89.375 238.012 8
      vertex -89.5216 237.94 8
    endloop
  endfacet
  facet normal 0.997852 0.0655032 0
    outer loop
      vertex -91.2393 238.932 32
      vertex -91.25 239.095 8
      vertex -91.25 239.095 32
    endloop
  endfacet
  facet normal 0.997852 0.0655032 0
    outer loop
      vertex -91.25 239.095 8
      vertex -91.2393 238.932 32
      vertex -91.2393 238.932 8
    endloop
  endfacet
  facet normal -0.752046 -0.65911 0
    outer loop
      vertex -89.0083 239.856 8
      vertex -89.1161 239.979 32
      vertex -89.1161 239.979 8
    endloop
  endfacet
  facet normal -0.752046 -0.65911 0
    outer loop
      vertex -89.1161 239.979 32
      vertex -89.0083 239.856 8
      vertex -89.0083 239.856 32
    endloop
  endfacet
  facet normal -0.660104 -0.751174 0
    outer loop
      vertex -89.239 240.087 8
      vertex -89.1161 239.979 32
      vertex -89.239 240.087 32
    endloop
  endfacet
  facet normal -0.660104 -0.751174 -0
    outer loop
      vertex -89.1161 239.979 32
      vertex -89.239 240.087 8
      vertex -89.1161 239.979 8
    endloop
  endfacet
  facet normal 0.318247 0.948008 -0
    outer loop
      vertex -90.3235 237.888 8
      vertex -90.4784 237.94 32
      vertex -90.3235 237.888 32
    endloop
  endfacet
  facet normal 0.318247 0.948008 0
    outer loop
      vertex -90.4784 237.94 32
      vertex -90.3235 237.888 8
      vertex -90.4784 237.94 8
    endloop
  endfacet
  facet normal 0.556392 -0.83092 0
    outer loop
      vertex -90.7609 240.087 8
      vertex -90.625 240.178 32
      vertex -90.7609 240.087 32
    endloop
  endfacet
  facet normal 0.556392 -0.83092 0
    outer loop
      vertex -90.625 240.178 32
      vertex -90.7609 240.087 8
      vertex -90.625 240.178 8
    endloop
  endfacet
  facet normal -0.195763 -0.980651 0
    outer loop
      vertex -89.8368 240.334 8
      vertex -89.6765 240.302 32
      vertex -89.8368 240.334 32
    endloop
  endfacet
  facet normal -0.195763 -0.980651 -0
    outer loop
      vertex -89.6765 240.302 32
      vertex -89.8368 240.334 8
      vertex -89.6765 240.302 8
    endloop
  endfacet
  facet normal -0.831674 0.555265 0
    outer loop
      vertex -89.0083 238.334 8
      vertex -88.9175 238.47 32
      vertex -88.9175 238.47 8
    endloop
  endfacet
  facet normal -0.831674 0.555265 0
    outer loop
      vertex -88.9175 238.47 32
      vertex -89.0083 238.334 8
      vertex -89.0083 238.334 32
    endloop
  endfacet
  facet normal -0.0672494 -0.997736 0
    outer loop
      vertex -90 240.345 8
      vertex -89.8368 240.334 32
      vertex -90 240.345 32
    endloop
  endfacet
  facet normal -0.0672494 -0.997736 -0
    outer loop
      vertex -89.8368 240.334 32
      vertex -90 240.345 8
      vertex -89.8368 240.334 8
    endloop
  endfacet
  facet normal 0.195763 -0.980651 0
    outer loop
      vertex -90.3235 240.302 8
      vertex -90.1632 240.334 32
      vertex -90.3235 240.302 32
    endloop
  endfacet
  facet normal 0.195763 -0.980651 0
    outer loop
      vertex -90.1632 240.334 32
      vertex -90.3235 240.302 8
      vertex -90.1632 240.334 8
    endloop
  endfacet
  facet normal 0.556392 0.83092 -0
    outer loop
      vertex -90.625 238.012 8
      vertex -90.7609 238.103 32
      vertex -90.625 238.012 32
    endloop
  endfacet
  facet normal 0.556392 0.83092 0
    outer loop
      vertex -90.7609 238.103 32
      vertex -90.625 238.012 8
      vertex -90.7609 238.103 8
    endloop
  endfacet
  facet normal 0 0 1
    outer loop
      vertex -88.7607 239.258 8
      vertex -88.7607 238.932 8
      vertex -88.75 239.095 8
    endloop
  endfacet
  facet normal 0 0 1
    outer loop
      vertex -88.7926 239.419 8
      vertex -88.7607 238.932 8
      vertex -88.7607 239.258 8
    endloop
  endfacet
  facet normal 0 0 1
    outer loop
      vertex -88.7926 239.419 8
      vertex -88.7926 238.771 8
      vertex -88.7607 238.932 8
    endloop
  endfacet
  facet normal 0 0 1
    outer loop
      vertex -88.8452 239.573 8
      vertex -88.7926 238.771 8
      vertex -88.7926 239.419 8
    endloop
  endfacet
  facet normal 0 0 1
    outer loop
      vertex -88.8452 239.573 8
      vertex -88.8452 238.617 8
      vertex -88.7926 238.771 8
    endloop
  endfacet
  facet normal 0 0 1
    outer loop
      vertex -88.9175 239.72 8
      vertex -88.8452 238.617 8
      vertex -88.8452 239.573 8
    endloop
  endfacet
  facet normal 0 0 1
    outer loop
      vertex -88.9175 239.72 8
      vertex -88.9175 238.47 8
      vertex -88.8452 238.617 8
    endloop
  endfacet
  facet normal 0 0 1
    outer loop
      vertex -89.0083 239.856 8
      vertex -88.9175 238.47 8
      vertex -88.9175 239.72 8
    endloop
  endfacet
  facet normal 0 0 1
    outer loop
      vertex -89.0083 239.856 8
      vertex -89.0083 238.334 8
      vertex -88.9175 238.47 8
    endloop
  endfacet
  facet normal 0 0 1
    outer loop
      vertex -89.1161 239.979 8
      vertex -89.0083 238.334 8
      vertex -89.0083 239.856 8
    endloop
  endfacet
  facet normal 0 0 1
    outer loop
      vertex -89.1161 239.979 8
      vertex -89.1161 238.211 8
      vertex -89.0083 238.334 8
    endloop
  endfacet
  facet normal 0 0 1
    outer loop
      vertex -89.239 240.087 8
      vertex -89.1161 238.211 8
      vertex -89.1161 239.979 8
    endloop
  endfacet
  facet normal 0 0 1
    outer loop
      vertex -89.239 240.087 8
      vertex -89.239 238.103 8
      vertex -89.1161 238.211 8
    endloop
  endfacet
  facet normal 0 0 1
    outer loop
      vertex -89.375 240.178 8
      vertex -89.239 238.103 8
      vertex -89.239 240.087 8
    endloop
  endfacet
  facet normal 0 0 1
    outer loop
      vertex -89.375 240.178 8
      vertex -89.375 238.012 8
      vertex -89.239 238.103 8
    endloop
  endfacet
  facet normal 0 0 1
    outer loop
      vertex -89.5216 240.25 8
      vertex -89.375 238.012 8
      vertex -89.375 240.178 8
    endloop
  endfacet
  facet normal 0 0 1
    outer loop
      vertex -89.5216 240.25 8
      vertex -89.5216 237.94 8
      vertex -89.375 238.012 8
    endloop
  endfacet
  facet normal 0 0 1
    outer loop
      vertex -89.6765 240.302 8
      vertex -89.5216 237.94 8
      vertex -89.5216 240.25 8
    endloop
  endfacet
  facet normal 0 0 1
    outer loop
      vertex -89.6765 240.302 8
      vertex -89.6765 237.888 8
      vertex -89.5216 237.94 8
    endloop
  endfacet
  facet normal 0 0 1
    outer loop
      vertex -89.8368 240.334 8
      vertex -89.6765 237.888 8
      vertex -89.6765 240.302 8
    endloop
  endfacet
  facet normal 0 0 1
    outer loop
      vertex -89.8368 240.334 8
      vertex -89.8368 237.856 8
      vertex -89.6765 237.888 8
    endloop
  endfacet
  facet normal 0 0 1
    outer loop
      vertex -90 240.345 8
      vertex -89.8368 237.856 8
      vertex -89.8368 240.334 8
    endloop
  endfacet
  facet normal 0 0 1
    outer loop
      vertex -90 240.345 8
      vertex -90 237.845 8
      vertex -89.8368 237.856 8
    endloop
  endfacet
  facet normal -0 0 1
    outer loop
      vertex -90.1632 240.334 8
      vertex -90 237.845 8
      vertex -90 240.345 8
    endloop
  endfacet
  facet normal 0 0 1
    outer loop
      vertex -90.1632 240.334 8
      vertex -90.1632 237.856 8
      vertex -90 237.845 8
    endloop
  endfacet
  facet normal -0 0 1
    outer loop
      vertex -90.3235 240.302 8
      vertex -90.1632 237.856 8
      vertex -90.1632 240.334 8
    endloop
  endfacet
  facet normal 0 0 1
    outer loop
      vertex -90.3235 240.302 8
      vertex -90.3235 237.888 8
      vertex -90.1632 237.856 8
    endloop
  endfacet
  facet normal -0 0 1
    outer loop
      vertex -90.4784 240.25 8
      vertex -90.3235 237.888 8
      vertex -90.3235 240.302 8
    endloop
  endfacet
  facet normal 0 0 1
    outer loop
      vertex -90.4784 240.25 8
      vertex -90.4784 237.94 8
      vertex -90.3235 237.888 8
    endloop
  endfacet
  facet normal -0 0 1
    outer loop
      vertex -90.625 240.178 8
      vertex -90.4784 237.94 8
      vertex -90.4784 240.25 8
    endloop
  endfacet
  facet normal 0 0 1
    outer loop
      vertex -90.625 240.178 8
      vertex -90.625 238.012 8
      vertex -90.4784 237.94 8
    endloop
  endfacet
  facet normal -0 0 1
    outer loop
      vertex -90.7609 240.087 8
      vertex -90.625 238.012 8
      vertex -90.625 240.178 8
    endloop
  endfacet
  facet normal 0 0 1
    outer loop
      vertex -90.7609 240.087 8
      vertex -90.7609 238.103 8
      vertex -90.625 238.012 8
    endloop
  endfacet
  facet normal -0 0 1
    outer loop
      vertex -90.8839 239.979 8
      vertex -90.7609 238.103 8
      vertex -90.7609 240.087 8
    endloop
  endfacet
  facet normal 0 0 1
    outer loop
      vertex -90.8839 239.979 8
      vertex -90.8839 238.211 8
      vertex -90.7609 238.103 8
    endloop
  endfacet
  facet normal -0 0 1
    outer loop
      vertex -90.9917 239.856 8
      vertex -90.8839 238.211 8
      vertex -90.8839 239.979 8
    endloop
  endfacet
  facet normal 0 0 1
    outer loop
      vertex -90.9917 239.856 8
      vertex -90.9917 238.334 8
      vertex -90.8839 238.211 8
    endloop
  endfacet
  facet normal -0 0 1
    outer loop
      vertex -91.0825 239.72 8
      vertex -90.9917 238.334 8
      vertex -90.9917 239.856 8
    endloop
  endfacet
  facet normal 0 0 1
    outer loop
      vertex -91.0825 239.72 8
      vertex -91.0825 238.47 8
      vertex -90.9917 238.334 8
    endloop
  endfacet
  facet normal -0 0 1
    outer loop
      vertex -91.1548 239.573 8
      vertex -91.0825 238.47 8
      vertex -91.0825 239.72 8
    endloop
  endfacet
  facet normal 0 0 1
    outer loop
      vertex -91.1548 239.573 8
      vertex -91.1548 238.617 8
      vertex -91.0825 238.47 8
    endloop
  endfacet
  facet normal -0 0 1
    outer loop
      vertex -91.2074 239.419 8
      vertex -91.1548 238.617 8
      vertex -91.1548 239.573 8
    endloop
  endfacet
  facet normal 0 0 1
    outer loop
      vertex -91.2074 239.419 8
      vertex -91.2074 238.771 8
      vertex -91.1548 238.617 8
    endloop
  endfacet
  facet normal -0 0 1
    outer loop
      vertex -91.2393 239.258 8
      vertex -91.2074 238.771 8
      vertex -91.2074 239.419 8
    endloop
  endfacet
  facet normal 0 0 1
    outer loop
      vertex -91.2393 239.258 8
      vertex -91.2393 238.932 8
      vertex -91.2074 238.771 8
    endloop
  endfacet
  facet normal 0 -0 1
    outer loop
      vertex -91.2393 238.932 8
      vertex -91.2393 239.258 8
      vertex -91.25 239.095 8
    endloop
  endfacet
  facet normal -0.946322 -0.323224 0
    outer loop
      vertex -88.7926 239.419 8
      vertex -88.8452 239.573 32
      vertex -88.8452 239.573 8
    endloop
  endfacet
  facet normal -0.946322 -0.323224 0
    outer loop
      vertex -88.8452 239.573 32
      vertex -88.7926 239.419 8
      vertex -88.7926 239.419 32
    endloop
  endfacet
  facet normal -0.997852 0.0655032 0
    outer loop
      vertex -88.7607 238.932 8
      vertex -88.75 239.095 32
      vertex -88.75 239.095 8
    endloop
  endfacet
  facet normal -0.997852 0.0655032 0
    outer loop
      vertex -88.75 239.095 32
      vertex -88.7607 238.932 8
      vertex -88.7607 238.932 32
    endloop
  endfacet
  facet normal 0.440835 -0.897588 0
    outer loop
      vertex -90.625 240.178 8
      vertex -90.4784 240.25 32
      vertex -90.625 240.178 32
    endloop
  endfacet
  facet normal 0.440835 -0.897588 0
    outer loop
      vertex -90.4784 240.25 32
      vertex -90.625 240.178 8
      vertex -90.4784 240.25 8
    endloop
  endfacet
  facet normal 0.897338 -0.441344 0
    outer loop
      vertex -91.1548 239.573 32
      vertex -91.0825 239.72 8
      vertex -91.0825 239.72 32
    endloop
  endfacet
  facet normal 0.897338 -0.441344 0
    outer loop
      vertex -91.0825 239.72 8
      vertex -91.1548 239.573 32
      vertex -91.1548 239.573 8
    endloop
  endfacet
  facet normal 0.752046 -0.65911 0
    outer loop
      vertex -90.9917 239.856 32
      vertex -90.8839 239.979 8
      vertex -90.8839 239.979 32
    endloop
  endfacet
  facet normal 0.752046 -0.65911 0
    outer loop
      vertex -90.8839 239.979 8
      vertex -90.9917 239.856 32
      vertex -90.9917 239.856 8
    endloop
  endfacet
  facet normal 0.946322 -0.323224 0
    outer loop
      vertex -91.2074 239.419 32
      vertex -91.1548 239.573 8
      vertex -91.1548 239.573 32
    endloop
  endfacet
  facet normal 0.946322 -0.323224 0
    outer loop
      vertex -91.1548 239.573 8
      vertex -91.2074 239.419 32
      vertex -91.2074 239.419 8
    endloop
  endfacet
  facet normal -0.318247 -0.948008 0
    outer loop
      vertex -89.6765 240.302 8
      vertex -89.5216 240.25 32
      vertex -89.6765 240.302 32
    endloop
  endfacet
  facet normal -0.318247 -0.948008 -0
    outer loop
      vertex -89.5216 240.25 32
      vertex -89.6765 240.302 8
      vertex -89.5216 240.25 8
    endloop
  endfacet
  facet normal 0.0672494 0.997736 -0
    outer loop
      vertex -90 237.845 8
      vertex -90.1632 237.856 32
      vertex -90 237.845 32
    endloop
  endfacet
  facet normal 0.0672494 0.997736 0
    outer loop
      vertex -90.1632 237.856 32
      vertex -90 237.845 8
      vertex -90.1632 237.856 8
    endloop
  endfacet
  facet normal -0.195763 0.980651 0
    outer loop
      vertex -89.6765 237.888 8
      vertex -89.8368 237.856 32
      vertex -89.6765 237.888 32
    endloop
  endfacet
  facet normal -0.195763 0.980651 0
    outer loop
      vertex -89.8368 237.856 32
      vertex -89.6765 237.888 8
      vertex -89.8368 237.856 8
    endloop
  endfacet
  facet normal -0.660104 0.751174 0
    outer loop
      vertex -89.1161 238.211 8
      vertex -89.239 238.103 32
      vertex -89.1161 238.211 32
    endloop
  endfacet
  facet normal -0.660104 0.751174 0
    outer loop
      vertex -89.239 238.103 32
      vertex -89.1161 238.211 8
      vertex -89.239 238.103 8
    endloop
  endfacet
  facet normal -0.897338 -0.441344 0
    outer loop
      vertex -88.8452 239.573 8
      vertex -88.9175 239.72 32
      vertex -88.9175 239.72 8
    endloop
  endfacet
  facet normal -0.897338 -0.441344 0
    outer loop
      vertex -88.9175 239.72 32
      vertex -88.8452 239.573 8
      vertex -88.8452 239.573 32
    endloop
  endfacet
  facet normal -0.55611 0.831109 0
    outer loop
      vertex -89.239 238.103 8
      vertex -89.375 238.012 32
      vertex -89.239 238.103 32
    endloop
  endfacet
  facet normal -0.55611 0.831109 0
    outer loop
      vertex -89.375 238.012 32
      vertex -89.239 238.103 8
      vertex -89.375 238.012 8
    endloop
  endfacet
  facet normal 0.980792 -0.195058 0
    outer loop
      vertex -91.2393 11.0681 32
      vertex -91.2074 11.2285 8
      vertex -91.2074 11.2285 32
    endloop
  endfacet
  facet normal 0.980792 -0.195058 0
    outer loop
      vertex -91.2074 11.2285 8
      vertex -91.2393 11.0681 32
      vertex -91.2393 11.0681 8
    endloop
  endfacet
  facet normal 0.997855 -0.0654632 0
    outer loop
      vertex -91.25 10.905 32
      vertex -91.2393 11.0681 8
      vertex -91.2393 11.0681 32
    endloop
  endfacet
  facet normal 0.997855 -0.0654632 0
    outer loop
      vertex -91.2393 11.0681 8
      vertex -91.25 10.905 32
      vertex -91.25 10.905 8
    endloop
  endfacet
  facet normal -0.321541 -0.946896 0
    outer loop
      vertex -89.6765 12.1124 8
      vertex -89.5216 12.0598 32
      vertex -89.6765 12.1124 32
    endloop
  endfacet
  facet normal -0.321541 -0.946896 -0
    outer loop
      vertex -89.5216 12.0598 32
      vertex -89.6765 12.1124 8
      vertex -89.5216 12.0598 8
    endloop
  endfacet
  facet normal -0.946896 0.321541 0
    outer loop
      vertex -88.8452 10.4266 8
      vertex -88.7926 10.5815 32
      vertex -88.7926 10.5815 8
    endloop
  endfacet
  facet normal -0.946896 0.321541 0
    outer loop
      vertex -88.7926 10.5815 32
      vertex -88.8452 10.4266 8
      vertex -88.8452 10.4266 32
    endloop
  endfacet
  facet normal 0.896861 0.442313 0
    outer loop
      vertex -91.0825 10.28 32
      vertex -91.1548 10.4266 8
      vertex -91.1548 10.4266 32
    endloop
  endfacet
  facet normal 0.896861 0.442313 0
    outer loop
      vertex -91.1548 10.4266 8
      vertex -91.0825 10.28 32
      vertex -91.0825 10.28 8
    endloop
  endfacet
  facet normal -0.980768 0.195175 0
    outer loop
      vertex -88.7926 10.5815 8
      vertex -88.7607 10.7418 32
      vertex -88.7607 10.7418 8
    endloop
  endfacet
  facet normal -0.980768 0.195175 0
    outer loop
      vertex -88.7607 10.7418 32
      vertex -88.7926 10.5815 8
      vertex -88.7926 10.5815 32
    endloop
  endfacet
  facet normal 0.831485 -0.555547 0
    outer loop
      vertex -91.0825 11.53 32
      vertex -90.9917 11.6659 8
      vertex -90.9917 11.6659 32
    endloop
  endfacet
  facet normal 0.831485 -0.555547 0
    outer loop
      vertex -90.9917 11.6659 8
      vertex -91.0825 11.53 32
      vertex -91.0825 11.53 8
    endloop
  endfacet
  facet normal 0 0 1
    outer loop
      vertex -88.7607 11.0681 8
      vertex -88.7607 10.7418 8
      vertex -88.75 10.905 8
    endloop
  endfacet
  facet normal 0 0 1
    outer loop
      vertex -88.7926 11.2285 8
      vertex -88.7607 10.7418 8
      vertex -88.7607 11.0681 8
    endloop
  endfacet
  facet normal 0 0 1
    outer loop
      vertex -88.7926 11.2285 8
      vertex -88.7926 10.5815 8
      vertex -88.7607 10.7418 8
    endloop
  endfacet
  facet normal 0 0 1
    outer loop
      vertex -88.8452 11.3833 8
      vertex -88.7926 10.5815 8
      vertex -88.7926 11.2285 8
    endloop
  endfacet
  facet normal 0 0 1
    outer loop
      vertex -88.8452 11.3833 8
      vertex -88.8452 10.4266 8
      vertex -88.7926 10.5815 8
    endloop
  endfacet
  facet normal 0 0 1
    outer loop
      vertex -88.9175 11.53 8
      vertex -88.8452 10.4266 8
      vertex -88.8452 11.3833 8
    endloop
  endfacet
  facet normal 0 0 1
    outer loop
      vertex -88.9175 11.53 8
      vertex -88.9175 10.28 8
      vertex -88.8452 10.4266 8
    endloop
  endfacet
  facet normal 0 0 1
    outer loop
      vertex -89.0083 11.6659 8
      vertex -88.9175 10.28 8
      vertex -88.9175 11.53 8
    endloop
  endfacet
  facet normal 0 0 1
    outer loop
      vertex -89.0083 11.6659 8
      vertex -89.0083 10.144 8
      vertex -88.9175 10.28 8
    endloop
  endfacet
  facet normal 0 0 1
    outer loop
      vertex -89.1161 11.7889 8
      vertex -89.0083 10.144 8
      vertex -89.0083 11.6659 8
    endloop
  endfacet
  facet normal 0 0 1
    outer loop
      vertex -89.1161 11.7889 8
      vertex -89.1161 10.0211 8
      vertex -89.0083 10.144 8
    endloop
  endfacet
  facet normal 0 0 1
    outer loop
      vertex -89.239 11.8967 8
      vertex -89.1161 10.0211 8
      vertex -89.1161 11.7889 8
    endloop
  endfacet
  facet normal 0 0 1
    outer loop
      vertex -89.239 11.8967 8
      vertex -89.239 9.91329 8
      vertex -89.1161 10.0211 8
    endloop
  endfacet
  facet normal 0 0 1
    outer loop
      vertex -89.375 11.9875 8
      vertex -89.239 9.91329 8
      vertex -89.239 11.8967 8
    endloop
  endfacet
  facet normal 0 0 1
    outer loop
      vertex -89.375 11.9875 8
      vertex -89.375 9.82245 8
      vertex -89.239 9.91329 8
    endloop
  endfacet
  facet normal 0 0 1
    outer loop
      vertex -89.5216 12.0598 8
      vertex -89.375 9.82245 8
      vertex -89.375 11.9875 8
    endloop
  endfacet
  facet normal 0 0 1
    outer loop
      vertex -89.5216 12.0598 8
      vertex -89.5216 9.75014 8
      vertex -89.375 9.82245 8
    endloop
  endfacet
  facet normal 0 0 1
    outer loop
      vertex -89.6765 12.1124 8
      vertex -89.5216 9.75014 8
      vertex -89.5216 12.0598 8
    endloop
  endfacet
  facet normal 0 0 1
    outer loop
      vertex -89.6765 12.1124 8
      vertex -89.6765 9.69758 8
      vertex -89.5216 9.75014 8
    endloop
  endfacet
  facet normal 0 0 1
    outer loop
      vertex -89.8368 12.1443 8
      vertex -89.6765 9.69758 8
      vertex -89.6765 12.1124 8
    endloop
  endfacet
  facet normal 0 0 1
    outer loop
      vertex -89.8368 12.1443 8
      vertex -89.8368 9.66568 8
      vertex -89.6765 9.69758 8
    endloop
  endfacet
  facet normal 0 0 1
    outer loop
      vertex -90 12.155 8
      vertex -89.8368 9.66568 8
      vertex -89.8368 12.1443 8
    endloop
  endfacet
  facet normal 0 0 1
    outer loop
      vertex -90 12.155 8
      vertex -90 9.65499 8
      vertex -89.8368 9.66568 8
    endloop
  endfacet
  facet normal -0 0 1
    outer loop
      vertex -90.1632 12.1443 8
      vertex -90 9.65499 8
      vertex -90 12.155 8
    endloop
  endfacet
  facet normal 0 0 1
    outer loop
      vertex -90.1632 12.1443 8
      vertex -90.1632 9.66568 8
      vertex -90 9.65499 8
    endloop
  endfacet
  facet normal -0 0 1
    outer loop
      vertex -90.3235 12.1124 8
      vertex -90.1632 9.66568 8
      vertex -90.1632 12.1443 8
    endloop
  endfacet
  facet normal 0 0 1
    outer loop
      vertex -90.3235 12.1124 8
      vertex -90.3235 9.69758 8
      vertex -90.1632 9.66568 8
    endloop
  endfacet
  facet normal -0 0 1
    outer loop
      vertex -90.4784 12.0598 8
      vertex -90.3235 9.69758 8
      vertex -90.3235 12.1124 8
    endloop
  endfacet
  facet normal 0 0 1
    outer loop
      vertex -90.4784 12.0598 8
      vertex -90.4784 9.75014 8
      vertex -90.3235 9.69758 8
    endloop
  endfacet
  facet normal -0 0 1
    outer loop
      vertex -90.625 11.9875 8
      vertex -90.4784 9.75014 8
      vertex -90.4784 12.0598 8
    endloop
  endfacet
  facet normal 0 0 1
    outer loop
      vertex -90.625 11.9875 8
      vertex -90.625 9.82245 8
      vertex -90.4784 9.75014 8
    endloop
  endfacet
  facet normal -0 0 1
    outer loop
      vertex -90.7609 11.8967 8
      vertex -90.625 9.82245 8
      vertex -90.625 11.9875 8
    endloop
  endfacet
  facet normal 0 0 1
    outer loop
      vertex -90.7609 11.8967 8
      vertex -90.7609 9.91329 8
      vertex -90.625 9.82245 8
    endloop
  endfacet
  facet normal -0 0 1
    outer loop
      vertex -90.8839 11.7889 8
      vertex -90.7609 9.91329 8
      vertex -90.7609 11.8967 8
    endloop
  endfacet
  facet normal 0 0 1
    outer loop
      vertex -90.8839 11.7889 8
      vertex -90.8839 10.0211 8
      vertex -90.7609 9.91329 8
    endloop
  endfacet
  facet normal -0 0 1
    outer loop
      vertex -90.9917 11.6659 8
      vertex -90.8839 10.0211 8
      vertex -90.8839 11.7889 8
    endloop
  endfacet
  facet normal 0 0 1
    outer loop
      vertex -90.9917 11.6659 8
      vertex -90.9917 10.144 8
      vertex -90.8839 10.0211 8
    endloop
  endfacet
  facet normal -0 0 1
    outer loop
      vertex -91.0825 11.53 8
      vertex -90.9917 10.144 8
      vertex -90.9917 11.6659 8
    endloop
  endfacet
  facet normal 0 0 1
    outer loop
      vertex -91.0825 11.53 8
      vertex -91.0825 10.28 8
      vertex -90.9917 10.144 8
    endloop
  endfacet
  facet normal -0 0 1
    outer loop
      vertex -91.1548 11.3833 8
      vertex -91.0825 10.28 8
      vertex -91.0825 11.53 8
    endloop
  endfacet
  facet normal 0 0 1
    outer loop
      vertex -91.1548 11.3833 8
      vertex -91.1548 10.4266 8
      vertex -91.0825 10.28 8
    endloop
  endfacet
  facet normal -0 0 1
    outer loop
      vertex -91.2074 11.2285 8
      vertex -91.1548 10.4266 8
      vertex -91.1548 11.3833 8
    endloop
  endfacet
  facet normal 0 0 1
    outer loop
      vertex -91.2074 11.2285 8
      vertex -91.2074 10.5815 8
      vertex -91.1548 10.4266 8
    endloop
  endfacet
  facet normal -0 0 1
    outer loop
      vertex -91.2393 11.0681 8
      vertex -91.2074 10.5815 8
      vertex -91.2074 11.2285 8
    endloop
  endfacet
  facet normal 0 0 1
    outer loop
      vertex -91.2393 11.0681 8
      vertex -91.2393 10.7418 8
      vertex -91.2074 10.5815 8
    endloop
  endfacet
  facet normal 0 -0 1
    outer loop
      vertex -91.2393 10.7418 8
      vertex -91.2393 11.0681 8
      vertex -91.25 10.905 8
    endloop
  endfacet
  facet normal 0.195175 -0.980768 0
    outer loop
      vertex -90.3235 12.1124 8
      vertex -90.1632 12.1443 32
      vertex -90.3235 12.1124 32
    endloop
  endfacet
  facet normal 0.195175 -0.980768 0
    outer loop
      vertex -90.1632 12.1443 32
      vertex -90.3235 12.1124 8
      vertex -90.1632 12.1443 8
    endloop
  endfacet
  facet normal 0.75178 0.659414 0
    outer loop
      vertex -90.8839 10.0211 32
      vertex -90.9917 10.144 8
      vertex -90.9917 10.144 32
    endloop
  endfacet
  facet normal 0.75178 0.659414 0
    outer loop
      vertex -90.9917 10.144 8
      vertex -90.8839 10.0211 32
      vertex -90.8839 10.0211 8
    endloop
  endfacet
  facet normal 0.946896 0.321541 0
    outer loop
      vertex -91.1548 10.4266 32
      vertex -91.2074 10.5815 8
      vertex -91.2074 10.5815 32
    endloop
  endfacet
  facet normal 0.946896 0.321541 0
    outer loop
      vertex -91.2074 10.5815 8
      vertex -91.1548 10.4266 32
      vertex -91.1548 10.4266 8
    endloop
  endfacet
  facet normal 0.321541 -0.946896 0
    outer loop
      vertex -90.4784 12.0598 8
      vertex -90.3235 12.1124 32
      vertex -90.4784 12.0598 32
    endloop
  endfacet
  facet normal 0.321541 -0.946896 0
    outer loop
      vertex -90.3235 12.1124 32
      vertex -90.4784 12.0598 8
      vertex -90.3235 12.1124 8
    endloop
  endfacet
  facet normal 0.555716 0.831372 -0
    outer loop
      vertex -90.625 9.82245 8
      vertex -90.7609 9.91329 32
      vertex -90.625 9.82245 32
    endloop
  endfacet
  facet normal 0.555716 0.831372 0
    outer loop
      vertex -90.7609 9.91329 32
      vertex -90.625 9.82245 8
      vertex -90.7609 9.91329 8
    endloop
  endfacet
  facet normal 0.555547 -0.831485 0
    outer loop
      vertex -90.7609 11.8967 8
      vertex -90.625 11.9875 32
      vertex -90.7609 11.8967 32
    endloop
  endfacet
  facet normal 0.555547 -0.831485 0
    outer loop
      vertex -90.625 11.9875 32
      vertex -90.7609 11.8967 8
      vertex -90.625 11.9875 8
    endloop
  endfacet
  facet normal -0.555265 -0.831674 0
    outer loop
      vertex -89.375 11.9875 8
      vertex -89.239 11.8967 32
      vertex -89.375 11.9875 32
    endloop
  endfacet
  facet normal -0.555265 -0.831674 -0
    outer loop
      vertex -89.239 11.8967 32
      vertex -89.375 11.9875 8
      vertex -89.239 11.8967 8
    endloop
  endfacet
  facet normal 0.442313 -0.896861 0
    outer loop
      vertex -90.625 11.9875 8
      vertex -90.4784 12.0598 32
      vertex -90.625 11.9875 32
    endloop
  endfacet
  facet normal 0.442313 -0.896861 0
    outer loop
      vertex -90.4784 12.0598 32
      vertex -90.625 11.9875 8
      vertex -90.4784 12.0598 8
    endloop
  endfacet
  facet normal -0.997855 -0.0654632 0
    outer loop
      vertex -88.75 10.905 8
      vertex -88.7607 11.0681 32
      vertex -88.7607 11.0681 8
    endloop
  endfacet
  facet normal -0.997855 -0.0654632 0
    outer loop
      vertex -88.7607 11.0681 32
      vertex -88.75 10.905 8
      vertex -88.75 10.905 32
    endloop
  endfacet
  facet normal 0.195175 0.980768 -0
    outer loop
      vertex -90.1632 9.66568 8
      vertex -90.3235 9.69758 32
      vertex -90.1632 9.66568 32
    endloop
  endfacet
  facet normal 0.195175 0.980768 0
    outer loop
      vertex -90.3235 9.69758 32
      vertex -90.1632 9.66568 8
      vertex -90.3235 9.69758 8
    endloop
  endfacet
  facet normal 0.831674 0.555265 0
    outer loop
      vertex -90.9917 10.144 32
      vertex -91.0825 10.28 8
      vertex -91.0825 10.28 32
    endloop
  endfacet
  facet normal 0.831674 0.555265 0
    outer loop
      vertex -91.0825 10.28 8
      vertex -90.9917 10.144 32
      vertex -90.9917 10.144 8
    endloop
  endfacet
  facet normal -0.442362 0.896837 0
    outer loop
      vertex -89.375 9.82245 8
      vertex -89.5216 9.75014 32
      vertex -89.375 9.82245 32
    endloop
  endfacet
  facet normal -0.442362 0.896837 0
    outer loop
      vertex -89.5216 9.75014 32
      vertex -89.375 9.82245 8
      vertex -89.5216 9.75014 8
    endloop
  endfacet
  facet normal -0.321322 0.94697 0
    outer loop
      vertex -89.5216 9.75014 8
      vertex -89.6765 9.69758 32
      vertex -89.5216 9.75014 32
    endloop
  endfacet
  facet normal -0.321322 0.94697 0
    outer loop
      vertex -89.6765 9.69758 32
      vertex -89.5216 9.75014 8
      vertex -89.6765 9.69758 8
    endloop
  endfacet
  facet normal 0.321322 0.94697 -0
    outer loop
      vertex -90.3235 9.69758 8
      vertex -90.4784 9.75014 32
      vertex -90.3235 9.69758 32
    endloop
  endfacet
  facet normal 0.321322 0.94697 0
    outer loop
      vertex -90.4784 9.75014 32
      vertex -90.3235 9.69758 8
      vertex -90.4784 9.75014 8
    endloop
  endfacet
  facet normal -0.831674 0.555265 0
    outer loop
      vertex -89.0083 10.144 8
      vertex -88.9175 10.28 32
      vertex -88.9175 10.28 8
    endloop
  endfacet
  facet normal -0.831674 0.555265 0
    outer loop
      vertex -88.9175 10.28 32
      vertex -89.0083 10.144 8
      vertex -89.0083 10.144 32
    endloop
  endfacet
  facet normal -0.442313 -0.896861 0
    outer loop
      vertex -89.5216 12.0598 8
      vertex -89.375 11.9875 32
      vertex -89.5216 12.0598 32
    endloop
  endfacet
  facet normal -0.442313 -0.896861 -0
    outer loop
      vertex -89.375 11.9875 32
      vertex -89.5216 12.0598 8
      vertex -89.375 11.9875 8
    endloop
  endfacet
  facet normal 0.997858 0.0654233 0
    outer loop
      vertex -91.2393 10.7418 32
      vertex -91.25 10.905 8
      vertex -91.25 10.905 32
    endloop
  endfacet
  facet normal 0.997858 0.0654233 0
    outer loop
      vertex -91.25 10.905 8
      vertex -91.2393 10.7418 32
      vertex -91.2393 10.7418 8
    endloop
  endfacet
  facet normal 0.980768 0.195175 0
    outer loop
      vertex -91.2074 10.5815 32
      vertex -91.2393 10.7418 8
      vertex -91.2393 10.7418 32
    endloop
  endfacet
  facet normal 0.980768 0.195175 0
    outer loop
      vertex -91.2393 10.7418 8
      vertex -91.2074 10.5815 32
      vertex -91.2074 10.5815 8
    endloop
  endfacet
  facet normal 0.0654233 -0.997858 0
    outer loop
      vertex -90.1632 12.1443 8
      vertex -90 12.155 32
      vertex -90.1632 12.1443 32
    endloop
  endfacet
  facet normal 0.0654233 -0.997858 0
    outer loop
      vertex -90 12.155 32
      vertex -90.1632 12.1443 8
      vertex -90 12.155 8
    endloop
  endfacet
  facet normal 0.752046 -0.65911 0
    outer loop
      vertex -90.9917 11.6659 32
      vertex -90.8839 11.7889 8
      vertex -90.8839 11.7889 32
    endloop
  endfacet
  facet normal 0.752046 -0.65911 0
    outer loop
      vertex -90.8839 11.7889 8
      vertex -90.9917 11.6659 32
      vertex -90.9917 11.6659 8
    endloop
  endfacet
  facet normal -0.752046 -0.65911 0
    outer loop
      vertex -89.0083 11.6659 8
      vertex -89.1161 11.7889 32
      vertex -89.1161 11.7889 8
    endloop
  endfacet
  facet normal -0.752046 -0.65911 0
    outer loop
      vertex -89.1161 11.7889 32
      vertex -89.0083 11.6659 8
      vertex -89.0083 11.6659 32
    endloop
  endfacet
  facet normal -0.195175 -0.980768 0
    outer loop
      vertex -89.8368 12.1443 8
      vertex -89.6765 12.1124 32
      vertex -89.8368 12.1443 32
    endloop
  endfacet
  facet normal -0.195175 -0.980768 -0
    outer loop
      vertex -89.6765 12.1124 32
      vertex -89.8368 12.1443 8
      vertex -89.6765 12.1124 8
    endloop
  endfacet
  facet normal 0.659145 0.752016 -0
    outer loop
      vertex -90.7609 9.91329 8
      vertex -90.8839 10.0211 32
      vertex -90.7609 9.91329 32
    endloop
  endfacet
  facet normal 0.659145 0.752016 0
    outer loop
      vertex -90.8839 10.0211 32
      vertex -90.7609 9.91329 8
      vertex -90.8839 10.0211 8
    endloop
  endfacet
  facet normal 0.442362 0.896837 -0
    outer loop
      vertex -90.4784 9.75014 8
      vertex -90.625 9.82245 32
      vertex -90.4784 9.75014 32
    endloop
  endfacet
  facet normal 0.442362 0.896837 0
    outer loop
      vertex -90.625 9.82245 32
      vertex -90.4784 9.75014 8
      vertex -90.625 9.82245 8
    endloop
  endfacet
  facet normal -0.555434 0.831561 0
    outer loop
      vertex -89.239 9.91329 8
      vertex -89.375 9.82245 32
      vertex -89.239 9.91329 32
    endloop
  endfacet
  facet normal -0.555434 0.831561 0
    outer loop
      vertex -89.375 9.82245 32
      vertex -89.239 9.91329 8
      vertex -89.375 9.82245 8
    endloop
  endfacet
  facet normal -0.896861 0.442313 0
    outer loop
      vertex -88.9175 10.28 8
      vertex -88.8452 10.4266 32
      vertex -88.8452 10.4266 8
    endloop
  endfacet
  facet normal -0.896861 0.442313 0
    outer loop
      vertex -88.8452 10.4266 32
      vertex -88.9175 10.28 8
      vertex -88.9175 10.28 32
    endloop
  endfacet
  facet normal 0.65911 -0.752046 0
    outer loop
      vertex -90.8839 11.7889 8
      vertex -90.7609 11.8967 32
      vertex -90.8839 11.7889 32
    endloop
  endfacet
  facet normal 0.65911 -0.752046 0
    outer loop
      vertex -90.7609 11.8967 32
      vertex -90.8839 11.7889 8
      vertex -90.7609 11.8967 8
    endloop
  endfacet
  facet normal 0.89698 -0.44207 0
    outer loop
      vertex -91.1548 11.3833 32
      vertex -91.0825 11.53 8
      vertex -91.0825 11.53 32
    endloop
  endfacet
  facet normal 0.89698 -0.44207 0
    outer loop
      vertex -91.0825 11.53 8
      vertex -91.1548 11.3833 32
      vertex -91.1548 11.3833 8
    endloop
  endfacet
  facet normal 0.0653624 0.997862 -0
    outer loop
      vertex -90 9.65499 8
      vertex -90.1632 9.66568 32
      vertex -90 9.65499 32
    endloop
  endfacet
  facet normal 0.0653624 0.997862 0
    outer loop
      vertex -90.1632 9.66568 32
      vertex -90 9.65499 8
      vertex -90.1632 9.66568 8
    endloop
  endfacet
  facet normal -0.980792 -0.195058 0
    outer loop
      vertex -88.7607 11.0681 8
      vertex -88.7926 11.2285 32
      vertex -88.7926 11.2285 8
    endloop
  endfacet
  facet normal -0.980792 -0.195058 0
    outer loop
      vertex -88.7926 11.2285 32
      vertex -88.7607 11.0681 8
      vertex -88.7607 11.0681 32
    endloop
  endfacet
  facet normal -0.946832 -0.321727 0
    outer loop
      vertex -88.7926 11.2285 8
      vertex -88.8452 11.3833 32
      vertex -88.8452 11.3833 8
    endloop
  endfacet
  facet normal -0.946832 -0.321727 0
    outer loop
      vertex -88.8452 11.3833 32
      vertex -88.7926 11.2285 8
      vertex -88.7926 11.2285 32
    endloop
  endfacet
  facet normal -0.831485 -0.555547 0
    outer loop
      vertex -88.9175 11.53 8
      vertex -89.0083 11.6659 32
      vertex -89.0083 11.6659 8
    endloop
  endfacet
  facet normal -0.831485 -0.555547 0
    outer loop
      vertex -89.0083 11.6659 32
      vertex -88.9175 11.53 8
      vertex -88.9175 11.53 32
    endloop
  endfacet
  facet normal -0.659414 -0.75178 0
    outer loop
      vertex -89.239 11.8967 8
      vertex -89.1161 11.7889 32
      vertex -89.239 11.8967 32
    endloop
  endfacet
  facet normal -0.659414 -0.75178 -0
    outer loop
      vertex -89.1161 11.7889 32
      vertex -89.239 11.8967 8
      vertex -89.1161 11.7889 8
    endloop
  endfacet
  facet normal 0.946832 -0.321727 0
    outer loop
      vertex -91.2074 11.2285 32
      vertex -91.1548 11.3833 8
      vertex -91.1548 11.3833 32
    endloop
  endfacet
  facet normal 0.946832 -0.321727 0
    outer loop
      vertex -91.1548 11.3833 8
      vertex -91.2074 11.2285 32
      vertex -91.2074 11.2285 8
    endloop
  endfacet
  facet normal -0.659448 0.75175 0
    outer loop
      vertex -89.1161 10.0211 8
      vertex -89.239 9.91329 32
      vertex -89.1161 10.0211 32
    endloop
  endfacet
  facet normal -0.659448 0.75175 0
    outer loop
      vertex -89.239 9.91329 32
      vertex -89.1161 10.0211 8
      vertex -89.239 9.91329 8
    endloop
  endfacet
  facet normal -0.75178 0.659414 0
    outer loop
      vertex -89.1161 10.0211 8
      vertex -89.0083 10.144 32
      vertex -89.0083 10.144 8
    endloop
  endfacet
  facet normal -0.75178 0.659414 0
    outer loop
      vertex -89.0083 10.144 32
      vertex -89.1161 10.0211 8
      vertex -89.1161 10.0211 32
    endloop
  endfacet
  facet normal -0.0654233 -0.997858 0
    outer loop
      vertex -90 12.155 8
      vertex -89.8368 12.1443 32
      vertex -90 12.155 32
    endloop
  endfacet
  facet normal -0.0654233 -0.997858 -0
    outer loop
      vertex -89.8368 12.1443 32
      vertex -90 12.155 8
      vertex -89.8368 12.1443 8
    endloop
  endfacet
  facet normal -0.997858 0.0654233 0
    outer loop
      vertex -88.7607 10.7418 8
      vertex -88.75 10.905 32
      vertex -88.75 10.905 8
    endloop
  endfacet
  facet normal -0.997858 0.0654233 0
    outer loop
      vertex -88.75 10.905 32
      vertex -88.7607 10.7418 8
      vertex -88.7607 10.7418 32
    endloop
  endfacet
  facet normal -0.195175 0.980768 0
    outer loop
      vertex -89.6765 9.69758 8
      vertex -89.8368 9.66568 32
      vertex -89.6765 9.69758 32
    endloop
  endfacet
  facet normal -0.195175 0.980768 0
    outer loop
      vertex -89.8368 9.66568 32
      vertex -89.6765 9.69758 8
      vertex -89.8368 9.66568 8
    endloop
  endfacet
  facet normal -0.0653624 0.997862 0
    outer loop
      vertex -89.8368 9.66568 8
      vertex -90 9.65499 32
      vertex -89.8368 9.66568 32
    endloop
  endfacet
  facet normal -0.0653624 0.997862 0
    outer loop
      vertex -90 9.65499 32
      vertex -89.8368 9.66568 8
      vertex -90 9.65499 8
    endloop
  endfacet
  facet normal -0.89698 -0.44207 0
    outer loop
      vertex -88.8452 11.3833 8
      vertex -88.9175 11.53 32
      vertex -88.9175 11.53 8
    endloop
  endfacet
  facet normal -0.89698 -0.44207 0
    outer loop
      vertex -88.9175 11.53 32
      vertex -88.8452 11.3833 8
      vertex -88.8452 11.3833 32
    endloop
  endfacet
  facet normal 0 -0.195334 0.980737
    outer loop
      vertex -177 150.583 2.55452
      vertex -166.5 150.378 2.51369
      vertex -166.5 150.583 2.55452
    endloop
  endfacet
  facet normal 0 -0.195334 0.980737
    outer loop
      vertex -166.5 150.378 2.51369
      vertex -177 150.583 2.55452
      vertex -177 150.378 2.51369
    endloop
  endfacet
  facet normal -0 0.555593 0.831454
    outer loop
      vertex -177 149.369 2.71436
      vertex -166.5 149.195 2.83063
      vertex -166.5 149.369 2.71436
    endloop
  endfacet
  facet normal 0 0.555593 0.831454
    outer loop
      vertex -166.5 149.195 2.83063
      vertex -177 149.369 2.71436
      vertex -177 149.195 2.83063
    endloop
  endfacet
  facet normal 0 0.746043 0.665898
    outer loop
      vertex -166.5 149.038 2.96863
      vertex -177 149.01 3
      vertex -166.5 149.01 3
    endloop
  endfacet
  facet normal 0 0.746043 0.665898
    outer loop
      vertex -177 149.01 3
      vertex -166.5 149.038 2.96863
      vertex -177 149.038 2.96863
    endloop
  endfacet
  facet normal -0 0.0656752 0.997841
    outer loop
      vertex -177 150.169 2.5
      vertex -166.5 149.961 2.51369
      vertex -166.5 150.169 2.5
    endloop
  endfacet
  facet normal 0 0.0656752 0.997841
    outer loop
      vertex -166.5 149.961 2.51369
      vertex -177 150.169 2.5
      vertex -177 149.961 2.51369
    endloop
  endfacet
  facet normal -0 0.194422 0.980918
    outer loop
      vertex -177 149.961 2.51369
      vertex -166.5 149.755 2.55452
      vertex -166.5 149.961 2.51369
    endloop
  endfacet
  facet normal 0 0.194422 0.980918
    outer loop
      vertex -166.5 149.755 2.55452
      vertex -177 149.961 2.51369
      vertex -177 149.755 2.55452
    endloop
  endfacet
  facet normal 0 -0.320238 0.947337
    outer loop
      vertex -177 150.782 2.62179
      vertex -166.5 150.583 2.55452
      vertex -166.5 150.782 2.62179
    endloop
  endfacet
  facet normal 0 -0.320238 0.947337
    outer loop
      vertex -166.5 150.583 2.55452
      vertex -177 150.782 2.62179
      vertex -177 150.583 2.55452
    endloop
  endfacet
  facet normal 0 -0.0653623 0.997862
    outer loop
      vertex -177 150.378 2.51369
      vertex -166.5 150.169 2.5
      vertex -166.5 150.378 2.51369
    endloop
  endfacet
  facet normal 0 -0.0653623 0.997862
    outer loop
      vertex -166.5 150.169 2.5
      vertex -177 150.378 2.51369
      vertex -177 150.169 2.5
    endloop
  endfacet
  facet normal 0 -0.657829 0.753167
    outer loop
      vertex -177 151.301 2.96863
      vertex -166.5 151.143 2.83063
      vertex -166.5 151.301 2.96863
    endloop
  endfacet
  facet normal 0 -0.657829 0.753167
    outer loop
      vertex -166.5 151.143 2.83063
      vertex -177 151.301 2.96863
      vertex -177 151.143 2.83063
    endloop
  endfacet
  facet normal 0 -0.555593 0.831454
    outer loop
      vertex -177 151.143 2.83063
      vertex -166.5 150.969 2.71436
      vertex -166.5 151.143 2.83063
    endloop
  endfacet
  facet normal 0 -0.555593 0.831454
    outer loop
      vertex -166.5 150.969 2.71436
      vertex -177 151.143 2.83063
      vertex -177 150.969 2.71436
    endloop
  endfacet
  facet normal -0 0.321688 0.946846
    outer loop
      vertex -177 149.755 2.55452
      vertex -166.5 149.557 2.62179
      vertex -166.5 149.755 2.55452
    endloop
  endfacet
  facet normal 0 0.321688 0.946846
    outer loop
      vertex -166.5 149.557 2.62179
      vertex -177 149.755 2.55452
      vertex -177 149.557 2.62179
    endloop
  endfacet
  facet normal 0 -0.757925 0.652342
    outer loop
      vertex -177 151.301 2.96863
      vertex -166.5 151.328 3
      vertex -177 151.328 3
    endloop
  endfacet
  facet normal 0 -0.757925 0.652342
    outer loop
      vertex -166.5 151.328 3
      vertex -177 151.301 2.96863
      vertex -166.5 151.301 2.96863
    endloop
  endfacet
  facet normal -0 0.441746 0.89714
    outer loop
      vertex -177 149.557 2.62179
      vertex -166.5 149.369 2.71436
      vertex -166.5 149.557 2.62179
    endloop
  endfacet
  facet normal 0 0.441746 0.89714
    outer loop
      vertex -166.5 149.369 2.71436
      vertex -177 149.557 2.62179
      vertex -177 149.369 2.71436
    endloop
  endfacet
  facet normal -1 0 0
    outer loop
      vertex -166.5 151.143 2.83063
      vertex -166.5 151.328 3
      vertex -166.5 151.301 2.96863
    endloop
  endfacet
  facet normal -1 0 0
    outer loop
      vertex -166.5 150.969 2.71436
      vertex -166.5 151.328 3
      vertex -166.5 151.143 2.83063
    endloop
  endfacet
  facet normal -1 0 0
    outer loop
      vertex -166.5 150.782 2.62179
      vertex -166.5 151.328 3
      vertex -166.5 150.969 2.71436
    endloop
  endfacet
  facet normal -1 0 0
    outer loop
      vertex -166.5 150.583 2.55452
      vertex -166.5 151.328 3
      vertex -166.5 150.782 2.62179
    endloop
  endfacet
  facet normal -1 0 0
    outer loop
      vertex -166.5 150.378 2.51369
      vertex -166.5 151.328 3
      vertex -166.5 150.583 2.55452
    endloop
  endfacet
  facet normal -1 0 0
    outer loop
      vertex -166.5 150.169 2.5
      vertex -166.5 151.328 3
      vertex -166.5 150.378 2.51369
    endloop
  endfacet
  facet normal -1 0 0
    outer loop
      vertex -166.5 149.961 2.51369
      vertex -166.5 151.328 3
      vertex -166.5 150.169 2.5
    endloop
  endfacet
  facet normal -1 0 0
    outer loop
      vertex -166.5 149.755 2.55452
      vertex -166.5 151.328 3
      vertex -166.5 149.961 2.51369
    endloop
  endfacet
  facet normal -1 0 0
    outer loop
      vertex -166.5 149.557 2.62179
      vertex -166.5 151.328 3
      vertex -166.5 149.755 2.55452
    endloop
  endfacet
  facet normal -1 0 0
    outer loop
      vertex -166.5 149.369 2.71436
      vertex -166.5 151.328 3
      vertex -166.5 149.557 2.62179
    endloop
  endfacet
  facet normal -1 0 0
    outer loop
      vertex -166.5 149.195 2.83063
      vertex -166.5 151.328 3
      vertex -166.5 149.369 2.71436
    endloop
  endfacet
  facet normal -1 0 0
    outer loop
      vertex -166.5 149.01 3
      vertex -166.5 149.195 2.83063
      vertex -166.5 149.038 2.96863
    endloop
  endfacet
  facet normal -1 0 0
    outer loop
      vertex -166.5 149.195 2.83063
      vertex -166.5 149.01 3
      vertex -166.5 151.328 3
    endloop
  endfacet
  facet normal -0 0.660196 0.751093
    outer loop
      vertex -177 149.195 2.83063
      vertex -166.5 149.038 2.96863
      vertex -166.5 149.195 2.83063
    endloop
  endfacet
  facet normal 0 0.660196 0.751093
    outer loop
      vertex -166.5 149.038 2.96863
      vertex -177 149.195 2.83063
      vertex -177 149.038 2.96863
    endloop
  endfacet
  facet normal 0 -0.443644 0.896203
    outer loop
      vertex -177 150.969 2.71436
      vertex -166.5 150.782 2.62179
      vertex -166.5 150.969 2.71436
    endloop
  endfacet
  facet normal 0 -0.443644 0.896203
    outer loop
      vertex -166.5 150.782 2.62179
      vertex -177 150.969 2.71436
      vertex -177 150.782 2.62179
    endloop
  endfacet
  facet normal -0 0.443644 0.896203
    outer loop
      vertex -177 143.037 2.62179
      vertex -166.5 142.85 2.71436
      vertex -166.5 143.037 2.62179
    endloop
  endfacet
  facet normal 0 0.443644 0.896203
    outer loop
      vertex -166.5 142.85 2.71436
      vertex -177 143.037 2.62179
      vertex -177 142.85 2.71436
    endloop
  endfacet
  facet normal 0 -0.441746 0.89714
    outer loop
      vertex -177 144.45 2.71436
      vertex -166.5 144.262 2.62179
      vertex -166.5 144.45 2.71436
    endloop
  endfacet
  facet normal 0 -0.441746 0.89714
    outer loop
      vertex -166.5 144.262 2.62179
      vertex -177 144.45 2.71436
      vertex -177 144.262 2.62179
    endloop
  endfacet
  facet normal -0 0.0653623 0.997862
    outer loop
      vertex -177 143.65 2.5
      vertex -166.5 143.441 2.51369
      vertex -166.5 143.65 2.5
    endloop
  endfacet
  facet normal 0 0.0653623 0.997862
    outer loop
      vertex -166.5 143.441 2.51369
      vertex -177 143.65 2.5
      vertex -177 143.441 2.51369
    endloop
  endfacet
  facet normal 0 -0.321688 0.946846
    outer loop
      vertex -177 144.262 2.62179
      vertex -166.5 144.064 2.55452
      vertex -166.5 144.262 2.62179
    endloop
  endfacet
  facet normal 0 -0.321688 0.946846
    outer loop
      vertex -166.5 144.064 2.55452
      vertex -177 144.262 2.62179
      vertex -177 144.064 2.55452
    endloop
  endfacet
  facet normal 0 -0.0653623 0.997862
    outer loop
      vertex -177 143.859 2.51369
      vertex -166.5 143.65 2.5
      vertex -166.5 143.859 2.51369
    endloop
  endfacet
  facet normal 0 -0.0653623 0.997862
    outer loop
      vertex -166.5 143.65 2.5
      vertex -177 143.859 2.51369
      vertex -177 143.65 2.5
    endloop
  endfacet
  facet normal -1 0 0
    outer loop
      vertex -166.5 144.624 2.83063
      vertex -166.5 144.809 3
      vertex -166.5 144.781 2.96863
    endloop
  endfacet
  facet normal -1 0 0
    outer loop
      vertex -166.5 144.45 2.71436
      vertex -166.5 144.809 3
      vertex -166.5 144.624 2.83063
    endloop
  endfacet
  facet normal -1 0 0
    outer loop
      vertex -166.5 144.262 2.62179
      vertex -166.5 144.809 3
      vertex -166.5 144.45 2.71436
    endloop
  endfacet
  facet normal -1 0 0
    outer loop
      vertex -166.5 144.064 2.55452
      vertex -166.5 144.809 3
      vertex -166.5 144.262 2.62179
    endloop
  endfacet
  facet normal -1 0 0
    outer loop
      vertex -166.5 143.859 2.51369
      vertex -166.5 144.809 3
      vertex -166.5 144.064 2.55452
    endloop
  endfacet
  facet normal -1 0 0
    outer loop
      vertex -166.5 143.65 2.5
      vertex -166.5 144.809 3
      vertex -166.5 143.859 2.51369
    endloop
  endfacet
  facet normal -1 0 0
    outer loop
      vertex -166.5 143.441 2.51369
      vertex -166.5 144.809 3
      vertex -166.5 143.65 2.5
    endloop
  endfacet
  facet normal -1 0 0
    outer loop
      vertex -166.5 143.236 2.55452
      vertex -166.5 144.809 3
      vertex -166.5 143.441 2.51369
    endloop
  endfacet
  facet normal -1 0 0
    outer loop
      vertex -166.5 143.037 2.62179
      vertex -166.5 144.809 3
      vertex -166.5 143.236 2.55452
    endloop
  endfacet
  facet normal -1 0 0
    outer loop
      vertex -166.5 142.85 2.71436
      vertex -166.5 144.809 3
      vertex -166.5 143.037 2.62179
    endloop
  endfacet
  facet normal -1 0 0
    outer loop
      vertex -166.5 142.676 2.83063
      vertex -166.5 144.809 3
      vertex -166.5 142.85 2.71436
    endloop
  endfacet
  facet normal -1 0 0
    outer loop
      vertex -166.5 142.491 3
      vertex -166.5 142.676 2.83063
      vertex -166.5 142.518 2.96863
    endloop
  endfacet
  facet normal -1 0 0
    outer loop
      vertex -166.5 142.676 2.83063
      vertex -166.5 142.491 3
      vertex -166.5 144.809 3
    endloop
  endfacet
  facet normal 0 -0.195334 0.980737
    outer loop
      vertex -177 144.064 2.55452
      vertex -166.5 143.859 2.51369
      vertex -166.5 144.064 2.55452
    endloop
  endfacet
  facet normal 0 -0.195334 0.980737
    outer loop
      vertex -166.5 143.859 2.51369
      vertex -177 144.064 2.55452
      vertex -177 143.859 2.51369
    endloop
  endfacet
  facet normal 0 -0.746043 0.665898
    outer loop
      vertex -177 144.781 2.96863
      vertex -166.5 144.809 3
      vertex -177 144.809 3
    endloop
  endfacet
  facet normal 0 -0.746043 0.665898
    outer loop
      vertex -166.5 144.809 3
      vertex -177 144.781 2.96863
      vertex -166.5 144.781 2.96863
    endloop
  endfacet
  facet normal -0 0.555593 0.831454
    outer loop
      vertex -177 142.85 2.71436
      vertex -166.5 142.676 2.83063
      vertex -166.5 142.85 2.71436
    endloop
  endfacet
  facet normal 0 0.555593 0.831454
    outer loop
      vertex -166.5 142.676 2.83063
      vertex -177 142.85 2.71436
      vertex -177 142.676 2.83063
    endloop
  endfacet
  facet normal -0 0.657829 0.753167
    outer loop
      vertex -177 142.676 2.83063
      vertex -166.5 142.518 2.96863
      vertex -166.5 142.676 2.83063
    endloop
  endfacet
  facet normal 0 0.657829 0.753167
    outer loop
      vertex -166.5 142.518 2.96863
      vertex -177 142.676 2.83063
      vertex -177 142.518 2.96863
    endloop
  endfacet
  facet normal 0 0.757925 0.652342
    outer loop
      vertex -166.5 142.518 2.96863
      vertex -177 142.491 3
      vertex -166.5 142.491 3
    endloop
  endfacet
  facet normal 0 0.757925 0.652342
    outer loop
      vertex -177 142.491 3
      vertex -166.5 142.518 2.96863
      vertex -177 142.518 2.96863
    endloop
  endfacet
  facet normal 0 -0.555593 0.831454
    outer loop
      vertex -177 144.624 2.83063
      vertex -166.5 144.45 2.71436
      vertex -166.5 144.624 2.83063
    endloop
  endfacet
  facet normal 0 -0.555593 0.831454
    outer loop
      vertex -166.5 144.45 2.71436
      vertex -177 144.624 2.83063
      vertex -177 144.45 2.71436
    endloop
  endfacet
  facet normal -0 0.320238 0.947337
    outer loop
      vertex -177 143.236 2.55452
      vertex -166.5 143.037 2.62179
      vertex -166.5 143.236 2.55452
    endloop
  endfacet
  facet normal 0 0.320238 0.947337
    outer loop
      vertex -166.5 143.037 2.62179
      vertex -177 143.236 2.55452
      vertex -177 143.037 2.62179
    endloop
  endfacet
  facet normal -0 0.195334 0.980737
    outer loop
      vertex -177 143.441 2.51369
      vertex -166.5 143.236 2.55452
      vertex -166.5 143.441 2.51369
    endloop
  endfacet
  facet normal 0 0.195334 0.980737
    outer loop
      vertex -166.5 143.236 2.55452
      vertex -177 143.441 2.51369
      vertex -177 143.236 2.55452
    endloop
  endfacet
  facet normal 0 -0.660196 0.751093
    outer loop
      vertex -177 144.781 2.96863
      vertex -166.5 144.624 2.83063
      vertex -166.5 144.781 2.96863
    endloop
  endfacet
  facet normal 0 -0.660196 0.751093
    outer loop
      vertex -166.5 144.624 2.83063
      vertex -177 144.781 2.96863
      vertex -177 144.624 2.83063
    endloop
  endfacet
  facet normal 0 -0.441746 0.89714
    outer loop
      vertex -177 137.93 2.71436
      vertex -166.5 137.742 2.62179
      vertex -166.5 137.93 2.71436
    endloop
  endfacet
  facet normal 0 -0.441746 0.89714
    outer loop
      vertex -166.5 137.742 2.62179
      vertex -177 137.93 2.71436
      vertex -177 137.742 2.62179
    endloop
  endfacet
  facet normal -0 0.660196 0.751093
    outer loop
      vertex -177 136.156 2.83063
      vertex -166.5 135.999 2.96863
      vertex -166.5 136.156 2.83063
    endloop
  endfacet
  facet normal 0 0.660196 0.751093
    outer loop
      vertex -166.5 135.999 2.96863
      vertex -177 136.156 2.83063
      vertex -177 135.999 2.96863
    endloop
  endfacet
  facet normal 0 -0.321688 0.946846
    outer loop
      vertex -177 137.742 2.62179
      vertex -166.5 137.544 2.55452
      vertex -166.5 137.742 2.62179
    endloop
  endfacet
  facet normal 0 -0.321688 0.946846
    outer loop
      vertex -166.5 137.544 2.55452
      vertex -177 137.742 2.62179
      vertex -177 137.544 2.55452
    endloop
  endfacet
  facet normal -0 0.195334 0.980737
    outer loop
      vertex -177 136.921 2.51369
      vertex -166.5 136.716 2.55452
      vertex -166.5 136.921 2.51369
    endloop
  endfacet
  facet normal 0 0.195334 0.980737
    outer loop
      vertex -166.5 136.716 2.55452
      vertex -177 136.921 2.51369
      vertex -177 136.716 2.55452
    endloop
  endfacet
  facet normal 0 -0.0653623 0.997862
    outer loop
      vertex -177 137.339 2.51369
      vertex -166.5 137.13 2.5
      vertex -166.5 137.339 2.51369
    endloop
  endfacet
  facet normal 0 -0.0653623 0.997862
    outer loop
      vertex -166.5 137.13 2.5
      vertex -177 137.339 2.51369
      vertex -177 137.13 2.5
    endloop
  endfacet
  facet normal 0 -0.746043 0.665898
    outer loop
      vertex -177 138.261 2.96863
      vertex -166.5 138.289 3
      vertex -177 138.289 3
    endloop
  endfacet
  facet normal 0 -0.746043 0.665898
    outer loop
      vertex -166.5 138.289 3
      vertex -177 138.261 2.96863
      vertex -166.5 138.261 2.96863
    endloop
  endfacet
  facet normal 0 0.746043 0.665898
    outer loop
      vertex -166.5 135.999 2.96863
      vertex -177 135.971 3
      vertex -166.5 135.971 3
    endloop
  endfacet
  facet normal 0 0.746043 0.665898
    outer loop
      vertex -177 135.971 3
      vertex -166.5 135.999 2.96863
      vertex -177 135.999 2.96863
    endloop
  endfacet
  facet normal 0 -0.195334 0.980737
    outer loop
      vertex -177 137.544 2.55452
      vertex -166.5 137.339 2.51369
      vertex -166.5 137.544 2.55452
    endloop
  endfacet
  facet normal 0 -0.195334 0.980737
    outer loop
      vertex -166.5 137.339 2.51369
      vertex -177 137.544 2.55452
      vertex -177 137.339 2.51369
    endloop
  endfacet
  facet normal -0 0.441746 0.89714
    outer loop
      vertex -177 136.518 2.62179
      vertex -166.5 136.33 2.71436
      vertex -166.5 136.518 2.62179
    endloop
  endfacet
  facet normal 0 0.441746 0.89714
    outer loop
      vertex -166.5 136.33 2.71436
      vertex -177 136.518 2.62179
      vertex -177 136.33 2.71436
    endloop
  endfacet
  facet normal 0 -0.555593 0.831454
    outer loop
      vertex -177 138.104 2.83063
      vertex -166.5 137.93 2.71436
      vertex -166.5 138.104 2.83063
    endloop
  endfacet
  facet normal 0 -0.555593 0.831454
    outer loop
      vertex -166.5 137.93 2.71436
      vertex -177 138.104 2.83063
      vertex -177 137.93 2.71436
    endloop
  endfacet
  facet normal -0 0.321688 0.946846
    outer loop
      vertex -177 136.716 2.55452
      vertex -166.5 136.518 2.62179
      vertex -166.5 136.716 2.55452
    endloop
  endfacet
  facet normal 0 0.321688 0.946846
    outer loop
      vertex -166.5 136.518 2.62179
      vertex -177 136.716 2.55452
      vertex -177 136.518 2.62179
    endloop
  endfacet
  facet normal -0 0.0653623 0.997862
    outer loop
      vertex -177 137.13 2.5
      vertex -166.5 136.921 2.51369
      vertex -166.5 137.13 2.5
    endloop
  endfacet
  facet normal 0 0.0653623 0.997862
    outer loop
      vertex -166.5 136.921 2.51369
      vertex -177 137.13 2.5
      vertex -177 136.921 2.51369
    endloop
  endfacet
  facet normal -0 0.555593 0.831454
    outer loop
      vertex -177 136.33 2.71436
      vertex -166.5 136.156 2.83063
      vertex -166.5 136.33 2.71436
    endloop
  endfacet
  facet normal 0 0.555593 0.831454
    outer loop
      vertex -166.5 136.156 2.83063
      vertex -177 136.33 2.71436
      vertex -177 136.156 2.83063
    endloop
  endfacet
  facet normal -1 0 0
    outer loop
      vertex -166.5 138.104 2.83063
      vertex -166.5 138.289 3
      vertex -166.5 138.261 2.96863
    endloop
  endfacet
  facet normal -1 0 0
    outer loop
      vertex -166.5 137.93 2.71436
      vertex -166.5 138.289 3
      vertex -166.5 138.104 2.83063
    endloop
  endfacet
  facet normal -1 0 0
    outer loop
      vertex -166.5 137.742 2.62179
      vertex -166.5 138.289 3
      vertex -166.5 137.93 2.71436
    endloop
  endfacet
  facet normal -1 0 0
    outer loop
      vertex -166.5 137.544 2.55452
      vertex -166.5 138.289 3
      vertex -166.5 137.742 2.62179
    endloop
  endfacet
  facet normal -1 0 0
    outer loop
      vertex -166.5 137.339 2.51369
      vertex -166.5 138.289 3
      vertex -166.5 137.544 2.55452
    endloop
  endfacet
  facet normal -1 0 0
    outer loop
      vertex -166.5 137.13 2.5
      vertex -166.5 138.289 3
      vertex -166.5 137.339 2.51369
    endloop
  endfacet
  facet normal -1 0 0
    outer loop
      vertex -166.5 136.921 2.51369
      vertex -166.5 138.289 3
      vertex -166.5 137.13 2.5
    endloop
  endfacet
  facet normal -1 0 0
    outer loop
      vertex -166.5 136.716 2.55452
      vertex -166.5 138.289 3
      vertex -166.5 136.921 2.51369
    endloop
  endfacet
  facet normal -1 0 0
    outer loop
      vertex -166.5 136.518 2.62179
      vertex -166.5 138.289 3
      vertex -166.5 136.716 2.55452
    endloop
  endfacet
  facet normal -1 0 0
    outer loop
      vertex -166.5 136.33 2.71436
      vertex -166.5 138.289 3
      vertex -166.5 136.518 2.62179
    endloop
  endfacet
  facet normal -1 0 0
    outer loop
      vertex -166.5 136.156 2.83063
      vertex -166.5 138.289 3
      vertex -166.5 136.33 2.71436
    endloop
  endfacet
  facet normal -1 0 0
    outer loop
      vertex -166.5 135.971 3
      vertex -166.5 136.156 2.83063
      vertex -166.5 135.999 2.96863
    endloop
  endfacet
  facet normal -1 0 0
    outer loop
      vertex -166.5 136.156 2.83063
      vertex -166.5 135.971 3
      vertex -166.5 138.289 3
    endloop
  endfacet
  facet normal 0 -0.660196 0.751093
    outer loop
      vertex -177 138.261 2.96863
      vertex -166.5 138.104 2.83063
      vertex -166.5 138.261 2.96863
    endloop
  endfacet
  facet normal 0 -0.660196 0.751093
    outer loop
      vertex -166.5 138.104 2.83063
      vertex -177 138.261 2.96863
      vertex -177 138.104 2.83063
    endloop
  endfacet
  facet normal 0 0.710616 -0.70358
    outer loop
      vertex -19 20.81 0
      vertex -160 21.81 1.01
      vertex -20 21.81 1.01
    endloop
  endfacet
  facet normal 0 0.710616 -0.70358
    outer loop
      vertex -160 21.81 1.01
      vertex -19 20.81 0
      vertex -161 20.81 0
    endloop
  endfacet
  facet normal -0.710616 0 -0.70358
    outer loop
      vertex -19 229.19 0
      vertex -20 21.81 1.01
      vertex -20 228.19 1.01
    endloop
  endfacet
  facet normal -0.710616 0 -0.70358
    outer loop
      vertex -20 21.81 1.01
      vertex -19 229.19 0
      vertex -19 20.81 0
    endloop
  endfacet
  facet normal 0.710616 0 -0.70358
    outer loop
      vertex -160 21.81 1.01
      vertex -161 229.19 0
      vertex -160 228.19 1.01
    endloop
  endfacet
  facet normal 0.710616 0 -0.70358
    outer loop
      vertex -161 229.19 0
      vertex -160 21.81 1.01
      vertex -161 20.81 0
    endloop
  endfacet
  facet normal 0 -0.710616 -0.70358
    outer loop
      vertex -161 229.19 0
      vertex -20 228.19 1.01
      vertex -160 228.19 1.01
    endloop
  endfacet
  facet normal 0 -0.710616 -0.70358
    outer loop
      vertex -20 228.19 1.01
      vertex -161 229.19 0
      vertex -19 229.19 0
    endloop
  endfacet
  facet normal 0.947032 0 -0.321139
    outer loop
      vertex -174.984 247 11.3394
      vertex -175.131 250 10.9059
      vertex -174.984 250 11.3394
    endloop
  endfacet
  facet normal 0.947032 0 -0.321139
    outer loop
      vertex -175.131 250 10.9059
      vertex -174.984 247 11.3394
      vertex -175.131 247 10.9059
    endloop
  endfacet
  facet normal 0.99785 0 -0.0655331
    outer loop
      vertex -175.22 247 10.4568
      vertex -175.25 250 10
      vertex -175.22 250 10.4568
    endloop
  endfacet
  facet normal 0.99785 0 -0.0655331
    outer loop
      vertex -175.25 250 10
      vertex -175.22 247 10.4568
      vertex -175.25 247 10
    endloop
  endfacet
  facet normal 0.195066 0 -0.98079
    outer loop
      vertex -172.656 247 13.3807
      vertex -172.207 250 13.47
      vertex -172.207 247 13.47
    endloop
  endfacet
  facet normal 0.195066 0 -0.98079
    outer loop
      vertex -172.207 250 13.47
      vertex -172.656 247 13.3807
      vertex -172.656 250 13.3807
    endloop
  endfacet
  facet normal 0.980924 0 -0.194394
    outer loop
      vertex -175.131 247 10.9059
      vertex -175.22 250 10.4568
      vertex -175.131 250 10.9059
    endloop
  endfacet
  facet normal 0.980924 0 -0.194394
    outer loop
      vertex -175.22 250 10.4568
      vertex -175.131 247 10.9059
      vertex -175.22 247 10.4568
    endloop
  endfacet
  facet normal -0.44195 0 0.89704
    outer loop
      vertex -170.411 250 6.76643
      vertex -170 247 6.96892
      vertex -170 250 6.96892
    endloop
  endfacet
  facet normal -0.44195 0 0.89704
    outer loop
      vertex -170 247 6.96892
      vertex -170.411 250 6.76643
      vertex -170.411 247 6.76643
    endloop
  endfacet
  facet normal 0.555229 0 0.831697
    outer loop
      vertex -173.881 250 7.22327
      vertex -173.5 247 6.96892
      vertex -173.5 250 6.96892
    endloop
  endfacet
  facet normal 0.555229 0 0.831697
    outer loop
      vertex -173.5 247 6.96892
      vertex -173.881 250 7.22327
      vertex -173.881 247 7.22327
    endloop
  endfacet
  facet normal 0.659494 0 -0.75171
    outer loop
      vertex -174.225 247 12.4749
      vertex -173.881 250 12.7767
      vertex -173.881 247 12.7767
    endloop
  endfacet
  facet normal 0.659494 0 -0.75171
    outer loop
      vertex -173.881 250 12.7767
      vertex -174.225 247 12.4749
      vertex -174.225 250 12.4749
    endloop
  endfacet
  facet normal 0.195087 0 0.980786
    outer loop
      vertex -172.656 250 6.61926
      vertex -172.207 247 6.52995
      vertex -172.207 250 6.52995
    endloop
  endfacet
  facet normal 0.195087 0 0.980786
    outer loop
      vertex -172.207 247 6.52995
      vertex -172.656 250 6.61926
      vertex -172.656 247 6.61926
    endloop
  endfacet
  facet normal -0.659568 0 0.751645
    outer loop
      vertex -169.619 250 7.22327
      vertex -169.275 247 7.52513
      vertex -169.275 250 7.52513
    endloop
  endfacet
  facet normal -0.659568 0 0.751645
    outer loop
      vertex -169.275 247 7.52513
      vertex -169.619 250 7.22327
      vertex -169.619 247 7.22327
    endloop
  endfacet
  facet normal -0.555305 0 -0.831647
    outer loop
      vertex -170 247 13.0311
      vertex -169.619 250 12.7767
      vertex -169.619 247 12.7767
    endloop
  endfacet
  facet normal -0.555305 0 -0.831647
    outer loop
      vertex -169.619 250 12.7767
      vertex -170 247 13.0311
      vertex -170 250 13.0311
    endloop
  endfacet
  facet normal 0.44195 0 0.89704
    outer loop
      vertex -173.5 250 6.96892
      vertex -173.089 247 6.76643
      vertex -173.089 250 6.76643
    endloop
  endfacet
  facet normal 0.44195 0 0.89704
    outer loop
      vertex -173.089 247 6.76643
      vertex -173.5 250 6.96892
      vertex -173.5 247 6.96892
    endloop
  endfacet
  facet normal -0.321805 0 0.946806
    outer loop
      vertex -170.844 250 6.61926
      vertex -170.411 247 6.76643
      vertex -170.411 250 6.76643
    endloop
  endfacet
  facet normal -0.321805 0 0.946806
    outer loop
      vertex -170.411 247 6.76643
      vertex -170.844 250 6.61926
      vertex -170.844 247 6.61926
    endloop
  endfacet
  facet normal -0.707088 0 0.707125
    outer loop
      vertex -169.275 247 7.52513
      vertex -166.8 250 10
      vertex -169.275 250 7.52513
    endloop
  endfacet
  facet normal -0.707088 0 0.707125
    outer loop
      vertex -166.8 250 10
      vertex -169.275 247 7.52513
      vertex -166.8 247 10
    endloop
  endfacet
  facet normal 0.0655045 0 -0.997852
    outer loop
      vertex -172.207 247 13.47
      vertex -171.75 250 13.5
      vertex -171.75 247 13.5
    endloop
  endfacet
  facet normal 0.0655045 0 -0.997852
    outer loop
      vertex -171.75 250 13.5
      vertex -172.207 247 13.47
      vertex -172.207 250 13.47
    endloop
  endfacet
  facet normal 0.947041 -0 0.321112
    outer loop
      vertex -175.131 247 9.09415
      vertex -174.984 250 8.66061
      vertex -175.131 250 9.09415
    endloop
  endfacet
  facet normal 0.947041 0 0.321112
    outer loop
      vertex -174.984 250 8.66061
      vertex -175.131 247 9.09415
      vertex -174.984 247 8.66061
    endloop
  endfacet
  facet normal 0.321805 0 0.946806
    outer loop
      vertex -173.089 250 6.76643
      vertex -172.656 247 6.61926
      vertex -172.656 250 6.61926
    endloop
  endfacet
  facet normal 0.321805 0 0.946806
    outer loop
      vertex -172.656 247 6.61926
      vertex -173.089 250 6.76643
      vertex -173.089 247 6.76643
    endloop
  endfacet
  facet normal -0.555229 0 0.831697
    outer loop
      vertex -170 250 6.96892
      vertex -169.619 247 7.22327
      vertex -169.619 250 7.22327
    endloop
  endfacet
  facet normal -0.555229 0 0.831697
    outer loop
      vertex -169.619 247 7.22327
      vertex -170 250 6.96892
      vertex -170 247 6.96892
    endloop
  endfacet
  facet normal -0.441968 0 -0.897031
    outer loop
      vertex -170.411 247 13.2336
      vertex -170 250 13.0311
      vertex -170 247 13.0311
    endloop
  endfacet
  facet normal -0.441968 0 -0.897031
    outer loop
      vertex -170 250 13.0311
      vertex -170.411 247 13.2336
      vertex -170.411 250 13.2336
    endloop
  endfacet
  facet normal -0.195087 0 0.980786
    outer loop
      vertex -171.293 250 6.52995
      vertex -170.844 247 6.61926
      vertex -170.844 250 6.61926
    endloop
  endfacet
  facet normal -0.195087 0 0.980786
    outer loop
      vertex -170.844 247 6.61926
      vertex -171.293 250 6.52995
      vertex -171.293 247 6.52995
    endloop
  endfacet
  facet normal -0.659494 0 -0.75171
    outer loop
      vertex -169.619 247 12.7767
      vertex -169.275 250 12.4749
      vertex -169.275 247 12.4749
    endloop
  endfacet
  facet normal -0.659494 0 -0.75171
    outer loop
      vertex -169.275 250 12.4749
      vertex -169.619 247 12.7767
      vertex -169.619 250 12.7767
    endloop
  endfacet
  facet normal -0.707092 0 -0.707121
    outer loop
      vertex -166.8 247 10
      vertex -169.275 250 12.4749
      vertex -166.8 250 10
    endloop
  endfacet
  facet normal -0.707092 -0 -0.707121
    outer loop
      vertex -169.275 250 12.4749
      vertex -166.8 247 10
      vertex -169.275 247 12.4749
    endloop
  endfacet
  facet normal 0.831822 -0 0.555043
    outer loop
      vertex -174.781 247 8.25
      vertex -174.527 250 7.86934
      vertex -174.781 250 8.25
    endloop
  endfacet
  facet normal 0.831822 0 0.555043
    outer loop
      vertex -174.527 250 7.86934
      vertex -174.781 247 8.25
      vertex -174.527 247 7.86934
    endloop
  endfacet
  facet normal 0.751693 -0 0.659514
    outer loop
      vertex -174.527 247 7.86934
      vertex -174.225 250 7.52513
      vertex -174.527 250 7.86934
    endloop
  endfacet
  facet normal 0.751693 0 0.659514
    outer loop
      vertex -174.225 250 7.52513
      vertex -174.527 247 7.86934
      vertex -174.225 247 7.52513
    endloop
  endfacet
  facet normal 0.751683 0 -0.659524
    outer loop
      vertex -174.225 247 12.4749
      vertex -174.527 250 12.1307
      vertex -174.225 250 12.4749
    endloop
  endfacet
  facet normal 0.751683 0 -0.659524
    outer loop
      vertex -174.527 250 12.1307
      vertex -174.225 247 12.4749
      vertex -174.527 247 12.1307
    endloop
  endfacet
  facet normal 0.980917 -0 0.194427
    outer loop
      vertex -175.22 247 9.54317
      vertex -175.131 250 9.09415
      vertex -175.22 250 9.54317
    endloop
  endfacet
  facet normal 0.980917 0 0.194427
    outer loop
      vertex -175.131 250 9.09415
      vertex -175.22 247 9.54317
      vertex -175.131 247 9.09415
    endloop
  endfacet
  facet normal 0.896427 0 -0.443192
    outer loop
      vertex -174.781 247 11.75
      vertex -174.984 250 11.3394
      vertex -174.781 250 11.75
    endloop
  endfacet
  facet normal 0.896427 0 -0.443192
    outer loop
      vertex -174.984 250 11.3394
      vertex -174.781 247 11.75
      vertex -174.984 247 11.3394
    endloop
  endfacet
  facet normal 0.0653958 0 0.997859
    outer loop
      vertex -172.207 250 6.52995
      vertex -171.75 247 6.5
      vertex -171.75 250 6.5
    endloop
  endfacet
  facet normal 0.0653958 0 0.997859
    outer loop
      vertex -171.75 247 6.5
      vertex -172.207 250 6.52995
      vertex -172.207 247 6.52995
    endloop
  endfacet
  facet normal 0.896431 -0 0.443183
    outer loop
      vertex -174.984 247 8.66061
      vertex -174.781 250 8.25
      vertex -174.984 250 8.66061
    endloop
  endfacet
  facet normal 0.896431 0 0.443183
    outer loop
      vertex -174.781 250 8.25
      vertex -174.984 247 8.66061
      vertex -174.781 247 8.25
    endloop
  endfacet
  facet normal 0.441968 0 -0.897031
    outer loop
      vertex -173.5 247 13.0311
      vertex -173.089 250 13.2336
      vertex -173.089 247 13.2336
    endloop
  endfacet
  facet normal 0.441968 0 -0.897031
    outer loop
      vertex -173.089 250 13.2336
      vertex -173.5 247 13.0311
      vertex -173.5 250 13.0311
    endloop
  endfacet
  facet normal 0.997851 -0 0.0655288
    outer loop
      vertex -175.25 247 10
      vertex -175.22 250 9.54317
      vertex -175.25 250 10
    endloop
  endfacet
  facet normal 0.997851 0 0.0655288
    outer loop
      vertex -175.22 250 9.54317
      vertex -175.25 247 10
      vertex -175.22 247 9.54317
    endloop
  endfacet
  facet normal 0.321668 0 -0.946853
    outer loop
      vertex -173.089 247 13.2336
      vertex -172.656 250 13.3807
      vertex -172.656 247 13.3807
    endloop
  endfacet
  facet normal 0.321668 0 -0.946853
    outer loop
      vertex -172.656 250 13.3807
      vertex -173.089 247 13.2336
      vertex -173.089 250 13.2336
    endloop
  endfacet
  facet normal 0.831849 0 -0.555003
    outer loop
      vertex -174.527 247 12.1307
      vertex -174.781 250 11.75
      vertex -174.527 250 12.1307
    endloop
  endfacet
  facet normal 0.831849 0 -0.555003
    outer loop
      vertex -174.781 250 11.75
      vertex -174.527 247 12.1307
      vertex -174.781 247 11.75
    endloop
  endfacet
  facet normal -0.0653958 0 0.997859
    outer loop
      vertex -171.75 250 6.5
      vertex -171.293 247 6.52995
      vertex -171.293 250 6.52995
    endloop
  endfacet
  facet normal -0.0653958 0 0.997859
    outer loop
      vertex -171.293 247 6.52995
      vertex -171.75 250 6.5
      vertex -171.75 247 6.5
    endloop
  endfacet
  facet normal 0.555305 0 -0.831647
    outer loop
      vertex -173.881 247 12.7767
      vertex -173.5 250 13.0311
      vertex -173.5 247 13.0311
    endloop
  endfacet
  facet normal 0.555305 0 -0.831647
    outer loop
      vertex -173.5 250 13.0311
      vertex -173.881 247 12.7767
      vertex -173.881 250 12.7767
    endloop
  endfacet
  facet normal -0.0655045 0 -0.997852
    outer loop
      vertex -171.75 247 13.5
      vertex -171.293 250 13.47
      vertex -171.293 247 13.47
    endloop
  endfacet
  facet normal -0.0655045 0 -0.997852
    outer loop
      vertex -171.293 250 13.47
      vertex -171.75 247 13.5
      vertex -171.75 250 13.5
    endloop
  endfacet
  facet normal 0.659568 0 0.751645
    outer loop
      vertex -174.225 250 7.52513
      vertex -173.881 247 7.22327
      vertex -173.881 250 7.22327
    endloop
  endfacet
  facet normal 0.659568 0 0.751645
    outer loop
      vertex -173.881 247 7.22327
      vertex -174.225 250 7.52513
      vertex -174.225 247 7.52513
    endloop
  endfacet
  facet normal -0.195066 0 -0.98079
    outer loop
      vertex -171.293 247 13.47
      vertex -170.844 250 13.3807
      vertex -170.844 247 13.3807
    endloop
  endfacet
  facet normal -0.195066 0 -0.98079
    outer loop
      vertex -170.844 250 13.3807
      vertex -171.293 247 13.47
      vertex -171.293 250 13.47
    endloop
  endfacet
  facet normal -0.321668 0 -0.946853
    outer loop
      vertex -170.844 247 13.3807
      vertex -170.411 250 13.2336
      vertex -170.411 247 13.2336
    endloop
  endfacet
  facet normal -0.321668 0 -0.946853
    outer loop
      vertex -170.411 250 13.2336
      vertex -170.844 247 13.3807
      vertex -170.844 250 13.3807
    endloop
  endfacet
  facet normal 0.947806 0.318847 0
    outer loop
      vertex -173.367 239.33 3
      vertex -173.44 239.547 0
      vertex -173.44 239.547 3
    endloop
  endfacet
  facet normal 0.947806 0.318847 0
    outer loop
      vertex -173.44 239.547 0
      vertex -173.367 239.33 3
      vertex -173.367 239.33 0
    endloop
  endfacet
  facet normal -0.829354 -0.558723 0
    outer loop
      vertex -170.234 240.875 0
      vertex -170.362 241.065 3
      vertex -170.362 241.065 0
    endloop
  endfacet
  facet normal -0.829354 -0.558723 0
    outer loop
      vertex -170.362 241.065 3
      vertex -170.234 240.875 0
      vertex -170.234 240.875 3
    endloop
  endfacet
  facet normal 0.0656476 0.997843 -0
    outer loop
      vertex -171.75 238.25 0
      vertex -171.978 238.265 3
      vertex -171.75 238.25 3
    endloop
  endfacet
  facet normal 0.0656476 0.997843 0
    outer loop
      vertex -171.978 238.265 3
      vertex -171.75 238.25 0
      vertex -171.978 238.265 0
    endloop
  endfacet
  facet normal 0.897037 -0.441955 0
    outer loop
      vertex -173.367 240.67 3
      vertex -173.266 240.875 0
      vertex -173.266 240.875 3
    endloop
  endfacet
  facet normal 0.897037 -0.441955 0
    outer loop
      vertex -173.266 240.875 0
      vertex -173.367 240.67 3
      vertex -173.367 240.67 0
    endloop
  endfacet
  facet normal 0.980581 -0.196116 0
    outer loop
      vertex -173.485 240.228 3
      vertex -173.44 240.453 0
      vertex -173.44 240.453 3
    endloop
  endfacet
  facet normal 0.980581 -0.196116 0
    outer loop
      vertex -173.44 240.453 0
      vertex -173.485 240.228 3
      vertex -173.485 240.228 0
    endloop
  endfacet
  facet normal 0.196116 0.980581 -0
    outer loop
      vertex -171.978 238.265 0
      vertex -172.203 238.31 3
      vertex -171.978 238.265 3
    endloop
  endfacet
  facet normal 0.196116 0.980581 0
    outer loop
      vertex -172.203 238.31 3
      vertex -171.978 238.265 0
      vertex -172.203 238.31 0
    endloop
  endfacet
  facet normal 0.751493 -0.659741 0
    outer loop
      vertex -173.138 241.065 3
      vertex -172.987 241.237 0
      vertex -172.987 241.237 3
    endloop
  endfacet
  facet normal 0.751493 -0.659741 0
    outer loop
      vertex -172.987 241.237 0
      vertex -173.138 241.065 3
      vertex -173.138 241.065 0
    endloop
  endfacet
  facet normal 0.997843 -0.0656476 0
    outer loop
      vertex -173.5 240 3
      vertex -173.485 240.228 0
      vertex -173.485 240.228 3
    endloop
  endfacet
  facet normal 0.997843 -0.0656476 0
    outer loop
      vertex -173.485 240.228 0
      vertex -173.5 240 3
      vertex -173.5 240 0
    endloop
  endfacet
  facet normal -0.980581 0.196116 0
    outer loop
      vertex -170.06 239.547 0
      vertex -170.015 239.772 3
      vertex -170.015 239.772 0
    endloop
  endfacet
  facet normal -0.980581 0.196116 0
    outer loop
      vertex -170.015 239.772 3
      vertex -170.06 239.547 0
      vertex -170.06 239.547 3
    endloop
  endfacet
  facet normal 0.997843 0.0656476 0
    outer loop
      vertex -173.485 239.772 3
      vertex -173.5 240 0
      vertex -173.5 240 3
    endloop
  endfacet
  facet normal 0.997843 0.0656476 0
    outer loop
      vertex -173.5 240 0
      vertex -173.485 239.772 3
      vertex -173.485 239.772 0
    endloop
  endfacet
  facet normal -0.947806 0.318847 0
    outer loop
      vertex -170.133 239.33 0
      vertex -170.06 239.547 3
      vertex -170.06 239.547 0
    endloop
  endfacet
  facet normal -0.947806 0.318847 0
    outer loop
      vertex -170.06 239.547 3
      vertex -170.133 239.33 0
      vertex -170.133 239.33 3
    endloop
  endfacet
  facet normal 0.659741 0.751493 -0
    outer loop
      vertex -172.815 238.612 0
      vertex -172.987 238.763 3
      vertex -172.815 238.612 3
    endloop
  endfacet
  facet normal 0.659741 0.751493 0
    outer loop
      vertex -172.987 238.763 3
      vertex -172.815 238.612 0
      vertex -172.987 238.763 0
    endloop
  endfacet
  facet normal -0.441955 0.897037 0
    outer loop
      vertex -170.875 238.484 0
      vertex -171.08 238.383 3
      vertex -170.875 238.484 3
    endloop
  endfacet
  facet normal -0.441955 0.897037 0
    outer loop
      vertex -171.08 238.383 3
      vertex -170.875 238.484 0
      vertex -171.08 238.383 0
    endloop
  endfacet
  facet normal 0.947806 -0.318847 0
    outer loop
      vertex -173.44 240.453 3
      vertex -173.367 240.67 0
      vertex -173.367 240.67 3
    endloop
  endfacet
  facet normal 0.947806 -0.318847 0
    outer loop
      vertex -173.367 240.67 0
      vertex -173.44 240.453 3
      vertex -173.44 240.453 0
    endloop
  endfacet
  facet normal 0.829354 0.558723 0
    outer loop
      vertex -173.138 238.935 3
      vertex -173.266 239.125 0
      vertex -173.266 239.125 3
    endloop
  endfacet
  facet normal 0.829354 0.558723 0
    outer loop
      vertex -173.266 239.125 0
      vertex -173.138 238.935 3
      vertex -173.138 238.935 0
    endloop
  endfacet
  facet normal -0.318847 -0.947806 0
    outer loop
      vertex -171.297 241.69 0
      vertex -171.08 241.617 3
      vertex -171.297 241.69 3
    endloop
  endfacet
  facet normal -0.318847 -0.947806 -0
    outer loop
      vertex -171.08 241.617 3
      vertex -171.297 241.69 0
      vertex -171.08 241.617 0
    endloop
  endfacet
  facet normal -0.196116 -0.980581 0
    outer loop
      vertex -171.522 241.735 0
      vertex -171.297 241.69 3
      vertex -171.522 241.735 3
    endloop
  endfacet
  facet normal -0.196116 -0.980581 -0
    outer loop
      vertex -171.297 241.69 3
      vertex -171.522 241.735 0
      vertex -171.297 241.69 0
    endloop
  endfacet
  facet normal 0.558723 -0.829354 0
    outer loop
      vertex -172.815 241.388 0
      vertex -172.625 241.516 3
      vertex -172.815 241.388 3
    endloop
  endfacet
  facet normal 0.558723 -0.829354 0
    outer loop
      vertex -172.625 241.516 3
      vertex -172.815 241.388 0
      vertex -172.625 241.516 0
    endloop
  endfacet
  facet normal -0.897037 -0.441955 0
    outer loop
      vertex -170.133 240.67 0
      vertex -170.234 240.875 3
      vertex -170.234 240.875 0
    endloop
  endfacet
  facet normal -0.897037 -0.441955 0
    outer loop
      vertex -170.234 240.875 3
      vertex -170.133 240.67 0
      vertex -170.133 240.67 3
    endloop
  endfacet
  facet normal -0.897037 0.441955 0
    outer loop
      vertex -170.234 239.125 0
      vertex -170.133 239.33 3
      vertex -170.133 239.33 0
    endloop
  endfacet
  facet normal -0.897037 0.441955 0
    outer loop
      vertex -170.133 239.33 3
      vertex -170.234 239.125 0
      vertex -170.234 239.125 3
    endloop
  endfacet
  facet normal -0.318847 0.947806 0
    outer loop
      vertex -171.08 238.383 0
      vertex -171.297 238.31 3
      vertex -171.08 238.383 3
    endloop
  endfacet
  facet normal -0.318847 0.947806 0
    outer loop
      vertex -171.297 238.31 3
      vertex -171.08 238.383 0
      vertex -171.297 238.31 0
    endloop
  endfacet
  facet normal -0.0656476 0.997843 0
    outer loop
      vertex -171.522 238.265 0
      vertex -171.75 238.25 3
      vertex -171.522 238.265 3
    endloop
  endfacet
  facet normal -0.0656476 0.997843 0
    outer loop
      vertex -171.75 238.25 3
      vertex -171.522 238.265 0
      vertex -171.75 238.25 0
    endloop
  endfacet
  facet normal 0.441955 -0.897037 0
    outer loop
      vertex -172.625 241.516 0
      vertex -172.42 241.617 3
      vertex -172.625 241.516 3
    endloop
  endfacet
  facet normal 0.441955 -0.897037 0
    outer loop
      vertex -172.42 241.617 3
      vertex -172.625 241.516 0
      vertex -172.42 241.617 0
    endloop
  endfacet
  facet normal -0.558723 -0.829354 0
    outer loop
      vertex -170.875 241.516 0
      vertex -170.685 241.388 3
      vertex -170.875 241.516 3
    endloop
  endfacet
  facet normal -0.558723 -0.829354 -0
    outer loop
      vertex -170.685 241.388 3
      vertex -170.875 241.516 0
      vertex -170.685 241.388 0
    endloop
  endfacet
  facet normal 0.318847 -0.947806 0
    outer loop
      vertex -172.42 241.617 0
      vertex -172.203 241.69 3
      vertex -172.42 241.617 3
    endloop
  endfacet
  facet normal 0.318847 -0.947806 0
    outer loop
      vertex -172.203 241.69 3
      vertex -172.42 241.617 0
      vertex -172.203 241.69 0
    endloop
  endfacet
  facet normal 0.829354 -0.558723 0
    outer loop
      vertex -173.266 240.875 3
      vertex -173.138 241.065 0
      vertex -173.138 241.065 3
    endloop
  endfacet
  facet normal 0.829354 -0.558723 0
    outer loop
      vertex -173.138 241.065 0
      vertex -173.266 240.875 3
      vertex -173.266 240.875 0
    endloop
  endfacet
  facet normal 0.897037 0.441955 0
    outer loop
      vertex -173.266 239.125 3
      vertex -173.367 239.33 0
      vertex -173.367 239.33 3
    endloop
  endfacet
  facet normal 0.897037 0.441955 0
    outer loop
      vertex -173.367 239.33 0
      vertex -173.266 239.125 3
      vertex -173.266 239.125 0
    endloop
  endfacet
  facet normal 0.659741 -0.751493 0
    outer loop
      vertex -172.987 241.237 0
      vertex -172.815 241.388 3
      vertex -172.987 241.237 3
    endloop
  endfacet
  facet normal 0.659741 -0.751493 0
    outer loop
      vertex -172.815 241.388 3
      vertex -172.987 241.237 0
      vertex -172.815 241.388 0
    endloop
  endfacet
  facet normal 0.980581 0.196116 0
    outer loop
      vertex -173.44 239.547 3
      vertex -173.485 239.772 0
      vertex -173.485 239.772 3
    endloop
  endfacet
  facet normal 0.980581 0.196116 0
    outer loop
      vertex -173.485 239.772 0
      vertex -173.44 239.547 3
      vertex -173.44 239.547 0
    endloop
  endfacet
  facet normal -0.441955 -0.897037 0
    outer loop
      vertex -171.08 241.617 0
      vertex -170.875 241.516 3
      vertex -171.08 241.617 3
    endloop
  endfacet
  facet normal -0.441955 -0.897037 -0
    outer loop
      vertex -170.875 241.516 3
      vertex -171.08 241.617 0
      vertex -170.875 241.516 0
    endloop
  endfacet
  facet normal 0.196116 -0.980581 0
    outer loop
      vertex -172.203 241.69 0
      vertex -171.978 241.735 3
      vertex -172.203 241.69 3
    endloop
  endfacet
  facet normal 0.196116 -0.980581 0
    outer loop
      vertex -171.978 241.735 3
      vertex -172.203 241.69 0
      vertex -171.978 241.735 0
    endloop
  endfacet
  facet normal 0.441955 0.897037 -0
    outer loop
      vertex -172.42 238.383 0
      vertex -172.625 238.484 3
      vertex -172.42 238.383 3
    endloop
  endfacet
  facet normal 0.441955 0.897037 0
    outer loop
      vertex -172.625 238.484 3
      vertex -172.42 238.383 0
      vertex -172.625 238.484 0
    endloop
  endfacet
  facet normal -0.997843 -0.0656476 0
    outer loop
      vertex -170 240 0
      vertex -170.015 240.228 3
      vertex -170.015 240.228 0
    endloop
  endfacet
  facet normal -0.997843 -0.0656476 0
    outer loop
      vertex -170.015 240.228 3
      vertex -170 240 0
      vertex -170 240 3
    endloop
  endfacet
  facet normal -0.829354 0.558723 0
    outer loop
      vertex -170.362 238.935 0
      vertex -170.234 239.125 3
      vertex -170.234 239.125 0
    endloop
  endfacet
  facet normal -0.829354 0.558723 0
    outer loop
      vertex -170.234 239.125 3
      vertex -170.362 238.935 0
      vertex -170.362 238.935 3
    endloop
  endfacet
  facet normal -0.0656476 -0.997843 0
    outer loop
      vertex -171.75 241.75 0
      vertex -171.522 241.735 3
      vertex -171.75 241.75 3
    endloop
  endfacet
  facet normal -0.0656476 -0.997843 -0
    outer loop
      vertex -171.522 241.735 3
      vertex -171.75 241.75 0
      vertex -171.522 241.735 0
    endloop
  endfacet
  facet normal -0.659741 -0.751493 0
    outer loop
      vertex -170.685 241.388 0
      vertex -170.513 241.237 3
      vertex -170.685 241.388 3
    endloop
  endfacet
  facet normal -0.659741 -0.751493 -0
    outer loop
      vertex -170.513 241.237 3
      vertex -170.685 241.388 0
      vertex -170.513 241.237 0
    endloop
  endfacet
  facet normal 0.0656476 -0.997843 0
    outer loop
      vertex -171.978 241.735 0
      vertex -171.75 241.75 3
      vertex -171.978 241.735 3
    endloop
  endfacet
  facet normal 0.0656476 -0.997843 0
    outer loop
      vertex -171.75 241.75 3
      vertex -171.978 241.735 0
      vertex -171.75 241.75 0
    endloop
  endfacet
  facet normal -0.751493 0.659741 0
    outer loop
      vertex -170.513 238.763 0
      vertex -170.362 238.935 3
      vertex -170.362 238.935 0
    endloop
  endfacet
  facet normal -0.751493 0.659741 0
    outer loop
      vertex -170.362 238.935 3
      vertex -170.513 238.763 0
      vertex -170.513 238.763 3
    endloop
  endfacet
  facet normal -0.659741 0.751493 0
    outer loop
      vertex -170.513 238.763 0
      vertex -170.685 238.612 3
      vertex -170.513 238.763 3
    endloop
  endfacet
  facet normal -0.659741 0.751493 0
    outer loop
      vertex -170.685 238.612 3
      vertex -170.513 238.763 0
      vertex -170.685 238.612 0
    endloop
  endfacet
  facet normal -0.980581 -0.196116 0
    outer loop
      vertex -170.015 240.228 0
      vertex -170.06 240.453 3
      vertex -170.06 240.453 0
    endloop
  endfacet
  facet normal -0.980581 -0.196116 0
    outer loop
      vertex -170.06 240.453 3
      vertex -170.015 240.228 0
      vertex -170.015 240.228 3
    endloop
  endfacet
  facet normal 0.318847 0.947806 -0
    outer loop
      vertex -172.203 238.31 0
      vertex -172.42 238.383 3
      vertex -172.203 238.31 3
    endloop
  endfacet
  facet normal 0.318847 0.947806 0
    outer loop
      vertex -172.42 238.383 3
      vertex -172.203 238.31 0
      vertex -172.42 238.383 0
    endloop
  endfacet
  facet normal -0.196116 0.980581 0
    outer loop
      vertex -171.297 238.31 0
      vertex -171.522 238.265 3
      vertex -171.297 238.31 3
    endloop
  endfacet
  facet normal -0.196116 0.980581 0
    outer loop
      vertex -171.522 238.265 3
      vertex -171.297 238.31 0
      vertex -171.522 238.265 0
    endloop
  endfacet
  facet normal 0.751493 0.659741 0
    outer loop
      vertex -172.987 238.763 3
      vertex -173.138 238.935 0
      vertex -173.138 238.935 3
    endloop
  endfacet
  facet normal 0.751493 0.659741 0
    outer loop
      vertex -173.138 238.935 0
      vertex -172.987 238.763 3
      vertex -172.987 238.763 0
    endloop
  endfacet
  facet normal -0.751493 -0.659741 0
    outer loop
      vertex -170.362 241.065 0
      vertex -170.513 241.237 3
      vertex -170.513 241.237 0
    endloop
  endfacet
  facet normal -0.751493 -0.659741 0
    outer loop
      vertex -170.513 241.237 3
      vertex -170.362 241.065 0
      vertex -170.362 241.065 3
    endloop
  endfacet
  facet normal 0.558723 0.829354 -0
    outer loop
      vertex -172.625 238.484 0
      vertex -172.815 238.612 3
      vertex -172.625 238.484 3
    endloop
  endfacet
  facet normal 0.558723 0.829354 0
    outer loop
      vertex -172.815 238.612 3
      vertex -172.625 238.484 0
      vertex -172.815 238.612 0
    endloop
  endfacet
  facet normal -0.947806 -0.318847 0
    outer loop
      vertex -170.06 240.453 0
      vertex -170.133 240.67 3
      vertex -170.133 240.67 0
    endloop
  endfacet
  facet normal -0.947806 -0.318847 0
    outer loop
      vertex -170.133 240.67 3
      vertex -170.06 240.453 0
      vertex -170.06 240.453 3
    endloop
  endfacet
  facet normal -0.997843 0.0656476 0
    outer loop
      vertex -170.015 239.772 0
      vertex -170 240 3
      vertex -170 240 0
    endloop
  endfacet
  facet normal -0.997843 0.0656476 0
    outer loop
      vertex -170 240 3
      vertex -170.015 239.772 0
      vertex -170.015 239.772 3
    endloop
  endfacet
  facet normal -0.558723 0.829354 0
    outer loop
      vertex -170.685 238.612 0
      vertex -170.875 238.484 3
      vertex -170.685 238.612 3
    endloop
  endfacet
  facet normal -0.558723 0.829354 0
    outer loop
      vertex -170.875 238.484 3
      vertex -170.685 238.612 0
      vertex -170.875 238.484 0
    endloop
  endfacet
endsolid OpenSCAD_Model
