solid OpenSCAD_Model
  facet normal -0.991102 0.0486747 -0.123888
    outer loop
      vertex -14.4302 1.42125 6
      vertex -14 0 2
      vertex -14.5 0 6
    endloop
  endfacet
  facet normal -0.991101 0.0486797 -0.123889
    outer loop
      vertex -13.9326 1.37224 2
      vertex -14 0 2
      vertex -14.4302 1.42125 6
    endloop
  endfacet
  facet normal -0.981728 0.0482304 0.184074
    outer loop
      vertex -13 0 14
      vertex -12.9374 1.27422 14
      vertex -14.5 0 6
    endloop
  endfacet
  facet normal -0.981729 0.0482144 0.184077
    outer loop
      vertex -12.9374 1.27422 14
      vertex -14.4302 1.42125 6
      vertex -14.5 0 6
    endloop
  endfacet
  facet normal -0.969042 0.0476111 0.242261
    outer loop
      vertex -9.5 0 28
      vertex -9.45425 0.931162 28
      vertex -13 0 14
    endloop
  endfacet
  facet normal -0.969042 0.0476072 0.242261
    outer loop
      vertex -9.45425 0.931162 28
      vertex -12.9374 1.27422 14
      vertex -13 0 14
    endloop
  endfacet
  facet normal -0.994939 0.0488755 0.0877888
    outer loop
      vertex -8 0 45
      vertex -7.96148 0.784137 45
      vertex -9.5 0 28
    endloop
  endfacet
  facet normal -0.994939 0.0488835 0.0877884
    outer loop
      vertex -7.96148 0.784137 45
      vertex -9.45425 0.931162 28
      vertex -9.5 0 28
    endloop
  endfacet
  facet normal -0.985238 0.0484019 -0.164206
    outer loop
      vertex -8.45907 0.833145 48
      vertex -8 0 45
      vertex -8.5 0 48
    endloop
  endfacet
  facet normal -0.985238 0.0483989 -0.164206
    outer loop
      vertex -7.96148 0.784137 45
      vertex -8 0 45
      vertex -8.45907 0.833145 48
    endloop
  endfacet
  facet normal -0.893565 0.0438925 0.446783
    outer loop
      vertex -7.5 0 50
      vertex -7.46389 0.735128 50
      vertex -8.5 0 48
    endloop
  endfacet
  facet normal -0.893566 0.0438983 0.446781
    outer loop
      vertex -7.46389 0.735128 50
      vertex -8.45907 0.833145 48
      vertex -8.5 0 48
    endloop
  endfacet
  facet normal 0 0 -1
    outer loop
      vertex 11.9422 -1.17621 0
      vertex 11.9422 1.17621 0
      vertex 12 0 0
    endloop
  endfacet
  facet normal 0 0 -1
    outer loop
      vertex 11.7694 -2.34108 0
      vertex 11.9422 1.17621 0
      vertex 11.9422 -1.17621 0
    endloop
  endfacet
  facet normal 0 0 -1
    outer loop
      vertex 11.7694 -2.34108 0
      vertex 11.7694 2.34108 0
      vertex 11.9422 1.17621 0
    endloop
  endfacet
  facet normal 0 0 -1
    outer loop
      vertex 11.4833 -3.48342 0
      vertex 11.7694 2.34108 0
      vertex 11.7694 -2.34108 0
    endloop
  endfacet
  facet normal 0 0 -1
    outer loop
      vertex 11.4833 -3.48342 0
      vertex 11.4833 3.48342 0
      vertex 11.7694 2.34108 0
    endloop
  endfacet
  facet normal 0 0 -1
    outer loop
      vertex 11.0866 -4.5922 0
      vertex 11.4833 3.48342 0
      vertex 11.4833 -3.48342 0
    endloop
  endfacet
  facet normal 0 0 -1
    outer loop
      vertex 11.0866 -4.5922 0
      vertex 11.0866 4.5922 0
      vertex 11.4833 3.48342 0
    endloop
  endfacet
  facet normal 0 0 -1
    outer loop
      vertex 10.5831 -5.65676 0
      vertex 11.0866 4.5922 0
      vertex 11.0866 -4.5922 0
    endloop
  endfacet
  facet normal 0 0 -1
    outer loop
      vertex 10.5831 -5.65676 0
      vertex 10.5831 5.65676 0
      vertex 11.0866 4.5922 0
    endloop
  endfacet
  facet normal 0 0 -1
    outer loop
      vertex 9.97763 -6.66684 0
      vertex 10.5831 5.65676 0
      vertex 10.5831 -5.65676 0
    endloop
  endfacet
  facet normal 0 0 -1
    outer loop
      vertex 9.97763 -6.66684 0
      vertex 9.97763 6.66684 0
      vertex 10.5831 5.65676 0
    endloop
  endfacet
  facet normal 0 0 -1
    outer loop
      vertex 9.27612 -7.61272 0
      vertex 9.97763 6.66684 0
      vertex 9.97763 -6.66684 0
    endloop
  endfacet
  facet normal 0 0 -1
    outer loop
      vertex 9.27612 -7.61272 0
      vertex 9.27612 7.61272 0
      vertex 9.97763 6.66684 0
    endloop
  endfacet
  facet normal 0 0 -1
    outer loop
      vertex 8.48528 -8.48528 0
      vertex 9.27612 7.61272 0
      vertex 9.27612 -7.61272 0
    endloop
  endfacet
  facet normal 0 0 -1
    outer loop
      vertex 8.48528 -8.48528 0
      vertex 8.48528 8.48528 0
      vertex 9.27612 7.61272 0
    endloop
  endfacet
  facet normal 0 0 -1
    outer loop
      vertex 7.61272 -9.27612 0
      vertex 8.48528 8.48528 0
      vertex 8.48528 -8.48528 0
    endloop
  endfacet
  facet normal 0 0 -1
    outer loop
      vertex 7.61272 -9.27612 0
      vertex 7.61272 9.27612 0
      vertex 8.48528 8.48528 0
    endloop
  endfacet
  facet normal 0 0 -1
    outer loop
      vertex 6.66684 -9.97763 0
      vertex 7.61272 9.27612 0
      vertex 7.61272 -9.27612 0
    endloop
  endfacet
  facet normal 0 0 -1
    outer loop
      vertex 6.66684 -9.97763 0
      vertex 6.66684 9.97763 0
      vertex 7.61272 9.27612 0
    endloop
  endfacet
  facet normal 0 0 -1
    outer loop
      vertex 5.65676 -10.5831 0
      vertex 6.66684 9.97763 0
      vertex 6.66684 -9.97763 0
    endloop
  endfacet
  facet normal 0 0 -1
    outer loop
      vertex 5.65676 -10.5831 0
      vertex 5.65676 10.5831 0
      vertex 6.66684 9.97763 0
    endloop
  endfacet
  facet normal 0 0 -1
    outer loop
      vertex 4.5922 -11.0866 0
      vertex 5.65676 10.5831 0
      vertex 5.65676 -10.5831 0
    endloop
  endfacet
  facet normal 0 0 -1
    outer loop
      vertex 4.5922 -11.0866 0
      vertex 4.5922 11.0866 0
      vertex 5.65676 10.5831 0
    endloop
  endfacet
  facet normal 0 0 -1
    outer loop
      vertex 3.48342 -11.4833 0
      vertex 4.5922 11.0866 0
      vertex 4.5922 -11.0866 0
    endloop
  endfacet
  facet normal 0 0 -1
    outer loop
      vertex 3.48342 -11.4833 0
      vertex 3.48342 11.4833 0
      vertex 4.5922 11.0866 0
    endloop
  endfacet
  facet normal 0 0 -1
    outer loop
      vertex 2.34108 -11.7694 0
      vertex 3.48342 11.4833 0
      vertex 3.48342 -11.4833 0
    endloop
  endfacet
  facet normal 0 0 -1
    outer loop
      vertex 2.34108 -11.7694 0
      vertex 2.34108 11.7694 0
      vertex 3.48342 11.4833 0
    endloop
  endfacet
  facet normal 0 0 -1
    outer loop
      vertex 1.17621 -11.9422 0
      vertex 2.34108 11.7694 0
      vertex 2.34108 -11.7694 0
    endloop
  endfacet
  facet normal 0 0 -1
    outer loop
      vertex 1.17621 -11.9422 0
      vertex 1.17621 11.9422 0
      vertex 2.34108 11.7694 0
    endloop
  endfacet
  facet normal 0 0 -1
    outer loop
      vertex 0 -12 0
      vertex 1.17621 11.9422 0
      vertex 1.17621 -11.9422 0
    endloop
  endfacet
  facet normal 0 0 -1
    outer loop
      vertex 0 -12 0
      vertex 0 12 0
      vertex 1.17621 11.9422 0
    endloop
  endfacet
  facet normal 0 0 -1
    outer loop
      vertex -1.17621 -11.9422 0
      vertex 0 12 0
      vertex 0 -12 0
    endloop
  endfacet
  facet normal 0 0 -1
    outer loop
      vertex -1.17621 -11.9422 0
      vertex -1.17621 11.9422 0
      vertex 0 12 0
    endloop
  endfacet
  facet normal 0 0 -1
    outer loop
      vertex -2.34108 -11.7694 0
      vertex -1.17621 11.9422 0
      vertex -1.17621 -11.9422 0
    endloop
  endfacet
  facet normal 0 0 -1
    outer loop
      vertex -2.34108 -11.7694 0
      vertex -2.34108 11.7694 0
      vertex -1.17621 11.9422 0
    endloop
  endfacet
  facet normal 0 0 -1
    outer loop
      vertex -3.48342 -11.4833 0
      vertex -2.34108 11.7694 0
      vertex -2.34108 -11.7694 0
    endloop
  endfacet
  facet normal 0 0 -1
    outer loop
      vertex -3.48342 -11.4833 0
      vertex -3.48342 11.4833 0
      vertex -2.34108 11.7694 0
    endloop
  endfacet
  facet normal 0 0 -1
    outer loop
      vertex -4.5922 -11.0866 0
      vertex -3.48342 11.4833 0
      vertex -3.48342 -11.4833 0
    endloop
  endfacet
  facet normal 0 0 -1
    outer loop
      vertex -4.5922 -11.0866 0
      vertex -4.5922 11.0866 0
      vertex -3.48342 11.4833 0
    endloop
  endfacet
  facet normal 0 0 -1
    outer loop
      vertex -5.65676 -10.5831 0
      vertex -4.5922 11.0866 0
      vertex -4.5922 -11.0866 0
    endloop
  endfacet
  facet normal 0 0 -1
    outer loop
      vertex -5.65676 -10.5831 0
      vertex -5.65676 10.5831 0
      vertex -4.5922 11.0866 0
    endloop
  endfacet
  facet normal 0 0 -1
    outer loop
      vertex -6.66684 -9.97763 0
      vertex -5.65676 10.5831 0
      vertex -5.65676 -10.5831 0
    endloop
  endfacet
  facet normal 0 0 -1
    outer loop
      vertex -6.66684 -9.97763 0
      vertex -6.66684 9.97763 0
      vertex -5.65676 10.5831 0
    endloop
  endfacet
  facet normal 0 0 -1
    outer loop
      vertex -7.61272 -9.27612 0
      vertex -6.66684 9.97763 0
      vertex -6.66684 -9.97763 0
    endloop
  endfacet
  facet normal 0 0 -1
    outer loop
      vertex -7.61272 -9.27612 0
      vertex -7.61272 9.27612 0
      vertex -6.66684 9.97763 0
    endloop
  endfacet
  facet normal 0 0 -1
    outer loop
      vertex -8.48528 -8.48528 0
      vertex -7.61272 9.27612 0
      vertex -7.61272 -9.27612 0
    endloop
  endfacet
  facet normal 0 0 -1
    outer loop
      vertex -8.48528 -8.48528 0
      vertex -8.48528 8.48528 0
      vertex -7.61272 9.27612 0
    endloop
  endfacet
  facet normal 0 0 -1
    outer loop
      vertex -9.27612 -7.61272 0
      vertex -8.48528 8.48528 0
      vertex -8.48528 -8.48528 0
    endloop
  endfacet
  facet normal 0 0 -1
    outer loop
      vertex -9.27612 -7.61272 0
      vertex -9.27612 7.61272 0
      vertex -8.48528 8.48528 0
    endloop
  endfacet
  facet normal 0 0 -1
    outer loop
      vertex -9.97763 -6.66684 0
      vertex -9.27612 7.61272 0
      vertex -9.27612 -7.61272 0
    endloop
  endfacet
  facet normal 0 0 -1
    outer loop
      vertex -9.97763 -6.66684 0
      vertex -9.97763 6.66684 0
      vertex -9.27612 7.61272 0
    endloop
  endfacet
  facet normal 0 0 -1
    outer loop
      vertex -10.5831 -5.65676 0
      vertex -9.97763 6.66684 0
      vertex -9.97763 -6.66684 0
    endloop
  endfacet
  facet normal 0 0 -1
    outer loop
      vertex -10.5831 -5.65676 0
      vertex -10.5831 5.65676 0
      vertex -9.97763 6.66684 0
    endloop
  endfacet
  facet normal 0 0 -1
    outer loop
      vertex -11.0866 -4.5922 0
      vertex -10.5831 5.65676 0
      vertex -10.5831 -5.65676 0
    endloop
  endfacet
  facet normal 0 0 -1
    outer loop
      vertex -11.0866 -4.5922 0
      vertex -11.0866 4.5922 0
      vertex -10.5831 5.65676 0
    endloop
  endfacet
  facet normal 0 0 -1
    outer loop
      vertex -11.4833 -3.48342 0
      vertex -11.0866 4.5922 0
      vertex -11.0866 -4.5922 0
    endloop
  endfacet
  facet normal 0 0 -1
    outer loop
      vertex -11.4833 -3.48342 0
      vertex -11.4833 3.48342 0
      vertex -11.0866 4.5922 0
    endloop
  endfacet
  facet normal 0 0 -1
    outer loop
      vertex -11.7694 -2.34108 0
      vertex -11.4833 3.48342 0
      vertex -11.4833 -3.48342 0
    endloop
  endfacet
  facet normal 0 0 -1
    outer loop
      vertex -11.7694 -2.34108 0
      vertex -11.7694 2.34108 0
      vertex -11.4833 3.48342 0
    endloop
  endfacet
  facet normal 0 0 -1
    outer loop
      vertex -11.9422 -1.17621 0
      vertex -11.7694 2.34108 0
      vertex -11.7694 -2.34108 0
    endloop
  endfacet
  facet normal 0 0 -1
    outer loop
      vertex -11.9422 -1.17621 0
      vertex -11.9422 1.17621 0
      vertex -11.7694 2.34108 0
    endloop
  endfacet
  facet normal 0 -0 -1
    outer loop
      vertex -11.9422 1.17621 0
      vertex -11.9422 -1.17621 0
      vertex -12 0 0
    endloop
  endfacet
  facet normal -0.706681 0.0347099 -0.706681
    outer loop
      vertex -13.9326 1.37224 2
      vertex -12 0 0
      vertex -14 0 2
    endloop
  endfacet
  facet normal -0.706674 0.0347266 -0.706686
    outer loop
      vertex -11.9422 1.17621 0
      vertex -12 0 0
      vertex -13.9326 1.37224 2
    endloop
  endfacet
  facet normal -0.981555 0.145606 -0.123889
    outer loop
      vertex -14.2214 2.82881 6
      vertex -13.9326 1.37224 2
      vertex -14.4302 1.42125 6
    endloop
  endfacet
  facet normal -0.981555 0.145606 -0.12389
    outer loop
      vertex -13.731 2.73126 2
      vertex -13.9326 1.37224 2
      vertex -14.2214 2.82881 6
    endloop
  endfacet
  facet normal -0.972273 0.144229 0.184077
    outer loop
      vertex -12.9374 1.27422 14
      vertex -12.7502 2.53617 14
      vertex -14.4302 1.42125 6
    endloop
  endfacet
  facet normal -0.972273 0.144229 0.184077
    outer loop
      vertex -12.7502 2.53617 14
      vertex -14.2214 2.82881 6
      vertex -14.4302 1.42125 6
    endloop
  endfacet
  facet normal -0.959711 0.142354 0.242261
    outer loop
      vertex -9.45425 0.931162 28
      vertex -9.31746 1.85336 28
      vertex -12.9374 1.27422 14
    endloop
  endfacet
  facet normal -0.959709 0.142365 0.24226
    outer loop
      vertex -9.31746 1.85336 28
      vertex -12.7502 2.53617 14
      vertex -12.9374 1.27422 14
    endloop
  endfacet
  facet normal -0.985357 0.14617 0.0877883
    outer loop
      vertex -7.96148 0.784137 45
      vertex -7.84628 1.56072 45
      vertex -9.45425 0.931162 28
    endloop
  endfacet
  facet normal -0.985358 0.146159 0.0877889
    outer loop
      vertex -7.84628 1.56072 45
      vertex -9.31746 1.85336 28
      vertex -9.45425 0.931162 28
    endloop
  endfacet
  facet normal -0.975749 0.144744 -0.164205
    outer loop
      vertex -8.33667 1.65827 48
      vertex -7.96148 0.784137 45
      vertex -8.45907 0.833145 48
    endloop
  endfacet
  facet normal -0.975749 0.144745 -0.164206
    outer loop
      vertex -7.84628 1.56072 45
      vertex -7.96148 0.784137 45
      vertex -8.33667 1.65827 48
    endloop
  endfacet
  facet normal -0.88496 0.131276 0.446781
    outer loop
      vertex -7.46389 0.735128 50
      vertex -7.35589 1.46318 50
      vertex -8.45907 0.833145 48
    endloop
  endfacet
  facet normal -0.88496 0.131276 0.446781
    outer loop
      vertex -7.35589 1.46318 50
      vertex -8.33667 1.65827 48
      vertex -8.45907 0.833145 48
    endloop
  endfacet
  facet normal -0.699869 0.10382 -0.706686
    outer loop
      vertex -13.731 2.73126 2
      vertex -11.9422 1.17621 0
      vertex -13.9326 1.37224 2
    endloop
  endfacet
  facet normal -0.699869 0.10382 -0.706686
    outer loop
      vertex -11.7694 2.34108 0
      vertex -11.9422 1.17621 0
      vertex -13.731 2.73126 2
    endloop
  endfacet
  facet normal -0.96255 0.24114 -0.123889
    outer loop
      vertex -13.8756 4.20913 6
      vertex -13.731 2.73126 2
      vertex -14.2214 2.82881 6
    endloop
  endfacet
  facet normal -0.962565 0.241089 -0.123871
    outer loop
      vertex -13.3972 4.06398 2
      vertex -13.731 2.73126 2
      vertex -13.8756 4.20913 6
    endloop
  endfacet
  facet normal -0.953453 0.238839 0.184077
    outer loop
      vertex -12.7502 2.53617 14
      vertex -12.4402 3.7737 14
      vertex -14.2214 2.82881 6
    endloop
  endfacet
  facet normal -0.953448 0.238859 0.184073
    outer loop
      vertex -12.4402 3.7737 14
      vertex -13.8756 4.20913 6
      vertex -14.2214 2.82881 6
    endloop
  endfacet
  facet normal -0.941134 0.235747 0.24226
    outer loop
      vertex -9.31746 1.85336 28
      vertex -9.09093 2.7577 28
      vertex -12.7502 2.53617 14
    endloop
  endfacet
  facet normal -0.941133 0.235753 0.242259
    outer loop
      vertex -9.09093 2.7577 28
      vertex -12.4402 3.7737 14
      vertex -12.7502 2.53617 14
    endloop
  endfacet
  facet normal -0.966286 0.242041 0.0877889
    outer loop
      vertex -7.84628 1.56072 45
      vertex -7.65552 2.32228 45
      vertex -9.31746 1.85336 28
    endloop
  endfacet
  facet normal -0.966285 0.242047 0.0877886
    outer loop
      vertex -7.65552 2.32228 45
      vertex -9.09093 2.7577 28
      vertex -9.31746 1.85336 28
    endloop
  endfacet
  facet normal -0.956865 0.23968 -0.164206
    outer loop
      vertex -8.13399 2.46742 48
      vertex -7.84628 1.56072 45
      vertex -8.33667 1.65827 48
    endloop
  endfacet
  facet normal -0.956864 0.239681 -0.164206
    outer loop
      vertex -7.65552 2.32228 45
      vertex -7.84628 1.56072 45
      vertex -8.13399 2.46742 48
    endloop
  endfacet
  facet normal -0.867831 0.217386 0.446781
    outer loop
      vertex -7.35589 1.46318 50
      vertex -7.17705 2.17713 50
      vertex -8.33667 1.65827 48
    endloop
  endfacet
  facet normal -0.867832 0.217379 0.446783
    outer loop
      vertex -7.17705 2.17713 50
      vertex -8.13399 2.46742 48
      vertex -8.33667 1.65827 48
    endloop
  endfacet
  facet normal -0.686327 0.171901 -0.706686
    outer loop
      vertex -13.3972 4.06398 2
      vertex -11.7694 2.34108 0
      vertex -13.731 2.73126 2
    endloop
  endfacet
  facet normal -0.686332 0.171893 -0.706683
    outer loop
      vertex -11.4833 3.48342 0
      vertex -11.7694 2.34108 0
      vertex -13.3972 4.06398 2
    endloop
  endfacet
  facet normal -0.93431 0.334245 -0.123872
    outer loop
      vertex -13.3963 5.54891 6
      vertex -13.3972 4.06398 2
      vertex -13.8756 4.20913 6
    endloop
  endfacet
  facet normal -0.934278 0.334323 -0.123902
    outer loop
      vertex -13.3963 5.54891 6
      vertex -12.9343 5.35757 2
      vertex -13.3972 4.06398 2
    endloop
  endfacet
  facet normal -0.925453 0.331141 0.184073
    outer loop
      vertex -12.4402 3.7737 14
      vertex -12.0104 4.97488 14
      vertex -13.8756 4.20913 6
    endloop
  endfacet
  facet normal -0.925472 0.331083 0.184083
    outer loop
      vertex -12.0104 4.97488 14
      vertex -13.3963 5.54891 6
      vertex -13.8756 4.20913 6
    endloop
  endfacet
  facet normal -0.9135 0.326847 0.24226
    outer loop
      vertex -9.09093 2.7577 28
      vertex -8.77686 3.63549 28
      vertex -12.4402 3.7737 14
    endloop
  endfacet
  facet normal -0.913495 0.326862 0.242258
    outer loop
      vertex -8.77686 3.63549 28
      vertex -12.0104 4.97488 14
      vertex -12.4402 3.7737 14
    endloop
  endfacet
  facet normal -0.937911 0.335582 0.0877886
    outer loop
      vertex -7.65552 2.32228 45
      vertex -7.39104 3.06147 45
      vertex -9.09093 2.7577 28
    endloop
  endfacet
  facet normal -0.937912 0.335581 0.0877887
    outer loop
      vertex -7.39104 3.06147 45
      vertex -8.77686 3.63549 28
      vertex -9.09093 2.7577 28
    endloop
  endfacet
  facet normal -0.928766 0.33231 -0.164206
    outer loop
      vertex -7.85298 3.25281 48
      vertex -7.65552 2.32228 45
      vertex -8.13399 2.46742 48
    endloop
  endfacet
  facet normal -0.928766 0.33231 -0.164206
    outer loop
      vertex -7.39104 3.06147 45
      vertex -7.65552 2.32228 45
      vertex -7.85298 3.25281 48
    endloop
  endfacet
  facet normal -0.842347 0.30139 0.446783
    outer loop
      vertex -7.17705 2.17713 50
      vertex -6.9291 2.87012 50
      vertex -8.13399 2.46742 48
    endloop
  endfacet
  facet normal -0.842347 0.301389 0.446783
    outer loop
      vertex -6.9291 2.87012 50
      vertex -7.85298 3.25281 48
      vertex -8.13399 2.46742 48
    endloop
  endfacet
  facet normal -0.666164 0.238381 -0.706683
    outer loop
      vertex -12.9343 5.35757 2
      vertex -11.4833 3.48342 0
      vertex -13.3972 4.06398 2
    endloop
  endfacet
  facet normal -0.666188 0.238349 -0.70667
    outer loop
      vertex -11.0866 4.5922 0
      vertex -11.4833 3.48342 0
      vertex -12.9343 5.35757 2
    endloop
  endfacet
  facet normal -0.897022 0.424264 -0.123901
    outer loop
      vertex -12.7879 6.83525 6
      vertex -12.9343 5.35757 2
      vertex -13.3963 5.54891 6
    endloop
  endfacet
  facet normal -0.897028 0.424253 -0.123896
    outer loop
      vertex -12.7879 6.83525 6
      vertex -12.3469 6.59955 2
      vertex -12.9343 5.35757 2
    endloop
  endfacet
  facet normal -0.888559 0.42021 0.184083
    outer loop
      vertex -12.0104 4.97488 14
      vertex -11.465 6.12816 14
      vertex -13.3963 5.54891 6
    endloop
  endfacet
  facet normal -0.88854 0.420253 0.184076
    outer loop
      vertex -11.465 6.12816 14
      vertex -12.7879 6.83525 6
      vertex -13.3963 5.54891 6
    endloop
  endfacet
  facet normal -0.877059 0.414823 0.242258
    outer loop
      vertex -8.77686 3.63549 28
      vertex -8.37825 4.47827 28
      vertex -12.0104 4.97488 14
    endloop
  endfacet
  facet normal -0.877078 0.414781 0.242262
    outer loop
      vertex -8.37825 4.47827 28
      vertex -11.465 6.12816 14
      vertex -12.0104 4.97488 14
    endloop
  endfacet
  facet normal -0.900496 0.425912 0.0877886
    outer loop
      vertex -7.39104 3.06147 45
      vertex -7.05537 3.77117 45
      vertex -8.77686 3.63549 28
    endloop
  endfacet
  facet normal -0.900497 0.425908 0.0877888
    outer loop
      vertex -7.05537 3.77117 45
      vertex -8.37825 4.47827 28
      vertex -8.77686 3.63549 28
    endloop
  endfacet
  facet normal -0.891716 0.421757 -0.164206
    outer loop
      vertex -7.49633 4.00687 48
      vertex -7.39104 3.06147 45
      vertex -7.85298 3.25281 48
    endloop
  endfacet
  facet normal -0.891715 0.421759 -0.164206
    outer loop
      vertex -7.05537 3.77117 45
      vertex -7.39104 3.06147 45
      vertex -7.49633 4.00687 48
    endloop
  endfacet
  facet normal -0.808745 0.382512 0.446784
    outer loop
      vertex -6.9291 2.87012 50
      vertex -6.61441 3.53547 50
      vertex -7.85298 3.25281 48
    endloop
  endfacet
  facet normal -0.808745 0.382514 0.446783
    outer loop
      vertex -6.61441 3.53547 50
      vertex -7.49633 4.00687 48
      vertex -7.85298 3.25281 48
    endloop
  endfacet
  facet normal -0.639613 0.302508 -0.706671
    outer loop
      vertex -12.3469 6.59955 2
      vertex -11.0866 4.5922 0
      vertex -12.9343 5.35757 2
    endloop
  endfacet
  facet normal -0.639608 0.302513 -0.706673
    outer loop
      vertex -10.5831 5.65676 0
      vertex -11.0866 4.5922 0
      vertex -12.3469 6.59955 2
    endloop
  endfacet
  facet normal -0.851105 0.510167 -0.123896
    outer loop
      vertex -12.0563 8.05577 6
      vertex -12.3469 6.59955 2
      vertex -12.7879 6.83525 6
    endloop
  endfacet
  facet normal -0.851129 0.51013 -0.123881
    outer loop
      vertex -12.0563 8.05577 6
      vertex -11.6406 7.77798 2
      vertex -12.3469 6.59955 2
    endloop
  endfacet
  facet normal -0.843061 0.505336 0.184075
    outer loop
      vertex -11.465 6.12816 14
      vertex -10.8091 7.22241 14
      vertex -12.7879 6.83525 6
    endloop
  endfacet
  facet normal -0.843057 0.505343 0.184074
    outer loop
      vertex -10.8091 7.22241 14
      vertex -12.0563 8.05577 6
      vertex -12.7879 6.83525 6
    endloop
  endfacet
  facet normal -0.832178 0.498787 0.242262
    outer loop
      vertex -8.37825 4.47827 28
      vertex -7.89896 5.27792 28
      vertex -11.465 6.12816 14
    endloop
  endfacet
  facet normal -0.832167 0.498806 0.24226
    outer loop
      vertex -7.89896 5.27792 28
      vertex -10.8091 7.22241 14
      vertex -11.465 6.12816 14
    endloop
  endfacet
  facet normal -0.854419 0.512114 0.0877888
    outer loop
      vertex -7.05537 3.77117 45
      vertex -6.65176 4.44456 45
      vertex -8.37825 4.47827 28
    endloop
  endfacet
  facet normal -0.854418 0.512116 0.0877887
    outer loop
      vertex -6.65176 4.44456 45
      vertex -7.89896 5.27792 28
      vertex -8.37825 4.47827 28
    endloop
  endfacet
  facet normal -0.846087 0.507122 -0.164206
    outer loop
      vertex -7.06749 4.72235 48
      vertex -7.05537 3.77117 45
      vertex -7.49633 4.00687 48
    endloop
  endfacet
  facet normal -0.846088 0.50712 -0.164206
    outer loop
      vertex -6.65176 4.44456 45
      vertex -7.05537 3.77117 45
      vertex -7.06749 4.72235 48
    endloop
  endfacet
  facet normal -0.767362 0.459936 0.446783
    outer loop
      vertex -6.61441 3.53547 50
      vertex -6.23602 4.16678 50
      vertex -7.49633 4.00687 48
    endloop
  endfacet
  facet normal -0.767362 0.459936 0.446783
    outer loop
      vertex -6.23602 4.16678 50
      vertex -7.06749 4.72235 48
      vertex -7.49633 4.00687 48
    endloop
  endfacet
  facet normal -0.606882 0.363739 -0.706674
    outer loop
      vertex -11.6406 7.77798 2
      vertex -10.5831 5.65676 0
      vertex -12.3469 6.59955 2
    endloop
  endfacet
  facet normal -0.606853 0.363765 -0.706686
    outer loop
      vertex -9.97763 6.66684 0
      vertex -10.5831 5.65676 0
      vertex -11.6406 7.77798 2
    endloop
  endfacet
  facet normal -0.797039 0.591086 -0.123882
    outer loop
      vertex -11.2087 9.1987 6
      vertex -11.6406 7.77798 2
      vertex -12.0563 8.05577 6
    endloop
  endfacet
  facet normal -0.796995 0.59114 -0.123905
    outer loop
      vertex -11.2087 9.1987 6
      vertex -10.8221 8.88151 2
      vertex -11.6406 7.77798 2
    endloop
  endfacet
  facet normal -0.789471 0.585535 0.184074
    outer loop
      vertex -10.8091 7.22241 14
      vertex -10.0491 8.24711 14
      vertex -12.0563 8.05577 6
    endloop
  endfacet
  facet normal -0.7895 0.585495 0.184082
    outer loop
      vertex -10.0491 8.24711 14
      vertex -11.2087 9.1987 6
      vertex -12.0563 8.05577 6
    endloop
  endfacet
  facet normal -0.779282 0.577952 0.24226
    outer loop
      vertex -7.89896 5.27792 28
      vertex -7.3436 6.02674 28
      vertex -10.8091 7.22241 14
    endloop
  endfacet
  facet normal -0.77927 0.577969 0.242259
    outer loop
      vertex -7.3436 6.02674 28
      vertex -10.0491 8.24711 14
      vertex -10.8091 7.22241 14
    endloop
  endfacet
  facet normal -0.800105 0.593401 0.0877887
    outer loop
      vertex -6.65176 4.44456 45
      vertex -6.18408 5.07515 45
      vertex -7.89896 5.27792 28
    endloop
  endfacet
  facet normal -0.800108 0.593397 0.0877889
    outer loop
      vertex -6.18408 5.07515 45
      vertex -7.3436 6.02674 28
      vertex -7.89896 5.27792 28
    endloop
  endfacet
  facet normal -0.792304 0.587615 -0.164206
    outer loop
      vertex -6.57059 5.39234 48
      vertex -6.65176 4.44456 45
      vertex -7.06749 4.72235 48
    endloop
  endfacet
  facet normal -0.792303 0.587615 -0.164206
    outer loop
      vertex -6.57059 5.39234 48
      vertex -6.18408 5.07515 45
      vertex -6.65176 4.44456 45
    endloop
  endfacet
  facet normal -0.718585 0.532937 0.446783
    outer loop
      vertex -6.23602 4.16678 50
      vertex -5.79758 4.75795 50
      vertex -7.06749 4.72235 48
    endloop
  endfacet
  facet normal -0.718583 0.532939 0.446782
    outer loop
      vertex -5.79758 4.75795 50
      vertex -6.57059 5.39234 48
      vertex -7.06749 4.72235 48
    endloop
  endfacet
  facet normal -0.568276 0.421497 -0.706684
    outer loop
      vertex -10.8221 8.88151 2
      vertex -9.97763 6.66684 0
      vertex -11.6406 7.77798 2
    endloop
  endfacet
  facet normal -0.568301 0.421479 -0.706675
    outer loop
      vertex -9.27612 7.61272 0
      vertex -9.97763 6.66684 0
      vertex -10.8221 8.88151 2
    endloop
  endfacet
  facet normal -0.735194 0.666437 -0.123903
    outer loop
      vertex -10.253 10.253 6
      vertex -10.8221 8.88151 2
      vertex -11.2087 9.1987 6
    endloop
  endfacet
  facet normal -0.735256 0.666373 -0.123873
    outer loop
      vertex -10.253 10.253 6
      vertex -9.89949 9.89949 2
      vertex -10.8221 8.88151 2
    endloop
  endfacet
  facet normal -0.728305 0.660065 0.184082
    outer loop
      vertex -10.0491 8.24711 14
      vertex -9.19239 9.19239 14
      vertex -11.2087 9.1987 6
    endloop
  endfacet
  facet normal -0.728244 0.660137 0.184066
    outer loop
      vertex -9.19239 9.19239 14
      vertex -10.253 10.253 6
      vertex -11.2087 9.1987 6
    endloop
  endfacet
  facet normal -0.718873 0.651562 0.242258
    outer loop
      vertex -7.3436 6.02674 28
      vertex -6.71751 6.71751 28
      vertex -10.0491 8.24711 14
    endloop
  endfacet
  facet normal -0.718895 0.651536 0.242261
    outer loop
      vertex -6.71751 6.71751 28
      vertex -9.19239 9.19239 14
      vertex -10.0491 8.24711 14
    endloop
  endfacet
  facet normal -0.738085 0.668972 0.0877889
    outer loop
      vertex -6.18408 5.07515 45
      vertex -5.65685 5.65685 45
      vertex -7.3436 6.02674 28
    endloop
  endfacet
  facet normal -0.738084 0.668974 0.0877888
    outer loop
      vertex -5.65685 5.65685 45
      vertex -6.71751 6.71751 28
      vertex -7.3436 6.02674 28
    endloop
  endfacet
  facet normal -0.730897 0.662439 -0.164206
    outer loop
      vertex -6.01041 6.01041 48
      vertex -6.18408 5.07515 45
      vertex -6.57059 5.39234 48
    endloop
  endfacet
  facet normal -0.730888 0.662448 -0.164209
    outer loop
      vertex -6.01041 6.01041 48
      vertex -5.65685 5.65685 45
      vertex -6.18408 5.07515 45
    endloop
  endfacet
  facet normal -0.662885 0.600808 0.446782
    outer loop
      vertex -5.79758 4.75795 50
      vertex -5.3033 5.3033 50
      vertex -6.57059 5.39234 48
    endloop
  endfacet
  facet normal -0.662889 0.600801 0.446784
    outer loop
      vertex -5.3033 5.3033 50
      vertex -6.01041 6.01041 48
      vertex -6.57059 5.39234 48
    endloop
  endfacet
  facet normal -0.524259 0.475144 -0.706676
    outer loop
      vertex -9.89949 9.89949 2
      vertex -9.27612 7.61272 0
      vertex -10.8221 8.88151 2
    endloop
  endfacet
  facet normal -0.524249 0.47515 -0.70668
    outer loop
      vertex -8.48528 8.48528 0
      vertex -9.27612 7.61272 0
      vertex -9.89949 9.89949 2
    endloop
  endfacet
  facet normal -0.66644 0.735196 -0.123873
    outer loop
      vertex -9.1987 11.2087 6
      vertex -9.89949 9.89949 2
      vertex -10.253 10.253 6
    endloop
  endfacet
  facet normal -0.666371 0.735253 -0.123904
    outer loop
      vertex -9.1987 11.2087 6
      vertex -8.88151 10.8221 2
      vertex -9.89949 9.89949 2
    endloop
  endfacet
  facet normal -0.660067 0.728307 0.184065
    outer loop
      vertex -9.19239 9.19239 14
      vertex -8.24711 10.0491 14
      vertex -10.253 10.253 6
    endloop
  endfacet
  facet normal -0.660135 0.728242 0.184081
    outer loop
      vertex -8.24711 10.0491 14
      vertex -9.1987 11.2087 6
      vertex -10.253 10.253 6
    endloop
  endfacet
  facet normal -0.651561 0.718872 0.242261
    outer loop
      vertex -6.71751 6.71751 28
      vertex -6.02674 7.3436 28
      vertex -9.19239 9.19239 14
    endloop
  endfacet
  facet normal -0.651537 0.718895 0.242259
    outer loop
      vertex -6.02674 7.3436 28
      vertex -8.24711 10.0491 14
      vertex -9.19239 9.19239 14
    endloop
  endfacet
  facet normal -0.668972 0.738085 0.0877888
    outer loop
      vertex -5.65685 5.65685 45
      vertex -5.07515 6.18408 45
      vertex -6.71751 6.71751 28
    endloop
  endfacet
  facet normal -0.668974 0.738084 0.0877889
    outer loop
      vertex -5.07515 6.18408 45
      vertex -6.02674 7.3436 28
      vertex -6.71751 6.71751 28
    endloop
  endfacet
  facet normal -0.662439 0.730897 -0.164209
    outer loop
      vertex -5.39234 6.57059 48
      vertex -5.65685 5.65685 45
      vertex -6.01041 6.01041 48
    endloop
  endfacet
  facet normal -0.662449 0.730889 -0.164206
    outer loop
      vertex -5.39234 6.57059 48
      vertex -5.07515 6.18408 45
      vertex -5.65685 5.65685 45
    endloop
  endfacet
  facet normal -0.600807 0.662884 0.446784
    outer loop
      vertex -5.3033 5.3033 50
      vertex -4.75795 5.79758 50
      vertex -6.01041 6.01041 48
    endloop
  endfacet
  facet normal -0.600802 0.66289 0.446782
    outer loop
      vertex -4.75795 5.79758 50
      vertex -5.39234 6.57059 48
      vertex -6.01041 6.01041 48
    endloop
  endfacet
  facet normal -0.475141 0.524257 -0.706679
    outer loop
      vertex -8.88151 10.8221 2
      vertex -8.48528 8.48528 0
      vertex -9.89949 9.89949 2
    endloop
  endfacet
  facet normal -0.475153 0.524252 -0.706676
    outer loop
      vertex -7.61272 9.27612 0
      vertex -8.48528 8.48528 0
      vertex -8.88151 10.8221 2
    endloop
  endfacet
  facet normal -0.591084 0.797036 -0.123905
    outer loop
      vertex -8.05577 12.0563 6
      vertex -8.88151 10.8221 2
      vertex -9.1987 11.2087 6
    endloop
  endfacet
  facet normal -0.591142 0.796998 -0.123881
    outer loop
      vertex -8.05577 12.0563 6
      vertex -7.77798 11.6406 2
      vertex -8.88151 10.8221 2
    endloop
  endfacet
  facet normal -0.585535 0.78947 0.184082
    outer loop
      vertex -8.24711 10.0491 14
      vertex -7.22241 10.8091 14
      vertex -9.1987 11.2087 6
    endloop
  endfacet
  facet normal -0.585496 0.789501 0.184074
    outer loop
      vertex -7.22241 10.8091 14
      vertex -8.05577 12.0563 6
      vertex -9.1987 11.2087 6
    endloop
  endfacet
  facet normal -0.577953 0.779283 0.242258
    outer loop
      vertex -6.02674 7.3436 28
      vertex -5.27792 7.89896 28
      vertex -8.24711 10.0491 14
    endloop
  endfacet
  facet normal -0.577969 0.77927 0.24226
    outer loop
      vertex -5.27792 7.89896 28
      vertex -7.22241 10.8091 14
      vertex -8.24711 10.0491 14
    endloop
  endfacet
  facet normal -0.593401 0.800105 0.087789
    outer loop
      vertex -5.07515 6.18408 45
      vertex -4.44456 6.65176 45
      vertex -6.02674 7.3436 28
    endloop
  endfacet
  facet normal -0.593397 0.800108 0.0877887
    outer loop
      vertex -4.44456 6.65176 45
      vertex -5.27792 7.89896 28
      vertex -6.02674 7.3436 28
    endloop
  endfacet
  facet normal -0.587614 0.792304 -0.164206
    outer loop
      vertex -4.72235 7.06749 48
      vertex -5.07515 6.18408 45
      vertex -5.39234 6.57059 48
    endloop
  endfacet
  facet normal -0.587615 0.792303 -0.164206
    outer loop
      vertex -4.72235 7.06749 48
      vertex -4.44456 6.65176 45
      vertex -5.07515 6.18408 45
    endloop
  endfacet
  facet normal -0.532937 0.718585 0.446782
    outer loop
      vertex -4.75795 5.79758 50
      vertex -4.16678 6.23602 50
      vertex -5.39234 6.57059 48
    endloop
  endfacet
  facet normal -0.532939 0.718583 0.446783
    outer loop
      vertex -4.16678 6.23602 50
      vertex -4.72235 7.06749 48
      vertex -5.39234 6.57059 48
    endloop
  endfacet
  facet normal -0.421502 0.568283 -0.706676
    outer loop
      vertex -7.77798 11.6406 2
      vertex -7.61272 9.27612 0
      vertex -8.88151 10.8221 2
    endloop
  endfacet
  facet normal -0.421473 0.568293 -0.706685
    outer loop
      vertex -6.66684 9.97763 0
      vertex -7.61272 9.27612 0
      vertex -7.77798 11.6406 2
    endloop
  endfacet
  facet normal -0.510168 0.851107 -0.123881
    outer loop
      vertex -6.83525 12.7879 6
      vertex -7.77798 11.6406 2
      vertex -8.05577 12.0563 6
    endloop
  endfacet
  facet normal -0.510129 0.851128 -0.123896
    outer loop
      vertex -6.83525 12.7879 6
      vertex -6.59955 12.3469 2
      vertex -7.77798 11.6406 2
    endloop
  endfacet
  facet normal -0.505336 0.843061 0.184074
    outer loop
      vertex -7.22241 10.8091 14
      vertex -6.12816 11.465 14
      vertex -8.05577 12.0563 6
    endloop
  endfacet
  facet normal -0.505342 0.843057 0.184075
    outer loop
      vertex -6.12816 11.465 14
      vertex -6.83525 12.7879 6
      vertex -8.05577 12.0563 6
    endloop
  endfacet
  facet normal -0.498787 0.832179 0.24226
    outer loop
      vertex -5.27792 7.89896 28
      vertex -4.47827 8.37825 28
      vertex -7.22241 10.8091 14
    endloop
  endfacet
  facet normal -0.498806 0.832167 0.242262
    outer loop
      vertex -4.47827 8.37825 28
      vertex -6.12816 11.465 14
      vertex -7.22241 10.8091 14
    endloop
  endfacet
  facet normal -0.512114 0.85442 0.0877887
    outer loop
      vertex -4.44456 6.65176 45
      vertex -3.77117 7.05537 45
      vertex -5.27792 7.89896 28
    endloop
  endfacet
  facet normal -0.512116 0.854418 0.0877888
    outer loop
      vertex -3.77117 7.05537 45
      vertex -4.47827 8.37825 28
      vertex -5.27792 7.89896 28
    endloop
  endfacet
  facet normal -0.507122 0.846087 -0.164206
    outer loop
      vertex -4.00687 7.49633 48
      vertex -4.44456 6.65176 45
      vertex -4.72235 7.06749 48
    endloop
  endfacet
  facet normal -0.50712 0.846088 -0.164206
    outer loop
      vertex -4.00687 7.49633 48
      vertex -3.77117 7.05537 45
      vertex -4.44456 6.65176 45
    endloop
  endfacet
  facet normal -0.459936 0.767362 0.446783
    outer loop
      vertex -4.16678 6.23602 50
      vertex -3.53547 6.61441 50
      vertex -4.72235 7.06749 48
    endloop
  endfacet
  facet normal -0.459936 0.767362 0.446783
    outer loop
      vertex -3.53547 6.61441 50
      vertex -4.00687 7.49633 48
      vertex -4.72235 7.06749 48
    endloop
  endfacet
  facet normal -0.363733 0.606873 -0.706685
    outer loop
      vertex -6.59955 12.3469 2
      vertex -6.66684 9.97763 0
      vertex -7.77798 11.6406 2
    endloop
  endfacet
  facet normal -0.363771 0.606864 -0.706673
    outer loop
      vertex -6.59955 12.3469 2
      vertex -5.65676 10.5831 0
      vertex -6.66684 9.97763 0
    endloop
  endfacet
  facet normal -0.424265 0.897022 -0.123897
    outer loop
      vertex -5.54891 13.3963 6
      vertex -6.59955 12.3469 2
      vertex -6.83525 12.7879 6
    endloop
  endfacet
  facet normal -0.424253 0.897027 -0.123901
    outer loop
      vertex -5.54891 13.3963 6
      vertex -5.35757 12.9343 2
      vertex -6.59955 12.3469 2
    endloop
  endfacet
  facet normal -0.420211 0.88856 0.184075
    outer loop
      vertex -6.12816 11.465 14
      vertex -4.97488 12.0104 14
      vertex -6.83525 12.7879 6
    endloop
  endfacet
  facet normal -0.420252 0.888539 0.184083
    outer loop
      vertex -4.97488 12.0104 14
      vertex -5.54891 13.3963 6
      vertex -6.83525 12.7879 6
    endloop
  endfacet
  facet normal -0.414823 0.877058 0.242262
    outer loop
      vertex -4.47827 8.37825 28
      vertex -3.63549 8.77686 28
      vertex -6.12816 11.465 14
    endloop
  endfacet
  facet normal -0.414781 0.877079 0.242259
    outer loop
      vertex -3.63549 8.77686 28
      vertex -4.97488 12.0104 14
      vertex -6.12816 11.465 14
    endloop
  endfacet
  facet normal -0.425912 0.900496 0.0877888
    outer loop
      vertex -3.77117 7.05537 45
      vertex -3.06147 7.39104 45
      vertex -4.47827 8.37825 28
    endloop
  endfacet
  facet normal -0.425909 0.900497 0.0877886
    outer loop
      vertex -3.06147 7.39104 45
      vertex -3.63549 8.77686 28
      vertex -4.47827 8.37825 28
    endloop
  endfacet
  facet normal -0.421757 0.891716 -0.164206
    outer loop
      vertex -3.25281 7.85298 48
      vertex -3.77117 7.05537 45
      vertex -4.00687 7.49633 48
    endloop
  endfacet
  facet normal -0.421759 0.891715 -0.164206
    outer loop
      vertex -3.25281 7.85298 48
      vertex -3.06147 7.39104 45
      vertex -3.77117 7.05537 45
    endloop
  endfacet
  facet normal -0.382512 0.808746 0.446783
    outer loop
      vertex -3.53547 6.61441 50
      vertex -2.87012 6.9291 50
      vertex -4.00687 7.49633 48
    endloop
  endfacet
  facet normal -0.382514 0.808744 0.446784
    outer loop
      vertex -2.87012 6.9291 50
      vertex -3.25281 7.85298 48
      vertex -4.00687 7.49633 48
    endloop
  endfacet
  facet normal -0.302507 0.639611 -0.706673
    outer loop
      vertex -5.35757 12.9343 2
      vertex -5.65676 10.5831 0
      vertex -6.59955 12.3469 2
    endloop
  endfacet
  facet normal -0.302513 0.63961 -0.706671
    outer loop
      vertex -5.35757 12.9343 2
      vertex -4.5922 11.0866 0
      vertex -5.65676 10.5831 0
    endloop
  endfacet
  facet normal -0.334244 0.934307 -0.123901
    outer loop
      vertex -4.20913 13.8756 6
      vertex -5.35757 12.9343 2
      vertex -5.54891 13.3963 6
    endloop
  endfacet
  facet normal -0.334325 0.934282 -0.123872
    outer loop
      vertex -4.20913 13.8756 6
      vertex -4.06398 13.3972 2
      vertex -5.35757 12.9343 2
    endloop
  endfacet
  facet normal -0.33114 0.925451 0.184083
    outer loop
      vertex -4.97488 12.0104 14
      vertex -3.7737 12.4402 14
      vertex -5.54891 13.3963 6
    endloop
  endfacet
  facet normal -0.331084 0.925473 0.184073
    outer loop
      vertex -3.7737 12.4402 14
      vertex -4.20913 13.8756 6
      vertex -5.54891 13.3963 6
    endloop
  endfacet
  facet normal -0.326847 0.9135 0.242258
    outer loop
      vertex -3.63549 8.77686 28
      vertex -2.7577 9.09093 28
      vertex -4.97488 12.0104 14
    endloop
  endfacet
  facet normal -0.326862 0.913494 0.242259
    outer loop
      vertex -2.7577 9.09093 28
      vertex -3.7737 12.4402 14
      vertex -4.97488 12.0104 14
    endloop
  endfacet
  facet normal -0.335582 0.937911 0.0877887
    outer loop
      vertex -3.06147 7.39104 45
      vertex -2.32228 7.65552 45
      vertex -3.63549 8.77686 28
    endloop
  endfacet
  facet normal -0.335581 0.937912 0.0877886
    outer loop
      vertex -2.32228 7.65552 45
      vertex -2.7577 9.09093 28
      vertex -3.63549 8.77686 28
    endloop
  endfacet
  facet normal -0.33231 0.928766 -0.164206
    outer loop
      vertex -2.46742 8.13399 48
      vertex -3.06147 7.39104 45
      vertex -3.25281 7.85298 48
    endloop
  endfacet
  facet normal -0.33231 0.928766 -0.164206
    outer loop
      vertex -2.46742 8.13399 48
      vertex -2.32228 7.65552 45
      vertex -3.06147 7.39104 45
    endloop
  endfacet
  facet normal -0.30139 0.842347 0.446783
    outer loop
      vertex -2.87012 6.9291 50
      vertex -2.17713 7.17705 50
      vertex -3.25281 7.85298 48
    endloop
  endfacet
  facet normal -0.301389 0.842348 0.446783
    outer loop
      vertex -2.17713 7.17705 50
      vertex -2.46742 8.13399 48
      vertex -3.25281 7.85298 48
    endloop
  endfacet
  facet normal -0.238385 0.666174 -0.706671
    outer loop
      vertex -4.06398 13.3972 2
      vertex -4.5922 11.0866 0
      vertex -5.35757 12.9343 2
    endloop
  endfacet
  facet normal -0.238345 0.666176 -0.706684
    outer loop
      vertex -4.06398 13.3972 2
      vertex -3.48342 11.4833 0
      vertex -4.5922 11.0866 0
    endloop
  endfacet
  facet normal -0.24114 0.962552 -0.123872
    outer loop
      vertex -2.82881 14.2214 6
      vertex -4.06398 13.3972 2
      vertex -4.20913 13.8756 6
    endloop
  endfacet
  facet normal -0.241089 0.962563 -0.12389
    outer loop
      vertex -2.82881 14.2214 6
      vertex -2.73126 13.731 2
      vertex -4.06398 13.3972 2
    endloop
  endfacet
  facet normal -0.238839 0.953453 0.184073
    outer loop
      vertex -3.7737 12.4402 14
      vertex -2.53617 12.7502 14
      vertex -4.20913 13.8756 6
    endloop
  endfacet
  facet normal -0.238859 0.953447 0.184076
    outer loop
      vertex -2.53617 12.7502 14
      vertex -2.82881 14.2214 6
      vertex -4.20913 13.8756 6
    endloop
  endfacet
  facet normal -0.235747 0.941134 0.242259
    outer loop
      vertex -2.7577 9.09093 28
      vertex -1.85336 9.31746 28
      vertex -3.7737 12.4402 14
    endloop
  endfacet
  facet normal -0.235753 0.941133 0.24226
    outer loop
      vertex -1.85336 9.31746 28
      vertex -2.53617 12.7502 14
      vertex -3.7737 12.4402 14
    endloop
  endfacet
  facet normal -0.242041 0.966286 0.0877886
    outer loop
      vertex -2.32228 7.65552 45
      vertex -1.56072 7.84628 45
      vertex -2.7577 9.09093 28
    endloop
  endfacet
  facet normal -0.242047 0.966285 0.0877889
    outer loop
      vertex -1.56072 7.84628 45
      vertex -1.85336 9.31746 28
      vertex -2.7577 9.09093 28
    endloop
  endfacet
  facet normal -0.23968 0.956865 -0.164206
    outer loop
      vertex -1.65827 8.33667 48
      vertex -2.32228 7.65552 45
      vertex -2.46742 8.13399 48
    endloop
  endfacet
  facet normal -0.239681 0.956864 -0.164206
    outer loop
      vertex -1.65827 8.33667 48
      vertex -1.56072 7.84628 45
      vertex -2.32228 7.65552 45
    endloop
  endfacet
  facet normal -0.217386 0.86783 0.446783
    outer loop
      vertex -2.17713 7.17705 50
      vertex -1.46318 7.35589 50
      vertex -2.46742 8.13399 48
    endloop
  endfacet
  facet normal -0.217379 0.867833 0.446781
    outer loop
      vertex -1.46318 7.35589 50
      vertex -1.65827 8.33667 48
      vertex -2.46742 8.13399 48
    endloop
  endfacet
  facet normal -0.171902 0.68633 -0.706683
    outer loop
      vertex -2.73126 13.731 2
      vertex -3.48342 11.4833 0
      vertex -4.06398 13.3972 2
    endloop
  endfacet
  facet normal -0.171892 0.686329 -0.706686
    outer loop
      vertex -2.73126 13.731 2
      vertex -2.34108 11.7694 0
      vertex -3.48342 11.4833 0
    endloop
  endfacet
  facet normal -0.145606 0.981555 -0.12389
    outer loop
      vertex -1.42125 14.4302 6
      vertex -2.73126 13.731 2
      vertex -2.82881 14.2214 6
    endloop
  endfacet
  facet normal -0.145606 0.981555 -0.123889
    outer loop
      vertex -1.42125 14.4302 6
      vertex -1.37224 13.9326 2
      vertex -2.73126 13.731 2
    endloop
  endfacet
  facet normal -0.144229 0.972272 0.184077
    outer loop
      vertex -2.53617 12.7502 14
      vertex -1.27422 12.9374 14
      vertex -2.82881 14.2214 6
    endloop
  endfacet
  facet normal -0.144229 0.972273 0.184077
    outer loop
      vertex -1.27422 12.9374 14
      vertex -1.42125 14.4302 6
      vertex -2.82881 14.2214 6
    endloop
  endfacet
  facet normal -0.142354 0.959711 0.24226
    outer loop
      vertex -1.85336 9.31746 28
      vertex -0.931162 9.45425 28
      vertex -2.53617 12.7502 14
    endloop
  endfacet
  facet normal -0.142365 0.959709 0.242261
    outer loop
      vertex -0.931162 9.45425 28
      vertex -1.27422 12.9374 14
      vertex -2.53617 12.7502 14
    endloop
  endfacet
  facet normal -0.14617 0.985357 0.0877889
    outer loop
      vertex -1.56072 7.84628 45
      vertex -0.784137 7.96148 45
      vertex -1.85336 9.31746 28
    endloop
  endfacet
  facet normal -0.146159 0.985358 0.0877884
    outer loop
      vertex -0.784137 7.96148 45
      vertex -0.931162 9.45425 28
      vertex -1.85336 9.31746 28
    endloop
  endfacet
  facet normal -0.144744 0.975749 -0.164206
    outer loop
      vertex -0.833145 8.45907 48
      vertex -1.56072 7.84628 45
      vertex -1.65827 8.33667 48
    endloop
  endfacet
  facet normal -0.144745 0.975749 -0.164205
    outer loop
      vertex -0.833145 8.45907 48
      vertex -0.784137 7.96148 45
      vertex -1.56072 7.84628 45
    endloop
  endfacet
  facet normal -0.131276 0.88496 0.446781
    outer loop
      vertex -1.46318 7.35589 50
      vertex -0.735128 7.46389 50
      vertex -1.65827 8.33667 48
    endloop
  endfacet
  facet normal -0.131276 0.88496 0.446781
    outer loop
      vertex -0.735128 7.46389 50
      vertex -0.833145 8.45907 48
      vertex -1.65827 8.33667 48
    endloop
  endfacet
  facet normal -0.10382 0.699869 -0.706686
    outer loop
      vertex -1.37224 13.9326 2
      vertex -2.34108 11.7694 0
      vertex -2.73126 13.731 2
    endloop
  endfacet
  facet normal -0.10382 0.699869 -0.706686
    outer loop
      vertex -1.37224 13.9326 2
      vertex -1.17621 11.9422 0
      vertex -2.34108 11.7694 0
    endloop
  endfacet
  facet normal -0.0486747 0.991102 -0.123889
    outer loop
      vertex 0 14.5 6
      vertex -1.37224 13.9326 2
      vertex -1.42125 14.4302 6
    endloop
  endfacet
  facet normal -0.0486797 0.991101 -0.123888
    outer loop
      vertex 0 14.5 6
      vertex 0 14 2
      vertex -1.37224 13.9326 2
    endloop
  endfacet
  facet normal -0.0482304 0.981728 0.184077
    outer loop
      vertex -1.27422 12.9374 14
      vertex 0 13 14
      vertex -1.42125 14.4302 6
    endloop
  endfacet
  facet normal -0.0482144 0.981729 0.184074
    outer loop
      vertex 0 13 14
      vertex 0 14.5 6
      vertex -1.42125 14.4302 6
    endloop
  endfacet
  facet normal -0.0476111 0.969042 0.242261
    outer loop
      vertex -0.931162 9.45425 28
      vertex 0 9.5 28
      vertex -1.27422 12.9374 14
    endloop
  endfacet
  facet normal -0.0476072 0.969042 0.242261
    outer loop
      vertex 0 9.5 28
      vertex 0 13 14
      vertex -1.27422 12.9374 14
    endloop
  endfacet
  facet normal -0.0488755 0.994939 0.0877883
    outer loop
      vertex -0.784137 7.96148 45
      vertex 0 8 45
      vertex -0.931162 9.45425 28
    endloop
  endfacet
  facet normal -0.0488835 0.994939 0.0877887
    outer loop
      vertex 0 8 45
      vertex 0 9.5 28
      vertex -0.931162 9.45425 28
    endloop
  endfacet
  facet normal -0.0484019 0.985238 -0.164206
    outer loop
      vertex 0 8.5 48
      vertex -0.784137 7.96148 45
      vertex -0.833145 8.45907 48
    endloop
  endfacet
  facet normal -0.0483989 0.985238 -0.164206
    outer loop
      vertex 0 8.5 48
      vertex 0 8 45
      vertex -0.784137 7.96148 45
    endloop
  endfacet
  facet normal -0.0438926 0.893566 0.446781
    outer loop
      vertex -0.735128 7.46389 50
      vertex 0 7.5 50
      vertex -0.833145 8.45907 48
    endloop
  endfacet
  facet normal -0.0438983 0.893565 0.446782
    outer loop
      vertex 0 7.5 50
      vertex 0 8.5 48
      vertex -0.833145 8.45907 48
    endloop
  endfacet
  facet normal -0.0347096 0.706676 -0.706686
    outer loop
      vertex 0 14 2
      vertex -1.17621 11.9422 0
      vertex -1.37224 13.9326 2
    endloop
  endfacet
  facet normal -0.0347269 0.70668 -0.70668
    outer loop
      vertex 0 14 2
      vertex 0 12 0
      vertex -1.17621 11.9422 0
    endloop
  endfacet
  facet normal 0.0486747 0.991102 -0.123888
    outer loop
      vertex 0 14.5 6
      vertex 1.42125 14.4302 6
      vertex 0 14 2
    endloop
  endfacet
  facet normal 0.0486797 0.991101 -0.123889
    outer loop
      vertex 1.42125 14.4302 6
      vertex 1.37224 13.9326 2
      vertex 0 14 2
    endloop
  endfacet
  facet normal 0.0482304 0.981728 0.184074
    outer loop
      vertex 1.27422 12.9374 14
      vertex 0 14.5 6
      vertex 0 13 14
    endloop
  endfacet
  facet normal 0.0482144 0.981729 0.184077
    outer loop
      vertex 1.27422 12.9374 14
      vertex 1.42125 14.4302 6
      vertex 0 14.5 6
    endloop
  endfacet
  facet normal 0.0476111 0.969042 0.242261
    outer loop
      vertex 0.931162 9.45425 28
      vertex 0 13 14
      vertex 0 9.5 28
    endloop
  endfacet
  facet normal 0.0476072 0.969042 0.242261
    outer loop
      vertex 0.931162 9.45425 28
      vertex 1.27422 12.9374 14
      vertex 0 13 14
    endloop
  endfacet
  facet normal 0.0488755 0.994939 0.0877888
    outer loop
      vertex 0.784137 7.96148 45
      vertex 0 9.5 28
      vertex 0 8 45
    endloop
  endfacet
  facet normal 0.0488835 0.994939 0.0877884
    outer loop
      vertex 0.784137 7.96148 45
      vertex 0.931162 9.45425 28
      vertex 0 9.5 28
    endloop
  endfacet
  facet normal 0.0484019 0.985238 -0.164206
    outer loop
      vertex 0 8.5 48
      vertex 0.833145 8.45907 48
      vertex 0 8 45
    endloop
  endfacet
  facet normal 0.0483989 0.985238 -0.164206
    outer loop
      vertex 0.833145 8.45907 48
      vertex 0.784137 7.96148 45
      vertex 0 8 45
    endloop
  endfacet
  facet normal 0.0438925 0.893565 0.446783
    outer loop
      vertex 0.735128 7.46389 50
      vertex 0 8.5 48
      vertex 0 7.5 50
    endloop
  endfacet
  facet normal 0.0438983 0.893566 0.446781
    outer loop
      vertex 0.735128 7.46389 50
      vertex 0.833145 8.45907 48
      vertex 0 8.5 48
    endloop
  endfacet
  facet normal 0.0347099 0.706681 -0.706681
    outer loop
      vertex 0 14 2
      vertex 1.37224 13.9326 2
      vertex 0 12 0
    endloop
  endfacet
  facet normal 0.0347266 0.706674 -0.706686
    outer loop
      vertex 1.37224 13.9326 2
      vertex 1.17621 11.9422 0
      vertex 0 12 0
    endloop
  endfacet
  facet normal 0.145606 0.981555 -0.123889
    outer loop
      vertex 1.42125 14.4302 6
      vertex 2.82881 14.2214 6
      vertex 1.37224 13.9326 2
    endloop
  endfacet
  facet normal 0.145606 0.981555 -0.12389
    outer loop
      vertex 2.82881 14.2214 6
      vertex 2.73126 13.731 2
      vertex 1.37224 13.9326 2
    endloop
  endfacet
  facet normal 0.144229 0.972273 0.184077
    outer loop
      vertex 2.53617 12.7502 14
      vertex 1.42125 14.4302 6
      vertex 1.27422 12.9374 14
    endloop
  endfacet
  facet normal 0.144229 0.972273 0.184077
    outer loop
      vertex 2.53617 12.7502 14
      vertex 2.82881 14.2214 6
      vertex 1.42125 14.4302 6
    endloop
  endfacet
  facet normal 0.142354 0.959711 0.242261
    outer loop
      vertex 1.85336 9.31746 28
      vertex 1.27422 12.9374 14
      vertex 0.931162 9.45425 28
    endloop
  endfacet
  facet normal 0.142365 0.959709 0.24226
    outer loop
      vertex 1.85336 9.31746 28
      vertex 2.53617 12.7502 14
      vertex 1.27422 12.9374 14
    endloop
  endfacet
  facet normal 0.14617 0.985357 0.0877883
    outer loop
      vertex 1.56072 7.84628 45
      vertex 0.931162 9.45425 28
      vertex 0.784137 7.96148 45
    endloop
  endfacet
  facet normal 0.146159 0.985358 0.0877889
    outer loop
      vertex 1.56072 7.84628 45
      vertex 1.85336 9.31746 28
      vertex 0.931162 9.45425 28
    endloop
  endfacet
  facet normal 0.144744 0.975749 -0.164205
    outer loop
      vertex 0.833145 8.45907 48
      vertex 1.65827 8.33667 48
      vertex 0.784137 7.96148 45
    endloop
  endfacet
  facet normal 0.144745 0.975749 -0.164206
    outer loop
      vertex 1.65827 8.33667 48
      vertex 1.56072 7.84628 45
      vertex 0.784137 7.96148 45
    endloop
  endfacet
  facet normal 0.131276 0.88496 0.446781
    outer loop
      vertex 1.46318 7.35589 50
      vertex 0.833145 8.45907 48
      vertex 0.735128 7.46389 50
    endloop
  endfacet
  facet normal 0.131276 0.88496 0.446781
    outer loop
      vertex 1.46318 7.35589 50
      vertex 1.65827 8.33667 48
      vertex 0.833145 8.45907 48
    endloop
  endfacet
  facet normal 0.10382 0.699869 -0.706686
    outer loop
      vertex 1.37224 13.9326 2
      vertex 2.73126 13.731 2
      vertex 1.17621 11.9422 0
    endloop
  endfacet
  facet normal 0.10382 0.699869 -0.706686
    outer loop
      vertex 2.73126 13.731 2
      vertex 2.34108 11.7694 0
      vertex 1.17621 11.9422 0
    endloop
  endfacet
  facet normal 0.24114 0.96255 -0.123889
    outer loop
      vertex 2.82881 14.2214 6
      vertex 4.20913 13.8756 6
      vertex 2.73126 13.731 2
    endloop
  endfacet
  facet normal 0.241089 0.962565 -0.123871
    outer loop
      vertex 4.20913 13.8756 6
      vertex 4.06398 13.3972 2
      vertex 2.73126 13.731 2
    endloop
  endfacet
  facet normal 0.238839 0.953453 0.184077
    outer loop
      vertex 3.7737 12.4402 14
      vertex 2.82881 14.2214 6
      vertex 2.53617 12.7502 14
    endloop
  endfacet
  facet normal 0.238859 0.953448 0.184073
    outer loop
      vertex 3.7737 12.4402 14
      vertex 4.20913 13.8756 6
      vertex 2.82881 14.2214 6
    endloop
  endfacet
  facet normal 0.235747 0.941134 0.24226
    outer loop
      vertex 2.7577 9.09093 28
      vertex 2.53617 12.7502 14
      vertex 1.85336 9.31746 28
    endloop
  endfacet
  facet normal 0.235753 0.941133 0.242259
    outer loop
      vertex 2.7577 9.09093 28
      vertex 3.7737 12.4402 14
      vertex 2.53617 12.7502 14
    endloop
  endfacet
  facet normal 0.242041 0.966286 0.0877889
    outer loop
      vertex 2.32228 7.65552 45
      vertex 1.85336 9.31746 28
      vertex 1.56072 7.84628 45
    endloop
  endfacet
  facet normal 0.242047 0.966285 0.0877886
    outer loop
      vertex 2.32228 7.65552 45
      vertex 2.7577 9.09093 28
      vertex 1.85336 9.31746 28
    endloop
  endfacet
  facet normal 0.23968 0.956865 -0.164206
    outer loop
      vertex 1.65827 8.33667 48
      vertex 2.46742 8.13399 48
      vertex 1.56072 7.84628 45
    endloop
  endfacet
  facet normal 0.239681 0.956864 -0.164206
    outer loop
      vertex 2.46742 8.13399 48
      vertex 2.32228 7.65552 45
      vertex 1.56072 7.84628 45
    endloop
  endfacet
  facet normal 0.217386 0.867831 0.446781
    outer loop
      vertex 2.17713 7.17705 50
      vertex 1.65827 8.33667 48
      vertex 1.46318 7.35589 50
    endloop
  endfacet
  facet normal 0.217379 0.867832 0.446783
    outer loop
      vertex 2.17713 7.17705 50
      vertex 2.46742 8.13399 48
      vertex 1.65827 8.33667 48
    endloop
  endfacet
  facet normal 0.171901 0.686327 -0.706686
    outer loop
      vertex 2.73126 13.731 2
      vertex 4.06398 13.3972 2
      vertex 2.34108 11.7694 0
    endloop
  endfacet
  facet normal 0.171893 0.686332 -0.706683
    outer loop
      vertex 4.06398 13.3972 2
      vertex 3.48342 11.4833 0
      vertex 2.34108 11.7694 0
    endloop
  endfacet
  facet normal 0.334245 0.93431 -0.123872
    outer loop
      vertex 4.20913 13.8756 6
      vertex 5.54891 13.3963 6
      vertex 4.06398 13.3972 2
    endloop
  endfacet
  facet normal 0.334323 0.934278 -0.123902
    outer loop
      vertex 5.54891 13.3963 6
      vertex 5.35757 12.9343 2
      vertex 4.06398 13.3972 2
    endloop
  endfacet
  facet normal 0.331141 0.925453 0.184073
    outer loop
      vertex 4.97488 12.0104 14
      vertex 4.20913 13.8756 6
      vertex 3.7737 12.4402 14
    endloop
  endfacet
  facet normal 0.331083 0.925472 0.184083
    outer loop
      vertex 4.97488 12.0104 14
      vertex 5.54891 13.3963 6
      vertex 4.20913 13.8756 6
    endloop
  endfacet
  facet normal 0.326847 0.9135 0.24226
    outer loop
      vertex 3.63549 8.77686 28
      vertex 3.7737 12.4402 14
      vertex 2.7577 9.09093 28
    endloop
  endfacet
  facet normal 0.326862 0.913495 0.242258
    outer loop
      vertex 4.97488 12.0104 14
      vertex 3.7737 12.4402 14
      vertex 3.63549 8.77686 28
    endloop
  endfacet
  facet normal 0.335582 0.937911 0.0877886
    outer loop
      vertex 3.06147 7.39104 45
      vertex 2.7577 9.09093 28
      vertex 2.32228 7.65552 45
    endloop
  endfacet
  facet normal 0.335581 0.937912 0.0877887
    outer loop
      vertex 3.06147 7.39104 45
      vertex 3.63549 8.77686 28
      vertex 2.7577 9.09093 28
    endloop
  endfacet
  facet normal 0.33231 0.928766 -0.164206
    outer loop
      vertex 2.46742 8.13399 48
      vertex 3.25281 7.85298 48
      vertex 2.32228 7.65552 45
    endloop
  endfacet
  facet normal 0.33231 0.928766 -0.164206
    outer loop
      vertex 3.25281 7.85298 48
      vertex 3.06147 7.39104 45
      vertex 2.32228 7.65552 45
    endloop
  endfacet
  facet normal 0.30139 0.842347 0.446783
    outer loop
      vertex 2.87012 6.9291 50
      vertex 2.46742 8.13399 48
      vertex 2.17713 7.17705 50
    endloop
  endfacet
  facet normal 0.301389 0.842347 0.446783
    outer loop
      vertex 2.87012 6.9291 50
      vertex 3.25281 7.85298 48
      vertex 2.46742 8.13399 48
    endloop
  endfacet
  facet normal 0.238381 0.666164 -0.706683
    outer loop
      vertex 4.06398 13.3972 2
      vertex 5.35757 12.9343 2
      vertex 3.48342 11.4833 0
    endloop
  endfacet
  facet normal 0.238349 0.666188 -0.70667
    outer loop
      vertex 5.35757 12.9343 2
      vertex 4.5922 11.0866 0
      vertex 3.48342 11.4833 0
    endloop
  endfacet
  facet normal 0.424264 0.897022 -0.123901
    outer loop
      vertex 5.54891 13.3963 6
      vertex 6.83525 12.7879 6
      vertex 5.35757 12.9343 2
    endloop
  endfacet
  facet normal 0.424253 0.897028 -0.123896
    outer loop
      vertex 6.83525 12.7879 6
      vertex 6.59955 12.3469 2
      vertex 5.35757 12.9343 2
    endloop
  endfacet
  facet normal 0.42021 0.888559 0.184083
    outer loop
      vertex 6.12816 11.465 14
      vertex 5.54891 13.3963 6
      vertex 4.97488 12.0104 14
    endloop
  endfacet
  facet normal 0.420253 0.88854 0.184076
    outer loop
      vertex 6.12816 11.465 14
      vertex 6.83525 12.7879 6
      vertex 5.54891 13.3963 6
    endloop
  endfacet
  facet normal 0.414823 0.877059 0.242258
    outer loop
      vertex 4.47827 8.37825 28
      vertex 4.97488 12.0104 14
      vertex 3.63549 8.77686 28
    endloop
  endfacet
  facet normal 0.414781 0.877078 0.242262
    outer loop
      vertex 6.12816 11.465 14
      vertex 4.97488 12.0104 14
      vertex 4.47827 8.37825 28
    endloop
  endfacet
  facet normal 0.425912 0.900496 0.0877886
    outer loop
      vertex 3.77117 7.05537 45
      vertex 3.63549 8.77686 28
      vertex 3.06147 7.39104 45
    endloop
  endfacet
  facet normal 0.425908 0.900497 0.0877888
    outer loop
      vertex 3.77117 7.05537 45
      vertex 4.47827 8.37825 28
      vertex 3.63549 8.77686 28
    endloop
  endfacet
  facet normal 0.421757 0.891716 -0.164206
    outer loop
      vertex 3.25281 7.85298 48
      vertex 4.00687 7.49633 48
      vertex 3.06147 7.39104 45
    endloop
  endfacet
  facet normal 0.421759 0.891715 -0.164206
    outer loop
      vertex 4.00687 7.49633 48
      vertex 3.77117 7.05537 45
      vertex 3.06147 7.39104 45
    endloop
  endfacet
  facet normal 0.382512 0.808745 0.446784
    outer loop
      vertex 3.53547 6.61441 50
      vertex 3.25281 7.85298 48
      vertex 2.87012 6.9291 50
    endloop
  endfacet
  facet normal 0.382514 0.808745 0.446783
    outer loop
      vertex 3.53547 6.61441 50
      vertex 4.00687 7.49633 48
      vertex 3.25281 7.85298 48
    endloop
  endfacet
  facet normal 0.302508 0.639613 -0.706671
    outer loop
      vertex 5.35757 12.9343 2
      vertex 6.59955 12.3469 2
      vertex 4.5922 11.0866 0
    endloop
  endfacet
  facet normal 0.302513 0.639608 -0.706673
    outer loop
      vertex 6.59955 12.3469 2
      vertex 5.65676 10.5831 0
      vertex 4.5922 11.0866 0
    endloop
  endfacet
  facet normal 0.510167 0.851105 -0.123896
    outer loop
      vertex 6.83525 12.7879 6
      vertex 8.05577 12.0563 6
      vertex 6.59955 12.3469 2
    endloop
  endfacet
  facet normal 0.51013 0.851129 -0.123881
    outer loop
      vertex 8.05577 12.0563 6
      vertex 7.77798 11.6406 2
      vertex 6.59955 12.3469 2
    endloop
  endfacet
  facet normal 0.505336 0.843061 0.184075
    outer loop
      vertex 7.22241 10.8091 14
      vertex 6.83525 12.7879 6
      vertex 6.12816 11.465 14
    endloop
  endfacet
  facet normal 0.505343 0.843057 0.184074
    outer loop
      vertex 7.22241 10.8091 14
      vertex 8.05577 12.0563 6
      vertex 6.83525 12.7879 6
    endloop
  endfacet
  facet normal 0.498787 0.832178 0.242262
    outer loop
      vertex 5.27792 7.89896 28
      vertex 6.12816 11.465 14
      vertex 4.47827 8.37825 28
    endloop
  endfacet
  facet normal 0.498806 0.832167 0.24226
    outer loop
      vertex 7.22241 10.8091 14
      vertex 6.12816 11.465 14
      vertex 5.27792 7.89896 28
    endloop
  endfacet
  facet normal 0.512114 0.854419 0.0877888
    outer loop
      vertex 4.44456 6.65176 45
      vertex 4.47827 8.37825 28
      vertex 3.77117 7.05537 45
    endloop
  endfacet
  facet normal 0.512116 0.854418 0.0877887
    outer loop
      vertex 5.27792 7.89896 28
      vertex 4.47827 8.37825 28
      vertex 4.44456 6.65176 45
    endloop
  endfacet
  facet normal 0.507122 0.846087 -0.164206
    outer loop
      vertex 4.00687 7.49633 48
      vertex 4.72235 7.06749 48
      vertex 3.77117 7.05537 45
    endloop
  endfacet
  facet normal 0.50712 0.846088 -0.164206
    outer loop
      vertex 4.72235 7.06749 48
      vertex 4.44456 6.65176 45
      vertex 3.77117 7.05537 45
    endloop
  endfacet
  facet normal 0.459936 0.767362 0.446783
    outer loop
      vertex 4.16678 6.23602 50
      vertex 4.00687 7.49633 48
      vertex 3.53547 6.61441 50
    endloop
  endfacet
  facet normal 0.459936 0.767362 0.446783
    outer loop
      vertex 4.16678 6.23602 50
      vertex 4.72235 7.06749 48
      vertex 4.00687 7.49633 48
    endloop
  endfacet
  facet normal 0.363739 0.606882 -0.706674
    outer loop
      vertex 6.59955 12.3469 2
      vertex 7.77798 11.6406 2
      vertex 5.65676 10.5831 0
    endloop
  endfacet
  facet normal 0.363765 0.606853 -0.706686
    outer loop
      vertex 7.77798 11.6406 2
      vertex 6.66684 9.97763 0
      vertex 5.65676 10.5831 0
    endloop
  endfacet
  facet normal 0.591086 0.797039 -0.123882
    outer loop
      vertex 8.05577 12.0563 6
      vertex 9.1987 11.2087 6
      vertex 7.77798 11.6406 2
    endloop
  endfacet
  facet normal 0.59114 0.796995 -0.123905
    outer loop
      vertex 9.1987 11.2087 6
      vertex 8.88151 10.8221 2
      vertex 7.77798 11.6406 2
    endloop
  endfacet
  facet normal 0.585535 0.789471 0.184074
    outer loop
      vertex 8.24711 10.0491 14
      vertex 8.05577 12.0563 6
      vertex 7.22241 10.8091 14
    endloop
  endfacet
  facet normal 0.585495 0.7895 0.184082
    outer loop
      vertex 8.24711 10.0491 14
      vertex 9.1987 11.2087 6
      vertex 8.05577 12.0563 6
    endloop
  endfacet
  facet normal 0.577952 0.779282 0.24226
    outer loop
      vertex 6.02674 7.3436 28
      vertex 7.22241 10.8091 14
      vertex 5.27792 7.89896 28
    endloop
  endfacet
  facet normal 0.577969 0.77927 0.242259
    outer loop
      vertex 8.24711 10.0491 14
      vertex 7.22241 10.8091 14
      vertex 6.02674 7.3436 28
    endloop
  endfacet
  facet normal 0.593401 0.800105 0.0877887
    outer loop
      vertex 5.07515 6.18408 45
      vertex 5.27792 7.89896 28
      vertex 4.44456 6.65176 45
    endloop
  endfacet
  facet normal 0.593397 0.800108 0.0877889
    outer loop
      vertex 6.02674 7.3436 28
      vertex 5.27792 7.89896 28
      vertex 5.07515 6.18408 45
    endloop
  endfacet
  facet normal 0.587615 0.792304 -0.164206
    outer loop
      vertex 4.72235 7.06749 48
      vertex 5.39234 6.57059 48
      vertex 4.44456 6.65176 45
    endloop
  endfacet
  facet normal 0.587615 0.792303 -0.164206
    outer loop
      vertex 5.39234 6.57059 48
      vertex 5.07515 6.18408 45
      vertex 4.44456 6.65176 45
    endloop
  endfacet
  facet normal 0.532937 0.718585 0.446783
    outer loop
      vertex 4.75795 5.79758 50
      vertex 4.72235 7.06749 48
      vertex 4.16678 6.23602 50
    endloop
  endfacet
  facet normal 0.532939 0.718583 0.446782
    outer loop
      vertex 4.75795 5.79758 50
      vertex 5.39234 6.57059 48
      vertex 4.72235 7.06749 48
    endloop
  endfacet
  facet normal 0.421497 0.568276 -0.706684
    outer loop
      vertex 7.77798 11.6406 2
      vertex 8.88151 10.8221 2
      vertex 6.66684 9.97763 0
    endloop
  endfacet
  facet normal 0.421479 0.568301 -0.706675
    outer loop
      vertex 8.88151 10.8221 2
      vertex 7.61272 9.27612 0
      vertex 6.66684 9.97763 0
    endloop
  endfacet
  facet normal 0.666437 0.735194 -0.123903
    outer loop
      vertex 9.1987 11.2087 6
      vertex 10.253 10.253 6
      vertex 8.88151 10.8221 2
    endloop
  endfacet
  facet normal 0.666373 0.735256 -0.123873
    outer loop
      vertex 10.253 10.253 6
      vertex 9.89949 9.89949 2
      vertex 8.88151 10.8221 2
    endloop
  endfacet
  facet normal 0.660065 0.728305 0.184082
    outer loop
      vertex 9.19239 9.19239 14
      vertex 9.1987 11.2087 6
      vertex 8.24711 10.0491 14
    endloop
  endfacet
  facet normal 0.660137 0.728244 0.184066
    outer loop
      vertex 10.253 10.253 6
      vertex 9.1987 11.2087 6
      vertex 9.19239 9.19239 14
    endloop
  endfacet
  facet normal 0.651562 0.718873 0.242258
    outer loop
      vertex 6.71751 6.71751 28
      vertex 8.24711 10.0491 14
      vertex 6.02674 7.3436 28
    endloop
  endfacet
  facet normal 0.651536 0.718895 0.242261
    outer loop
      vertex 9.19239 9.19239 14
      vertex 8.24711 10.0491 14
      vertex 6.71751 6.71751 28
    endloop
  endfacet
  facet normal 0.668972 0.738085 0.0877889
    outer loop
      vertex 5.65685 5.65685 45
      vertex 6.02674 7.3436 28
      vertex 5.07515 6.18408 45
    endloop
  endfacet
  facet normal 0.668974 0.738084 0.0877888
    outer loop
      vertex 6.71751 6.71751 28
      vertex 6.02674 7.3436 28
      vertex 5.65685 5.65685 45
    endloop
  endfacet
  facet normal 0.662439 0.730897 -0.164206
    outer loop
      vertex 5.39234 6.57059 48
      vertex 6.01041 6.01041 48
      vertex 5.07515 6.18408 45
    endloop
  endfacet
  facet normal 0.662448 0.730888 -0.164209
    outer loop
      vertex 6.01041 6.01041 48
      vertex 5.65685 5.65685 45
      vertex 5.07515 6.18408 45
    endloop
  endfacet
  facet normal 0.600808 0.662885 0.446782
    outer loop
      vertex 5.3033 5.3033 50
      vertex 5.39234 6.57059 48
      vertex 4.75795 5.79758 50
    endloop
  endfacet
  facet normal 0.600801 0.662889 0.446784
    outer loop
      vertex 6.01041 6.01041 48
      vertex 5.39234 6.57059 48
      vertex 5.3033 5.3033 50
    endloop
  endfacet
  facet normal 0.475144 0.524259 -0.706676
    outer loop
      vertex 8.88151 10.8221 2
      vertex 9.89949 9.89949 2
      vertex 7.61272 9.27612 0
    endloop
  endfacet
  facet normal 0.47515 0.524249 -0.70668
    outer loop
      vertex 9.89949 9.89949 2
      vertex 8.48528 8.48528 0
      vertex 7.61272 9.27612 0
    endloop
  endfacet
  facet normal 0.735196 0.66644 -0.123873
    outer loop
      vertex 10.253 10.253 6
      vertex 11.2087 9.1987 6
      vertex 9.89949 9.89949 2
    endloop
  endfacet
  facet normal 0.735253 0.666371 -0.123904
    outer loop
      vertex 11.2087 9.1987 6
      vertex 10.8221 8.88151 2
      vertex 9.89949 9.89949 2
    endloop
  endfacet
  facet normal 0.728307 0.660067 0.184065
    outer loop
      vertex 10.0491 8.24711 14
      vertex 10.253 10.253 6
      vertex 9.19239 9.19239 14
    endloop
  endfacet
  facet normal 0.728242 0.660135 0.184081
    outer loop
      vertex 11.2087 9.1987 6
      vertex 10.253 10.253 6
      vertex 10.0491 8.24711 14
    endloop
  endfacet
  facet normal 0.718872 0.651561 0.242261
    outer loop
      vertex 7.3436 6.02674 28
      vertex 9.19239 9.19239 14
      vertex 6.71751 6.71751 28
    endloop
  endfacet
  facet normal 0.718895 0.651537 0.242259
    outer loop
      vertex 10.0491 8.24711 14
      vertex 9.19239 9.19239 14
      vertex 7.3436 6.02674 28
    endloop
  endfacet
  facet normal 0.738085 0.668972 0.0877888
    outer loop
      vertex 6.18408 5.07515 45
      vertex 6.71751 6.71751 28
      vertex 5.65685 5.65685 45
    endloop
  endfacet
  facet normal 0.738084 0.668974 0.0877889
    outer loop
      vertex 7.3436 6.02674 28
      vertex 6.71751 6.71751 28
      vertex 6.18408 5.07515 45
    endloop
  endfacet
  facet normal 0.730897 0.662439 -0.164209
    outer loop
      vertex 6.01041 6.01041 48
      vertex 6.57059 5.39234 48
      vertex 5.65685 5.65685 45
    endloop
  endfacet
  facet normal 0.730889 0.662449 -0.164206
    outer loop
      vertex 6.57059 5.39234 48
      vertex 6.18408 5.07515 45
      vertex 5.65685 5.65685 45
    endloop
  endfacet
  facet normal 0.662884 0.600807 0.446784
    outer loop
      vertex 5.79758 4.75795 50
      vertex 6.01041 6.01041 48
      vertex 5.3033 5.3033 50
    endloop
  endfacet
  facet normal 0.66289 0.600802 0.446782
    outer loop
      vertex 6.57059 5.39234 48
      vertex 6.01041 6.01041 48
      vertex 5.79758 4.75795 50
    endloop
  endfacet
  facet normal 0.524257 0.475141 -0.706679
    outer loop
      vertex 9.89949 9.89949 2
      vertex 10.8221 8.88151 2
      vertex 8.48528 8.48528 0
    endloop
  endfacet
  facet normal 0.524252 0.475153 -0.706676
    outer loop
      vertex 10.8221 8.88151 2
      vertex 9.27612 7.61272 0
      vertex 8.48528 8.48528 0
    endloop
  endfacet
  facet normal 0.797036 0.591084 -0.123905
    outer loop
      vertex 11.2087 9.1987 6
      vertex 12.0563 8.05577 6
      vertex 10.8221 8.88151 2
    endloop
  endfacet
  facet normal 0.796998 0.591142 -0.123881
    outer loop
      vertex 12.0563 8.05577 6
      vertex 11.6406 7.77798 2
      vertex 10.8221 8.88151 2
    endloop
  endfacet
  facet normal 0.78947 0.585535 0.184082
    outer loop
      vertex 10.8091 7.22241 14
      vertex 11.2087 9.1987 6
      vertex 10.0491 8.24711 14
    endloop
  endfacet
  facet normal 0.789501 0.585496 0.184074
    outer loop
      vertex 12.0563 8.05577 6
      vertex 11.2087 9.1987 6
      vertex 10.8091 7.22241 14
    endloop
  endfacet
  facet normal 0.779283 0.577953 0.242258
    outer loop
      vertex 7.89896 5.27792 28
      vertex 10.0491 8.24711 14
      vertex 7.3436 6.02674 28
    endloop
  endfacet
  facet normal 0.77927 0.577969 0.24226
    outer loop
      vertex 10.8091 7.22241 14
      vertex 10.0491 8.24711 14
      vertex 7.89896 5.27792 28
    endloop
  endfacet
  facet normal 0.800105 0.593401 0.087789
    outer loop
      vertex 6.65176 4.44456 45
      vertex 7.3436 6.02674 28
      vertex 6.18408 5.07515 45
    endloop
  endfacet
  facet normal 0.800108 0.593397 0.0877887
    outer loop
      vertex 7.89896 5.27792 28
      vertex 7.3436 6.02674 28
      vertex 6.65176 4.44456 45
    endloop
  endfacet
  facet normal 0.792304 0.587614 -0.164206
    outer loop
      vertex 6.57059 5.39234 48
      vertex 7.06749 4.72235 48
      vertex 6.18408 5.07515 45
    endloop
  endfacet
  facet normal 0.792303 0.587615 -0.164206
    outer loop
      vertex 7.06749 4.72235 48
      vertex 6.65176 4.44456 45
      vertex 6.18408 5.07515 45
    endloop
  endfacet
  facet normal 0.718585 0.532937 0.446782
    outer loop
      vertex 6.23602 4.16678 50
      vertex 6.57059 5.39234 48
      vertex 5.79758 4.75795 50
    endloop
  endfacet
  facet normal 0.718583 0.532939 0.446783
    outer loop
      vertex 7.06749 4.72235 48
      vertex 6.57059 5.39234 48
      vertex 6.23602 4.16678 50
    endloop
  endfacet
  facet normal 0.568283 0.421502 -0.706676
    outer loop
      vertex 10.8221 8.88151 2
      vertex 11.6406 7.77798 2
      vertex 9.27612 7.61272 0
    endloop
  endfacet
  facet normal 0.568293 0.421473 -0.706685
    outer loop
      vertex 11.6406 7.77798 2
      vertex 9.97763 6.66684 0
      vertex 9.27612 7.61272 0
    endloop
  endfacet
  facet normal 0.851107 0.510168 -0.123881
    outer loop
      vertex 12.0563 8.05577 6
      vertex 12.7879 6.83525 6
      vertex 11.6406 7.77798 2
    endloop
  endfacet
  facet normal 0.851128 0.510129 -0.123896
    outer loop
      vertex 12.7879 6.83525 6
      vertex 12.3469 6.59955 2
      vertex 11.6406 7.77798 2
    endloop
  endfacet
  facet normal 0.843061 0.505336 0.184074
    outer loop
      vertex 11.465 6.12816 14
      vertex 12.0563 8.05577 6
      vertex 10.8091 7.22241 14
    endloop
  endfacet
  facet normal 0.843057 0.505342 0.184075
    outer loop
      vertex 12.7879 6.83525 6
      vertex 12.0563 8.05577 6
      vertex 11.465 6.12816 14
    endloop
  endfacet
  facet normal 0.832179 0.498787 0.24226
    outer loop
      vertex 8.37825 4.47827 28
      vertex 10.8091 7.22241 14
      vertex 7.89896 5.27792 28
    endloop
  endfacet
  facet normal 0.832167 0.498806 0.242262
    outer loop
      vertex 11.465 6.12816 14
      vertex 10.8091 7.22241 14
      vertex 8.37825 4.47827 28
    endloop
  endfacet
  facet normal 0.85442 0.512114 0.0877887
    outer loop
      vertex 7.05537 3.77117 45
      vertex 7.89896 5.27792 28
      vertex 6.65176 4.44456 45
    endloop
  endfacet
  facet normal 0.854418 0.512116 0.0877888
    outer loop
      vertex 8.37825 4.47827 28
      vertex 7.89896 5.27792 28
      vertex 7.05537 3.77117 45
    endloop
  endfacet
  facet normal 0.846087 0.507122 -0.164206
    outer loop
      vertex 7.06749 4.72235 48
      vertex 7.49633 4.00687 48
      vertex 6.65176 4.44456 45
    endloop
  endfacet
  facet normal 0.846088 0.50712 -0.164206
    outer loop
      vertex 7.49633 4.00687 48
      vertex 7.05537 3.77117 45
      vertex 6.65176 4.44456 45
    endloop
  endfacet
  facet normal 0.767362 0.459936 0.446783
    outer loop
      vertex 6.61441 3.53547 50
      vertex 7.06749 4.72235 48
      vertex 6.23602 4.16678 50
    endloop
  endfacet
  facet normal 0.767362 0.459936 0.446783
    outer loop
      vertex 7.49633 4.00687 48
      vertex 7.06749 4.72235 48
      vertex 6.61441 3.53547 50
    endloop
  endfacet
  facet normal 0.606873 0.363733 -0.706685
    outer loop
      vertex 11.6406 7.77798 2
      vertex 12.3469 6.59955 2
      vertex 9.97763 6.66684 0
    endloop
  endfacet
  facet normal 0.606864 0.363771 -0.706673
    outer loop
      vertex 12.3469 6.59955 2
      vertex 10.5831 5.65676 0
      vertex 9.97763 6.66684 0
    endloop
  endfacet
  facet normal 0.897022 0.424265 -0.123897
    outer loop
      vertex 12.7879 6.83525 6
      vertex 13.3963 5.54891 6
      vertex 12.3469 6.59955 2
    endloop
  endfacet
  facet normal 0.897027 0.424253 -0.123901
    outer loop
      vertex 13.3963 5.54891 6
      vertex 12.9343 5.35757 2
      vertex 12.3469 6.59955 2
    endloop
  endfacet
  facet normal 0.88856 0.420211 0.184075
    outer loop
      vertex 12.0104 4.97488 14
      vertex 12.7879 6.83525 6
      vertex 11.465 6.12816 14
    endloop
  endfacet
  facet normal 0.888539 0.420252 0.184083
    outer loop
      vertex 13.3963 5.54891 6
      vertex 12.7879 6.83525 6
      vertex 12.0104 4.97488 14
    endloop
  endfacet
  facet normal 0.877058 0.414823 0.242262
    outer loop
      vertex 8.77686 3.63549 28
      vertex 11.465 6.12816 14
      vertex 8.37825 4.47827 28
    endloop
  endfacet
  facet normal 0.877079 0.414781 0.242259
    outer loop
      vertex 12.0104 4.97488 14
      vertex 11.465 6.12816 14
      vertex 8.77686 3.63549 28
    endloop
  endfacet
  facet normal 0.900496 0.425912 0.0877888
    outer loop
      vertex 7.39104 3.06147 45
      vertex 8.37825 4.47827 28
      vertex 7.05537 3.77117 45
    endloop
  endfacet
  facet normal 0.900497 0.425909 0.0877886
    outer loop
      vertex 8.77686 3.63549 28
      vertex 8.37825 4.47827 28
      vertex 7.39104 3.06147 45
    endloop
  endfacet
  facet normal 0.891716 0.421757 -0.164206
    outer loop
      vertex 7.49633 4.00687 48
      vertex 7.85298 3.25281 48
      vertex 7.05537 3.77117 45
    endloop
  endfacet
  facet normal 0.891715 0.421759 -0.164206
    outer loop
      vertex 7.85298 3.25281 48
      vertex 7.39104 3.06147 45
      vertex 7.05537 3.77117 45
    endloop
  endfacet
  facet normal 0.808746 0.382512 0.446783
    outer loop
      vertex 6.9291 2.87012 50
      vertex 7.49633 4.00687 48
      vertex 6.61441 3.53547 50
    endloop
  endfacet
  facet normal 0.808744 0.382514 0.446784
    outer loop
      vertex 7.85298 3.25281 48
      vertex 7.49633 4.00687 48
      vertex 6.9291 2.87012 50
    endloop
  endfacet
  facet normal 0.639611 0.302507 -0.706673
    outer loop
      vertex 12.3469 6.59955 2
      vertex 12.9343 5.35757 2
      vertex 10.5831 5.65676 0
    endloop
  endfacet
  facet normal 0.63961 0.302513 -0.706671
    outer loop
      vertex 12.9343 5.35757 2
      vertex 11.0866 4.5922 0
      vertex 10.5831 5.65676 0
    endloop
  endfacet
  facet normal 0.934307 0.334244 -0.123901
    outer loop
      vertex 13.3963 5.54891 6
      vertex 13.8756 4.20913 6
      vertex 12.9343 5.35757 2
    endloop
  endfacet
  facet normal 0.934282 0.334325 -0.123872
    outer loop
      vertex 13.8756 4.20913 6
      vertex 13.3972 4.06398 2
      vertex 12.9343 5.35757 2
    endloop
  endfacet
  facet normal 0.925451 0.33114 0.184083
    outer loop
      vertex 12.4402 3.7737 14
      vertex 13.3963 5.54891 6
      vertex 12.0104 4.97488 14
    endloop
  endfacet
  facet normal 0.925473 0.331084 0.184073
    outer loop
      vertex 13.8756 4.20913 6
      vertex 13.3963 5.54891 6
      vertex 12.4402 3.7737 14
    endloop
  endfacet
  facet normal 0.9135 0.326847 0.242258
    outer loop
      vertex 9.09093 2.7577 28
      vertex 12.0104 4.97488 14
      vertex 8.77686 3.63549 28
    endloop
  endfacet
  facet normal 0.913494 0.326862 0.242259
    outer loop
      vertex 12.4402 3.7737 14
      vertex 12.0104 4.97488 14
      vertex 9.09093 2.7577 28
    endloop
  endfacet
  facet normal 0.937911 0.335582 0.0877887
    outer loop
      vertex 7.65552 2.32228 45
      vertex 8.77686 3.63549 28
      vertex 7.39104 3.06147 45
    endloop
  endfacet
  facet normal 0.937912 0.335581 0.0877886
    outer loop
      vertex 9.09093 2.7577 28
      vertex 8.77686 3.63549 28
      vertex 7.65552 2.32228 45
    endloop
  endfacet
  facet normal 0.928766 0.33231 -0.164206
    outer loop
      vertex 7.85298 3.25281 48
      vertex 8.13399 2.46742 48
      vertex 7.39104 3.06147 45
    endloop
  endfacet
  facet normal 0.928766 0.33231 -0.164206
    outer loop
      vertex 8.13399 2.46742 48
      vertex 7.65552 2.32228 45
      vertex 7.39104 3.06147 45
    endloop
  endfacet
  facet normal 0.842347 0.30139 0.446783
    outer loop
      vertex 7.17705 2.17713 50
      vertex 7.85298 3.25281 48
      vertex 6.9291 2.87012 50
    endloop
  endfacet
  facet normal 0.842348 0.301389 0.446783
    outer loop
      vertex 8.13399 2.46742 48
      vertex 7.85298 3.25281 48
      vertex 7.17705 2.17713 50
    endloop
  endfacet
  facet normal 0.666174 0.238385 -0.706671
    outer loop
      vertex 12.9343 5.35757 2
      vertex 13.3972 4.06398 2
      vertex 11.0866 4.5922 0
    endloop
  endfacet
  facet normal 0.666176 0.238345 -0.706684
    outer loop
      vertex 13.3972 4.06398 2
      vertex 11.4833 3.48342 0
      vertex 11.0866 4.5922 0
    endloop
  endfacet
  facet normal 0.962552 0.24114 -0.123872
    outer loop
      vertex 13.8756 4.20913 6
      vertex 14.2214 2.82881 6
      vertex 13.3972 4.06398 2
    endloop
  endfacet
  facet normal 0.962563 0.241089 -0.12389
    outer loop
      vertex 14.2214 2.82881 6
      vertex 13.731 2.73126 2
      vertex 13.3972 4.06398 2
    endloop
  endfacet
  facet normal 0.953453 0.238839 0.184073
    outer loop
      vertex 12.7502 2.53617 14
      vertex 13.8756 4.20913 6
      vertex 12.4402 3.7737 14
    endloop
  endfacet
  facet normal 0.953447 0.238859 0.184076
    outer loop
      vertex 14.2214 2.82881 6
      vertex 13.8756 4.20913 6
      vertex 12.7502 2.53617 14
    endloop
  endfacet
  facet normal 0.941134 0.235747 0.242259
    outer loop
      vertex 9.31746 1.85336 28
      vertex 12.4402 3.7737 14
      vertex 9.09093 2.7577 28
    endloop
  endfacet
  facet normal 0.941133 0.235753 0.24226
    outer loop
      vertex 12.7502 2.53617 14
      vertex 12.4402 3.7737 14
      vertex 9.31746 1.85336 28
    endloop
  endfacet
  facet normal 0.966286 0.242041 0.0877886
    outer loop
      vertex 7.84628 1.56072 45
      vertex 9.09093 2.7577 28
      vertex 7.65552 2.32228 45
    endloop
  endfacet
  facet normal 0.966285 0.242047 0.0877889
    outer loop
      vertex 9.31746 1.85336 28
      vertex 9.09093 2.7577 28
      vertex 7.84628 1.56072 45
    endloop
  endfacet
  facet normal 0.956865 0.23968 -0.164206
    outer loop
      vertex 8.13399 2.46742 48
      vertex 8.33667 1.65827 48
      vertex 7.65552 2.32228 45
    endloop
  endfacet
  facet normal 0.956864 0.239681 -0.164206
    outer loop
      vertex 8.33667 1.65827 48
      vertex 7.84628 1.56072 45
      vertex 7.65552 2.32228 45
    endloop
  endfacet
  facet normal 0.86783 0.217386 0.446783
    outer loop
      vertex 7.35589 1.46318 50
      vertex 8.13399 2.46742 48
      vertex 7.17705 2.17713 50
    endloop
  endfacet
  facet normal 0.867833 0.217379 0.446781
    outer loop
      vertex 8.33667 1.65827 48
      vertex 8.13399 2.46742 48
      vertex 7.35589 1.46318 50
    endloop
  endfacet
  facet normal 0.68633 0.171902 -0.706683
    outer loop
      vertex 13.3972 4.06398 2
      vertex 13.731 2.73126 2
      vertex 11.4833 3.48342 0
    endloop
  endfacet
  facet normal 0.686329 0.171892 -0.706686
    outer loop
      vertex 13.731 2.73126 2
      vertex 11.7694 2.34108 0
      vertex 11.4833 3.48342 0
    endloop
  endfacet
  facet normal 0.981555 0.145606 -0.12389
    outer loop
      vertex 14.2214 2.82881 6
      vertex 14.4302 1.42125 6
      vertex 13.731 2.73126 2
    endloop
  endfacet
  facet normal 0.981555 0.145606 -0.123889
    outer loop
      vertex 14.4302 1.42125 6
      vertex 13.9326 1.37224 2
      vertex 13.731 2.73126 2
    endloop
  endfacet
  facet normal 0.972272 0.144229 0.184077
    outer loop
      vertex 12.9374 1.27422 14
      vertex 14.2214 2.82881 6
      vertex 12.7502 2.53617 14
    endloop
  endfacet
  facet normal 0.972273 0.144229 0.184077
    outer loop
      vertex 14.4302 1.42125 6
      vertex 14.2214 2.82881 6
      vertex 12.9374 1.27422 14
    endloop
  endfacet
  facet normal 0.959711 0.142354 0.24226
    outer loop
      vertex 9.45425 0.931162 28
      vertex 12.7502 2.53617 14
      vertex 9.31746 1.85336 28
    endloop
  endfacet
  facet normal 0.959709 0.142365 0.242261
    outer loop
      vertex 12.9374 1.27422 14
      vertex 12.7502 2.53617 14
      vertex 9.45425 0.931162 28
    endloop
  endfacet
  facet normal 0.985337 0.146313 0.0877708
    outer loop
      vertex 7.84628 1.56072 45
      vertex 8.1467 1.23931 42.1632
      vertex 8.15965 1.25 42
    endloop
  endfacet
  facet normal 0.985357 0.146163 0.0877901
    outer loop
      vertex 7.84628 1.56072 45
      vertex 8.13715 1.20741 42.3235
      vertex 8.1467 1.23931 42.1632
    endloop
  endfacet
  facet normal 0.98535 0.146219 0.0877818
    outer loop
      vertex 7.84628 1.56072 45
      vertex 8.13115 1.15485 42.4784
      vertex 8.13715 1.20741 42.3235
    endloop
  endfacet
  facet normal 0.985365 0.146102 0.0878025
    outer loop
      vertex 7.84628 1.56072 45
      vertex 8.12881 1.08253 42.625
      vertex 8.13115 1.15485 42.4784
    endloop
  endfacet
  facet normal 0.985355 0.146182 0.0877851
    outer loop
      vertex 7.84628 1.56072 45
      vertex 8.13017 0.991692 42.761
      vertex 8.12881 1.08253 42.625
    endloop
  endfacet
  facet normal 0.985365 0.146098 0.0878077
    outer loop
      vertex 7.84628 1.56072 45
      vertex 8.13353 0.919807 42.8429
      vertex 8.13017 0.991692 42.761
    endloop
  endfacet
  facet normal 0.985357 0.14617 0.0877852
    outer loop
      vertex 8.13353 0.919807 42.8429
      vertex 7.84628 1.56072 45
      vertex 7.96148 0.784137 45
    endloop
  endfacet
  facet normal 0.98545 0.145494 0.0878674
    outer loop
      vertex 8.17578 1.23931 41.8368
      vertex 7.84628 1.56072 45
      vertex 8.15965 1.25 42
    endloop
  endfacet
  facet normal 0.985356 0.146171 0.0877889
    outer loop
      vertex 7.84628 1.56072 45
      vertex 8.17578 1.23931 41.8368
      vertex 9.31746 1.85336 28
    endloop
  endfacet
  facet normal 0.985371 0.146076 0.0877859
    outer loop
      vertex 8.19479 1.20741 41.6765
      vertex 9.31746 1.85336 28
      vertex 8.17578 1.23931 41.8368
    endloop
  endfacet
  facet normal 0.98535 0.14621 0.0877906
    outer loop
      vertex 8.21639 1.15485 41.5216
      vertex 9.31746 1.85336 28
      vertex 8.19479 1.20741 41.6765
    endloop
  endfacet
  facet normal 0.985355 0.146179 0.0877894
    outer loop
      vertex 8.24018 1.08253 41.375
      vertex 9.31746 1.85336 28
      vertex 8.21639 1.15485 41.5216
    endloop
  endfacet
  facet normal 0.985365 0.146114 0.0877864
    outer loop
      vertex 9.31746 1.85336 28
      vertex 8.24018 1.08253 41.375
      vertex 8.2583 1.01819 41.2787
    endloop
  endfacet
  facet normal 0.985345 0.146243 0.0877929
    outer loop
      vertex 8.26577 0.991692 41.239
      vertex 9.31746 1.85336 28
      vertex 8.2583 1.01819 41.2787
    endloop
  endfacet
  facet normal 0.985359 0.146151 0.0877881
    outer loop
      vertex 8.29271 0.883883 41.1161
      vertex 9.31746 1.85336 28
      vertex 8.26577 0.991692 41.239
    endloop
  endfacet
  facet normal 0.98536 0.146147 0.0877878
    outer loop
      vertex 8.30758 0.818225 41.0585
      vertex 9.31746 1.85336 28
      vertex 8.29271 0.883883 41.1161
    endloop
  endfacet
  facet normal 0.985358 0.146159 0.0877886
    outer loop
      vertex 9.31746 1.85336 28
      vertex 8.30758 0.818225 41.0585
      vertex 9.45425 0.931162 28
    endloop
  endfacet
  facet normal 0.985356 0.146177 0.0877872
    outer loop
      vertex 8.13521 0.883883 42.8839
      vertex 7.96148 0.784137 45
      vertex 8.14097 0.801816 42.9559
    endloop
  endfacet
  facet normal 0.985341 0.146275 0.0877906
    outer loop
      vertex 7.96148 0.784137 45
      vertex 8.13521 0.883883 42.8839
      vertex 8.13353 0.919807 42.8429
    endloop
  endfacet
  facet normal 0.975749 0.144744 -0.164206
    outer loop
      vertex 8.33667 1.65827 48
      vertex 8.45907 0.833145 48
      vertex 7.84628 1.56072 45
    endloop
  endfacet
  facet normal 0.975749 0.144745 -0.164205
    outer loop
      vertex 8.45907 0.833145 48
      vertex 7.96148 0.784137 45
      vertex 7.84628 1.56072 45
    endloop
  endfacet
  facet normal 0.88496 0.131276 0.446781
    outer loop
      vertex 7.46389 0.735128 50
      vertex 8.33667 1.65827 48
      vertex 7.35589 1.46318 50
    endloop
  endfacet
  facet normal 0.88496 0.131276 0.446781
    outer loop
      vertex 8.45907 0.833145 48
      vertex 8.33667 1.65827 48
      vertex 7.46389 0.735128 50
    endloop
  endfacet
  facet normal 0.699869 0.10382 -0.706686
    outer loop
      vertex 13.731 2.73126 2
      vertex 13.9326 1.37224 2
      vertex 11.7694 2.34108 0
    endloop
  endfacet
  facet normal 0.699869 0.10382 -0.706686
    outer loop
      vertex 13.9326 1.37224 2
      vertex 11.9422 1.17621 0
      vertex 11.7694 2.34108 0
    endloop
  endfacet
  facet normal 0.991102 0.0486747 -0.123889
    outer loop
      vertex 14.4302 1.42125 6
      vertex 14.5 0 6
      vertex 13.9326 1.37224 2
    endloop
  endfacet
  facet normal 0.991101 0.0486797 -0.123888
    outer loop
      vertex 14.5 0 6
      vertex 14 0 2
      vertex 13.9326 1.37224 2
    endloop
  endfacet
  facet normal 0.981728 0.0482304 0.184077
    outer loop
      vertex 13 0 14
      vertex 14.4302 1.42125 6
      vertex 12.9374 1.27422 14
    endloop
  endfacet
  facet normal 0.981729 0.0482144 0.184074
    outer loop
      vertex 14.5 0 6
      vertex 14.4302 1.42125 6
      vertex 13 0 14
    endloop
  endfacet
  facet normal 0.969042 0.0476111 0.242261
    outer loop
      vertex 9.5 0 28
      vertex 12.9374 1.27422 14
      vertex 9.45425 0.931162 28
    endloop
  endfacet
  facet normal 0.969042 0.0476072 0.242261
    outer loop
      vertex 13 0 14
      vertex 12.9374 1.27422 14
      vertex 9.5 0 28
    endloop
  endfacet
  facet normal 0.994942 0.048825 0.0877883
    outer loop
      vertex 8.31482 0.760951 41.0083
      vertex 9.45425 0.931162 28
      vertex 8.30758 0.818225 41.0585
    endloop
  endfacet
  facet normal 0.994936 0.0489462 0.0877894
    outer loop
      vertex 8.32952 0.625 40.9175
      vertex 9.45425 0.931162 28
      vertex 8.31482 0.760951 41.0083
    endloop
  endfacet
  facet normal 0.994944 0.048795 0.0877865
    outer loop
      vertex 8.3431 0.478354 40.8451
      vertex 9.45425 0.931162 28
      vertex 8.32952 0.625 40.9175
    endloop
  endfacet
  facet normal 0.994935 0.0489499 0.0877913
    outer loop
      vertex 8.35535 0.323524 40.7926
      vertex 9.45425 0.931162 28
      vertex 8.3431 0.478354 40.8451
    endloop
  endfacet
  facet normal 0.994938 0.0489054 0.0877893
    outer loop
      vertex 9.45425 0.931162 28
      vertex 8.35535 0.323524 40.7926
      vertex 8.36149 0.231461 40.7743
    endloop
  endfacet
  facet normal 0.994938 0.0489076 0.0877873
    outer loop
      vertex 7.96148 0.784137 45
      vertex 8.13982 0.760951 42.9917
      vertex 8.14097 0.801816 42.9559
    endloop
  endfacet
  facet normal 0.994942 0.0488263 0.0877886
    outer loop
      vertex 7.96148 0.784137 45
      vertex 8.13848 0.625 43.0825
      vertex 8.13982 0.760951 42.9917
    endloop
  endfacet
  facet normal 0.994936 0.0489669 0.0877764
    outer loop
      vertex 7.96148 0.784137 45
      vertex 8.13931 0.478354 43.1549
      vertex 8.13848 0.625 43.0825
    endloop
  endfacet
  facet normal 0.99494 0.048855 0.0877953
    outer loop
      vertex 7.96148 0.784137 45
      vertex 8.14228 0.323524 43.2074
      vertex 8.13931 0.478354 43.1549
    endloop
  endfacet
  facet normal 0.99494 0.048857 0.0877948
    outer loop
      vertex 7.96148 0.784137 45
      vertex 8.14734 0.163157 43.2393
      vertex 8.14228 0.323524 43.2074
    endloop
  endfacet
  facet normal 0.994939 0.0488755 0.0877882
    outer loop
      vertex 8 0 45
      vertex 8.14734 0.163157 43.2393
      vertex 7.96148 0.784137 45
    endloop
  endfacet
  facet normal 0.99494 0.0488613 0.087787
    outer loop
      vertex 8.14734 0.163157 43.2393
      vertex 8 0 45
      vertex 8.15024 0.0962003 43.2437
    endloop
  endfacet
  facet normal 0.994944 0.0487985 0.087784
    outer loop
      vertex 8.36604 0.163157 40.7607
      vertex 9.45425 0.931162 28
      vertex 8.36149 0.231461 40.7743
    endloop
  endfacet
  facet normal 0.994939 0.0488812 0.0877886
    outer loop
      vertex 8.375 0 40.75
      vertex 9.45425 0.931162 28
      vertex 8.36604 0.163157 40.7607
    endloop
  endfacet
  facet normal 0.994939 0.0488835 0.0877887
    outer loop
      vertex 9.45425 0.931162 28
      vertex 8.375 0 40.75
      vertex 9.5 0 28
    endloop
  endfacet
  facet normal 0.994939 0.0488768 0.0877878
    outer loop
      vertex 8.15441 0 43.25
      vertex 8.15024 0.0962003 43.2437
      vertex 8 0 45
    endloop
  endfacet
  facet normal 0.985238 0.0484019 -0.164206
    outer loop
      vertex 8.45907 0.833145 48
      vertex 8.5 0 48
      vertex 7.96148 0.784137 45
    endloop
  endfacet
  facet normal 0.985238 0.0483989 -0.164206
    outer loop
      vertex 8.5 0 48
      vertex 8 0 45
      vertex 7.96148 0.784137 45
    endloop
  endfacet
  facet normal 0.893566 0.0438926 0.446781
    outer loop
      vertex 7.5 0 50
      vertex 8.45907 0.833145 48
      vertex 7.46389 0.735128 50
    endloop
  endfacet
  facet normal 0.893565 0.0438983 0.446782
    outer loop
      vertex 8.5 0 48
      vertex 8.45907 0.833145 48
      vertex 7.5 0 50
    endloop
  endfacet
  facet normal 0.706676 0.0347096 -0.706686
    outer loop
      vertex 13.9326 1.37224 2
      vertex 14 0 2
      vertex 11.9422 1.17621 0
    endloop
  endfacet
  facet normal 0.70668 0.0347269 -0.70668
    outer loop
      vertex 14 0 2
      vertex 12 0 0
      vertex 11.9422 1.17621 0
    endloop
  endfacet
  facet normal 0.991102 -0.0486747 -0.123888
    outer loop
      vertex 14.5 0 6
      vertex 14.4302 -1.42125 6
      vertex 14 0 2
    endloop
  endfacet
  facet normal 0.991101 -0.0486797 -0.123889
    outer loop
      vertex 14 0 2
      vertex 14.4302 -1.42125 6
      vertex 13.9326 -1.37224 2
    endloop
  endfacet
  facet normal 0.981728 -0.0482304 0.184074
    outer loop
      vertex 14.5 0 6
      vertex 13 0 14
      vertex 12.9374 -1.27422 14
    endloop
  endfacet
  facet normal 0.981729 -0.0482144 0.184077
    outer loop
      vertex 14.4302 -1.42125 6
      vertex 14.5 0 6
      vertex 12.9374 -1.27422 14
    endloop
  endfacet
  facet normal 0.969042 -0.0476111 0.242261
    outer loop
      vertex 13 0 14
      vertex 9.5 0 28
      vertex 9.45425 -0.931162 28
    endloop
  endfacet
  facet normal 0.969042 -0.0476072 0.242261
    outer loop
      vertex 12.9374 -1.27422 14
      vertex 13 0 14
      vertex 9.45425 -0.931162 28
    endloop
  endfacet
  facet normal 0.994939 -0.0488812 0.0877887
    outer loop
      vertex 8.36604 -0.163157 40.7607
      vertex 9.5 0 28
      vertex 8.375 0 40.75
    endloop
  endfacet
  facet normal 0.99494 -0.0488594 0.0877891
    outer loop
      vertex 8.35535 -0.323524 40.7926
      vertex 9.5 0 28
      vertex 8.36604 -0.163157 40.7607
    endloop
  endfacet
  facet normal 0.994936 -0.0489516 0.0877864
    outer loop
      vertex 8.3431 -0.478354 40.8451
      vertex 9.5 0 28
      vertex 8.35535 -0.323524 40.7926
    endloop
  endfacet
  facet normal 0.994939 -0.0488772 0.0877895
    outer loop
      vertex 9.5 0 28
      vertex 8.3431 -0.478354 40.8451
      vertex 8.33228 -0.595148 40.9027
    endloop
  endfacet
  facet normal 0.99494 -0.0488704 0.0877878
    outer loop
      vertex 8 0 45
      vertex 8.14734 -0.163157 43.2393
      vertex 8.15441 0 43.25
    endloop
  endfacet
  facet normal 0.994939 -0.0488755 0.0877882
    outer loop
      vertex 7.96148 -0.784137 45
      vertex 8.14734 -0.163157 43.2393
      vertex 8 0 45
    endloop
  endfacet
  facet normal 0.99494 -0.048857 0.0877948
    outer loop
      vertex 8.14734 -0.163157 43.2393
      vertex 7.96148 -0.784137 45
      vertex 8.14228 -0.323524 43.2074
    endloop
  endfacet
  facet normal 0.99494 -0.048855 0.0877953
    outer loop
      vertex 8.14228 -0.323524 43.2074
      vertex 7.96148 -0.784137 45
      vertex 8.13931 -0.478354 43.1549
    endloop
  endfacet
  facet normal 0.994936 -0.0489669 0.0877764
    outer loop
      vertex 8.13931 -0.478354 43.1549
      vertex 7.96148 -0.784137 45
      vertex 8.13848 -0.625 43.0825
    endloop
  endfacet
  facet normal 0.994944 -0.048767 0.0877937
    outer loop
      vertex 8.13848 -0.625 43.0825
      vertex 7.96148 -0.784137 45
      vertex 8.13916 -0.693579 43.0367
    endloop
  endfacet
  facet normal 0.99496 -0.0484705 0.0877802
    outer loop
      vertex 9.45425 -0.931162 28
      vertex 8.33228 -0.595148 40.9027
      vertex 8.32952 -0.625 40.9175
    endloop
  endfacet
  facet normal 0.994936 -0.0489462 0.0877894
    outer loop
      vertex 9.45425 -0.931162 28
      vertex 8.32952 -0.625 40.9175
      vertex 8.31482 -0.760951 41.0083
    endloop
  endfacet
  facet normal 0.994942 -0.048825 0.0877883
    outer loop
      vertex 9.45425 -0.931162 28
      vertex 8.31482 -0.760951 41.0083
      vertex 8.30758 -0.818225 41.0585
    endloop
  endfacet
  facet normal 0.994939 -0.0488835 0.0877892
    outer loop
      vertex 8.33228 -0.595148 40.9027
      vertex 9.45425 -0.931162 28
      vertex 9.5 0 28
    endloop
  endfacet
  facet normal 0.994939 -0.0488895 0.0877876
    outer loop
      vertex 7.96148 -0.784137 45
      vertex 8.13982 -0.760951 42.9917
      vertex 8.13916 -0.693579 43.0367
    endloop
  endfacet
  facet normal 0.994938 -0.0489076 0.0877873
    outer loop
      vertex 8.13982 -0.760951 42.9917
      vertex 7.96148 -0.784137 45
      vertex 8.14097 -0.801816 42.9559
    endloop
  endfacet
  facet normal 0.985238 -0.0484019 -0.164206
    outer loop
      vertex 8.5 0 48
      vertex 8.45907 -0.833145 48
      vertex 8 0 45
    endloop
  endfacet
  facet normal 0.985238 -0.0483989 -0.164206
    outer loop
      vertex 8 0 45
      vertex 8.45907 -0.833145 48
      vertex 7.96148 -0.784137 45
    endloop
  endfacet
  facet normal 0.893565 -0.0438925 0.446783
    outer loop
      vertex 8.5 0 48
      vertex 7.5 0 50
      vertex 7.46389 -0.735128 50
    endloop
  endfacet
  facet normal 0.893566 -0.0438983 0.446781
    outer loop
      vertex 8.45907 -0.833145 48
      vertex 8.5 0 48
      vertex 7.46389 -0.735128 50
    endloop
  endfacet
  facet normal 0.706681 -0.0347099 -0.706681
    outer loop
      vertex 14 0 2
      vertex 13.9326 -1.37224 2
      vertex 12 0 0
    endloop
  endfacet
  facet normal 0.706674 -0.0347266 -0.706686
    outer loop
      vertex 12 0 0
      vertex 13.9326 -1.37224 2
      vertex 11.9422 -1.17621 0
    endloop
  endfacet
  facet normal 0.981555 -0.145606 -0.123889
    outer loop
      vertex 14.4302 -1.42125 6
      vertex 14.2214 -2.82881 6
      vertex 13.9326 -1.37224 2
    endloop
  endfacet
  facet normal 0.981555 -0.145606 -0.12389
    outer loop
      vertex 13.9326 -1.37224 2
      vertex 14.2214 -2.82881 6
      vertex 13.731 -2.73126 2
    endloop
  endfacet
  facet normal 0.972273 -0.144229 0.184077
    outer loop
      vertex 14.4302 -1.42125 6
      vertex 12.9374 -1.27422 14
      vertex 12.7502 -2.53617 14
    endloop
  endfacet
  facet normal 0.972273 -0.144229 0.184077
    outer loop
      vertex 14.2214 -2.82881 6
      vertex 14.4302 -1.42125 6
      vertex 12.7502 -2.53617 14
    endloop
  endfacet
  facet normal 0.959711 -0.142354 0.242261
    outer loop
      vertex 12.9374 -1.27422 14
      vertex 9.45425 -0.931162 28
      vertex 9.31746 -1.85336 28
    endloop
  endfacet
  facet normal 0.959709 -0.142365 0.24226
    outer loop
      vertex 12.7502 -2.53617 14
      vertex 12.9374 -1.27422 14
      vertex 9.31746 -1.85336 28
    endloop
  endfacet
  facet normal 0.985357 -0.14617 0.0877872
    outer loop
      vertex 7.84628 -1.56072 45
      vertex 8.14097 -0.801816 42.9559
      vertex 7.96148 -0.784137 45
    endloop
  endfacet
  facet normal 0.985356 -0.146175 0.0877851
    outer loop
      vertex 8.14097 -0.801816 42.9559
      vertex 7.84628 -1.56072 45
      vertex 8.13521 -0.883883 42.8839
    endloop
  endfacet
  facet normal 0.985359 -0.146148 0.0877942
    outer loop
      vertex 8.13521 -0.883883 42.8839
      vertex 7.84628 -1.56072 45
      vertex 8.13017 -0.991692 42.761
    endloop
  endfacet
  facet normal 0.985355 -0.146182 0.0877851
    outer loop
      vertex 8.13017 -0.991692 42.761
      vertex 7.84628 -1.56072 45
      vertex 8.12881 -1.08253 42.625
    endloop
  endfacet
  facet normal 0.985365 -0.146102 0.0878025
    outer loop
      vertex 8.12881 -1.08253 42.625
      vertex 7.84628 -1.56072 45
      vertex 8.13115 -1.15485 42.4784
    endloop
  endfacet
  facet normal 0.98535 -0.146219 0.0877818
    outer loop
      vertex 8.13115 -1.15485 42.4784
      vertex 7.84628 -1.56072 45
      vertex 8.13715 -1.20741 42.3235
    endloop
  endfacet
  facet normal 0.985337 -0.146313 0.0877708
    outer loop
      vertex 8.1467 -1.23931 42.1632
      vertex 7.84628 -1.56072 45
      vertex 8.15965 -1.25 42
    endloop
  endfacet
  facet normal 0.985357 -0.146163 0.0877901
    outer loop
      vertex 8.13715 -1.20741 42.3235
      vertex 7.84628 -1.56072 45
      vertex 8.1467 -1.23931 42.1632
    endloop
  endfacet
  facet normal 0.98536 -0.146146 0.0877887
    outer loop
      vertex 8.29271 -0.883883 41.1161
      vertex 9.45425 -0.931162 28
      vertex 8.30758 -0.818225 41.0585
    endloop
  endfacet
  facet normal 0.985359 -0.146151 0.0877886
    outer loop
      vertex 8.26577 -0.991692 41.239
      vertex 9.45425 -0.931162 28
      vertex 8.29271 -0.883883 41.1161
    endloop
  endfacet
  facet normal 0.985359 -0.146151 0.0877886
    outer loop
      vertex 8.24018 -1.08253 41.375
      vertex 9.45425 -0.931162 28
      vertex 8.26577 -0.991692 41.239
    endloop
  endfacet
  facet normal 0.985355 -0.146182 0.0877878
    outer loop
      vertex 8.21639 -1.15485 41.5216
      vertex 9.45425 -0.931162 28
      vertex 8.24018 -1.08253 41.375
    endloop
  endfacet
  facet normal 0.985349 -0.146221 0.0877867
    outer loop
      vertex 8.19479 -1.20741 41.6765
      vertex 9.45425 -0.931162 28
      vertex 8.21639 -1.15485 41.5216
    endloop
  endfacet
  facet normal 0.985375 -0.146044 0.0877926
    outer loop
      vertex 8.17578 -1.23931 41.8368
      vertex 9.45425 -0.931162 28
      vertex 8.19479 -1.20741 41.6765
    endloop
  endfacet
  facet normal 0.98545 -0.145494 0.0878674
    outer loop
      vertex 7.84628 -1.56072 45
      vertex 8.17578 -1.23931 41.8368
      vertex 8.15965 -1.25 42
    endloop
  endfacet
  facet normal 0.985355 -0.146182 0.0877877
    outer loop
      vertex 8.17578 -1.23931 41.8368
      vertex 7.84628 -1.56072 45
      vertex 9.45425 -0.931162 28
    endloop
  endfacet
  facet normal 0.985358 -0.146159 0.0877889
    outer loop
      vertex 9.31746 -1.85336 28
      vertex 9.45425 -0.931162 28
      vertex 7.84628 -1.56072 45
    endloop
  endfacet
  facet normal 0.975749 -0.144744 -0.164205
    outer loop
      vertex 8.45907 -0.833145 48
      vertex 8.33667 -1.65827 48
      vertex 7.96148 -0.784137 45
    endloop
  endfacet
  facet normal 0.975749 -0.144745 -0.164206
    outer loop
      vertex 7.96148 -0.784137 45
      vertex 8.33667 -1.65827 48
      vertex 7.84628 -1.56072 45
    endloop
  endfacet
  facet normal 0.88496 -0.131276 0.446781
    outer loop
      vertex 8.45907 -0.833145 48
      vertex 7.46389 -0.735128 50
      vertex 7.35589 -1.46318 50
    endloop
  endfacet
  facet normal 0.88496 -0.131276 0.446781
    outer loop
      vertex 8.33667 -1.65827 48
      vertex 8.45907 -0.833145 48
      vertex 7.35589 -1.46318 50
    endloop
  endfacet
  facet normal 0.699869 -0.10382 -0.706686
    outer loop
      vertex 13.9326 -1.37224 2
      vertex 13.731 -2.73126 2
      vertex 11.9422 -1.17621 0
    endloop
  endfacet
  facet normal 0.699869 -0.10382 -0.706686
    outer loop
      vertex 11.9422 -1.17621 0
      vertex 13.731 -2.73126 2
      vertex 11.7694 -2.34108 0
    endloop
  endfacet
  facet normal 0.96255 -0.24114 -0.123889
    outer loop
      vertex 14.2214 -2.82881 6
      vertex 13.8756 -4.20913 6
      vertex 13.731 -2.73126 2
    endloop
  endfacet
  facet normal 0.962565 -0.241089 -0.123871
    outer loop
      vertex 13.731 -2.73126 2
      vertex 13.8756 -4.20913 6
      vertex 13.3972 -4.06398 2
    endloop
  endfacet
  facet normal 0.953453 -0.238839 0.184077
    outer loop
      vertex 14.2214 -2.82881 6
      vertex 12.7502 -2.53617 14
      vertex 12.4402 -3.7737 14
    endloop
  endfacet
  facet normal 0.953448 -0.238859 0.184073
    outer loop
      vertex 13.8756 -4.20913 6
      vertex 14.2214 -2.82881 6
      vertex 12.4402 -3.7737 14
    endloop
  endfacet
  facet normal 0.941134 -0.235747 0.24226
    outer loop
      vertex 12.7502 -2.53617 14
      vertex 9.31746 -1.85336 28
      vertex 9.09093 -2.7577 28
    endloop
  endfacet
  facet normal 0.941133 -0.235753 0.242259
    outer loop
      vertex 12.4402 -3.7737 14
      vertex 12.7502 -2.53617 14
      vertex 9.09093 -2.7577 28
    endloop
  endfacet
  facet normal 0.966286 -0.242041 0.0877889
    outer loop
      vertex 9.31746 -1.85336 28
      vertex 7.84628 -1.56072 45
      vertex 7.65552 -2.32228 45
    endloop
  endfacet
  facet normal 0.966285 -0.242047 0.0877886
    outer loop
      vertex 9.09093 -2.7577 28
      vertex 9.31746 -1.85336 28
      vertex 7.65552 -2.32228 45
    endloop
  endfacet
  facet normal 0.956865 -0.23968 -0.164206
    outer loop
      vertex 8.33667 -1.65827 48
      vertex 8.13399 -2.46742 48
      vertex 7.84628 -1.56072 45
    endloop
  endfacet
  facet normal 0.956864 -0.239681 -0.164206
    outer loop
      vertex 7.84628 -1.56072 45
      vertex 8.13399 -2.46742 48
      vertex 7.65552 -2.32228 45
    endloop
  endfacet
  facet normal 0.867831 -0.217386 0.446781
    outer loop
      vertex 8.33667 -1.65827 48
      vertex 7.35589 -1.46318 50
      vertex 7.17705 -2.17713 50
    endloop
  endfacet
  facet normal 0.867832 -0.217379 0.446783
    outer loop
      vertex 8.13399 -2.46742 48
      vertex 8.33667 -1.65827 48
      vertex 7.17705 -2.17713 50
    endloop
  endfacet
  facet normal 0.686327 -0.171901 -0.706686
    outer loop
      vertex 13.731 -2.73126 2
      vertex 13.3972 -4.06398 2
      vertex 11.7694 -2.34108 0
    endloop
  endfacet
  facet normal 0.686332 -0.171893 -0.706683
    outer loop
      vertex 11.7694 -2.34108 0
      vertex 13.3972 -4.06398 2
      vertex 11.4833 -3.48342 0
    endloop
  endfacet
  facet normal 0.93431 -0.334245 -0.123872
    outer loop
      vertex 13.3972 -4.06398 2
      vertex 13.8756 -4.20913 6
      vertex 13.3963 -5.54891 6
    endloop
  endfacet
  facet normal 0.934278 -0.334323 -0.123902
    outer loop
      vertex 13.3972 -4.06398 2
      vertex 13.3963 -5.54891 6
      vertex 12.9343 -5.35757 2
    endloop
  endfacet
  facet normal 0.925453 -0.331141 0.184073
    outer loop
      vertex 13.8756 -4.20913 6
      vertex 12.4402 -3.7737 14
      vertex 12.0104 -4.97488 14
    endloop
  endfacet
  facet normal 0.925472 -0.331083 0.184083
    outer loop
      vertex 13.3963 -5.54891 6
      vertex 13.8756 -4.20913 6
      vertex 12.0104 -4.97488 14
    endloop
  endfacet
  facet normal 0.9135 -0.326847 0.24226
    outer loop
      vertex 12.4402 -3.7737 14
      vertex 9.09093 -2.7577 28
      vertex 8.77686 -3.63549 28
    endloop
  endfacet
  facet normal 0.913495 -0.326862 0.242258
    outer loop
      vertex 12.0104 -4.97488 14
      vertex 12.4402 -3.7737 14
      vertex 8.77686 -3.63549 28
    endloop
  endfacet
  facet normal 0.937911 -0.335582 0.0877886
    outer loop
      vertex 9.09093 -2.7577 28
      vertex 7.65552 -2.32228 45
      vertex 7.39104 -3.06147 45
    endloop
  endfacet
  facet normal 0.937912 -0.335581 0.0877887
    outer loop
      vertex 8.77686 -3.63549 28
      vertex 9.09093 -2.7577 28
      vertex 7.39104 -3.06147 45
    endloop
  endfacet
  facet normal 0.928766 -0.33231 -0.164206
    outer loop
      vertex 8.13399 -2.46742 48
      vertex 7.85298 -3.25281 48
      vertex 7.65552 -2.32228 45
    endloop
  endfacet
  facet normal 0.928766 -0.33231 -0.164206
    outer loop
      vertex 7.65552 -2.32228 45
      vertex 7.85298 -3.25281 48
      vertex 7.39104 -3.06147 45
    endloop
  endfacet
  facet normal 0.842347 -0.30139 0.446783
    outer loop
      vertex 8.13399 -2.46742 48
      vertex 7.17705 -2.17713 50
      vertex 6.9291 -2.87012 50
    endloop
  endfacet
  facet normal 0.842347 -0.301389 0.446783
    outer loop
      vertex 7.85298 -3.25281 48
      vertex 8.13399 -2.46742 48
      vertex 6.9291 -2.87012 50
    endloop
  endfacet
  facet normal 0.666164 -0.238381 -0.706683
    outer loop
      vertex 13.3972 -4.06398 2
      vertex 12.9343 -5.35757 2
      vertex 11.4833 -3.48342 0
    endloop
  endfacet
  facet normal 0.666188 -0.238349 -0.70667
    outer loop
      vertex 11.4833 -3.48342 0
      vertex 12.9343 -5.35757 2
      vertex 11.0866 -4.5922 0
    endloop
  endfacet
  facet normal 0.897022 -0.424264 -0.123901
    outer loop
      vertex 12.9343 -5.35757 2
      vertex 13.3963 -5.54891 6
      vertex 12.7879 -6.83525 6
    endloop
  endfacet
  facet normal 0.897028 -0.424253 -0.123896
    outer loop
      vertex 12.9343 -5.35757 2
      vertex 12.7879 -6.83525 6
      vertex 12.3469 -6.59955 2
    endloop
  endfacet
  facet normal 0.888559 -0.42021 0.184083
    outer loop
      vertex 13.3963 -5.54891 6
      vertex 12.0104 -4.97488 14
      vertex 11.465 -6.12816 14
    endloop
  endfacet
  facet normal 0.88854 -0.420253 0.184076
    outer loop
      vertex 12.7879 -6.83525 6
      vertex 13.3963 -5.54891 6
      vertex 11.465 -6.12816 14
    endloop
  endfacet
  facet normal 0.877059 -0.414823 0.242258
    outer loop
      vertex 12.0104 -4.97488 14
      vertex 8.77686 -3.63549 28
      vertex 8.37825 -4.47827 28
    endloop
  endfacet
  facet normal 0.877078 -0.414781 0.242262
    outer loop
      vertex 11.465 -6.12816 14
      vertex 12.0104 -4.97488 14
      vertex 8.37825 -4.47827 28
    endloop
  endfacet
  facet normal 0.900496 -0.425912 0.0877886
    outer loop
      vertex 8.77686 -3.63549 28
      vertex 7.39104 -3.06147 45
      vertex 7.05537 -3.77117 45
    endloop
  endfacet
  facet normal 0.900497 -0.425908 0.0877888
    outer loop
      vertex 8.37825 -4.47827 28
      vertex 8.77686 -3.63549 28
      vertex 7.05537 -3.77117 45
    endloop
  endfacet
  facet normal 0.891716 -0.421757 -0.164206
    outer loop
      vertex 7.85298 -3.25281 48
      vertex 7.49633 -4.00687 48
      vertex 7.39104 -3.06147 45
    endloop
  endfacet
  facet normal 0.891715 -0.421759 -0.164206
    outer loop
      vertex 7.39104 -3.06147 45
      vertex 7.49633 -4.00687 48
      vertex 7.05537 -3.77117 45
    endloop
  endfacet
  facet normal 0.808745 -0.382512 0.446784
    outer loop
      vertex 7.85298 -3.25281 48
      vertex 6.9291 -2.87012 50
      vertex 6.61441 -3.53547 50
    endloop
  endfacet
  facet normal 0.808745 -0.382514 0.446783
    outer loop
      vertex 7.49633 -4.00687 48
      vertex 7.85298 -3.25281 48
      vertex 6.61441 -3.53547 50
    endloop
  endfacet
  facet normal 0.639613 -0.302508 -0.706671
    outer loop
      vertex 12.9343 -5.35757 2
      vertex 12.3469 -6.59955 2
      vertex 11.0866 -4.5922 0
    endloop
  endfacet
  facet normal 0.639608 -0.302513 -0.706673
    outer loop
      vertex 11.0866 -4.5922 0
      vertex 12.3469 -6.59955 2
      vertex 10.5831 -5.65676 0
    endloop
  endfacet
  facet normal 0.851105 -0.510167 -0.123896
    outer loop
      vertex 12.3469 -6.59955 2
      vertex 12.7879 -6.83525 6
      vertex 12.0563 -8.05577 6
    endloop
  endfacet
  facet normal 0.851129 -0.51013 -0.123881
    outer loop
      vertex 12.3469 -6.59955 2
      vertex 12.0563 -8.05577 6
      vertex 11.6406 -7.77798 2
    endloop
  endfacet
  facet normal 0.843061 -0.505336 0.184075
    outer loop
      vertex 12.7879 -6.83525 6
      vertex 11.465 -6.12816 14
      vertex 10.8091 -7.22241 14
    endloop
  endfacet
  facet normal 0.843057 -0.505343 0.184074
    outer loop
      vertex 12.0563 -8.05577 6
      vertex 12.7879 -6.83525 6
      vertex 10.8091 -7.22241 14
    endloop
  endfacet
  facet normal 0.832178 -0.498787 0.242262
    outer loop
      vertex 11.465 -6.12816 14
      vertex 8.37825 -4.47827 28
      vertex 7.89896 -5.27792 28
    endloop
  endfacet
  facet normal 0.832167 -0.498806 0.24226
    outer loop
      vertex 10.8091 -7.22241 14
      vertex 11.465 -6.12816 14
      vertex 7.89896 -5.27792 28
    endloop
  endfacet
  facet normal 0.854419 -0.512114 0.0877888
    outer loop
      vertex 8.37825 -4.47827 28
      vertex 7.05537 -3.77117 45
      vertex 6.65176 -4.44456 45
    endloop
  endfacet
  facet normal 0.854418 -0.512116 0.0877887
    outer loop
      vertex 7.89896 -5.27792 28
      vertex 8.37825 -4.47827 28
      vertex 6.65176 -4.44456 45
    endloop
  endfacet
  facet normal 0.846087 -0.507122 -0.164206
    outer loop
      vertex 7.49633 -4.00687 48
      vertex 7.06749 -4.72235 48
      vertex 7.05537 -3.77117 45
    endloop
  endfacet
  facet normal 0.846088 -0.50712 -0.164206
    outer loop
      vertex 7.05537 -3.77117 45
      vertex 7.06749 -4.72235 48
      vertex 6.65176 -4.44456 45
    endloop
  endfacet
  facet normal 0.767362 -0.459936 0.446783
    outer loop
      vertex 7.49633 -4.00687 48
      vertex 6.61441 -3.53547 50
      vertex 6.23602 -4.16678 50
    endloop
  endfacet
  facet normal 0.767362 -0.459936 0.446783
    outer loop
      vertex 7.06749 -4.72235 48
      vertex 7.49633 -4.00687 48
      vertex 6.23602 -4.16678 50
    endloop
  endfacet
  facet normal 0.606882 -0.363739 -0.706674
    outer loop
      vertex 12.3469 -6.59955 2
      vertex 11.6406 -7.77798 2
      vertex 10.5831 -5.65676 0
    endloop
  endfacet
  facet normal 0.606853 -0.363765 -0.706686
    outer loop
      vertex 10.5831 -5.65676 0
      vertex 11.6406 -7.77798 2
      vertex 9.97763 -6.66684 0
    endloop
  endfacet
  facet normal 0.797039 -0.591086 -0.123882
    outer loop
      vertex 11.6406 -7.77798 2
      vertex 12.0563 -8.05577 6
      vertex 11.2087 -9.1987 6
    endloop
  endfacet
  facet normal 0.796995 -0.59114 -0.123905
    outer loop
      vertex 11.6406 -7.77798 2
      vertex 11.2087 -9.1987 6
      vertex 10.8221 -8.88151 2
    endloop
  endfacet
  facet normal 0.789471 -0.585535 0.184074
    outer loop
      vertex 12.0563 -8.05577 6
      vertex 10.8091 -7.22241 14
      vertex 10.0491 -8.24711 14
    endloop
  endfacet
  facet normal 0.7895 -0.585495 0.184082
    outer loop
      vertex 11.2087 -9.1987 6
      vertex 12.0563 -8.05577 6
      vertex 10.0491 -8.24711 14
    endloop
  endfacet
  facet normal 0.779282 -0.577952 0.24226
    outer loop
      vertex 10.8091 -7.22241 14
      vertex 7.89896 -5.27792 28
      vertex 7.3436 -6.02674 28
    endloop
  endfacet
  facet normal 0.77927 -0.577969 0.242259
    outer loop
      vertex 10.0491 -8.24711 14
      vertex 10.8091 -7.22241 14
      vertex 7.3436 -6.02674 28
    endloop
  endfacet
  facet normal 0.800105 -0.593401 0.0877887
    outer loop
      vertex 7.89896 -5.27792 28
      vertex 6.65176 -4.44456 45
      vertex 6.18408 -5.07515 45
    endloop
  endfacet
  facet normal 0.800108 -0.593397 0.0877889
    outer loop
      vertex 7.3436 -6.02674 28
      vertex 7.89896 -5.27792 28
      vertex 6.18408 -5.07515 45
    endloop
  endfacet
  facet normal 0.792304 -0.587615 -0.164206
    outer loop
      vertex 6.65176 -4.44456 45
      vertex 7.06749 -4.72235 48
      vertex 6.57059 -5.39234 48
    endloop
  endfacet
  facet normal 0.792303 -0.587615 -0.164206
    outer loop
      vertex 6.65176 -4.44456 45
      vertex 6.57059 -5.39234 48
      vertex 6.18408 -5.07515 45
    endloop
  endfacet
  facet normal 0.718585 -0.532937 0.446783
    outer loop
      vertex 7.06749 -4.72235 48
      vertex 6.23602 -4.16678 50
      vertex 5.79758 -4.75795 50
    endloop
  endfacet
  facet normal 0.718583 -0.532939 0.446782
    outer loop
      vertex 6.57059 -5.39234 48
      vertex 7.06749 -4.72235 48
      vertex 5.79758 -4.75795 50
    endloop
  endfacet
  facet normal 0.568276 -0.421497 -0.706684
    outer loop
      vertex 11.6406 -7.77798 2
      vertex 10.8221 -8.88151 2
      vertex 9.97763 -6.66684 0
    endloop
  endfacet
  facet normal 0.568301 -0.421479 -0.706675
    outer loop
      vertex 9.97763 -6.66684 0
      vertex 10.8221 -8.88151 2
      vertex 9.27612 -7.61272 0
    endloop
  endfacet
  facet normal 0.735194 -0.666437 -0.123903
    outer loop
      vertex 10.8221 -8.88151 2
      vertex 11.2087 -9.1987 6
      vertex 10.253 -10.253 6
    endloop
  endfacet
  facet normal 0.735256 -0.666373 -0.123873
    outer loop
      vertex 10.8221 -8.88151 2
      vertex 10.253 -10.253 6
      vertex 9.89949 -9.89949 2
    endloop
  endfacet
  facet normal 0.728305 -0.660065 0.184082
    outer loop
      vertex 11.2087 -9.1987 6
      vertex 10.0491 -8.24711 14
      vertex 9.19239 -9.19239 14
    endloop
  endfacet
  facet normal 0.728244 -0.660137 0.184066
    outer loop
      vertex 10.253 -10.253 6
      vertex 11.2087 -9.1987 6
      vertex 9.19239 -9.19239 14
    endloop
  endfacet
  facet normal 0.718873 -0.651562 0.242258
    outer loop
      vertex 10.0491 -8.24711 14
      vertex 7.3436 -6.02674 28
      vertex 6.71751 -6.71751 28
    endloop
  endfacet
  facet normal 0.718895 -0.651536 0.242261
    outer loop
      vertex 9.19239 -9.19239 14
      vertex 10.0491 -8.24711 14
      vertex 6.71751 -6.71751 28
    endloop
  endfacet
  facet normal 0.738085 -0.668972 0.0877889
    outer loop
      vertex 7.3436 -6.02674 28
      vertex 6.18408 -5.07515 45
      vertex 5.65685 -5.65685 45
    endloop
  endfacet
  facet normal 0.738084 -0.668974 0.0877888
    outer loop
      vertex 6.71751 -6.71751 28
      vertex 7.3436 -6.02674 28
      vertex 5.65685 -5.65685 45
    endloop
  endfacet
  facet normal 0.730897 -0.662439 -0.164206
    outer loop
      vertex 6.18408 -5.07515 45
      vertex 6.57059 -5.39234 48
      vertex 6.01041 -6.01041 48
    endloop
  endfacet
  facet normal 0.730888 -0.662448 -0.164209
    outer loop
      vertex 6.18408 -5.07515 45
      vertex 6.01041 -6.01041 48
      vertex 5.65685 -5.65685 45
    endloop
  endfacet
  facet normal 0.662885 -0.600808 0.446782
    outer loop
      vertex 6.57059 -5.39234 48
      vertex 5.79758 -4.75795 50
      vertex 5.3033 -5.3033 50
    endloop
  endfacet
  facet normal 0.662889 -0.600801 0.446784
    outer loop
      vertex 6.01041 -6.01041 48
      vertex 6.57059 -5.39234 48
      vertex 5.3033 -5.3033 50
    endloop
  endfacet
  facet normal 0.524259 -0.475144 -0.706676
    outer loop
      vertex 10.8221 -8.88151 2
      vertex 9.89949 -9.89949 2
      vertex 9.27612 -7.61272 0
    endloop
  endfacet
  facet normal 0.524249 -0.47515 -0.70668
    outer loop
      vertex 9.27612 -7.61272 0
      vertex 9.89949 -9.89949 2
      vertex 8.48528 -8.48528 0
    endloop
  endfacet
  facet normal 0.66644 -0.735196 -0.123873
    outer loop
      vertex 9.89949 -9.89949 2
      vertex 10.253 -10.253 6
      vertex 9.1987 -11.2087 6
    endloop
  endfacet
  facet normal 0.666371 -0.735253 -0.123904
    outer loop
      vertex 9.89949 -9.89949 2
      vertex 9.1987 -11.2087 6
      vertex 8.88151 -10.8221 2
    endloop
  endfacet
  facet normal 0.660067 -0.728307 0.184065
    outer loop
      vertex 10.253 -10.253 6
      vertex 9.19239 -9.19239 14
      vertex 8.24711 -10.0491 14
    endloop
  endfacet
  facet normal 0.660135 -0.728242 0.184081
    outer loop
      vertex 9.1987 -11.2087 6
      vertex 10.253 -10.253 6
      vertex 8.24711 -10.0491 14
    endloop
  endfacet
  facet normal 0.651561 -0.718872 0.242261
    outer loop
      vertex 9.19239 -9.19239 14
      vertex 6.71751 -6.71751 28
      vertex 6.02674 -7.3436 28
    endloop
  endfacet
  facet normal 0.651537 -0.718895 0.242259
    outer loop
      vertex 8.24711 -10.0491 14
      vertex 9.19239 -9.19239 14
      vertex 6.02674 -7.3436 28
    endloop
  endfacet
  facet normal 0.668972 -0.738085 0.0877888
    outer loop
      vertex 6.71751 -6.71751 28
      vertex 5.65685 -5.65685 45
      vertex 5.07515 -6.18408 45
    endloop
  endfacet
  facet normal 0.668974 -0.738084 0.0877889
    outer loop
      vertex 6.02674 -7.3436 28
      vertex 6.71751 -6.71751 28
      vertex 5.07515 -6.18408 45
    endloop
  endfacet
  facet normal 0.662439 -0.730897 -0.164209
    outer loop
      vertex 5.65685 -5.65685 45
      vertex 6.01041 -6.01041 48
      vertex 5.39234 -6.57059 48
    endloop
  endfacet
  facet normal 0.662449 -0.730889 -0.164206
    outer loop
      vertex 5.65685 -5.65685 45
      vertex 5.39234 -6.57059 48
      vertex 5.07515 -6.18408 45
    endloop
  endfacet
  facet normal 0.600807 -0.662884 0.446784
    outer loop
      vertex 6.01041 -6.01041 48
      vertex 5.3033 -5.3033 50
      vertex 4.75795 -5.79758 50
    endloop
  endfacet
  facet normal 0.600802 -0.66289 0.446782
    outer loop
      vertex 5.39234 -6.57059 48
      vertex 6.01041 -6.01041 48
      vertex 4.75795 -5.79758 50
    endloop
  endfacet
  facet normal 0.475141 -0.524257 -0.706679
    outer loop
      vertex 9.89949 -9.89949 2
      vertex 8.88151 -10.8221 2
      vertex 8.48528 -8.48528 0
    endloop
  endfacet
  facet normal 0.475153 -0.524252 -0.706676
    outer loop
      vertex 8.48528 -8.48528 0
      vertex 8.88151 -10.8221 2
      vertex 7.61272 -9.27612 0
    endloop
  endfacet
  facet normal 0.591084 -0.797036 -0.123905
    outer loop
      vertex 8.88151 -10.8221 2
      vertex 9.1987 -11.2087 6
      vertex 8.05577 -12.0563 6
    endloop
  endfacet
  facet normal 0.591142 -0.796998 -0.123881
    outer loop
      vertex 8.88151 -10.8221 2
      vertex 8.05577 -12.0563 6
      vertex 7.77798 -11.6406 2
    endloop
  endfacet
  facet normal 0.585535 -0.78947 0.184082
    outer loop
      vertex 9.1987 -11.2087 6
      vertex 8.24711 -10.0491 14
      vertex 7.22241 -10.8091 14
    endloop
  endfacet
  facet normal 0.585496 -0.789501 0.184074
    outer loop
      vertex 8.05577 -12.0563 6
      vertex 9.1987 -11.2087 6
      vertex 7.22241 -10.8091 14
    endloop
  endfacet
  facet normal 0.577953 -0.779283 0.242258
    outer loop
      vertex 8.24711 -10.0491 14
      vertex 6.02674 -7.3436 28
      vertex 5.27792 -7.89896 28
    endloop
  endfacet
  facet normal 0.577969 -0.77927 0.24226
    outer loop
      vertex 7.22241 -10.8091 14
      vertex 8.24711 -10.0491 14
      vertex 5.27792 -7.89896 28
    endloop
  endfacet
  facet normal 0.593401 -0.800105 0.087789
    outer loop
      vertex 6.02674 -7.3436 28
      vertex 5.07515 -6.18408 45
      vertex 4.44456 -6.65176 45
    endloop
  endfacet
  facet normal 0.593397 -0.800108 0.0877887
    outer loop
      vertex 5.27792 -7.89896 28
      vertex 6.02674 -7.3436 28
      vertex 4.44456 -6.65176 45
    endloop
  endfacet
  facet normal 0.587614 -0.792304 -0.164206
    outer loop
      vertex 5.07515 -6.18408 45
      vertex 5.39234 -6.57059 48
      vertex 4.72235 -7.06749 48
    endloop
  endfacet
  facet normal 0.587615 -0.792303 -0.164206
    outer loop
      vertex 5.07515 -6.18408 45
      vertex 4.72235 -7.06749 48
      vertex 4.44456 -6.65176 45
    endloop
  endfacet
  facet normal 0.532937 -0.718585 0.446782
    outer loop
      vertex 5.39234 -6.57059 48
      vertex 4.75795 -5.79758 50
      vertex 4.16678 -6.23602 50
    endloop
  endfacet
  facet normal 0.532939 -0.718583 0.446783
    outer loop
      vertex 4.72235 -7.06749 48
      vertex 5.39234 -6.57059 48
      vertex 4.16678 -6.23602 50
    endloop
  endfacet
  facet normal 0.421502 -0.568283 -0.706676
    outer loop
      vertex 8.88151 -10.8221 2
      vertex 7.77798 -11.6406 2
      vertex 7.61272 -9.27612 0
    endloop
  endfacet
  facet normal 0.421473 -0.568293 -0.706685
    outer loop
      vertex 7.61272 -9.27612 0
      vertex 7.77798 -11.6406 2
      vertex 6.66684 -9.97763 0
    endloop
  endfacet
  facet normal 0.510168 -0.851107 -0.123881
    outer loop
      vertex 7.77798 -11.6406 2
      vertex 8.05577 -12.0563 6
      vertex 6.83525 -12.7879 6
    endloop
  endfacet
  facet normal 0.510129 -0.851128 -0.123896
    outer loop
      vertex 7.77798 -11.6406 2
      vertex 6.83525 -12.7879 6
      vertex 6.59955 -12.3469 2
    endloop
  endfacet
  facet normal 0.505336 -0.843061 0.184074
    outer loop
      vertex 8.05577 -12.0563 6
      vertex 7.22241 -10.8091 14
      vertex 6.12816 -11.465 14
    endloop
  endfacet
  facet normal 0.505342 -0.843057 0.184075
    outer loop
      vertex 6.83525 -12.7879 6
      vertex 8.05577 -12.0563 6
      vertex 6.12816 -11.465 14
    endloop
  endfacet
  facet normal 0.498787 -0.832179 0.24226
    outer loop
      vertex 7.22241 -10.8091 14
      vertex 5.27792 -7.89896 28
      vertex 4.47827 -8.37825 28
    endloop
  endfacet
  facet normal 0.498806 -0.832167 0.242262
    outer loop
      vertex 6.12816 -11.465 14
      vertex 7.22241 -10.8091 14
      vertex 4.47827 -8.37825 28
    endloop
  endfacet
  facet normal 0.512114 -0.85442 0.0877887
    outer loop
      vertex 5.27792 -7.89896 28
      vertex 4.44456 -6.65176 45
      vertex 3.77117 -7.05537 45
    endloop
  endfacet
  facet normal 0.512116 -0.854418 0.0877888
    outer loop
      vertex 4.47827 -8.37825 28
      vertex 5.27792 -7.89896 28
      vertex 3.77117 -7.05537 45
    endloop
  endfacet
  facet normal 0.507122 -0.846087 -0.164206
    outer loop
      vertex 4.44456 -6.65176 45
      vertex 4.72235 -7.06749 48
      vertex 4.00687 -7.49633 48
    endloop
  endfacet
  facet normal 0.50712 -0.846088 -0.164206
    outer loop
      vertex 4.44456 -6.65176 45
      vertex 4.00687 -7.49633 48
      vertex 3.77117 -7.05537 45
    endloop
  endfacet
  facet normal 0.459936 -0.767362 0.446783
    outer loop
      vertex 4.72235 -7.06749 48
      vertex 4.16678 -6.23602 50
      vertex 3.53547 -6.61441 50
    endloop
  endfacet
  facet normal 0.459936 -0.767362 0.446783
    outer loop
      vertex 4.00687 -7.49633 48
      vertex 4.72235 -7.06749 48
      vertex 3.53547 -6.61441 50
    endloop
  endfacet
  facet normal 0.363733 -0.606873 -0.706685
    outer loop
      vertex 6.66684 -9.97763 0
      vertex 7.77798 -11.6406 2
      vertex 6.59955 -12.3469 2
    endloop
  endfacet
  facet normal 0.363771 -0.606864 -0.706673
    outer loop
      vertex 6.66684 -9.97763 0
      vertex 6.59955 -12.3469 2
      vertex 5.65676 -10.5831 0
    endloop
  endfacet
  facet normal 0.424265 -0.897022 -0.123897
    outer loop
      vertex 6.59955 -12.3469 2
      vertex 6.83525 -12.7879 6
      vertex 5.54891 -13.3963 6
    endloop
  endfacet
  facet normal 0.424253 -0.897027 -0.123901
    outer loop
      vertex 6.59955 -12.3469 2
      vertex 5.54891 -13.3963 6
      vertex 5.35757 -12.9343 2
    endloop
  endfacet
  facet normal 0.420211 -0.88856 0.184075
    outer loop
      vertex 6.83525 -12.7879 6
      vertex 6.12816 -11.465 14
      vertex 4.97488 -12.0104 14
    endloop
  endfacet
  facet normal 0.420252 -0.888539 0.184083
    outer loop
      vertex 5.54891 -13.3963 6
      vertex 6.83525 -12.7879 6
      vertex 4.97488 -12.0104 14
    endloop
  endfacet
  facet normal 0.414823 -0.877058 0.242262
    outer loop
      vertex 6.12816 -11.465 14
      vertex 4.47827 -8.37825 28
      vertex 3.63549 -8.77686 28
    endloop
  endfacet
  facet normal 0.414781 -0.877079 0.242259
    outer loop
      vertex 4.97488 -12.0104 14
      vertex 6.12816 -11.465 14
      vertex 3.63549 -8.77686 28
    endloop
  endfacet
  facet normal 0.425912 -0.900496 0.0877888
    outer loop
      vertex 4.47827 -8.37825 28
      vertex 3.77117 -7.05537 45
      vertex 3.06147 -7.39104 45
    endloop
  endfacet
  facet normal 0.425909 -0.900497 0.0877886
    outer loop
      vertex 3.63549 -8.77686 28
      vertex 4.47827 -8.37825 28
      vertex 3.06147 -7.39104 45
    endloop
  endfacet
  facet normal 0.421757 -0.891716 -0.164206
    outer loop
      vertex 3.77117 -7.05537 45
      vertex 4.00687 -7.49633 48
      vertex 3.25281 -7.85298 48
    endloop
  endfacet
  facet normal 0.421759 -0.891715 -0.164206
    outer loop
      vertex 3.77117 -7.05537 45
      vertex 3.25281 -7.85298 48
      vertex 3.06147 -7.39104 45
    endloop
  endfacet
  facet normal 0.382512 -0.808746 0.446783
    outer loop
      vertex 4.00687 -7.49633 48
      vertex 3.53547 -6.61441 50
      vertex 2.87012 -6.9291 50
    endloop
  endfacet
  facet normal 0.382514 -0.808744 0.446784
    outer loop
      vertex 3.25281 -7.85298 48
      vertex 4.00687 -7.49633 48
      vertex 2.87012 -6.9291 50
    endloop
  endfacet
  facet normal 0.302507 -0.639611 -0.706673
    outer loop
      vertex 5.65676 -10.5831 0
      vertex 6.59955 -12.3469 2
      vertex 5.35757 -12.9343 2
    endloop
  endfacet
  facet normal 0.302513 -0.63961 -0.706671
    outer loop
      vertex 5.65676 -10.5831 0
      vertex 5.35757 -12.9343 2
      vertex 4.5922 -11.0866 0
    endloop
  endfacet
  facet normal 0.334244 -0.934307 -0.123901
    outer loop
      vertex 5.35757 -12.9343 2
      vertex 5.54891 -13.3963 6
      vertex 4.20913 -13.8756 6
    endloop
  endfacet
  facet normal 0.334325 -0.934282 -0.123872
    outer loop
      vertex 5.35757 -12.9343 2
      vertex 4.20913 -13.8756 6
      vertex 4.06398 -13.3972 2
    endloop
  endfacet
  facet normal 0.33114 -0.925451 0.184083
    outer loop
      vertex 5.54891 -13.3963 6
      vertex 4.97488 -12.0104 14
      vertex 3.7737 -12.4402 14
    endloop
  endfacet
  facet normal 0.331084 -0.925473 0.184073
    outer loop
      vertex 4.20913 -13.8756 6
      vertex 5.54891 -13.3963 6
      vertex 3.7737 -12.4402 14
    endloop
  endfacet
  facet normal 0.326847 -0.9135 0.242258
    outer loop
      vertex 4.97488 -12.0104 14
      vertex 3.63549 -8.77686 28
      vertex 2.7577 -9.09093 28
    endloop
  endfacet
  facet normal 0.326862 -0.913494 0.242259
    outer loop
      vertex 3.7737 -12.4402 14
      vertex 4.97488 -12.0104 14
      vertex 2.7577 -9.09093 28
    endloop
  endfacet
  facet normal 0.335582 -0.937911 0.0877887
    outer loop
      vertex 3.63549 -8.77686 28
      vertex 3.06147 -7.39104 45
      vertex 2.32228 -7.65552 45
    endloop
  endfacet
  facet normal 0.335581 -0.937912 0.0877886
    outer loop
      vertex 2.7577 -9.09093 28
      vertex 3.63549 -8.77686 28
      vertex 2.32228 -7.65552 45
    endloop
  endfacet
  facet normal 0.33231 -0.928766 -0.164206
    outer loop
      vertex 3.06147 -7.39104 45
      vertex 3.25281 -7.85298 48
      vertex 2.46742 -8.13399 48
    endloop
  endfacet
  facet normal 0.33231 -0.928766 -0.164206
    outer loop
      vertex 3.06147 -7.39104 45
      vertex 2.46742 -8.13399 48
      vertex 2.32228 -7.65552 45
    endloop
  endfacet
  facet normal 0.30139 -0.842347 0.446783
    outer loop
      vertex 3.25281 -7.85298 48
      vertex 2.87012 -6.9291 50
      vertex 2.17713 -7.17705 50
    endloop
  endfacet
  facet normal 0.301389 -0.842348 0.446783
    outer loop
      vertex 2.46742 -8.13399 48
      vertex 3.25281 -7.85298 48
      vertex 2.17713 -7.17705 50
    endloop
  endfacet
  facet normal 0.238385 -0.666174 -0.706671
    outer loop
      vertex 4.5922 -11.0866 0
      vertex 5.35757 -12.9343 2
      vertex 4.06398 -13.3972 2
    endloop
  endfacet
  facet normal 0.238345 -0.666176 -0.706684
    outer loop
      vertex 4.5922 -11.0866 0
      vertex 4.06398 -13.3972 2
      vertex 3.48342 -11.4833 0
    endloop
  endfacet
  facet normal 0.24114 -0.962552 -0.123872
    outer loop
      vertex 4.06398 -13.3972 2
      vertex 4.20913 -13.8756 6
      vertex 2.82881 -14.2214 6
    endloop
  endfacet
  facet normal 0.241089 -0.962563 -0.12389
    outer loop
      vertex 4.06398 -13.3972 2
      vertex 2.82881 -14.2214 6
      vertex 2.73126 -13.731 2
    endloop
  endfacet
  facet normal 0.238839 -0.953453 0.184073
    outer loop
      vertex 4.20913 -13.8756 6
      vertex 3.7737 -12.4402 14
      vertex 2.53617 -12.7502 14
    endloop
  endfacet
  facet normal 0.238859 -0.953447 0.184076
    outer loop
      vertex 2.82881 -14.2214 6
      vertex 4.20913 -13.8756 6
      vertex 2.53617 -12.7502 14
    endloop
  endfacet
  facet normal 0.235747 -0.941134 0.242259
    outer loop
      vertex 3.7737 -12.4402 14
      vertex 2.7577 -9.09093 28
      vertex 1.85336 -9.31746 28
    endloop
  endfacet
  facet normal 0.235753 -0.941133 0.24226
    outer loop
      vertex 2.53617 -12.7502 14
      vertex 3.7737 -12.4402 14
      vertex 1.85336 -9.31746 28
    endloop
  endfacet
  facet normal 0.242041 -0.966286 0.0877886
    outer loop
      vertex 2.7577 -9.09093 28
      vertex 2.32228 -7.65552 45
      vertex 1.56072 -7.84628 45
    endloop
  endfacet
  facet normal 0.242047 -0.966285 0.0877889
    outer loop
      vertex 1.85336 -9.31746 28
      vertex 2.7577 -9.09093 28
      vertex 1.56072 -7.84628 45
    endloop
  endfacet
  facet normal 0.23968 -0.956865 -0.164206
    outer loop
      vertex 2.32228 -7.65552 45
      vertex 2.46742 -8.13399 48
      vertex 1.65827 -8.33667 48
    endloop
  endfacet
  facet normal 0.239681 -0.956864 -0.164206
    outer loop
      vertex 2.32228 -7.65552 45
      vertex 1.65827 -8.33667 48
      vertex 1.56072 -7.84628 45
    endloop
  endfacet
  facet normal 0.217386 -0.86783 0.446783
    outer loop
      vertex 2.46742 -8.13399 48
      vertex 2.17713 -7.17705 50
      vertex 1.46318 -7.35589 50
    endloop
  endfacet
  facet normal 0.217379 -0.867833 0.446781
    outer loop
      vertex 1.65827 -8.33667 48
      vertex 2.46742 -8.13399 48
      vertex 1.46318 -7.35589 50
    endloop
  endfacet
  facet normal 0.171902 -0.68633 -0.706683
    outer loop
      vertex 3.48342 -11.4833 0
      vertex 4.06398 -13.3972 2
      vertex 2.73126 -13.731 2
    endloop
  endfacet
  facet normal 0.171892 -0.686329 -0.706686
    outer loop
      vertex 3.48342 -11.4833 0
      vertex 2.73126 -13.731 2
      vertex 2.34108 -11.7694 0
    endloop
  endfacet
  facet normal 0.145606 -0.981555 -0.12389
    outer loop
      vertex 2.73126 -13.731 2
      vertex 2.82881 -14.2214 6
      vertex 1.42125 -14.4302 6
    endloop
  endfacet
  facet normal 0.145606 -0.981555 -0.123889
    outer loop
      vertex 2.73126 -13.731 2
      vertex 1.42125 -14.4302 6
      vertex 1.37224 -13.9326 2
    endloop
  endfacet
  facet normal 0.144229 -0.972272 0.184077
    outer loop
      vertex 2.82881 -14.2214 6
      vertex 2.53617 -12.7502 14
      vertex 1.27422 -12.9374 14
    endloop
  endfacet
  facet normal 0.144229 -0.972273 0.184077
    outer loop
      vertex 1.42125 -14.4302 6
      vertex 2.82881 -14.2214 6
      vertex 1.27422 -12.9374 14
    endloop
  endfacet
  facet normal 0.142354 -0.959711 0.24226
    outer loop
      vertex 2.53617 -12.7502 14
      vertex 1.85336 -9.31746 28
      vertex 0.931162 -9.45425 28
    endloop
  endfacet
  facet normal 0.142365 -0.959709 0.242261
    outer loop
      vertex 1.27422 -12.9374 14
      vertex 2.53617 -12.7502 14
      vertex 0.931162 -9.45425 28
    endloop
  endfacet
  facet normal 0.14617 -0.985357 0.0877889
    outer loop
      vertex 1.85336 -9.31746 28
      vertex 1.56072 -7.84628 45
      vertex 0.784137 -7.96148 45
    endloop
  endfacet
  facet normal 0.146159 -0.985358 0.0877884
    outer loop
      vertex 0.931162 -9.45425 28
      vertex 1.85336 -9.31746 28
      vertex 0.784137 -7.96148 45
    endloop
  endfacet
  facet normal 0.144744 -0.975749 -0.164206
    outer loop
      vertex 1.56072 -7.84628 45
      vertex 1.65827 -8.33667 48
      vertex 0.833145 -8.45907 48
    endloop
  endfacet
  facet normal 0.144745 -0.975749 -0.164205
    outer loop
      vertex 1.56072 -7.84628 45
      vertex 0.833145 -8.45907 48
      vertex 0.784137 -7.96148 45
    endloop
  endfacet
  facet normal 0.131276 -0.88496 0.446781
    outer loop
      vertex 1.65827 -8.33667 48
      vertex 1.46318 -7.35589 50
      vertex 0.735128 -7.46389 50
    endloop
  endfacet
  facet normal 0.131276 -0.88496 0.446781
    outer loop
      vertex 0.833145 -8.45907 48
      vertex 1.65827 -8.33667 48
      vertex 0.735128 -7.46389 50
    endloop
  endfacet
  facet normal 0.10382 -0.699869 -0.706686
    outer loop
      vertex 2.34108 -11.7694 0
      vertex 2.73126 -13.731 2
      vertex 1.37224 -13.9326 2
    endloop
  endfacet
  facet normal 0.10382 -0.699869 -0.706686
    outer loop
      vertex 2.34108 -11.7694 0
      vertex 1.37224 -13.9326 2
      vertex 1.17621 -11.9422 0
    endloop
  endfacet
  facet normal 0.0486747 -0.991102 -0.123889
    outer loop
      vertex 1.37224 -13.9326 2
      vertex 1.42125 -14.4302 6
      vertex 0 -14.5 6
    endloop
  endfacet
  facet normal 0.0486797 -0.991101 -0.123888
    outer loop
      vertex 0 -14 2
      vertex 1.37224 -13.9326 2
      vertex 0 -14.5 6
    endloop
  endfacet
  facet normal 0.0482304 -0.981728 0.184077
    outer loop
      vertex 1.42125 -14.4302 6
      vertex 1.27422 -12.9374 14
      vertex 0 -13 14
    endloop
  endfacet
  facet normal 0.0482144 -0.981729 0.184074
    outer loop
      vertex 1.42125 -14.4302 6
      vertex 0 -13 14
      vertex 0 -14.5 6
    endloop
  endfacet
  facet normal 0.0476111 -0.969042 0.242261
    outer loop
      vertex 1.27422 -12.9374 14
      vertex 0.931162 -9.45425 28
      vertex 0 -9.5 28
    endloop
  endfacet
  facet normal 0.0476072 -0.969042 0.242261
    outer loop
      vertex 1.27422 -12.9374 14
      vertex 0 -9.5 28
      vertex 0 -13 14
    endloop
  endfacet
  facet normal 0.0488755 -0.994939 0.0877883
    outer loop
      vertex 0.931162 -9.45425 28
      vertex 0.784137 -7.96148 45
      vertex 0 -8 45
    endloop
  endfacet
  facet normal 0.0488835 -0.994939 0.0877887
    outer loop
      vertex 0.931162 -9.45425 28
      vertex 0 -8 45
      vertex 0 -9.5 28
    endloop
  endfacet
  facet normal 0.0484019 -0.985238 -0.164206
    outer loop
      vertex 0.784137 -7.96148 45
      vertex 0.833145 -8.45907 48
      vertex 0 -8.5 48
    endloop
  endfacet
  facet normal 0.0483989 -0.985238 -0.164206
    outer loop
      vertex 0 -8 45
      vertex 0.784137 -7.96148 45
      vertex 0 -8.5 48
    endloop
  endfacet
  facet normal 0.0438926 -0.893566 0.446781
    outer loop
      vertex 0.833145 -8.45907 48
      vertex 0.735128 -7.46389 50
      vertex 0 -7.5 50
    endloop
  endfacet
  facet normal 0.0438983 -0.893565 0.446782
    outer loop
      vertex 0.833145 -8.45907 48
      vertex 0 -7.5 50
      vertex 0 -8.5 48
    endloop
  endfacet
  facet normal 0.0347096 -0.706676 -0.706686
    outer loop
      vertex 1.17621 -11.9422 0
      vertex 1.37224 -13.9326 2
      vertex 0 -14 2
    endloop
  endfacet
  facet normal 0.0347269 -0.70668 -0.70668
    outer loop
      vertex 0 -12 0
      vertex 1.17621 -11.9422 0
      vertex 0 -14 2
    endloop
  endfacet
  facet normal -0.0486747 -0.991102 -0.123888
    outer loop
      vertex 0 -14 2
      vertex 0 -14.5 6
      vertex -1.42125 -14.4302 6
    endloop
  endfacet
  facet normal -0.0486797 -0.991101 -0.123889
    outer loop
      vertex -1.37224 -13.9326 2
      vertex 0 -14 2
      vertex -1.42125 -14.4302 6
    endloop
  endfacet
  facet normal -0.0482304 -0.981728 0.184074
    outer loop
      vertex 0 -14.5 6
      vertex 0 -13 14
      vertex -1.27422 -12.9374 14
    endloop
  endfacet
  facet normal -0.0482144 -0.981729 0.184077
    outer loop
      vertex 0 -14.5 6
      vertex -1.27422 -12.9374 14
      vertex -1.42125 -14.4302 6
    endloop
  endfacet
  facet normal -0.0476111 -0.969042 0.242261
    outer loop
      vertex 0 -13 14
      vertex 0 -9.5 28
      vertex -0.931162 -9.45425 28
    endloop
  endfacet
  facet normal -0.0476072 -0.969042 0.242261
    outer loop
      vertex 0 -13 14
      vertex -0.931162 -9.45425 28
      vertex -1.27422 -12.9374 14
    endloop
  endfacet
  facet normal -0.0488755 -0.994939 0.0877888
    outer loop
      vertex 0 -9.5 28
      vertex 0 -8 45
      vertex -0.784137 -7.96148 45
    endloop
  endfacet
  facet normal -0.0488835 -0.994939 0.0877884
    outer loop
      vertex 0 -9.5 28
      vertex -0.784137 -7.96148 45
      vertex -0.931162 -9.45425 28
    endloop
  endfacet
  facet normal -0.0484019 -0.985238 -0.164206
    outer loop
      vertex 0 -8 45
      vertex 0 -8.5 48
      vertex -0.833145 -8.45907 48
    endloop
  endfacet
  facet normal -0.0483989 -0.985238 -0.164206
    outer loop
      vertex -0.784137 -7.96148 45
      vertex 0 -8 45
      vertex -0.833145 -8.45907 48
    endloop
  endfacet
  facet normal -0.0438925 -0.893565 0.446783
    outer loop
      vertex 0 -8.5 48
      vertex 0 -7.5 50
      vertex -0.735128 -7.46389 50
    endloop
  endfacet
  facet normal -0.0438983 -0.893566 0.446781
    outer loop
      vertex 0 -8.5 48
      vertex -0.735128 -7.46389 50
      vertex -0.833145 -8.45907 48
    endloop
  endfacet
  facet normal -0.0347099 -0.706681 -0.706681
    outer loop
      vertex 0 -12 0
      vertex 0 -14 2
      vertex -1.37224 -13.9326 2
    endloop
  endfacet
  facet normal -0.0347266 -0.706674 -0.706686
    outer loop
      vertex -1.17621 -11.9422 0
      vertex 0 -12 0
      vertex -1.37224 -13.9326 2
    endloop
  endfacet
  facet normal -0.145606 -0.981555 -0.123889
    outer loop
      vertex -1.37224 -13.9326 2
      vertex -1.42125 -14.4302 6
      vertex -2.82881 -14.2214 6
    endloop
  endfacet
  facet normal -0.145606 -0.981555 -0.12389
    outer loop
      vertex -2.73126 -13.731 2
      vertex -1.37224 -13.9326 2
      vertex -2.82881 -14.2214 6
    endloop
  endfacet
  facet normal -0.144229 -0.972273 0.184077
    outer loop
      vertex -1.42125 -14.4302 6
      vertex -1.27422 -12.9374 14
      vertex -2.53617 -12.7502 14
    endloop
  endfacet
  facet normal -0.144229 -0.972273 0.184077
    outer loop
      vertex -1.42125 -14.4302 6
      vertex -2.53617 -12.7502 14
      vertex -2.82881 -14.2214 6
    endloop
  endfacet
  facet normal -0.142354 -0.959711 0.242261
    outer loop
      vertex -1.27422 -12.9374 14
      vertex -0.931162 -9.45425 28
      vertex -1.85336 -9.31746 28
    endloop
  endfacet
  facet normal -0.142365 -0.959709 0.24226
    outer loop
      vertex -1.27422 -12.9374 14
      vertex -1.85336 -9.31746 28
      vertex -2.53617 -12.7502 14
    endloop
  endfacet
  facet normal -0.14617 -0.985357 0.0877883
    outer loop
      vertex -0.931162 -9.45425 28
      vertex -0.784137 -7.96148 45
      vertex -1.56072 -7.84628 45
    endloop
  endfacet
  facet normal -0.146159 -0.985358 0.0877889
    outer loop
      vertex -0.931162 -9.45425 28
      vertex -1.56072 -7.84628 45
      vertex -1.85336 -9.31746 28
    endloop
  endfacet
  facet normal -0.144744 -0.975749 -0.164205
    outer loop
      vertex -0.784137 -7.96148 45
      vertex -0.833145 -8.45907 48
      vertex -1.65827 -8.33667 48
    endloop
  endfacet
  facet normal -0.144745 -0.975749 -0.164206
    outer loop
      vertex -1.56072 -7.84628 45
      vertex -0.784137 -7.96148 45
      vertex -1.65827 -8.33667 48
    endloop
  endfacet
  facet normal -0.131276 -0.88496 0.446781
    outer loop
      vertex -0.833145 -8.45907 48
      vertex -0.735128 -7.46389 50
      vertex -1.46318 -7.35589 50
    endloop
  endfacet
  facet normal -0.131276 -0.88496 0.446781
    outer loop
      vertex -0.833145 -8.45907 48
      vertex -1.46318 -7.35589 50
      vertex -1.65827 -8.33667 48
    endloop
  endfacet
  facet normal -0.10382 -0.699869 -0.706686
    outer loop
      vertex -1.17621 -11.9422 0
      vertex -1.37224 -13.9326 2
      vertex -2.73126 -13.731 2
    endloop
  endfacet
  facet normal -0.10382 -0.699869 -0.706686
    outer loop
      vertex -2.34108 -11.7694 0
      vertex -1.17621 -11.9422 0
      vertex -2.73126 -13.731 2
    endloop
  endfacet
  facet normal -0.24114 -0.96255 -0.123889
    outer loop
      vertex -2.73126 -13.731 2
      vertex -2.82881 -14.2214 6
      vertex -4.20913 -13.8756 6
    endloop
  endfacet
  facet normal -0.241089 -0.962565 -0.123871
    outer loop
      vertex -4.06398 -13.3972 2
      vertex -2.73126 -13.731 2
      vertex -4.20913 -13.8756 6
    endloop
  endfacet
  facet normal -0.238839 -0.953453 0.184077
    outer loop
      vertex -2.82881 -14.2214 6
      vertex -2.53617 -12.7502 14
      vertex -3.7737 -12.4402 14
    endloop
  endfacet
  facet normal -0.238859 -0.953448 0.184073
    outer loop
      vertex -2.82881 -14.2214 6
      vertex -3.7737 -12.4402 14
      vertex -4.20913 -13.8756 6
    endloop
  endfacet
  facet normal -0.235747 -0.941134 0.24226
    outer loop
      vertex -2.53617 -12.7502 14
      vertex -1.85336 -9.31746 28
      vertex -2.7577 -9.09093 28
    endloop
  endfacet
  facet normal -0.235753 -0.941133 0.242259
    outer loop
      vertex -2.53617 -12.7502 14
      vertex -2.7577 -9.09093 28
      vertex -3.7737 -12.4402 14
    endloop
  endfacet
  facet normal -0.242041 -0.966286 0.0877889
    outer loop
      vertex -1.85336 -9.31746 28
      vertex -1.56072 -7.84628 45
      vertex -2.32228 -7.65552 45
    endloop
  endfacet
  facet normal -0.242047 -0.966285 0.0877886
    outer loop
      vertex -1.85336 -9.31746 28
      vertex -2.32228 -7.65552 45
      vertex -2.7577 -9.09093 28
    endloop
  endfacet
  facet normal -0.23968 -0.956865 -0.164206
    outer loop
      vertex -1.56072 -7.84628 45
      vertex -1.65827 -8.33667 48
      vertex -2.46742 -8.13399 48
    endloop
  endfacet
  facet normal -0.239681 -0.956864 -0.164206
    outer loop
      vertex -2.32228 -7.65552 45
      vertex -1.56072 -7.84628 45
      vertex -2.46742 -8.13399 48
    endloop
  endfacet
  facet normal -0.217386 -0.867831 0.446781
    outer loop
      vertex -1.65827 -8.33667 48
      vertex -1.46318 -7.35589 50
      vertex -2.17713 -7.17705 50
    endloop
  endfacet
  facet normal -0.217379 -0.867832 0.446783
    outer loop
      vertex -1.65827 -8.33667 48
      vertex -2.17713 -7.17705 50
      vertex -2.46742 -8.13399 48
    endloop
  endfacet
  facet normal -0.171901 -0.686327 -0.706686
    outer loop
      vertex -2.34108 -11.7694 0
      vertex -2.73126 -13.731 2
      vertex -4.06398 -13.3972 2
    endloop
  endfacet
  facet normal -0.171893 -0.686332 -0.706683
    outer loop
      vertex -3.48342 -11.4833 0
      vertex -2.34108 -11.7694 0
      vertex -4.06398 -13.3972 2
    endloop
  endfacet
  facet normal -0.334245 -0.93431 -0.123872
    outer loop
      vertex -4.06398 -13.3972 2
      vertex -4.20913 -13.8756 6
      vertex -5.54891 -13.3963 6
    endloop
  endfacet
  facet normal -0.334323 -0.934278 -0.123902
    outer loop
      vertex -5.35757 -12.9343 2
      vertex -4.06398 -13.3972 2
      vertex -5.54891 -13.3963 6
    endloop
  endfacet
  facet normal -0.331141 -0.925453 0.184073
    outer loop
      vertex -4.20913 -13.8756 6
      vertex -3.7737 -12.4402 14
      vertex -4.97488 -12.0104 14
    endloop
  endfacet
  facet normal -0.331083 -0.925472 0.184083
    outer loop
      vertex -4.20913 -13.8756 6
      vertex -4.97488 -12.0104 14
      vertex -5.54891 -13.3963 6
    endloop
  endfacet
  facet normal -0.326847 -0.9135 0.24226
    outer loop
      vertex -2.7577 -9.09093 28
      vertex -3.63549 -8.77686 28
      vertex -3.7737 -12.4402 14
    endloop
  endfacet
  facet normal -0.326862 -0.913495 0.242258
    outer loop
      vertex -3.7737 -12.4402 14
      vertex -3.63549 -8.77686 28
      vertex -4.97488 -12.0104 14
    endloop
  endfacet
  facet normal -0.335582 -0.937911 0.0877886
    outer loop
      vertex -2.7577 -9.09093 28
      vertex -2.32228 -7.65552 45
      vertex -3.06147 -7.39104 45
    endloop
  endfacet
  facet normal -0.335581 -0.937912 0.0877887
    outer loop
      vertex -2.7577 -9.09093 28
      vertex -3.06147 -7.39104 45
      vertex -3.63549 -8.77686 28
    endloop
  endfacet
  facet normal -0.33231 -0.928766 -0.164206
    outer loop
      vertex -2.32228 -7.65552 45
      vertex -2.46742 -8.13399 48
      vertex -3.25281 -7.85298 48
    endloop
  endfacet
  facet normal -0.33231 -0.928766 -0.164206
    outer loop
      vertex -3.06147 -7.39104 45
      vertex -2.32228 -7.65552 45
      vertex -3.25281 -7.85298 48
    endloop
  endfacet
  facet normal -0.30139 -0.842347 0.446783
    outer loop
      vertex -2.46742 -8.13399 48
      vertex -2.17713 -7.17705 50
      vertex -2.87012 -6.9291 50
    endloop
  endfacet
  facet normal -0.301389 -0.842347 0.446783
    outer loop
      vertex -2.46742 -8.13399 48
      vertex -2.87012 -6.9291 50
      vertex -3.25281 -7.85298 48
    endloop
  endfacet
  facet normal -0.238381 -0.666164 -0.706683
    outer loop
      vertex -3.48342 -11.4833 0
      vertex -4.06398 -13.3972 2
      vertex -5.35757 -12.9343 2
    endloop
  endfacet
  facet normal -0.238349 -0.666188 -0.70667
    outer loop
      vertex -4.5922 -11.0866 0
      vertex -3.48342 -11.4833 0
      vertex -5.35757 -12.9343 2
    endloop
  endfacet
  facet normal -0.424264 -0.897022 -0.123901
    outer loop
      vertex -5.35757 -12.9343 2
      vertex -5.54891 -13.3963 6
      vertex -6.83525 -12.7879 6
    endloop
  endfacet
  facet normal -0.424253 -0.897028 -0.123896
    outer loop
      vertex -6.59955 -12.3469 2
      vertex -5.35757 -12.9343 2
      vertex -6.83525 -12.7879 6
    endloop
  endfacet
  facet normal -0.42021 -0.888559 0.184083
    outer loop
      vertex -5.54891 -13.3963 6
      vertex -4.97488 -12.0104 14
      vertex -6.12816 -11.465 14
    endloop
  endfacet
  facet normal -0.420253 -0.88854 0.184076
    outer loop
      vertex -5.54891 -13.3963 6
      vertex -6.12816 -11.465 14
      vertex -6.83525 -12.7879 6
    endloop
  endfacet
  facet normal -0.414823 -0.877059 0.242258
    outer loop
      vertex -3.63549 -8.77686 28
      vertex -4.47827 -8.37825 28
      vertex -4.97488 -12.0104 14
    endloop
  endfacet
  facet normal -0.414781 -0.877078 0.242262
    outer loop
      vertex -4.97488 -12.0104 14
      vertex -4.47827 -8.37825 28
      vertex -6.12816 -11.465 14
    endloop
  endfacet
  facet normal -0.425912 -0.900496 0.0877886
    outer loop
      vertex -3.63549 -8.77686 28
      vertex -3.06147 -7.39104 45
      vertex -3.77117 -7.05537 45
    endloop
  endfacet
  facet normal -0.425908 -0.900497 0.0877888
    outer loop
      vertex -3.63549 -8.77686 28
      vertex -3.77117 -7.05537 45
      vertex -4.47827 -8.37825 28
    endloop
  endfacet
  facet normal -0.421757 -0.891716 -0.164206
    outer loop
      vertex -3.06147 -7.39104 45
      vertex -3.25281 -7.85298 48
      vertex -4.00687 -7.49633 48
    endloop
  endfacet
  facet normal -0.421759 -0.891715 -0.164206
    outer loop
      vertex -3.77117 -7.05537 45
      vertex -3.06147 -7.39104 45
      vertex -4.00687 -7.49633 48
    endloop
  endfacet
  facet normal -0.382512 -0.808745 0.446784
    outer loop
      vertex -3.25281 -7.85298 48
      vertex -2.87012 -6.9291 50
      vertex -3.53547 -6.61441 50
    endloop
  endfacet
  facet normal -0.382514 -0.808745 0.446783
    outer loop
      vertex -3.25281 -7.85298 48
      vertex -3.53547 -6.61441 50
      vertex -4.00687 -7.49633 48
    endloop
  endfacet
  facet normal -0.302508 -0.639613 -0.706671
    outer loop
      vertex -4.5922 -11.0866 0
      vertex -5.35757 -12.9343 2
      vertex -6.59955 -12.3469 2
    endloop
  endfacet
  facet normal -0.302513 -0.639608 -0.706673
    outer loop
      vertex -5.65676 -10.5831 0
      vertex -4.5922 -11.0866 0
      vertex -6.59955 -12.3469 2
    endloop
  endfacet
  facet normal -0.510167 -0.851105 -0.123896
    outer loop
      vertex -6.59955 -12.3469 2
      vertex -6.83525 -12.7879 6
      vertex -8.05577 -12.0563 6
    endloop
  endfacet
  facet normal -0.51013 -0.851129 -0.123881
    outer loop
      vertex -7.77798 -11.6406 2
      vertex -6.59955 -12.3469 2
      vertex -8.05577 -12.0563 6
    endloop
  endfacet
  facet normal -0.505336 -0.843061 0.184075
    outer loop
      vertex -6.83525 -12.7879 6
      vertex -6.12816 -11.465 14
      vertex -7.22241 -10.8091 14
    endloop
  endfacet
  facet normal -0.505343 -0.843057 0.184074
    outer loop
      vertex -6.83525 -12.7879 6
      vertex -7.22241 -10.8091 14
      vertex -8.05577 -12.0563 6
    endloop
  endfacet
  facet normal -0.498787 -0.832178 0.242262
    outer loop
      vertex -4.47827 -8.37825 28
      vertex -5.27792 -7.89896 28
      vertex -6.12816 -11.465 14
    endloop
  endfacet
  facet normal -0.498806 -0.832167 0.24226
    outer loop
      vertex -6.12816 -11.465 14
      vertex -5.27792 -7.89896 28
      vertex -7.22241 -10.8091 14
    endloop
  endfacet
  facet normal -0.512114 -0.854419 0.0877888
    outer loop
      vertex -3.77117 -7.05537 45
      vertex -4.44456 -6.65176 45
      vertex -4.47827 -8.37825 28
    endloop
  endfacet
  facet normal -0.512116 -0.854418 0.0877887
    outer loop
      vertex -4.47827 -8.37825 28
      vertex -4.44456 -6.65176 45
      vertex -5.27792 -7.89896 28
    endloop
  endfacet
  facet normal -0.507122 -0.846087 -0.164206
    outer loop
      vertex -3.77117 -7.05537 45
      vertex -4.00687 -7.49633 48
      vertex -4.72235 -7.06749 48
    endloop
  endfacet
  facet normal -0.50712 -0.846088 -0.164206
    outer loop
      vertex -4.44456 -6.65176 45
      vertex -3.77117 -7.05537 45
      vertex -4.72235 -7.06749 48
    endloop
  endfacet
  facet normal -0.459936 -0.767362 0.446783
    outer loop
      vertex -4.00687 -7.49633 48
      vertex -3.53547 -6.61441 50
      vertex -4.16678 -6.23602 50
    endloop
  endfacet
  facet normal -0.459936 -0.767362 0.446783
    outer loop
      vertex -4.00687 -7.49633 48
      vertex -4.16678 -6.23602 50
      vertex -4.72235 -7.06749 48
    endloop
  endfacet
  facet normal -0.363739 -0.606882 -0.706674
    outer loop
      vertex -5.65676 -10.5831 0
      vertex -6.59955 -12.3469 2
      vertex -7.77798 -11.6406 2
    endloop
  endfacet
  facet normal -0.363765 -0.606853 -0.706686
    outer loop
      vertex -6.66684 -9.97763 0
      vertex -5.65676 -10.5831 0
      vertex -7.77798 -11.6406 2
    endloop
  endfacet
  facet normal -0.591086 -0.797039 -0.123882
    outer loop
      vertex -7.77798 -11.6406 2
      vertex -8.05577 -12.0563 6
      vertex -9.1987 -11.2087 6
    endloop
  endfacet
  facet normal -0.59114 -0.796995 -0.123905
    outer loop
      vertex -8.88151 -10.8221 2
      vertex -7.77798 -11.6406 2
      vertex -9.1987 -11.2087 6
    endloop
  endfacet
  facet normal -0.585535 -0.789471 0.184074
    outer loop
      vertex -8.05577 -12.0563 6
      vertex -7.22241 -10.8091 14
      vertex -8.24711 -10.0491 14
    endloop
  endfacet
  facet normal -0.585495 -0.7895 0.184082
    outer loop
      vertex -8.05577 -12.0563 6
      vertex -8.24711 -10.0491 14
      vertex -9.1987 -11.2087 6
    endloop
  endfacet
  facet normal -0.577952 -0.779282 0.24226
    outer loop
      vertex -5.27792 -7.89896 28
      vertex -6.02674 -7.3436 28
      vertex -7.22241 -10.8091 14
    endloop
  endfacet
  facet normal -0.577969 -0.77927 0.242259
    outer loop
      vertex -7.22241 -10.8091 14
      vertex -6.02674 -7.3436 28
      vertex -8.24711 -10.0491 14
    endloop
  endfacet
  facet normal -0.593401 -0.800105 0.0877887
    outer loop
      vertex -4.44456 -6.65176 45
      vertex -5.07515 -6.18408 45
      vertex -5.27792 -7.89896 28
    endloop
  endfacet
  facet normal -0.593397 -0.800108 0.0877889
    outer loop
      vertex -5.27792 -7.89896 28
      vertex -5.07515 -6.18408 45
      vertex -6.02674 -7.3436 28
    endloop
  endfacet
  facet normal -0.587615 -0.792304 -0.164206
    outer loop
      vertex -4.44456 -6.65176 45
      vertex -4.72235 -7.06749 48
      vertex -5.39234 -6.57059 48
    endloop
  endfacet
  facet normal -0.587615 -0.792303 -0.164206
    outer loop
      vertex -5.07515 -6.18408 45
      vertex -4.44456 -6.65176 45
      vertex -5.39234 -6.57059 48
    endloop
  endfacet
  facet normal -0.532937 -0.718585 0.446783
    outer loop
      vertex -4.72235 -7.06749 48
      vertex -4.16678 -6.23602 50
      vertex -4.75795 -5.79758 50
    endloop
  endfacet
  facet normal -0.532939 -0.718583 0.446782
    outer loop
      vertex -4.72235 -7.06749 48
      vertex -4.75795 -5.79758 50
      vertex -5.39234 -6.57059 48
    endloop
  endfacet
  facet normal -0.421497 -0.568276 -0.706684
    outer loop
      vertex -6.66684 -9.97763 0
      vertex -7.77798 -11.6406 2
      vertex -8.88151 -10.8221 2
    endloop
  endfacet
  facet normal -0.421479 -0.568301 -0.706675
    outer loop
      vertex -7.61272 -9.27612 0
      vertex -6.66684 -9.97763 0
      vertex -8.88151 -10.8221 2
    endloop
  endfacet
  facet normal -0.666437 -0.735194 -0.123903
    outer loop
      vertex -8.88151 -10.8221 2
      vertex -9.1987 -11.2087 6
      vertex -10.253 -10.253 6
    endloop
  endfacet
  facet normal -0.666373 -0.735256 -0.123873
    outer loop
      vertex -9.89949 -9.89949 2
      vertex -8.88151 -10.8221 2
      vertex -10.253 -10.253 6
    endloop
  endfacet
  facet normal -0.660065 -0.728305 0.184082
    outer loop
      vertex -8.24711 -10.0491 14
      vertex -9.19239 -9.19239 14
      vertex -9.1987 -11.2087 6
    endloop
  endfacet
  facet normal -0.660137 -0.728244 0.184066
    outer loop
      vertex -9.1987 -11.2087 6
      vertex -9.19239 -9.19239 14
      vertex -10.253 -10.253 6
    endloop
  endfacet
  facet normal -0.651562 -0.718873 0.242258
    outer loop
      vertex -6.02674 -7.3436 28
      vertex -6.71751 -6.71751 28
      vertex -8.24711 -10.0491 14
    endloop
  endfacet
  facet normal -0.651536 -0.718895 0.242261
    outer loop
      vertex -8.24711 -10.0491 14
      vertex -6.71751 -6.71751 28
      vertex -9.19239 -9.19239 14
    endloop
  endfacet
  facet normal -0.668972 -0.738085 0.0877889
    outer loop
      vertex -5.07515 -6.18408 45
      vertex -5.65685 -5.65685 45
      vertex -6.02674 -7.3436 28
    endloop
  endfacet
  facet normal -0.668974 -0.738084 0.0877888
    outer loop
      vertex -6.02674 -7.3436 28
      vertex -5.65685 -5.65685 45
      vertex -6.71751 -6.71751 28
    endloop
  endfacet
  facet normal -0.662439 -0.730897 -0.164206
    outer loop
      vertex -5.07515 -6.18408 45
      vertex -5.39234 -6.57059 48
      vertex -6.01041 -6.01041 48
    endloop
  endfacet
  facet normal -0.662448 -0.730888 -0.164209
    outer loop
      vertex -5.65685 -5.65685 45
      vertex -5.07515 -6.18408 45
      vertex -6.01041 -6.01041 48
    endloop
  endfacet
  facet normal -0.600808 -0.662885 0.446782
    outer loop
      vertex -4.75795 -5.79758 50
      vertex -5.3033 -5.3033 50
      vertex -5.39234 -6.57059 48
    endloop
  endfacet
  facet normal -0.600801 -0.662889 0.446784
    outer loop
      vertex -5.39234 -6.57059 48
      vertex -5.3033 -5.3033 50
      vertex -6.01041 -6.01041 48
    endloop
  endfacet
  facet normal -0.475144 -0.524259 -0.706676
    outer loop
      vertex -7.61272 -9.27612 0
      vertex -8.88151 -10.8221 2
      vertex -9.89949 -9.89949 2
    endloop
  endfacet
  facet normal -0.47515 -0.524249 -0.70668
    outer loop
      vertex -8.48528 -8.48528 0
      vertex -7.61272 -9.27612 0
      vertex -9.89949 -9.89949 2
    endloop
  endfacet
  facet normal -0.735196 -0.66644 -0.123873
    outer loop
      vertex -9.89949 -9.89949 2
      vertex -10.253 -10.253 6
      vertex -11.2087 -9.1987 6
    endloop
  endfacet
  facet normal -0.735253 -0.666371 -0.123904
    outer loop
      vertex -10.8221 -8.88151 2
      vertex -9.89949 -9.89949 2
      vertex -11.2087 -9.1987 6
    endloop
  endfacet
  facet normal -0.728307 -0.660067 0.184065
    outer loop
      vertex -9.19239 -9.19239 14
      vertex -10.0491 -8.24711 14
      vertex -10.253 -10.253 6
    endloop
  endfacet
  facet normal -0.728242 -0.660135 0.184081
    outer loop
      vertex -10.253 -10.253 6
      vertex -10.0491 -8.24711 14
      vertex -11.2087 -9.1987 6
    endloop
  endfacet
  facet normal -0.718872 -0.651561 0.242261
    outer loop
      vertex -6.71751 -6.71751 28
      vertex -7.3436 -6.02674 28
      vertex -9.19239 -9.19239 14
    endloop
  endfacet
  facet normal -0.718895 -0.651537 0.242259
    outer loop
      vertex -9.19239 -9.19239 14
      vertex -7.3436 -6.02674 28
      vertex -10.0491 -8.24711 14
    endloop
  endfacet
  facet normal -0.738085 -0.668972 0.0877888
    outer loop
      vertex -5.65685 -5.65685 45
      vertex -6.18408 -5.07515 45
      vertex -6.71751 -6.71751 28
    endloop
  endfacet
  facet normal -0.738084 -0.668974 0.0877889
    outer loop
      vertex -6.71751 -6.71751 28
      vertex -6.18408 -5.07515 45
      vertex -7.3436 -6.02674 28
    endloop
  endfacet
  facet normal -0.730897 -0.662439 -0.164209
    outer loop
      vertex -5.65685 -5.65685 45
      vertex -6.01041 -6.01041 48
      vertex -6.57059 -5.39234 48
    endloop
  endfacet
  facet normal -0.730889 -0.662449 -0.164206
    outer loop
      vertex -6.18408 -5.07515 45
      vertex -5.65685 -5.65685 45
      vertex -6.57059 -5.39234 48
    endloop
  endfacet
  facet normal -0.662884 -0.600807 0.446784
    outer loop
      vertex -5.3033 -5.3033 50
      vertex -5.79758 -4.75795 50
      vertex -6.01041 -6.01041 48
    endloop
  endfacet
  facet normal -0.66289 -0.600802 0.446782
    outer loop
      vertex -6.01041 -6.01041 48
      vertex -5.79758 -4.75795 50
      vertex -6.57059 -5.39234 48
    endloop
  endfacet
  facet normal -0.524257 -0.475141 -0.706679
    outer loop
      vertex -8.48528 -8.48528 0
      vertex -9.89949 -9.89949 2
      vertex -10.8221 -8.88151 2
    endloop
  endfacet
  facet normal -0.524252 -0.475153 -0.706676
    outer loop
      vertex -9.27612 -7.61272 0
      vertex -8.48528 -8.48528 0
      vertex -10.8221 -8.88151 2
    endloop
  endfacet
  facet normal -0.797036 -0.591084 -0.123905
    outer loop
      vertex -10.8221 -8.88151 2
      vertex -11.2087 -9.1987 6
      vertex -12.0563 -8.05577 6
    endloop
  endfacet
  facet normal -0.796998 -0.591142 -0.123881
    outer loop
      vertex -11.6406 -7.77798 2
      vertex -10.8221 -8.88151 2
      vertex -12.0563 -8.05577 6
    endloop
  endfacet
  facet normal -0.78947 -0.585535 0.184082
    outer loop
      vertex -10.0491 -8.24711 14
      vertex -10.8091 -7.22241 14
      vertex -11.2087 -9.1987 6
    endloop
  endfacet
  facet normal -0.789501 -0.585496 0.184074
    outer loop
      vertex -11.2087 -9.1987 6
      vertex -10.8091 -7.22241 14
      vertex -12.0563 -8.05577 6
    endloop
  endfacet
  facet normal -0.779283 -0.577953 0.242258
    outer loop
      vertex -7.3436 -6.02674 28
      vertex -7.89896 -5.27792 28
      vertex -10.0491 -8.24711 14
    endloop
  endfacet
  facet normal -0.77927 -0.577969 0.24226
    outer loop
      vertex -10.0491 -8.24711 14
      vertex -7.89896 -5.27792 28
      vertex -10.8091 -7.22241 14
    endloop
  endfacet
  facet normal -0.800105 -0.593401 0.087789
    outer loop
      vertex -6.18408 -5.07515 45
      vertex -6.65176 -4.44456 45
      vertex -7.3436 -6.02674 28
    endloop
  endfacet
  facet normal -0.800108 -0.593397 0.0877887
    outer loop
      vertex -7.3436 -6.02674 28
      vertex -6.65176 -4.44456 45
      vertex -7.89896 -5.27792 28
    endloop
  endfacet
  facet normal -0.792304 -0.587614 -0.164206
    outer loop
      vertex -6.18408 -5.07515 45
      vertex -6.57059 -5.39234 48
      vertex -7.06749 -4.72235 48
    endloop
  endfacet
  facet normal -0.792303 -0.587615 -0.164206
    outer loop
      vertex -6.65176 -4.44456 45
      vertex -6.18408 -5.07515 45
      vertex -7.06749 -4.72235 48
    endloop
  endfacet
  facet normal -0.718585 -0.532937 0.446782
    outer loop
      vertex -5.79758 -4.75795 50
      vertex -6.23602 -4.16678 50
      vertex -6.57059 -5.39234 48
    endloop
  endfacet
  facet normal -0.718583 -0.532939 0.446783
    outer loop
      vertex -6.57059 -5.39234 48
      vertex -6.23602 -4.16678 50
      vertex -7.06749 -4.72235 48
    endloop
  endfacet
  facet normal -0.568283 -0.421502 -0.706676
    outer loop
      vertex -9.27612 -7.61272 0
      vertex -10.8221 -8.88151 2
      vertex -11.6406 -7.77798 2
    endloop
  endfacet
  facet normal -0.568293 -0.421473 -0.706685
    outer loop
      vertex -9.97763 -6.66684 0
      vertex -9.27612 -7.61272 0
      vertex -11.6406 -7.77798 2
    endloop
  endfacet
  facet normal -0.851107 -0.510168 -0.123881
    outer loop
      vertex -11.6406 -7.77798 2
      vertex -12.0563 -8.05577 6
      vertex -12.7879 -6.83525 6
    endloop
  endfacet
  facet normal -0.851128 -0.510129 -0.123896
    outer loop
      vertex -12.3469 -6.59955 2
      vertex -11.6406 -7.77798 2
      vertex -12.7879 -6.83525 6
    endloop
  endfacet
  facet normal -0.843061 -0.505336 0.184074
    outer loop
      vertex -10.8091 -7.22241 14
      vertex -11.465 -6.12816 14
      vertex -12.0563 -8.05577 6
    endloop
  endfacet
  facet normal -0.843057 -0.505342 0.184075
    outer loop
      vertex -12.0563 -8.05577 6
      vertex -11.465 -6.12816 14
      vertex -12.7879 -6.83525 6
    endloop
  endfacet
  facet normal -0.832179 -0.498787 0.24226
    outer loop
      vertex -7.89896 -5.27792 28
      vertex -8.37825 -4.47827 28
      vertex -10.8091 -7.22241 14
    endloop
  endfacet
  facet normal -0.832167 -0.498806 0.242262
    outer loop
      vertex -10.8091 -7.22241 14
      vertex -8.37825 -4.47827 28
      vertex -11.465 -6.12816 14
    endloop
  endfacet
  facet normal -0.85442 -0.512114 0.0877887
    outer loop
      vertex -6.65176 -4.44456 45
      vertex -7.05537 -3.77117 45
      vertex -7.89896 -5.27792 28
    endloop
  endfacet
  facet normal -0.854418 -0.512116 0.0877888
    outer loop
      vertex -7.89896 -5.27792 28
      vertex -7.05537 -3.77117 45
      vertex -8.37825 -4.47827 28
    endloop
  endfacet
  facet normal -0.846087 -0.507122 -0.164206
    outer loop
      vertex -6.65176 -4.44456 45
      vertex -7.06749 -4.72235 48
      vertex -7.49633 -4.00687 48
    endloop
  endfacet
  facet normal -0.846088 -0.50712 -0.164206
    outer loop
      vertex -7.05537 -3.77117 45
      vertex -6.65176 -4.44456 45
      vertex -7.49633 -4.00687 48
    endloop
  endfacet
  facet normal -0.767362 -0.459936 0.446783
    outer loop
      vertex -6.23602 -4.16678 50
      vertex -6.61441 -3.53547 50
      vertex -7.06749 -4.72235 48
    endloop
  endfacet
  facet normal -0.767362 -0.459936 0.446783
    outer loop
      vertex -7.06749 -4.72235 48
      vertex -6.61441 -3.53547 50
      vertex -7.49633 -4.00687 48
    endloop
  endfacet
  facet normal -0.606873 -0.363733 -0.706685
    outer loop
      vertex -9.97763 -6.66684 0
      vertex -11.6406 -7.77798 2
      vertex -12.3469 -6.59955 2
    endloop
  endfacet
  facet normal -0.606864 -0.363771 -0.706673
    outer loop
      vertex -10.5831 -5.65676 0
      vertex -9.97763 -6.66684 0
      vertex -12.3469 -6.59955 2
    endloop
  endfacet
  facet normal -0.897022 -0.424265 -0.123897
    outer loop
      vertex -12.3469 -6.59955 2
      vertex -12.7879 -6.83525 6
      vertex -13.3963 -5.54891 6
    endloop
  endfacet
  facet normal -0.897027 -0.424253 -0.123901
    outer loop
      vertex -12.9343 -5.35757 2
      vertex -12.3469 -6.59955 2
      vertex -13.3963 -5.54891 6
    endloop
  endfacet
  facet normal -0.88856 -0.420211 0.184075
    outer loop
      vertex -11.465 -6.12816 14
      vertex -12.0104 -4.97488 14
      vertex -12.7879 -6.83525 6
    endloop
  endfacet
  facet normal -0.888539 -0.420252 0.184083
    outer loop
      vertex -12.7879 -6.83525 6
      vertex -12.0104 -4.97488 14
      vertex -13.3963 -5.54891 6
    endloop
  endfacet
  facet normal -0.877058 -0.414823 0.242262
    outer loop
      vertex -8.37825 -4.47827 28
      vertex -8.77686 -3.63549 28
      vertex -11.465 -6.12816 14
    endloop
  endfacet
  facet normal -0.877079 -0.414781 0.242259
    outer loop
      vertex -11.465 -6.12816 14
      vertex -8.77686 -3.63549 28
      vertex -12.0104 -4.97488 14
    endloop
  endfacet
  facet normal -0.900496 -0.425912 0.0877888
    outer loop
      vertex -7.05537 -3.77117 45
      vertex -7.39104 -3.06147 45
      vertex -8.37825 -4.47827 28
    endloop
  endfacet
  facet normal -0.900497 -0.425909 0.0877886
    outer loop
      vertex -8.37825 -4.47827 28
      vertex -7.39104 -3.06147 45
      vertex -8.77686 -3.63549 28
    endloop
  endfacet
  facet normal -0.891716 -0.421757 -0.164206
    outer loop
      vertex -7.05537 -3.77117 45
      vertex -7.49633 -4.00687 48
      vertex -7.85298 -3.25281 48
    endloop
  endfacet
  facet normal -0.891715 -0.421759 -0.164206
    outer loop
      vertex -7.39104 -3.06147 45
      vertex -7.05537 -3.77117 45
      vertex -7.85298 -3.25281 48
    endloop
  endfacet
  facet normal -0.808746 -0.382512 0.446783
    outer loop
      vertex -6.61441 -3.53547 50
      vertex -6.9291 -2.87012 50
      vertex -7.49633 -4.00687 48
    endloop
  endfacet
  facet normal -0.808744 -0.382514 0.446784
    outer loop
      vertex -7.49633 -4.00687 48
      vertex -6.9291 -2.87012 50
      vertex -7.85298 -3.25281 48
    endloop
  endfacet
  facet normal -0.639611 -0.302507 -0.706673
    outer loop
      vertex -10.5831 -5.65676 0
      vertex -12.3469 -6.59955 2
      vertex -12.9343 -5.35757 2
    endloop
  endfacet
  facet normal -0.63961 -0.302513 -0.706671
    outer loop
      vertex -11.0866 -4.5922 0
      vertex -10.5831 -5.65676 0
      vertex -12.9343 -5.35757 2
    endloop
  endfacet
  facet normal -0.934307 -0.334244 -0.123901
    outer loop
      vertex -12.9343 -5.35757 2
      vertex -13.3963 -5.54891 6
      vertex -13.8756 -4.20913 6
    endloop
  endfacet
  facet normal -0.934282 -0.334325 -0.123872
    outer loop
      vertex -13.3972 -4.06398 2
      vertex -12.9343 -5.35757 2
      vertex -13.8756 -4.20913 6
    endloop
  endfacet
  facet normal -0.925451 -0.33114 0.184083
    outer loop
      vertex -12.0104 -4.97488 14
      vertex -12.4402 -3.7737 14
      vertex -13.3963 -5.54891 6
    endloop
  endfacet
  facet normal -0.925473 -0.331084 0.184073
    outer loop
      vertex -13.3963 -5.54891 6
      vertex -12.4402 -3.7737 14
      vertex -13.8756 -4.20913 6
    endloop
  endfacet
  facet normal -0.9135 -0.326847 0.242258
    outer loop
      vertex -8.77686 -3.63549 28
      vertex -9.09093 -2.7577 28
      vertex -12.0104 -4.97488 14
    endloop
  endfacet
  facet normal -0.913494 -0.326862 0.242259
    outer loop
      vertex -12.0104 -4.97488 14
      vertex -9.09093 -2.7577 28
      vertex -12.4402 -3.7737 14
    endloop
  endfacet
  facet normal -0.937911 -0.335582 0.0877887
    outer loop
      vertex -7.39104 -3.06147 45
      vertex -7.65552 -2.32228 45
      vertex -8.77686 -3.63549 28
    endloop
  endfacet
  facet normal -0.937912 -0.335581 0.0877886
    outer loop
      vertex -8.77686 -3.63549 28
      vertex -7.65552 -2.32228 45
      vertex -9.09093 -2.7577 28
    endloop
  endfacet
  facet normal -0.928766 -0.33231 -0.164206
    outer loop
      vertex -7.39104 -3.06147 45
      vertex -7.85298 -3.25281 48
      vertex -8.13399 -2.46742 48
    endloop
  endfacet
  facet normal -0.928766 -0.33231 -0.164206
    outer loop
      vertex -7.65552 -2.32228 45
      vertex -7.39104 -3.06147 45
      vertex -8.13399 -2.46742 48
    endloop
  endfacet
  facet normal -0.842347 -0.30139 0.446783
    outer loop
      vertex -6.9291 -2.87012 50
      vertex -7.17705 -2.17713 50
      vertex -7.85298 -3.25281 48
    endloop
  endfacet
  facet normal -0.842348 -0.301389 0.446783
    outer loop
      vertex -7.85298 -3.25281 48
      vertex -7.17705 -2.17713 50
      vertex -8.13399 -2.46742 48
    endloop
  endfacet
  facet normal -0.666174 -0.238385 -0.706671
    outer loop
      vertex -11.0866 -4.5922 0
      vertex -12.9343 -5.35757 2
      vertex -13.3972 -4.06398 2
    endloop
  endfacet
  facet normal -0.666176 -0.238345 -0.706684
    outer loop
      vertex -11.4833 -3.48342 0
      vertex -11.0866 -4.5922 0
      vertex -13.3972 -4.06398 2
    endloop
  endfacet
  facet normal -0.962552 -0.24114 -0.123872
    outer loop
      vertex -13.3972 -4.06398 2
      vertex -13.8756 -4.20913 6
      vertex -14.2214 -2.82881 6
    endloop
  endfacet
  facet normal -0.962563 -0.241089 -0.12389
    outer loop
      vertex -13.731 -2.73126 2
      vertex -13.3972 -4.06398 2
      vertex -14.2214 -2.82881 6
    endloop
  endfacet
  facet normal -0.953453 -0.238839 0.184073
    outer loop
      vertex -12.4402 -3.7737 14
      vertex -12.7502 -2.53617 14
      vertex -13.8756 -4.20913 6
    endloop
  endfacet
  facet normal -0.953447 -0.238859 0.184076
    outer loop
      vertex -13.8756 -4.20913 6
      vertex -12.7502 -2.53617 14
      vertex -14.2214 -2.82881 6
    endloop
  endfacet
  facet normal -0.941134 -0.235747 0.242259
    outer loop
      vertex -9.09093 -2.7577 28
      vertex -9.31746 -1.85336 28
      vertex -12.4402 -3.7737 14
    endloop
  endfacet
  facet normal -0.941133 -0.235753 0.24226
    outer loop
      vertex -12.4402 -3.7737 14
      vertex -9.31746 -1.85336 28
      vertex -12.7502 -2.53617 14
    endloop
  endfacet
  facet normal -0.966286 -0.242041 0.0877886
    outer loop
      vertex -7.65552 -2.32228 45
      vertex -7.84628 -1.56072 45
      vertex -9.09093 -2.7577 28
    endloop
  endfacet
  facet normal -0.966285 -0.242047 0.0877889
    outer loop
      vertex -9.09093 -2.7577 28
      vertex -7.84628 -1.56072 45
      vertex -9.31746 -1.85336 28
    endloop
  endfacet
  facet normal -0.956865 -0.23968 -0.164206
    outer loop
      vertex -7.65552 -2.32228 45
      vertex -8.13399 -2.46742 48
      vertex -8.33667 -1.65827 48
    endloop
  endfacet
  facet normal -0.956864 -0.239681 -0.164206
    outer loop
      vertex -7.84628 -1.56072 45
      vertex -7.65552 -2.32228 45
      vertex -8.33667 -1.65827 48
    endloop
  endfacet
  facet normal -0.86783 -0.217386 0.446783
    outer loop
      vertex -7.17705 -2.17713 50
      vertex -7.35589 -1.46318 50
      vertex -8.13399 -2.46742 48
    endloop
  endfacet
  facet normal -0.867833 -0.217379 0.446781
    outer loop
      vertex -8.13399 -2.46742 48
      vertex -7.35589 -1.46318 50
      vertex -8.33667 -1.65827 48
    endloop
  endfacet
  facet normal -0.68633 -0.171902 -0.706683
    outer loop
      vertex -11.4833 -3.48342 0
      vertex -13.3972 -4.06398 2
      vertex -13.731 -2.73126 2
    endloop
  endfacet
  facet normal -0.686329 -0.171892 -0.706686
    outer loop
      vertex -11.7694 -2.34108 0
      vertex -11.4833 -3.48342 0
      vertex -13.731 -2.73126 2
    endloop
  endfacet
  facet normal -0.981555 -0.145606 -0.12389
    outer loop
      vertex -13.731 -2.73126 2
      vertex -14.2214 -2.82881 6
      vertex -14.4302 -1.42125 6
    endloop
  endfacet
  facet normal -0.981555 -0.145606 -0.123889
    outer loop
      vertex -13.9326 -1.37224 2
      vertex -13.731 -2.73126 2
      vertex -14.4302 -1.42125 6
    endloop
  endfacet
  facet normal -0.972272 -0.144229 0.184077
    outer loop
      vertex -12.7502 -2.53617 14
      vertex -12.9374 -1.27422 14
      vertex -14.2214 -2.82881 6
    endloop
  endfacet
  facet normal -0.972273 -0.144229 0.184077
    outer loop
      vertex -14.2214 -2.82881 6
      vertex -12.9374 -1.27422 14
      vertex -14.4302 -1.42125 6
    endloop
  endfacet
  facet normal -0.959711 -0.142354 0.24226
    outer loop
      vertex -9.31746 -1.85336 28
      vertex -9.45425 -0.931162 28
      vertex -12.7502 -2.53617 14
    endloop
  endfacet
  facet normal -0.959709 -0.142365 0.242261
    outer loop
      vertex -12.7502 -2.53617 14
      vertex -9.45425 -0.931162 28
      vertex -12.9374 -1.27422 14
    endloop
  endfacet
  facet normal -0.985357 -0.14617 0.0877889
    outer loop
      vertex -7.84628 -1.56072 45
      vertex -7.96148 -0.784137 45
      vertex -9.31746 -1.85336 28
    endloop
  endfacet
  facet normal -0.985358 -0.146159 0.0877884
    outer loop
      vertex -9.31746 -1.85336 28
      vertex -7.96148 -0.784137 45
      vertex -9.45425 -0.931162 28
    endloop
  endfacet
  facet normal -0.975749 -0.144744 -0.164206
    outer loop
      vertex -7.84628 -1.56072 45
      vertex -8.33667 -1.65827 48
      vertex -8.45907 -0.833145 48
    endloop
  endfacet
  facet normal -0.975749 -0.144745 -0.164205
    outer loop
      vertex -7.96148 -0.784137 45
      vertex -7.84628 -1.56072 45
      vertex -8.45907 -0.833145 48
    endloop
  endfacet
  facet normal -0.88496 -0.131276 0.446781
    outer loop
      vertex -7.35589 -1.46318 50
      vertex -7.46389 -0.735128 50
      vertex -8.33667 -1.65827 48
    endloop
  endfacet
  facet normal -0.88496 -0.131276 0.446781
    outer loop
      vertex -8.33667 -1.65827 48
      vertex -7.46389 -0.735128 50
      vertex -8.45907 -0.833145 48
    endloop
  endfacet
  facet normal -0.699869 -0.10382 -0.706686
    outer loop
      vertex -11.7694 -2.34108 0
      vertex -13.731 -2.73126 2
      vertex -13.9326 -1.37224 2
    endloop
  endfacet
  facet normal -0.699869 -0.10382 -0.706686
    outer loop
      vertex -11.9422 -1.17621 0
      vertex -11.7694 -2.34108 0
      vertex -13.9326 -1.37224 2
    endloop
  endfacet
  facet normal -0.991102 -0.0486747 -0.123889
    outer loop
      vertex -13.9326 -1.37224 2
      vertex -14.4302 -1.42125 6
      vertex -14.5 0 6
    endloop
  endfacet
  facet normal -0.991101 -0.0486797 -0.123888
    outer loop
      vertex -14 0 2
      vertex -13.9326 -1.37224 2
      vertex -14.5 0 6
    endloop
  endfacet
  facet normal -0.981728 -0.0482304 0.184077
    outer loop
      vertex -12.9374 -1.27422 14
      vertex -13 0 14
      vertex -14.4302 -1.42125 6
    endloop
  endfacet
  facet normal -0.981729 -0.0482144 0.184074
    outer loop
      vertex -14.4302 -1.42125 6
      vertex -13 0 14
      vertex -14.5 0 6
    endloop
  endfacet
  facet normal -0.969042 -0.0476111 0.242261
    outer loop
      vertex -9.45425 -0.931162 28
      vertex -9.5 0 28
      vertex -12.9374 -1.27422 14
    endloop
  endfacet
  facet normal -0.969042 -0.0476072 0.242261
    outer loop
      vertex -12.9374 -1.27422 14
      vertex -9.5 0 28
      vertex -13 0 14
    endloop
  endfacet
  facet normal -0.994939 -0.0488755 0.0877883
    outer loop
      vertex -7.96148 -0.784137 45
      vertex -8 0 45
      vertex -9.45425 -0.931162 28
    endloop
  endfacet
  facet normal -0.994939 -0.0488835 0.0877887
    outer loop
      vertex -9.45425 -0.931162 28
      vertex -8 0 45
      vertex -9.5 0 28
    endloop
  endfacet
  facet normal -0.985238 -0.0484019 -0.164206
    outer loop
      vertex -7.96148 -0.784137 45
      vertex -8.45907 -0.833145 48
      vertex -8.5 0 48
    endloop
  endfacet
  facet normal -0.985238 -0.0483989 -0.164206
    outer loop
      vertex -8 0 45
      vertex -7.96148 -0.784137 45
      vertex -8.5 0 48
    endloop
  endfacet
  facet normal -0.893566 -0.0438926 0.446781
    outer loop
      vertex -7.46389 -0.735128 50
      vertex -7.5 0 50
      vertex -8.45907 -0.833145 48
    endloop
  endfacet
  facet normal -0.893565 -0.0438983 0.446782
    outer loop
      vertex -8.45907 -0.833145 48
      vertex -7.5 0 50
      vertex -8.5 0 48
    endloop
  endfacet
  facet normal -0 0 1
    outer loop
      vertex 3.93979 0.00507564 50
      vertex 7.5 0 50
      vertex 7.46389 0.735128 50
    endloop
  endfacet
  facet normal 0 0 1
    outer loop
      vertex 3.90641 0.514289 50
      vertex 7.46389 0.735128 50
      vertex 7.35589 1.46318 50
    endloop
  endfacet
  facet normal 0 0 1
    outer loop
      vertex 7.5 0 50
      vertex 3.93979 0.00507564 50
      vertex 3.94012 0 50
    endloop
  endfacet
  facet normal 0 0 1
    outer loop
      vertex 3.80587 1.01978 50
      vertex 7.35589 1.46318 50
      vertex 7.17705 2.17713 50
    endloop
  endfacet
  facet normal 0 0 1
    outer loop
      vertex 3.93979 -0.00507564 50
      vertex 7.5 0 50
      vertex 3.94012 0 50
    endloop
  endfacet
  facet normal 0 0 1
    outer loop
      vertex 3.6402 1.50782 50
      vertex 7.17705 2.17713 50
      vertex 6.9291 2.87012 50
    endloop
  endfacet
  facet normal 0 0 1
    outer loop
      vertex 7.5 0 50
      vertex 3.93979 -0.00507564 50
      vertex 7.46389 -0.735128 50
    endloop
  endfacet
  facet normal 0 0 1
    outer loop
      vertex 3.63795 1.51238 50
      vertex 6.9291 2.87012 50
      vertex 6.61441 3.53547 50
    endloop
  endfacet
  facet normal -0 0 1
    outer loop
      vertex 3.90641 -0.514289 50
      vertex 7.46389 -0.735128 50
      vertex 3.93979 -0.00507564 50
    endloop
  endfacet
  facet normal 0 0 1
    outer loop
      vertex 3.41225 1.97006 50
      vertex 6.61441 3.53547 50
      vertex 6.23602 4.16678 50
    endloop
  endfacet
  facet normal 0 0 1
    outer loop
      vertex 7.46389 -0.735128 50
      vertex 3.90641 -0.514289 50
      vertex 7.35589 -1.46318 50
    endloop
  endfacet
  facet normal 0 0 1
    outer loop
      vertex 3.12591 2.39859 50
      vertex 6.23602 4.16678 50
      vertex 5.79758 4.75795 50
    endloop
  endfacet
  facet normal -0 0 1
    outer loop
      vertex 3.80686 -1.01479 50
      vertex 7.35589 -1.46318 50
      vertex 3.90641 -0.514289 50
    endloop
  endfacet
  facet normal 0 0 1
    outer loop
      vertex 2.78944 2.78226 50
      vertex 5.79758 4.75795 50
      vertex 5.3033 5.3033 50
    endloop
  endfacet
  facet normal 0 0 1
    outer loop
      vertex 7.35589 -1.46318 50
      vertex 3.80587 -1.01978 50
      vertex 7.17705 -2.17713 50
    endloop
  endfacet
  facet normal 0 0 1
    outer loop
      vertex 2.78226 2.78944 50
      vertex 5.3033 5.3033 50
      vertex 4.75795 5.79758 50
    endloop
  endfacet
  facet normal -0 0 1
    outer loop
      vertex 3.80423 -1.0246 50
      vertex 7.17705 -2.17713 50
      vertex 3.80587 -1.01978 50
    endloop
  endfacet
  facet normal 0 0 1
    outer loop
      vertex 2.39859 3.12591 50
      vertex 4.75795 5.79758 50
      vertex 4.16678 6.23602 50
    endloop
  endfacet
  facet normal -0 0 1
    outer loop
      vertex 3.6402 -1.50782 50
      vertex 7.17705 -2.17713 50
      vertex 3.80423 -1.0246 50
    endloop
  endfacet
  facet normal 0 0 1
    outer loop
      vertex 7.17705 -2.17713 50
      vertex 3.6402 -1.50782 50
      vertex 6.9291 -2.87012 50
    endloop
  endfacet
  facet normal -0 0 1
    outer loop
      vertex 3.80587 -1.01978 50
      vertex 7.35589 -1.46318 50
      vertex 3.80686 -1.01479 50
    endloop
  endfacet
  facet normal 0 0 1
    outer loop
      vertex 7.46389 0.735128 50
      vertex 3.90641 0.514289 50
      vertex 3.93979 0.00507564 50
    endloop
  endfacet
  facet normal 0 0 1
    outer loop
      vertex 7.35589 1.46318 50
      vertex 3.80686 1.01479 50
      vertex 3.90641 0.514289 50
    endloop
  endfacet
  facet normal 0 0 1
    outer loop
      vertex 7.35589 1.46318 50
      vertex 3.80587 1.01978 50
      vertex 3.80686 1.01479 50
    endloop
  endfacet
  facet normal 0 0 1
    outer loop
      vertex 7.17705 2.17713 50
      vertex 3.80423 1.0246 50
      vertex 3.80587 1.01978 50
    endloop
  endfacet
  facet normal 0 0 1
    outer loop
      vertex 7.17705 2.17713 50
      vertex 3.6402 1.50782 50
      vertex 3.80423 1.0246 50
    endloop
  endfacet
  facet normal 0 0 1
    outer loop
      vertex 6.9291 2.87012 50
      vertex 3.63795 1.51238 50
      vertex 3.6402 1.50782 50
    endloop
  endfacet
  facet normal 0 0 1
    outer loop
      vertex 1.97006 3.41225 50
      vertex 4.16678 6.23602 50
      vertex 3.53547 6.61441 50
    endloop
  endfacet
  facet normal 0 0 1
    outer loop
      vertex 6.61441 3.53547 50
      vertex 3.41225 1.97006 50
      vertex 3.63795 1.51238 50
    endloop
  endfacet
  facet normal 0 0 1
    outer loop
      vertex 6.23602 4.16678 50
      vertex 3.12874 2.39437 50
      vertex 3.41225 1.97006 50
    endloop
  endfacet
  facet normal 0 0 1
    outer loop
      vertex 6.23602 4.16678 50
      vertex 3.12591 2.39859 50
      vertex 3.12874 2.39437 50
    endloop
  endfacet
  facet normal 0 0 1
    outer loop
      vertex 1.51238 3.63795 50
      vertex 3.53547 6.61441 50
      vertex 2.87012 6.9291 50
    endloop
  endfacet
  facet normal 0 0 1
    outer loop
      vertex 5.79758 4.75795 50
      vertex 2.78944 2.78226 50
      vertex 3.12591 2.39859 50
    endloop
  endfacet
  facet normal 0 0 1
    outer loop
      vertex 5.3033 5.3033 50
      vertex 2.78609 2.78609 50
      vertex 2.78944 2.78226 50
    endloop
  endfacet
  facet normal 0 0 1
    outer loop
      vertex 5.3033 5.3033 50
      vertex 2.78226 2.78944 50
      vertex 2.78609 2.78609 50
    endloop
  endfacet
  facet normal 0 0 1
    outer loop
      vertex 4.75795 5.79758 50
      vertex 2.39859 3.12591 50
      vertex 2.78226 2.78944 50
    endloop
  endfacet
  facet normal 0 0 1
    outer loop
      vertex 4.16678 6.23602 50
      vertex 2.39437 3.12874 50
      vertex 2.39859 3.12591 50
    endloop
  endfacet
  facet normal 0 0 1
    outer loop
      vertex 1.50782 3.6402 50
      vertex 2.87012 6.9291 50
      vertex 2.17713 7.17705 50
    endloop
  endfacet
  facet normal 0 0 1
    outer loop
      vertex 4.16678 6.23602 50
      vertex 1.97006 3.41225 50
      vertex 2.39437 3.12874 50
    endloop
  endfacet
  facet normal 0 0 1
    outer loop
      vertex 3.53547 6.61441 50
      vertex 1.51238 3.63795 50
      vertex 1.97006 3.41225 50
    endloop
  endfacet
  facet normal 0 0 1
    outer loop
      vertex 2.87012 6.9291 50
      vertex 1.50782 3.6402 50
      vertex 1.51238 3.63795 50
    endloop
  endfacet
  facet normal 0 0 1
    outer loop
      vertex 1.01978 3.80587 50
      vertex 2.17713 7.17705 50
      vertex 1.46318 7.35589 50
    endloop
  endfacet
  facet normal 0 0 1
    outer loop
      vertex 2.17713 7.17705 50
      vertex 1.0246 3.80423 50
      vertex 1.50782 3.6402 50
    endloop
  endfacet
  facet normal 0 0 1
    outer loop
      vertex 2.17713 7.17705 50
      vertex 1.01978 3.80587 50
      vertex 1.0246 3.80423 50
    endloop
  endfacet
  facet normal 0 0 1
    outer loop
      vertex 1.46318 7.35589 50
      vertex 1.01479 3.80686 50
      vertex 1.01978 3.80587 50
    endloop
  endfacet
  facet normal 0 0 1
    outer loop
      vertex 0.514289 3.90641 50
      vertex 1.46318 7.35589 50
      vertex 0.735128 7.46389 50
    endloop
  endfacet
  facet normal 0 0 1
    outer loop
      vertex 1.46318 7.35589 50
      vertex 0.514289 3.90641 50
      vertex 1.01479 3.80686 50
    endloop
  endfacet
  facet normal 0 0 1
    outer loop
      vertex 0.735128 7.46389 50
      vertex 0.00507564 3.93979 50
      vertex 0.514289 3.90641 50
    endloop
  endfacet
  facet normal 0 0 1
    outer loop
      vertex 0 7.5 50
      vertex 0.00507564 3.93979 50
      vertex 0.735128 7.46389 50
    endloop
  endfacet
  facet normal 0 0 1
    outer loop
      vertex 0 7.5 50
      vertex 0 3.94012 50
      vertex 0.00507564 3.93979 50
    endloop
  endfacet
  facet normal 0 0 1
    outer loop
      vertex 0 7.5 50
      vertex -0.00507564 3.93979 50
      vertex 0 3.94012 50
    endloop
  endfacet
  facet normal -0 0 1
    outer loop
      vertex -0.735128 7.46389 50
      vertex -0.00507564 3.93979 50
      vertex 0 7.5 50
    endloop
  endfacet
  facet normal 0 0 1
    outer loop
      vertex -0.00507564 3.93979 50
      vertex -0.735128 7.46389 50
      vertex -0.514289 3.90641 50
    endloop
  endfacet
  facet normal -0 0 1
    outer loop
      vertex -1.46318 7.35589 50
      vertex -0.514289 3.90641 50
      vertex -0.735128 7.46389 50
    endloop
  endfacet
  facet normal 0 0 1
    outer loop
      vertex -0.514289 3.90641 50
      vertex -1.46318 7.35589 50
      vertex -1.01479 3.80686 50
    endloop
  endfacet
  facet normal 0 0 1
    outer loop
      vertex -1.01479 3.80686 50
      vertex -1.46318 7.35589 50
      vertex -1.01978 3.80587 50
    endloop
  endfacet
  facet normal -0 0 1
    outer loop
      vertex -2.17713 7.17705 50
      vertex -1.01978 3.80587 50
      vertex -1.46318 7.35589 50
    endloop
  endfacet
  facet normal 0 0 1
    outer loop
      vertex -1.01978 3.80587 50
      vertex -2.17713 7.17705 50
      vertex -1.0246 3.80423 50
    endloop
  endfacet
  facet normal 0 0 1
    outer loop
      vertex -1.0246 3.80423 50
      vertex -2.17713 7.17705 50
      vertex -1.50782 3.6402 50
    endloop
  endfacet
  facet normal -0 0 1
    outer loop
      vertex -2.87012 6.9291 50
      vertex -1.50782 3.6402 50
      vertex -2.17713 7.17705 50
    endloop
  endfacet
  facet normal 0 0 1
    outer loop
      vertex -1.50782 3.6402 50
      vertex -2.87012 6.9291 50
      vertex -1.51238 3.63795 50
    endloop
  endfacet
  facet normal -0 0 1
    outer loop
      vertex -3.53547 6.61441 50
      vertex -1.51238 3.63795 50
      vertex -2.87012 6.9291 50
    endloop
  endfacet
  facet normal 0 0 1
    outer loop
      vertex -1.51238 3.63795 50
      vertex -3.53547 6.61441 50
      vertex -1.97006 3.41225 50
    endloop
  endfacet
  facet normal -0 0 1
    outer loop
      vertex -4.16678 6.23602 50
      vertex -1.97006 3.41225 50
      vertex -3.53547 6.61441 50
    endloop
  endfacet
  facet normal 0 0 1
    outer loop
      vertex -1.97006 3.41225 50
      vertex -4.16678 6.23602 50
      vertex -2.39437 3.12874 50
    endloop
  endfacet
  facet normal 0 0 1
    outer loop
      vertex -2.39437 3.12874 50
      vertex -4.16678 6.23602 50
      vertex -2.39859 3.12591 50
    endloop
  endfacet
  facet normal -0 0 1
    outer loop
      vertex -4.75795 5.79758 50
      vertex -2.39859 3.12591 50
      vertex -4.16678 6.23602 50
    endloop
  endfacet
  facet normal 0 0 1
    outer loop
      vertex -2.39859 3.12591 50
      vertex -4.75795 5.79758 50
      vertex -2.78226 2.78944 50
    endloop
  endfacet
  facet normal -0 0 1
    outer loop
      vertex -5.3033 5.3033 50
      vertex -2.78226 2.78944 50
      vertex -4.75795 5.79758 50
    endloop
  endfacet
  facet normal 0 0 1
    outer loop
      vertex -2.78226 2.78944 50
      vertex -5.3033 5.3033 50
      vertex -2.78609 2.78609 50
    endloop
  endfacet
  facet normal 0 0 1
    outer loop
      vertex -2.78609 2.78609 50
      vertex -5.3033 5.3033 50
      vertex -2.78944 2.78226 50
    endloop
  endfacet
  facet normal -0 0 1
    outer loop
      vertex -5.79758 4.75795 50
      vertex -2.78944 2.78226 50
      vertex -5.3033 5.3033 50
    endloop
  endfacet
  facet normal 0 0 1
    outer loop
      vertex -2.78944 2.78226 50
      vertex -5.79758 4.75795 50
      vertex -3.12591 2.39859 50
    endloop
  endfacet
  facet normal -0 0 1
    outer loop
      vertex -6.23602 4.16678 50
      vertex -3.12591 2.39859 50
      vertex -5.79758 4.75795 50
    endloop
  endfacet
  facet normal 0 0 1
    outer loop
      vertex -3.12591 2.39859 50
      vertex -6.23602 4.16678 50
      vertex -3.12874 2.39437 50
    endloop
  endfacet
  facet normal 0 0 1
    outer loop
      vertex -3.12874 2.39437 50
      vertex -6.23602 4.16678 50
      vertex -3.41225 1.97006 50
    endloop
  endfacet
  facet normal -0 0 1
    outer loop
      vertex -6.61441 3.53547 50
      vertex -3.41225 1.97006 50
      vertex -6.23602 4.16678 50
    endloop
  endfacet
  facet normal 0 0 1
    outer loop
      vertex -3.41225 1.97006 50
      vertex -6.61441 3.53547 50
      vertex -3.63795 1.51238 50
    endloop
  endfacet
  facet normal -0 0 1
    outer loop
      vertex -6.9291 2.87012 50
      vertex -3.63795 1.51238 50
      vertex -6.61441 3.53547 50
    endloop
  endfacet
  facet normal 0 0 1
    outer loop
      vertex -3.63795 1.51238 50
      vertex -6.9291 2.87012 50
      vertex -3.6402 1.50782 50
    endloop
  endfacet
  facet normal -0 0 1
    outer loop
      vertex 3.63795 -1.51238 50
      vertex 6.9291 -2.87012 50
      vertex 3.6402 -1.50782 50
    endloop
  endfacet
  facet normal 0 0 1
    outer loop
      vertex 6.9291 -2.87012 50
      vertex 3.63795 -1.51238 50
      vertex 6.61441 -3.53547 50
    endloop
  endfacet
  facet normal -0 0 1
    outer loop
      vertex 3.41225 -1.97006 50
      vertex 6.61441 -3.53547 50
      vertex 3.63795 -1.51238 50
    endloop
  endfacet
  facet normal 0 0 1
    outer loop
      vertex 6.61441 -3.53547 50
      vertex 3.41225 -1.97006 50
      vertex 6.23602 -4.16678 50
    endloop
  endfacet
  facet normal -0 0 1
    outer loop
      vertex 3.12874 -2.39437 50
      vertex 6.23602 -4.16678 50
      vertex 3.41225 -1.97006 50
    endloop
  endfacet
  facet normal -0 0 1
    outer loop
      vertex 3.12591 -2.39859 50
      vertex 6.23602 -4.16678 50
      vertex 3.12874 -2.39437 50
    endloop
  endfacet
  facet normal 0 0 1
    outer loop
      vertex 6.23602 -4.16678 50
      vertex 3.12591 -2.39859 50
      vertex 5.79758 -4.75795 50
    endloop
  endfacet
  facet normal -0 0 1
    outer loop
      vertex 2.78944 -2.78226 50
      vertex 5.79758 -4.75795 50
      vertex 3.12591 -2.39859 50
    endloop
  endfacet
  facet normal 0 0 1
    outer loop
      vertex 5.79758 -4.75795 50
      vertex 2.78944 -2.78226 50
      vertex 5.3033 -5.3033 50
    endloop
  endfacet
  facet normal -0 0 1
    outer loop
      vertex 2.78609 -2.78609 50
      vertex 5.3033 -5.3033 50
      vertex 2.78944 -2.78226 50
    endloop
  endfacet
  facet normal -0 0 1
    outer loop
      vertex 2.78226 -2.78944 50
      vertex 5.3033 -5.3033 50
      vertex 2.78609 -2.78609 50
    endloop
  endfacet
  facet normal 0 0 1
    outer loop
      vertex 5.3033 -5.3033 50
      vertex 2.78226 -2.78944 50
      vertex 4.75795 -5.79758 50
    endloop
  endfacet
  facet normal -0 0 1
    outer loop
      vertex 2.39859 -3.12591 50
      vertex 4.75795 -5.79758 50
      vertex 2.78226 -2.78944 50
    endloop
  endfacet
  facet normal 0 0 1
    outer loop
      vertex 4.75795 -5.79758 50
      vertex 2.39859 -3.12591 50
      vertex 4.16678 -6.23602 50
    endloop
  endfacet
  facet normal -0 0 1
    outer loop
      vertex 2.39437 -3.12874 50
      vertex 4.16678 -6.23602 50
      vertex 2.39859 -3.12591 50
    endloop
  endfacet
  facet normal -0 0 1
    outer loop
      vertex 1.97006 -3.41225 50
      vertex 4.16678 -6.23602 50
      vertex 2.39437 -3.12874 50
    endloop
  endfacet
  facet normal 0 0 1
    outer loop
      vertex 4.16678 -6.23602 50
      vertex 1.97006 -3.41225 50
      vertex 3.53547 -6.61441 50
    endloop
  endfacet
  facet normal -0 0 1
    outer loop
      vertex 1.51238 -3.63795 50
      vertex 3.53547 -6.61441 50
      vertex 1.97006 -3.41225 50
    endloop
  endfacet
  facet normal 0 0 1
    outer loop
      vertex 3.53547 -6.61441 50
      vertex 1.51238 -3.63795 50
      vertex 2.87012 -6.9291 50
    endloop
  endfacet
  facet normal -0 0 1
    outer loop
      vertex 1.50782 -3.6402 50
      vertex 2.87012 -6.9291 50
      vertex 1.51238 -3.63795 50
    endloop
  endfacet
  facet normal 0 0 1
    outer loop
      vertex 2.87012 -6.9291 50
      vertex 1.50782 -3.6402 50
      vertex 2.17713 -7.17705 50
    endloop
  endfacet
  facet normal -0 0 1
    outer loop
      vertex 1.0246 -3.80423 50
      vertex 2.17713 -7.17705 50
      vertex 1.50782 -3.6402 50
    endloop
  endfacet
  facet normal -0 0 1
    outer loop
      vertex 1.01978 -3.80587 50
      vertex 2.17713 -7.17705 50
      vertex 1.0246 -3.80423 50
    endloop
  endfacet
  facet normal 0 0 1
    outer loop
      vertex 2.17713 -7.17705 50
      vertex 1.01978 -3.80587 50
      vertex 1.46318 -7.35589 50
    endloop
  endfacet
  facet normal -0 0 1
    outer loop
      vertex 1.01479 -3.80686 50
      vertex 1.46318 -7.35589 50
      vertex 1.01978 -3.80587 50
    endloop
  endfacet
  facet normal -0 0 1
    outer loop
      vertex 0.514289 -3.90641 50
      vertex 1.46318 -7.35589 50
      vertex 1.01479 -3.80686 50
    endloop
  endfacet
  facet normal 0 0 1
    outer loop
      vertex 1.46318 -7.35589 50
      vertex 0.514289 -3.90641 50
      vertex 0.735128 -7.46389 50
    endloop
  endfacet
  facet normal -0 0 1
    outer loop
      vertex 0.00507564 -3.93979 50
      vertex 0.735128 -7.46389 50
      vertex 0.514289 -3.90641 50
    endloop
  endfacet
  facet normal 0 0 1
    outer loop
      vertex 0 -7.5 50
      vertex 0.00507564 -3.93979 50
      vertex 0 -3.94012 50
    endloop
  endfacet
  facet normal 0 0 1
    outer loop
      vertex 0.00507564 -3.93979 50
      vertex 0 -7.5 50
      vertex 0.735128 -7.46389 50
    endloop
  endfacet
  facet normal 0 0 1
    outer loop
      vertex -0.00507564 -3.93979 50
      vertex 0 -7.5 50
      vertex 0 -3.94012 50
    endloop
  endfacet
  facet normal 0 0 1
    outer loop
      vertex -0.735128 -7.46389 50
      vertex -0.00507564 -3.93979 50
      vertex -0.514289 -3.90641 50
    endloop
  endfacet
  facet normal 0 0 1
    outer loop
      vertex -0.00507564 -3.93979 50
      vertex -0.735128 -7.46389 50
      vertex 0 -7.5 50
    endloop
  endfacet
  facet normal 0 0 1
    outer loop
      vertex -1.46318 -7.35589 50
      vertex -0.514289 -3.90641 50
      vertex -1.01479 -3.80686 50
    endloop
  endfacet
  facet normal 0 0 1
    outer loop
      vertex -1.46318 -7.35589 50
      vertex -1.01479 -3.80686 50
      vertex -1.01978 -3.80587 50
    endloop
  endfacet
  facet normal 0 0 1
    outer loop
      vertex -2.17713 -7.17705 50
      vertex -1.01978 -3.80587 50
      vertex -1.0246 -3.80423 50
    endloop
  endfacet
  facet normal 0 0 1
    outer loop
      vertex -0.514289 -3.90641 50
      vertex -1.46318 -7.35589 50
      vertex -0.735128 -7.46389 50
    endloop
  endfacet
  facet normal 0 0 1
    outer loop
      vertex -2.17713 -7.17705 50
      vertex -1.0246 -3.80423 50
      vertex -1.50782 -3.6402 50
    endloop
  endfacet
  facet normal 0 0 1
    outer loop
      vertex -2.87012 -6.9291 50
      vertex -1.50782 -3.6402 50
      vertex -1.51238 -3.63795 50
    endloop
  endfacet
  facet normal 0 0 1
    outer loop
      vertex -3.53547 -6.61441 50
      vertex -1.51238 -3.63795 50
      vertex -1.97006 -3.41225 50
    endloop
  endfacet
  facet normal 0 0 1
    outer loop
      vertex -1.01978 -3.80587 50
      vertex -2.17713 -7.17705 50
      vertex -1.46318 -7.35589 50
    endloop
  endfacet
  facet normal 0 0 1
    outer loop
      vertex -4.16678 -6.23602 50
      vertex -1.97006 -3.41225 50
      vertex -2.39437 -3.12874 50
    endloop
  endfacet
  facet normal 0 0 1
    outer loop
      vertex -4.16678 -6.23602 50
      vertex -2.39437 -3.12874 50
      vertex -2.39859 -3.12591 50
    endloop
  endfacet
  facet normal 0 0 1
    outer loop
      vertex -4.75795 -5.79758 50
      vertex -2.39859 -3.12591 50
      vertex -2.78226 -2.78944 50
    endloop
  endfacet
  facet normal 0 0 1
    outer loop
      vertex -5.3033 -5.3033 50
      vertex -2.78226 -2.78944 50
      vertex -2.78609 -2.78609 50
    endloop
  endfacet
  facet normal 0 0 1
    outer loop
      vertex -5.3033 -5.3033 50
      vertex -2.78609 -2.78609 50
      vertex -2.78944 -2.78226 50
    endloop
  endfacet
  facet normal 0 0 1
    outer loop
      vertex -1.50782 -3.6402 50
      vertex -2.87012 -6.9291 50
      vertex -2.17713 -7.17705 50
    endloop
  endfacet
  facet normal 0 0 1
    outer loop
      vertex -5.79758 -4.75795 50
      vertex -2.78944 -2.78226 50
      vertex -3.12591 -2.39859 50
    endloop
  endfacet
  facet normal 0 0 1
    outer loop
      vertex -6.23602 -4.16678 50
      vertex -3.12591 -2.39859 50
      vertex -3.12874 -2.39437 50
    endloop
  endfacet
  facet normal 0 0 1
    outer loop
      vertex -6.23602 -4.16678 50
      vertex -3.12874 -2.39437 50
      vertex -3.41225 -1.97006 50
    endloop
  endfacet
  facet normal 0 0 1
    outer loop
      vertex -1.51238 -3.63795 50
      vertex -3.53547 -6.61441 50
      vertex -2.87012 -6.9291 50
    endloop
  endfacet
  facet normal 0 0 1
    outer loop
      vertex -6.61441 -3.53547 50
      vertex -3.41225 -1.97006 50
      vertex -3.63795 -1.51238 50
    endloop
  endfacet
  facet normal 0 0 1
    outer loop
      vertex -6.9291 -2.87012 50
      vertex -3.63795 -1.51238 50
      vertex -3.6402 -1.50782 50
    endloop
  endfacet
  facet normal 0 0 1
    outer loop
      vertex -7.17705 -2.17713 50
      vertex -3.6402 -1.50782 50
      vertex -3.80423 -1.0246 50
    endloop
  endfacet
  facet normal 0 0 1
    outer loop
      vertex -7.17705 -2.17713 50
      vertex -3.80423 -1.0246 50
      vertex -3.80587 -1.01978 50
    endloop
  endfacet
  facet normal 0 0 1
    outer loop
      vertex -7.35589 -1.46318 50
      vertex -3.80587 -1.01978 50
      vertex -3.80686 -1.01479 50
    endloop
  endfacet
  facet normal 0 0 1
    outer loop
      vertex -7.35589 -1.46318 50
      vertex -3.80686 -1.01479 50
      vertex -3.90641 -0.514289 50
    endloop
  endfacet
  facet normal 0 0 1
    outer loop
      vertex -7.46389 -0.735128 50
      vertex -3.90641 -0.514289 50
      vertex -3.93979 -0.00507564 50
    endloop
  endfacet
  facet normal -0 0 1
    outer loop
      vertex -7.5 0 50
      vertex -3.93979 -0.00507564 50
      vertex -3.94012 0 50
    endloop
  endfacet
  facet normal 0 0 1
    outer loop
      vertex -1.97006 -3.41225 50
      vertex -4.16678 -6.23602 50
      vertex -3.53547 -6.61441 50
    endloop
  endfacet
  facet normal -0 0 1
    outer loop
      vertex -7.17705 2.17713 50
      vertex -3.6402 1.50782 50
      vertex -6.9291 2.87012 50
    endloop
  endfacet
  facet normal 0 0 1
    outer loop
      vertex -3.6402 1.50782 50
      vertex -7.17705 2.17713 50
      vertex -3.80423 1.0246 50
    endloop
  endfacet
  facet normal 0 0 1
    outer loop
      vertex -2.39859 -3.12591 50
      vertex -4.75795 -5.79758 50
      vertex -4.16678 -6.23602 50
    endloop
  endfacet
  facet normal 0 0 1
    outer loop
      vertex -3.80423 1.0246 50
      vertex -7.17705 2.17713 50
      vertex -3.80587 1.01978 50
    endloop
  endfacet
  facet normal 0 0 1
    outer loop
      vertex -2.78226 -2.78944 50
      vertex -5.3033 -5.3033 50
      vertex -4.75795 -5.79758 50
    endloop
  endfacet
  facet normal -0 0 1
    outer loop
      vertex -7.35589 1.46318 50
      vertex -3.80587 1.01978 50
      vertex -7.17705 2.17713 50
    endloop
  endfacet
  facet normal 0 0 1
    outer loop
      vertex -2.78944 -2.78226 50
      vertex -5.79758 -4.75795 50
      vertex -5.3033 -5.3033 50
    endloop
  endfacet
  facet normal 0 0 1
    outer loop
      vertex -3.80587 1.01978 50
      vertex -7.35589 1.46318 50
      vertex -3.80686 1.01479 50
    endloop
  endfacet
  facet normal 0 0 1
    outer loop
      vertex -3.12591 -2.39859 50
      vertex -6.23602 -4.16678 50
      vertex -5.79758 -4.75795 50
    endloop
  endfacet
  facet normal 0 0 1
    outer loop
      vertex -3.80686 1.01479 50
      vertex -7.35589 1.46318 50
      vertex -3.90641 0.514289 50
    endloop
  endfacet
  facet normal 0 0 1
    outer loop
      vertex -3.41225 -1.97006 50
      vertex -6.61441 -3.53547 50
      vertex -6.23602 -4.16678 50
    endloop
  endfacet
  facet normal -0 0 1
    outer loop
      vertex -7.46389 0.735128 50
      vertex -3.90641 0.514289 50
      vertex -7.35589 1.46318 50
    endloop
  endfacet
  facet normal 0 0 1
    outer loop
      vertex -3.63795 -1.51238 50
      vertex -6.9291 -2.87012 50
      vertex -6.61441 -3.53547 50
    endloop
  endfacet
  facet normal 0 0 1
    outer loop
      vertex -3.90641 0.514289 50
      vertex -7.46389 0.735128 50
      vertex -3.93979 0.00507564 50
    endloop
  endfacet
  facet normal 0 0 1
    outer loop
      vertex -3.6402 -1.50782 50
      vertex -7.17705 -2.17713 50
      vertex -6.9291 -2.87012 50
    endloop
  endfacet
  facet normal 0 0 1
    outer loop
      vertex -7.5 0 50
      vertex -3.93979 0.00507564 50
      vertex -7.46389 0.735128 50
    endloop
  endfacet
  facet normal 0 0 1
    outer loop
      vertex -3.80587 -1.01978 50
      vertex -7.35589 -1.46318 50
      vertex -7.17705 -2.17713 50
    endloop
  endfacet
  facet normal 0 0 1
    outer loop
      vertex -3.93979 0.00507564 50
      vertex -7.5 0 50
      vertex -3.94012 0 50
    endloop
  endfacet
  facet normal 0 0 1
    outer loop
      vertex -3.90641 -0.514289 50
      vertex -7.46389 -0.735128 50
      vertex -7.35589 -1.46318 50
    endloop
  endfacet
  facet normal 0 0 1
    outer loop
      vertex -3.93979 -0.00507564 50
      vertex -7.5 0 50
      vertex -7.46389 -0.735128 50
    endloop
  endfacet
  facet normal -0.706676 -0.0347096 -0.706686
    outer loop
      vertex -11.9422 -1.17621 0
      vertex -13.9326 -1.37224 2
      vertex -14 0 2
    endloop
  endfacet
  facet normal -0.70668 -0.0347269 -0.70668
    outer loop
      vertex -12 0 0
      vertex -11.9422 -1.17621 0
      vertex -14 0 2
    endloop
  endfacet
  facet normal -0.980808 -0.194974 0
    outer loop
      vertex 3.04267 0.81528 20
      vertex 3.05347 0.760951 41.0083
      vertex 3.04267 0.81528 41.056
    endloop
  endfacet
  facet normal -0.980789 -0.195074 -2.69229e-07
    outer loop
      vertex 3.04267 0.81528 20
      vertex 3.08051 0.625 40.9175
      vertex 3.05347 0.760951 41.0083
    endloop
  endfacet
  facet normal -0.980785 -0.195092 -4.40207e-07
    outer loop
      vertex 3.04267 0.81528 20
      vertex 3.10968 0.478354 40.8451
      vertex 3.08051 0.625 40.9175
    endloop
  endfacet
  facet normal -0.980788 -0.195079 -0
    outer loop
      vertex 3.12305 0.411157 40.8223
      vertex 3.04267 0.81528 20
      vertex 3.12305 0.411157 20
    endloop
  endfacet
  facet normal -0.980775 -0.195142 -1.27411e-06
    outer loop
      vertex 3.04267 0.81528 20
      vertex 3.12305 0.411157 40.8223
      vertex 3.10968 0.478354 40.8451
    endloop
  endfacet
  facet normal -0.980808 -0.194974 0
    outer loop
      vertex 3.05347 0.760951 42.9917
      vertex 3.04267 0.81528 49.2
      vertex 3.04267 0.81528 42.944
    endloop
  endfacet
  facet normal -0.980789 -0.195074 9.07315e-07
    outer loop
      vertex 3.08051 0.625 43.0825
      vertex 3.04267 0.81528 49.2
      vertex 3.05347 0.760951 42.9917
    endloop
  endfacet
  facet normal -0.980785 -0.195092 1.48909e-06
    outer loop
      vertex 3.10968 0.478354 43.1549
      vertex 3.04267 0.81528 49.2
      vertex 3.08051 0.625 43.0825
    endloop
  endfacet
  facet normal -0.980775 -0.195141 4.33559e-06
    outer loop
      vertex 3.12305 0.411157 43.1777
      vertex 3.04267 0.81528 49.2
      vertex 3.10968 0.478354 43.1549
    endloop
  endfacet
  facet normal -0.980788 -0.195079 0
    outer loop
      vertex 3.04267 0.81528 49.2
      vertex 3.12305 0.411157 43.1777
      vertex 3.12305 0.411157 49.2
    endloop
  endfacet
  facet normal -0.997862 -0.0653604 0
    outer loop
      vertex 3.12305 0.411157 20
      vertex 3.12879 0.323524 40.7926
      vertex 3.12305 0.411157 40.8223
    endloop
  endfacet
  facet normal -0.997855 -0.0654588 -4.1639e-07
    outer loop
      vertex 3.12305 0.411157 20
      vertex 3.13931 0.163157 40.7607
      vertex 3.12879 0.323524 40.7926
    endloop
  endfacet
  facet normal -0.997859 -0.0654064 -0
    outer loop
      vertex 3.15 0 40.75
      vertex 3.12305 0.411157 20
      vertex 3.15 0 20
    endloop
  endfacet
  facet normal -0.99786 -0.0653796 5.33626e-07
    outer loop
      vertex 3.12305 0.411157 20
      vertex 3.15 0 40.75
      vertex 3.13931 0.163157 40.7607
    endloop
  endfacet
  facet normal -0.997862 -0.0653604 0
    outer loop
      vertex 3.12879 0.323524 43.2074
      vertex 3.12305 0.411157 49.2
      vertex 3.12305 0.411157 43.1777
    endloop
  endfacet
  facet normal -0.997855 -0.0654586 1.44177e-06
    outer loop
      vertex 3.13931 0.163157 43.2393
      vertex 3.12305 0.411157 49.2
      vertex 3.12879 0.323524 43.2074
    endloop
  endfacet
  facet normal -0.99786 -0.0653797 -1.85498e-06
    outer loop
      vertex 3.15 0 43.25
      vertex 3.12305 0.411157 49.2
      vertex 3.13931 0.163157 43.2393
    endloop
  endfacet
  facet normal -0.997859 -0.0654064 0
    outer loop
      vertex 3.12305 0.411157 49.2
      vertex 3.15 0 43.25
      vertex 3.15 0 49.2
    endloop
  endfacet
  facet normal -0.94691 -0.3215 0
    outer loop
      vertex 2.91022 1.20545 20
      vertex 2.9274 1.15485 41.5216
      vertex 2.91022 1.20545 41.6707
    endloop
  endfacet
  facet normal -0.946927 -0.321448 1.37813e-07
    outer loop
      vertex 2.91022 1.20545 20
      vertex 2.95195 1.08253 41.375
      vertex 2.9274 1.15485 41.5216
    endloop
  endfacet
  facet normal -0.946947 -0.32139 5.05846e-07
    outer loop
      vertex 2.91022 1.20545 20
      vertex 2.98278 0.991692 41.239
      vertex 2.95195 1.08253 41.375
    endloop
  endfacet
  facet normal -0.94692 -0.321469 -3.76867e-07
    outer loop
      vertex 2.91022 1.20545 20
      vertex 3.01938 0.883883 41.1161
      vertex 2.98278 0.991692 41.239
    endloop
  endfacet
  facet normal -0.946926 -0.321451 -0
    outer loop
      vertex 3.04267 0.81528 41.056
      vertex 2.91022 1.20545 20
      vertex 3.04267 0.81528 20
    endloop
  endfacet
  facet normal -0.94692 -0.321469 -3.81844e-07
    outer loop
      vertex 2.91022 1.20545 20
      vertex 3.04267 0.81528 41.056
      vertex 3.01938 0.883883 41.1161
    endloop
  endfacet
  facet normal -0.94691 -0.3215 0
    outer loop
      vertex 2.9274 1.15485 42.4784
      vertex 2.91022 1.20545 49.2
      vertex 2.91022 1.20545 42.3293
    endloop
  endfacet
  facet normal -0.946927 -0.321448 -4.36697e-07
    outer loop
      vertex 2.95195 1.08253 42.625
      vertex 2.91022 1.20545 49.2
      vertex 2.9274 1.15485 42.4784
    endloop
  endfacet
  facet normal -0.946946 -0.321392 -1.61348e-06
    outer loop
      vertex 2.98278 0.991692 42.761
      vertex 2.91022 1.20545 49.2
      vertex 2.95195 1.08253 42.625
    endloop
  endfacet
  facet normal -0.94692 -0.321468 1.21151e-06
    outer loop
      vertex 3.01938 0.883883 42.8839
      vertex 2.91022 1.20545 49.2
      vertex 2.98278 0.991692 42.761
    endloop
  endfacet
  facet normal -0.94692 -0.321468 1.23838e-06
    outer loop
      vertex 3.04267 0.81528 42.944
      vertex 2.91022 1.20545 49.2
      vertex 3.01938 0.883883 42.8839
    endloop
  endfacet
  facet normal -0.946926 -0.321451 0
    outer loop
      vertex 2.91022 1.20545 49.2
      vertex 3.04267 0.81528 42.944
      vertex 3.04267 0.81528 49.2
    endloop
  endfacet
  facet normal -0.442285 -0.896875 0
    outer loop
      vertex 1.20545 2.91022 20
      vertex 1.575 2.72798 49.2
      vertex 1.20545 2.91022 49.2
    endloop
  endfacet
  facet normal -0.442285 -0.896875 -0
    outer loop
      vertex 1.575 2.72798 49.2
      vertex 1.20545 2.91022 20
      vertex 1.575 2.72798 20
    endloop
  endfacet
  facet normal 0.980788 0.195079 0
    outer loop
      vertex -3.04267 -0.81528 49.2
      vertex -3.12305 -0.411157 20
      vertex -3.12305 -0.411157 49.2
    endloop
  endfacet
  facet normal 0.980788 0.195079 0
    outer loop
      vertex -3.12305 -0.411157 20
      vertex -3.04267 -0.81528 49.2
      vertex -3.04267 -0.81528 20
    endloop
  endfacet
  facet normal -0.659334 -0.75185 0
    outer loop
      vertex 1.9176 2.49906 20
      vertex 2.22739 2.22739 49.2
      vertex 1.9176 2.49906 49.2
    endloop
  endfacet
  facet normal -0.659334 -0.75185 -0
    outer loop
      vertex 2.22739 2.22739 49.2
      vertex 1.9176 2.49906 20
      vertex 2.22739 2.22739 20
    endloop
  endfacet
  facet normal -0.946926 0.321451 0
    outer loop
      vertex 2.91022 -1.20545 20
      vertex 3.04267 -0.81528 41.056
      vertex 3.04267 -0.81528 20
    endloop
  endfacet
  facet normal -0.94692 0.321469 -3.81844e-07
    outer loop
      vertex 3.04267 -0.81528 41.056
      vertex 2.91022 -1.20545 20
      vertex 3.01938 -0.883883 41.1161
    endloop
  endfacet
  facet normal -0.94692 0.321469 -3.76867e-07
    outer loop
      vertex 3.01938 -0.883883 41.1161
      vertex 2.91022 -1.20545 20
      vertex 2.98278 -0.991692 41.239
    endloop
  endfacet
  facet normal -0.946947 0.32139 5.05846e-07
    outer loop
      vertex 2.98278 -0.991692 41.239
      vertex 2.91022 -1.20545 20
      vertex 2.95195 -1.08253 41.375
    endloop
  endfacet
  facet normal -0.946927 0.321448 1.37813e-07
    outer loop
      vertex 2.95195 -1.08253 41.375
      vertex 2.91022 -1.20545 20
      vertex 2.9274 -1.15485 41.5216
    endloop
  endfacet
  facet normal -0.94691 0.3215 0
    outer loop
      vertex 2.9274 -1.15485 41.5216
      vertex 2.91022 -1.20545 20
      vertex 2.91022 -1.20545 41.6707
    endloop
  endfacet
  facet normal -0.94692 0.321468 1.23838e-06
    outer loop
      vertex 2.91022 -1.20545 49.2
      vertex 3.04267 -0.81528 42.944
      vertex 3.01938 -0.883883 42.8839
    endloop
  endfacet
  facet normal -0.94692 0.321468 1.21151e-06
    outer loop
      vertex 2.91022 -1.20545 49.2
      vertex 3.01938 -0.883883 42.8839
      vertex 2.98278 -0.991692 42.761
    endloop
  endfacet
  facet normal -0.946946 0.321392 -1.61348e-06
    outer loop
      vertex 2.91022 -1.20545 49.2
      vertex 2.98278 -0.991692 42.761
      vertex 2.95195 -1.08253 42.625
    endloop
  endfacet
  facet normal -0.946927 0.321448 -4.36697e-07
    outer loop
      vertex 2.91022 -1.20545 49.2
      vertex 2.95195 -1.08253 42.625
      vertex 2.9274 -1.15485 42.4784
    endloop
  endfacet
  facet normal -0.94691 0.3215 0
    outer loop
      vertex 2.91022 -1.20545 49.2
      vertex 2.9274 -1.15485 42.4784
      vertex 2.91022 -1.20545 42.3293
    endloop
  endfacet
  facet normal -0.946926 0.321451 0
    outer loop
      vertex 3.04267 -0.81528 42.944
      vertex 2.91022 -1.20545 49.2
      vertex 3.04267 -0.81528 49.2
    endloop
  endfacet
  facet normal 0.442285 -0.896875 0
    outer loop
      vertex -1.575 2.72798 20
      vertex -1.20545 2.91022 49.2
      vertex -1.575 2.72798 49.2
    endloop
  endfacet
  facet normal 0.442285 -0.896875 0
    outer loop
      vertex -1.20545 2.91022 49.2
      vertex -1.575 2.72798 20
      vertex -1.20545 2.91022 20
    endloop
  endfacet
  facet normal -0.195079 0.980788 0
    outer loop
      vertex 0.81528 -3.04267 20
      vertex 0.411157 -3.12305 49.2
      vertex 0.81528 -3.04267 49.2
    endloop
  endfacet
  facet normal -0.195079 0.980788 0
    outer loop
      vertex 0.411157 -3.12305 49.2
      vertex 0.81528 -3.04267 20
      vertex 0.411157 -3.12305 20
    endloop
  endfacet
  facet normal 0.0654064 -0.997859 0
    outer loop
      vertex -0.411157 3.12305 20
      vertex 0 3.15 49.2
      vertex -0.411157 3.12305 49.2
    endloop
  endfacet
  facet normal 0.0654064 -0.997859 0
    outer loop
      vertex 0 3.15 49.2
      vertex -0.411157 3.12305 20
      vertex 0 3.15 20
    endloop
  endfacet
  facet normal -0.831467 -0.555574 0
    outer loop
      vertex 2.72798 1.575 20
      vertex 2.49906 1.9176 49.2
      vertex 2.49906 1.9176 20
    endloop
  endfacet
  facet normal -0.831467 -0.555574 0
    outer loop
      vertex 2.49906 1.9176 49.2
      vertex 2.72798 1.575 20
      vertex 2.72798 1.575 49.2
    endloop
  endfacet
  facet normal -0.896875 -0.442284 0
    outer loop
      vertex 2.72798 1.575 20
      vertex 2.88825 1.25 42
      vertex 2.72798 1.575 49.2
    endloop
  endfacet
  facet normal -0.896648 -0.442743 -8.44228e-06
    outer loop
      vertex 2.72798 1.575 20
      vertex 2.89353 1.23931 41.8368
      vertex 2.88825 1.25 42
    endloop
  endfacet
  facet normal -0.896886 -0.442262 7.66484e-07
    outer loop
      vertex 2.72798 1.575 20
      vertex 2.90926 1.20741 41.6765
      vertex 2.89353 1.23931 41.8368
    endloop
  endfacet
  facet normal -0.896875 -0.442285 -0
    outer loop
      vertex 2.91022 1.20545 41.6707
      vertex 2.72798 1.575 20
      vertex 2.91022 1.20545 20
    endloop
  endfacet
  facet normal -0.898006 -0.439984 4.87546e-05
    outer loop
      vertex 2.72798 1.575 20
      vertex 2.91022 1.20545 41.6707
      vertex 2.90926 1.20741 41.6765
    endloop
  endfacet
  facet normal -0.896711 -0.442617 1.87173e-05
    outer loop
      vertex 2.89353 1.23931 42.1632
      vertex 2.72798 1.575 49.2
      vertex 2.88825 1.25 42
    endloop
  endfacet
  facet normal -0.896884 -0.442267 -2.06684e-06
    outer loop
      vertex 2.90926 1.20741 42.3235
      vertex 2.72798 1.575 49.2
      vertex 2.89353 1.23931 42.1632
    endloop
  endfacet
  facet normal -0.8979 -0.4402 -0.000139339
    outer loop
      vertex 2.91022 1.20545 42.3293
      vertex 2.72798 1.575 49.2
      vertex 2.90926 1.20741 42.3235
    endloop
  endfacet
  facet normal -0.896875 -0.442285 0
    outer loop
      vertex 2.72798 1.575 49.2
      vertex 2.91022 1.20545 42.3293
      vertex 2.91022 1.20545 49.2
    endloop
  endfacet
  facet normal -0.896875 0.442285 0
    outer loop
      vertex 2.72798 -1.575 20
      vertex 2.91022 -1.20545 41.6707
      vertex 2.91022 -1.20545 20
    endloop
  endfacet
  facet normal -0.898006 0.439984 4.87546e-05
    outer loop
      vertex 2.91022 -1.20545 41.6707
      vertex 2.72798 -1.575 20
      vertex 2.90926 -1.20741 41.6765
    endloop
  endfacet
  facet normal -0.896886 0.442262 7.66484e-07
    outer loop
      vertex 2.90926 -1.20741 41.6765
      vertex 2.72798 -1.575 20
      vertex 2.89353 -1.23931 41.8368
    endloop
  endfacet
  facet normal -0.896648 0.442743 -8.44228e-06
    outer loop
      vertex 2.89353 -1.23931 41.8368
      vertex 2.72798 -1.575 20
      vertex 2.88825 -1.25 42
    endloop
  endfacet
  facet normal -0.8979 0.4402 -0.000139339
    outer loop
      vertex 2.72798 -1.575 49.2
      vertex 2.91022 -1.20545 42.3293
      vertex 2.90926 -1.20741 42.3235
    endloop
  endfacet
  facet normal -0.896884 0.442267 -2.06684e-06
    outer loop
      vertex 2.72798 -1.575 49.2
      vertex 2.90926 -1.20741 42.3235
      vertex 2.89353 -1.23931 42.1632
    endloop
  endfacet
  facet normal -0.896711 0.442617 1.87173e-05
    outer loop
      vertex 2.72798 -1.575 49.2
      vertex 2.89353 -1.23931 42.1632
      vertex 2.88825 -1.25 42
    endloop
  endfacet
  facet normal -0.896875 0.442284 0
    outer loop
      vertex 2.72798 -1.575 49.2
      vertex 2.88825 -1.25 42
      vertex 2.72798 -1.575 20
    endloop
  endfacet
  facet normal -0.896875 0.442285 0
    outer loop
      vertex 2.91022 -1.20545 42.3293
      vertex 2.72798 -1.575 49.2
      vertex 2.91022 -1.20545 49.2
    endloop
  endfacet
  facet normal 0.980788 -0.195079 0
    outer loop
      vertex -3.12305 0.411157 49.2
      vertex -3.04267 0.81528 20
      vertex -3.04267 0.81528 49.2
    endloop
  endfacet
  facet normal 0.980788 -0.195079 0
    outer loop
      vertex -3.04267 0.81528 20
      vertex -3.12305 0.411157 49.2
      vertex -3.12305 0.411157 20
    endloop
  endfacet
  facet normal 0.997859 -0.0654064 0
    outer loop
      vertex -3.15 0 49.2
      vertex -3.12305 0.411157 20
      vertex -3.12305 0.411157 49.2
    endloop
  endfacet
  facet normal 0.997859 -0.0654064 0
    outer loop
      vertex -3.12305 0.411157 20
      vertex -3.15 0 49.2
      vertex -3.15 0 20
    endloop
  endfacet
  facet normal -0.831467 0.555574 0
    outer loop
      vertex 2.49906 -1.9176 20
      vertex 2.72798 -1.575 49.2
      vertex 2.72798 -1.575 20
    endloop
  endfacet
  facet normal -0.831467 0.555574 0
    outer loop
      vertex 2.72798 -1.575 49.2
      vertex 2.49906 -1.9176 20
      vertex 2.49906 -1.9176 49.2
    endloop
  endfacet
  facet normal 0.555574 -0.831467 0
    outer loop
      vertex -1.9176 2.49906 20
      vertex -1.575 2.72798 49.2
      vertex -1.9176 2.49906 49.2
    endloop
  endfacet
  facet normal 0.555574 -0.831467 0
    outer loop
      vertex -1.575 2.72798 49.2
      vertex -1.9176 2.49906 20
      vertex -1.575 2.72798 20
    endloop
  endfacet
  facet normal 0.831467 0.555574 0
    outer loop
      vertex -2.49906 -1.9176 49.2
      vertex -2.72798 -1.575 20
      vertex -2.72798 -1.575 49.2
    endloop
  endfacet
  facet normal 0.831467 0.555574 0
    outer loop
      vertex -2.72798 -1.575 20
      vertex -2.49906 -1.9176 49.2
      vertex -2.49906 -1.9176 20
    endloop
  endfacet
  facet normal 0.195079 -0.980788 0
    outer loop
      vertex -0.81528 3.04267 20
      vertex -0.411157 3.12305 49.2
      vertex -0.81528 3.04267 49.2
    endloop
  endfacet
  facet normal 0.195079 -0.980788 0
    outer loop
      vertex -0.411157 3.12305 49.2
      vertex -0.81528 3.04267 20
      vertex -0.411157 3.12305 20
    endloop
  endfacet
  facet normal -0.980788 0.195079 0
    outer loop
      vertex 3.04267 -0.81528 20
      vertex 3.12305 -0.411157 40.8223
      vertex 3.12305 -0.411157 20
    endloop
  endfacet
  facet normal -0.980775 0.195142 -1.27411e-06
    outer loop
      vertex 3.12305 -0.411157 40.8223
      vertex 3.04267 -0.81528 20
      vertex 3.10968 -0.478354 40.8451
    endloop
  endfacet
  facet normal -0.980785 0.195092 -4.40207e-07
    outer loop
      vertex 3.10968 -0.478354 40.8451
      vertex 3.04267 -0.81528 20
      vertex 3.08051 -0.625 40.9175
    endloop
  endfacet
  facet normal -0.980789 0.195074 -2.69229e-07
    outer loop
      vertex 3.08051 -0.625 40.9175
      vertex 3.04267 -0.81528 20
      vertex 3.05347 -0.760951 41.0083
    endloop
  endfacet
  facet normal -0.980808 0.194974 0
    outer loop
      vertex 3.05347 -0.760951 41.0083
      vertex 3.04267 -0.81528 20
      vertex 3.04267 -0.81528 41.056
    endloop
  endfacet
  facet normal -0.980775 0.195141 4.33559e-06
    outer loop
      vertex 3.04267 -0.81528 49.2
      vertex 3.12305 -0.411157 43.1777
      vertex 3.10968 -0.478354 43.1549
    endloop
  endfacet
  facet normal -0.980785 0.195092 1.48909e-06
    outer loop
      vertex 3.04267 -0.81528 49.2
      vertex 3.10968 -0.478354 43.1549
      vertex 3.08051 -0.625 43.0825
    endloop
  endfacet
  facet normal -0.980789 0.195074 9.07315e-07
    outer loop
      vertex 3.04267 -0.81528 49.2
      vertex 3.08051 -0.625 43.0825
      vertex 3.05347 -0.760951 42.9917
    endloop
  endfacet
  facet normal -0.980808 0.194974 0
    outer loop
      vertex 3.04267 -0.81528 49.2
      vertex 3.05347 -0.760951 42.9917
      vertex 3.04267 -0.81528 42.944
    endloop
  endfacet
  facet normal -0.980788 0.195079 0
    outer loop
      vertex 3.12305 -0.411157 43.1777
      vertex 3.04267 -0.81528 49.2
      vertex 3.12305 -0.411157 49.2
    endloop
  endfacet
  facet normal -0.555574 -0.831467 0
    outer loop
      vertex 1.575 2.72798 20
      vertex 1.9176 2.49906 49.2
      vertex 1.575 2.72798 49.2
    endloop
  endfacet
  facet normal -0.555574 -0.831467 -0
    outer loop
      vertex 1.9176 2.49906 49.2
      vertex 1.575 2.72798 20
      vertex 1.9176 2.49906 20
    endloop
  endfacet
  facet normal -0.0654064 -0.997859 0
    outer loop
      vertex 0 3.15 20
      vertex 0.411157 3.12305 49.2
      vertex 0 3.15 49.2
    endloop
  endfacet
  facet normal -0.0654064 -0.997859 -0
    outer loop
      vertex 0.411157 3.12305 49.2
      vertex 0 3.15 20
      vertex 0.411157 3.12305 20
    endloop
  endfacet
  facet normal 0.442285 0.896875 -0
    outer loop
      vertex -1.20545 -2.91022 20
      vertex -1.575 -2.72798 49.2
      vertex -1.20545 -2.91022 49.2
    endloop
  endfacet
  facet normal 0.442285 0.896875 0
    outer loop
      vertex -1.575 -2.72798 49.2
      vertex -1.20545 -2.91022 20
      vertex -1.575 -2.72798 20
    endloop
  endfacet
  facet normal -0.0654064 0.997859 0
    outer loop
      vertex 0.411157 -3.12305 20
      vertex 0 -3.15 49.2
      vertex 0.411157 -3.12305 49.2
    endloop
  endfacet
  facet normal -0.0654064 0.997859 0
    outer loop
      vertex 0 -3.15 49.2
      vertex 0.411157 -3.12305 20
      vertex 0 -3.15 20
    endloop
  endfacet
  facet normal -0.659334 0.75185 0
    outer loop
      vertex 2.22739 -2.22739 20
      vertex 1.9176 -2.49906 49.2
      vertex 2.22739 -2.22739 49.2
    endloop
  endfacet
  facet normal -0.659334 0.75185 0
    outer loop
      vertex 1.9176 -2.49906 49.2
      vertex 2.22739 -2.22739 20
      vertex 1.9176 -2.49906 20
    endloop
  endfacet
  facet normal 0.659334 -0.75185 0
    outer loop
      vertex -2.22739 2.22739 20
      vertex -1.9176 2.49906 49.2
      vertex -2.22739 2.22739 49.2
    endloop
  endfacet
  facet normal 0.659334 -0.75185 0
    outer loop
      vertex -1.9176 2.49906 49.2
      vertex -2.22739 2.22739 20
      vertex -1.9176 2.49906 20
    endloop
  endfacet
  facet normal -0.997859 0.0654064 0
    outer loop
      vertex 3.12305 -0.411157 20
      vertex 3.15 0 40.75
      vertex 3.15 0 20
    endloop
  endfacet
  facet normal -0.99786 0.0653796 5.33626e-07
    outer loop
      vertex 3.15 0 40.75
      vertex 3.12305 -0.411157 20
      vertex 3.13931 -0.163157 40.7607
    endloop
  endfacet
  facet normal -0.997855 0.0654588 -4.1639e-07
    outer loop
      vertex 3.13931 -0.163157 40.7607
      vertex 3.12305 -0.411157 20
      vertex 3.12879 -0.323524 40.7926
    endloop
  endfacet
  facet normal -0.997862 0.0653604 0
    outer loop
      vertex 3.12879 -0.323524 40.7926
      vertex 3.12305 -0.411157 20
      vertex 3.12305 -0.411157 40.8223
    endloop
  endfacet
  facet normal -0.99786 0.0653797 -1.85498e-06
    outer loop
      vertex 3.12305 -0.411157 49.2
      vertex 3.15 0 43.25
      vertex 3.13931 -0.163157 43.2393
    endloop
  endfacet
  facet normal -0.997855 0.0654586 1.44177e-06
    outer loop
      vertex 3.12305 -0.411157 49.2
      vertex 3.13931 -0.163157 43.2393
      vertex 3.12879 -0.323524 43.2074
    endloop
  endfacet
  facet normal -0.997862 0.0653604 0
    outer loop
      vertex 3.12305 -0.411157 49.2
      vertex 3.12879 -0.323524 43.2074
      vertex 3.12305 -0.411157 43.1777
    endloop
  endfacet
  facet normal -0.997859 0.0654064 0
    outer loop
      vertex 3.15 0 43.25
      vertex 3.12305 -0.411157 49.2
      vertex 3.15 0 49.2
    endloop
  endfacet
  facet normal 0.321451 -0.946926 0
    outer loop
      vertex -1.20545 2.91022 20
      vertex -0.81528 3.04267 49.2
      vertex -1.20545 2.91022 49.2
    endloop
  endfacet
  facet normal 0.321451 -0.946926 0
    outer loop
      vertex -0.81528 3.04267 49.2
      vertex -1.20545 2.91022 20
      vertex -0.81528 3.04267 20
    endloop
  endfacet
  facet normal 0.195079 0.980788 -0
    outer loop
      vertex -0.411157 -3.12305 20
      vertex -0.81528 -3.04267 49.2
      vertex -0.411157 -3.12305 49.2
    endloop
  endfacet
  facet normal 0.195079 0.980788 0
    outer loop
      vertex -0.81528 -3.04267 49.2
      vertex -0.411157 -3.12305 20
      vertex -0.81528 -3.04267 20
    endloop
  endfacet
  facet normal 0.946926 -0.321451 0
    outer loop
      vertex -3.04267 0.81528 49.2
      vertex -2.91022 1.20545 20
      vertex -2.91022 1.20545 49.2
    endloop
  endfacet
  facet normal 0.946926 -0.321451 0
    outer loop
      vertex -2.91022 1.20545 20
      vertex -3.04267 0.81528 49.2
      vertex -3.04267 0.81528 20
    endloop
  endfacet
  facet normal -0.75185 0.659334 0
    outer loop
      vertex 2.22739 -2.22739 20
      vertex 2.49906 -1.9176 49.2
      vertex 2.49906 -1.9176 20
    endloop
  endfacet
  facet normal -0.75185 0.659334 0
    outer loop
      vertex 2.49906 -1.9176 49.2
      vertex 2.22739 -2.22739 20
      vertex 2.22739 -2.22739 49.2
    endloop
  endfacet
  facet normal 0.659334 0.75185 -0
    outer loop
      vertex -1.9176 -2.49906 20
      vertex -2.22739 -2.22739 49.2
      vertex -1.9176 -2.49906 49.2
    endloop
  endfacet
  facet normal 0.659334 0.75185 0
    outer loop
      vertex -2.22739 -2.22739 49.2
      vertex -1.9176 -2.49906 20
      vertex -2.22739 -2.22739 20
    endloop
  endfacet
  facet normal 0.896875 0.442285 0
    outer loop
      vertex -2.72798 -1.575 49.2
      vertex -2.91022 -1.20545 20
      vertex -2.91022 -1.20545 49.2
    endloop
  endfacet
  facet normal 0.896875 0.442285 0
    outer loop
      vertex -2.91022 -1.20545 20
      vertex -2.72798 -1.575 49.2
      vertex -2.72798 -1.575 20
    endloop
  endfacet
  facet normal 0.997859 0.0654064 0
    outer loop
      vertex -3.12305 -0.411157 49.2
      vertex -3.15 0 20
      vertex -3.15 0 49.2
    endloop
  endfacet
  facet normal 0.997859 0.0654064 0
    outer loop
      vertex -3.15 0 20
      vertex -3.12305 -0.411157 49.2
      vertex -3.12305 -0.411157 20
    endloop
  endfacet
  facet normal -0.75185 -0.659334 0
    outer loop
      vertex 2.49906 1.9176 20
      vertex 2.22739 2.22739 49.2
      vertex 2.22739 2.22739 20
    endloop
  endfacet
  facet normal -0.75185 -0.659334 0
    outer loop
      vertex 2.22739 2.22739 49.2
      vertex 2.49906 1.9176 20
      vertex 2.49906 1.9176 49.2
    endloop
  endfacet
  facet normal -0.555574 0.831467 0
    outer loop
      vertex 1.9176 -2.49906 20
      vertex 1.575 -2.72798 49.2
      vertex 1.9176 -2.49906 49.2
    endloop
  endfacet
  facet normal -0.555574 0.831467 0
    outer loop
      vertex 1.575 -2.72798 49.2
      vertex 1.9176 -2.49906 20
      vertex 1.575 -2.72798 20
    endloop
  endfacet
  facet normal 0.75185 -0.659334 0
    outer loop
      vertex -2.49906 1.9176 49.2
      vertex -2.22739 2.22739 20
      vertex -2.22739 2.22739 49.2
    endloop
  endfacet
  facet normal 0.75185 -0.659334 0
    outer loop
      vertex -2.22739 2.22739 20
      vertex -2.49906 1.9176 49.2
      vertex -2.49906 1.9176 20
    endloop
  endfacet
  facet normal -0.321451 -0.946926 0
    outer loop
      vertex 0.81528 3.04267 20
      vertex 1.20545 2.91022 49.2
      vertex 0.81528 3.04267 49.2
    endloop
  endfacet
  facet normal -0.321451 -0.946926 -0
    outer loop
      vertex 1.20545 2.91022 49.2
      vertex 0.81528 3.04267 20
      vertex 1.20545 2.91022 20
    endloop
  endfacet
  facet normal 0.321451 0.946926 -0
    outer loop
      vertex -0.81528 -3.04267 20
      vertex -1.20545 -2.91022 49.2
      vertex -0.81528 -3.04267 49.2
    endloop
  endfacet
  facet normal 0.321451 0.946926 0
    outer loop
      vertex -1.20545 -2.91022 49.2
      vertex -0.81528 -3.04267 20
      vertex -1.20545 -2.91022 20
    endloop
  endfacet
  facet normal 0.946926 0.321451 0
    outer loop
      vertex -2.91022 -1.20545 49.2
      vertex -3.04267 -0.81528 20
      vertex -3.04267 -0.81528 49.2
    endloop
  endfacet
  facet normal 0.946926 0.321451 0
    outer loop
      vertex -3.04267 -0.81528 20
      vertex -2.91022 -1.20545 49.2
      vertex -2.91022 -1.20545 20
    endloop
  endfacet
  facet normal 0 0 1
    outer loop
      vertex 3.12305 0.411157 20
      vertex 3.12305 -0.411157 20
      vertex 3.15 0 20
    endloop
  endfacet
  facet normal 0 0 1
    outer loop
      vertex 3.04267 0.81528 20
      vertex 3.12305 -0.411157 20
      vertex 3.12305 0.411157 20
    endloop
  endfacet
  facet normal 0 0 1
    outer loop
      vertex 3.04267 0.81528 20
      vertex 3.04267 -0.81528 20
      vertex 3.12305 -0.411157 20
    endloop
  endfacet
  facet normal 0 0 1
    outer loop
      vertex 2.91022 1.20545 20
      vertex 3.04267 -0.81528 20
      vertex 3.04267 0.81528 20
    endloop
  endfacet
  facet normal 0 0 1
    outer loop
      vertex 2.91022 1.20545 20
      vertex 2.91022 -1.20545 20
      vertex 3.04267 -0.81528 20
    endloop
  endfacet
  facet normal 0 0 1
    outer loop
      vertex 2.72798 1.575 20
      vertex 2.91022 -1.20545 20
      vertex 2.91022 1.20545 20
    endloop
  endfacet
  facet normal 0 0 1
    outer loop
      vertex 2.72798 1.575 20
      vertex 2.72798 -1.575 20
      vertex 2.91022 -1.20545 20
    endloop
  endfacet
  facet normal 0 0 1
    outer loop
      vertex 2.49906 1.9176 20
      vertex 2.72798 -1.575 20
      vertex 2.72798 1.575 20
    endloop
  endfacet
  facet normal 0 0 1
    outer loop
      vertex 2.49906 1.9176 20
      vertex 2.49906 -1.9176 20
      vertex 2.72798 -1.575 20
    endloop
  endfacet
  facet normal 0 0 1
    outer loop
      vertex 2.22739 2.22739 20
      vertex 2.49906 -1.9176 20
      vertex 2.49906 1.9176 20
    endloop
  endfacet
  facet normal 0 0 1
    outer loop
      vertex 2.22739 2.22739 20
      vertex 2.22739 -2.22739 20
      vertex 2.49906 -1.9176 20
    endloop
  endfacet
  facet normal 0 0 1
    outer loop
      vertex 1.9176 2.49906 20
      vertex 2.22739 -2.22739 20
      vertex 2.22739 2.22739 20
    endloop
  endfacet
  facet normal 0 0 1
    outer loop
      vertex 1.9176 2.49906 20
      vertex 1.9176 -2.49906 20
      vertex 2.22739 -2.22739 20
    endloop
  endfacet
  facet normal 0 0 1
    outer loop
      vertex 1.575 2.72798 20
      vertex 1.9176 -2.49906 20
      vertex 1.9176 2.49906 20
    endloop
  endfacet
  facet normal 0 0 1
    outer loop
      vertex 1.575 2.72798 20
      vertex 1.575 -2.72798 20
      vertex 1.9176 -2.49906 20
    endloop
  endfacet
  facet normal 0 0 1
    outer loop
      vertex 1.20545 2.91022 20
      vertex 1.575 -2.72798 20
      vertex 1.575 2.72798 20
    endloop
  endfacet
  facet normal 0 0 1
    outer loop
      vertex 1.20545 2.91022 20
      vertex 1.20545 -2.91022 20
      vertex 1.575 -2.72798 20
    endloop
  endfacet
  facet normal 0 0 1
    outer loop
      vertex 0.81528 3.04267 20
      vertex 1.20545 -2.91022 20
      vertex 1.20545 2.91022 20
    endloop
  endfacet
  facet normal 0 0 1
    outer loop
      vertex 0.81528 3.04267 20
      vertex 0.81528 -3.04267 20
      vertex 1.20545 -2.91022 20
    endloop
  endfacet
  facet normal 0 0 1
    outer loop
      vertex 0.411157 3.12305 20
      vertex 0.81528 -3.04267 20
      vertex 0.81528 3.04267 20
    endloop
  endfacet
  facet normal 0 0 1
    outer loop
      vertex 0.411157 3.12305 20
      vertex 0.411157 -3.12305 20
      vertex 0.81528 -3.04267 20
    endloop
  endfacet
  facet normal 0 0 1
    outer loop
      vertex 0 3.15 20
      vertex 0.411157 -3.12305 20
      vertex 0.411157 3.12305 20
    endloop
  endfacet
  facet normal 0 0 1
    outer loop
      vertex 0 3.15 20
      vertex 0 -3.15 20
      vertex 0.411157 -3.12305 20
    endloop
  endfacet
  facet normal -0 0 1
    outer loop
      vertex -0.411157 3.12305 20
      vertex 0 -3.15 20
      vertex 0 3.15 20
    endloop
  endfacet
  facet normal 0 0 1
    outer loop
      vertex -0.411157 3.12305 20
      vertex -0.411157 -3.12305 20
      vertex 0 -3.15 20
    endloop
  endfacet
  facet normal -0 0 1
    outer loop
      vertex -0.81528 3.04267 20
      vertex -0.411157 -3.12305 20
      vertex -0.411157 3.12305 20
    endloop
  endfacet
  facet normal 0 0 1
    outer loop
      vertex -0.81528 3.04267 20
      vertex -0.81528 -3.04267 20
      vertex -0.411157 -3.12305 20
    endloop
  endfacet
  facet normal -0 0 1
    outer loop
      vertex -1.20545 2.91022 20
      vertex -0.81528 -3.04267 20
      vertex -0.81528 3.04267 20
    endloop
  endfacet
  facet normal 0 0 1
    outer loop
      vertex -1.20545 2.91022 20
      vertex -1.20545 -2.91022 20
      vertex -0.81528 -3.04267 20
    endloop
  endfacet
  facet normal -0 0 1
    outer loop
      vertex -1.575 2.72798 20
      vertex -1.20545 -2.91022 20
      vertex -1.20545 2.91022 20
    endloop
  endfacet
  facet normal 0 0 1
    outer loop
      vertex -1.575 2.72798 20
      vertex -1.575 -2.72798 20
      vertex -1.20545 -2.91022 20
    endloop
  endfacet
  facet normal -0 0 1
    outer loop
      vertex -1.9176 2.49906 20
      vertex -1.575 -2.72798 20
      vertex -1.575 2.72798 20
    endloop
  endfacet
  facet normal 0 0 1
    outer loop
      vertex -1.9176 2.49906 20
      vertex -1.9176 -2.49906 20
      vertex -1.575 -2.72798 20
    endloop
  endfacet
  facet normal -0 0 1
    outer loop
      vertex -2.22739 2.22739 20
      vertex -1.9176 -2.49906 20
      vertex -1.9176 2.49906 20
    endloop
  endfacet
  facet normal 0 0 1
    outer loop
      vertex -2.22739 2.22739 20
      vertex -2.22739 -2.22739 20
      vertex -1.9176 -2.49906 20
    endloop
  endfacet
  facet normal -0 0 1
    outer loop
      vertex -2.49906 1.9176 20
      vertex -2.22739 -2.22739 20
      vertex -2.22739 2.22739 20
    endloop
  endfacet
  facet normal 0 0 1
    outer loop
      vertex -2.49906 1.9176 20
      vertex -2.49906 -1.9176 20
      vertex -2.22739 -2.22739 20
    endloop
  endfacet
  facet normal -0 0 1
    outer loop
      vertex -2.72798 1.575 20
      vertex -2.49906 -1.9176 20
      vertex -2.49906 1.9176 20
    endloop
  endfacet
  facet normal 0 0 1
    outer loop
      vertex -2.72798 1.575 20
      vertex -2.72798 -1.575 20
      vertex -2.49906 -1.9176 20
    endloop
  endfacet
  facet normal -0 0 1
    outer loop
      vertex -2.91022 1.20545 20
      vertex -2.72798 -1.575 20
      vertex -2.72798 1.575 20
    endloop
  endfacet
  facet normal 0 0 1
    outer loop
      vertex -2.91022 1.20545 20
      vertex -2.91022 -1.20545 20
      vertex -2.72798 -1.575 20
    endloop
  endfacet
  facet normal -0 0 1
    outer loop
      vertex -3.04267 0.81528 20
      vertex -2.91022 -1.20545 20
      vertex -2.91022 1.20545 20
    endloop
  endfacet
  facet normal 0 0 1
    outer loop
      vertex -3.04267 0.81528 20
      vertex -3.04267 -0.81528 20
      vertex -2.91022 -1.20545 20
    endloop
  endfacet
  facet normal -0 0 1
    outer loop
      vertex -3.12305 0.411157 20
      vertex -3.04267 -0.81528 20
      vertex -3.04267 0.81528 20
    endloop
  endfacet
  facet normal 0 0 1
    outer loop
      vertex -3.12305 0.411157 20
      vertex -3.12305 -0.411157 20
      vertex -3.04267 -0.81528 20
    endloop
  endfacet
  facet normal 0 -0 1
    outer loop
      vertex -3.12305 -0.411157 20
      vertex -3.12305 0.411157 20
      vertex -3.15 0 20
    endloop
  endfacet
  facet normal 0.0654064 0.997859 -0
    outer loop
      vertex 0 -3.15 20
      vertex -0.411157 -3.12305 49.2
      vertex 0 -3.15 49.2
    endloop
  endfacet
  facet normal 0.0654064 0.997859 0
    outer loop
      vertex -0.411157 -3.12305 49.2
      vertex 0 -3.15 20
      vertex -0.411157 -3.12305 20
    endloop
  endfacet
  facet normal -0.442285 0.896875 0
    outer loop
      vertex 1.575 -2.72798 20
      vertex 1.20545 -2.91022 49.2
      vertex 1.575 -2.72798 49.2
    endloop
  endfacet
  facet normal -0.442285 0.896875 0
    outer loop
      vertex 1.20545 -2.91022 49.2
      vertex 1.575 -2.72798 20
      vertex 1.20545 -2.91022 20
    endloop
  endfacet
  facet normal 0.75185 0.659334 0
    outer loop
      vertex -2.22739 -2.22739 49.2
      vertex -2.49906 -1.9176 20
      vertex -2.49906 -1.9176 49.2
    endloop
  endfacet
  facet normal 0.75185 0.659334 0
    outer loop
      vertex -2.49906 -1.9176 20
      vertex -2.22739 -2.22739 49.2
      vertex -2.22739 -2.22739 20
    endloop
  endfacet
  facet normal -0.321451 0.946926 0
    outer loop
      vertex 1.20545 -2.91022 20
      vertex 0.81528 -3.04267 49.2
      vertex 1.20545 -2.91022 49.2
    endloop
  endfacet
  facet normal -0.321451 0.946926 0
    outer loop
      vertex 0.81528 -3.04267 49.2
      vertex 1.20545 -2.91022 20
      vertex 0.81528 -3.04267 20
    endloop
  endfacet
  facet normal 0.555574 0.831467 -0
    outer loop
      vertex -1.575 -2.72798 20
      vertex -1.9176 -2.49906 49.2
      vertex -1.575 -2.72798 49.2
    endloop
  endfacet
  facet normal 0.555574 0.831467 0
    outer loop
      vertex -1.9176 -2.49906 49.2
      vertex -1.575 -2.72798 20
      vertex -1.9176 -2.49906 20
    endloop
  endfacet
  facet normal -0.195079 -0.980788 0
    outer loop
      vertex 0.411157 3.12305 20
      vertex 0.81528 3.04267 49.2
      vertex 0.411157 3.12305 49.2
    endloop
  endfacet
  facet normal -0.195079 -0.980788 -0
    outer loop
      vertex 0.81528 3.04267 49.2
      vertex 0.411157 3.12305 20
      vertex 0.81528 3.04267 20
    endloop
  endfacet
  facet normal 0.896875 -0.442285 0
    outer loop
      vertex -2.91022 1.20545 49.2
      vertex -2.72798 1.575 20
      vertex -2.72798 1.575 49.2
    endloop
  endfacet
  facet normal 0.896875 -0.442285 0
    outer loop
      vertex -2.72798 1.575 20
      vertex -2.91022 1.20545 49.2
      vertex -2.91022 1.20545 20
    endloop
  endfacet
  facet normal 0.831467 -0.555574 0
    outer loop
      vertex -2.72798 1.575 49.2
      vertex -2.49906 1.9176 20
      vertex -2.49906 1.9176 49.2
    endloop
  endfacet
  facet normal 0.831467 -0.555574 0
    outer loop
      vertex -2.49906 1.9176 20
      vertex -2.72798 1.575 49.2
      vertex -2.72798 1.575 20
    endloop
  endfacet
  facet normal -0.710713 -0.0465849 0.701938
    outer loop
      vertex 3.15 0 49.2
      vertex 3.93979 0.00507564 50
      vertex 3.12305 0.411157 49.2
    endloop
  endfacet
  facet normal -0.710727 -0.0462089 0.701949
    outer loop
      vertex 3.93979 0.00507564 50
      vertex 3.15 0 49.2
      vertex 3.94012 0 50
    endloop
  endfacet
  facet normal -0.22894 -0.674439 0.701939
    outer loop
      vertex 1.20545 2.91022 49.2
      vertex 1.50782 3.6402 50
      vertex 1.0246 3.80423 50
    endloop
  endfacet
  facet normal -0.315012 0.638787 0.701939
    outer loop
      vertex 1.20545 -2.91022 49.2
      vertex 1.51238 -3.63795 50
      vertex 1.575 -2.72798 49.2
    endloop
  endfacet
  facet normal -0.315158 0.63872 0.701934
    outer loop
      vertex 1.51238 -3.63795 50
      vertex 1.20545 -2.91022 49.2
      vertex 1.50782 -3.6402 50
    endloop
  endfacet
  facet normal -0.638787 -0.315011 0.701939
    outer loop
      vertex 3.63795 1.51238 50
      vertex 3.41225 1.97006 50
      vertex 2.72798 1.575 49.2
    endloop
  endfacet
  facet normal -0.395693 -0.592206 0.701939
    outer loop
      vertex 2.39437 3.12874 50
      vertex 1.97006 3.41225 50
      vertex 1.575 2.72798 49.2
    endloop
  endfacet
  facet normal 0.229427 0.674292 0.701922
    outer loop
      vertex -0.81528 -3.04267 49.2
      vertex -1.0246 -3.80423 50
      vertex -1.01978 -3.80587 50
    endloop
  endfacet
  facet normal 0.22895 0.674438 0.701936
    outer loop
      vertex -1.0246 -3.80423 50
      vertex -0.81528 -3.04267 49.2
      vertex -1.20545 -2.91022 49.2
    endloop
  endfacet
  facet normal 0.469605 -0.535499 0.701934
    outer loop
      vertex -2.78226 2.78944 50
      vertex -2.22739 2.22739 49.2
      vertex -1.9176 2.49906 49.2
    endloop
  endfacet
  facet normal 0.468933 -0.536124 0.701907
    outer loop
      vertex -2.22739 2.22739 49.2
      vertex -2.78226 2.78944 50
      vertex -2.78609 2.78609 50
    endloop
  endfacet
  facet normal 0.674438 0.22895 0.701936
    outer loop
      vertex -3.04267 -0.81528 49.2
      vertex -3.80423 -1.0246 50
      vertex -2.91022 -1.20545 49.2
    endloop
  endfacet
  facet normal 0.674292 0.229427 0.701922
    outer loop
      vertex -3.80423 -1.0246 50
      vertex -3.04267 -0.81528 49.2
      vertex -3.80587 -1.01978 50
    endloop
  endfacet
  facet normal -0.469612 0.535489 0.701937
    outer loop
      vertex 2.39859 -3.12591 50
      vertex 2.78226 -2.78944 50
      vertex 1.9176 -2.49906 49.2
    endloop
  endfacet
  facet normal 0.315011 -0.638787 0.701939
    outer loop
      vertex -1.575 2.72798 49.2
      vertex -1.51238 3.63795 50
      vertex -1.97006 3.41225 50
    endloop
  endfacet
  facet normal 0.638787 -0.315012 0.701939
    outer loop
      vertex -3.63795 1.51238 50
      vertex -2.91022 1.20545 49.2
      vertex -2.72798 1.575 49.2
    endloop
  endfacet
  facet normal 0.63872 -0.315158 0.701934
    outer loop
      vertex -2.91022 1.20545 49.2
      vertex -3.63795 1.51238 50
      vertex -3.6402 1.50782 50
    endloop
  endfacet
  facet normal -0.535489 0.469612 0.701937
    outer loop
      vertex 2.78944 -2.78226 50
      vertex 3.12591 -2.39859 50
      vertex 2.49906 -1.9176 49.2
    endloop
  endfacet
  facet normal 0.674438 -0.22895 0.701936
    outer loop
      vertex -3.80423 1.0246 50
      vertex -3.04267 0.81528 49.2
      vertex -2.91022 1.20545 49.2
    endloop
  endfacet
  facet normal 0.674292 -0.229427 0.701922
    outer loop
      vertex -3.04267 0.81528 49.2
      vertex -3.80423 1.0246 50
      vertex -3.80587 1.01978 50
    endloop
  endfacet
  facet normal 0.395693 0.592206 0.701939
    outer loop
      vertex -1.97006 -3.41225 50
      vertex -1.575 -2.72798 49.2
      vertex -2.39437 -3.12874 50
    endloop
  endfacet
  facet normal -0.0465888 0.710714 0.701937
    outer loop
      vertex 0.514289 -3.90641 50
      vertex 0.411157 -3.12305 49.2
      vertex 0.00507564 -3.93979 50
    endloop
  endfacet
  facet normal -0.315158 -0.63872 0.701934
    outer loop
      vertex 1.20545 2.91022 49.2
      vertex 1.51238 3.63795 50
      vertex 1.50782 3.6402 50
    endloop
  endfacet
  facet normal -0.315012 -0.638787 0.701939
    outer loop
      vertex 1.51238 3.63795 50
      vertex 1.20545 2.91022 49.2
      vertex 1.575 2.72798 49.2
    endloop
  endfacet
  facet normal -0.0465888 -0.710714 0.701937
    outer loop
      vertex 0.411157 3.12305 49.2
      vertex 0.514289 3.90641 50
      vertex 0.00507564 3.93979 50
    endloop
  endfacet
  facet normal -0.710727 0.0462089 0.701949
    outer loop
      vertex 3.15 0 49.2
      vertex 3.93979 -0.00507564 50
      vertex 3.94012 0 50
    endloop
  endfacet
  facet normal -0.710713 0.0465849 0.701938
    outer loop
      vertex 3.93979 -0.00507564 50
      vertex 3.15 0 49.2
      vertex 3.12305 -0.411157 49.2
    endloop
  endfacet
  facet normal 0.710714 -0.0465888 0.701937
    outer loop
      vertex -3.12305 0.411157 49.2
      vertex -3.90641 0.514289 50
      vertex -3.93979 0.00507564 50
    endloop
  endfacet
  facet normal 0.698555 -0.138943 0.701937
    outer loop
      vertex -3.12305 0.411157 49.2
      vertex -3.80686 1.01479 50
      vertex -3.90641 0.514289 50
    endloop
  endfacet
  facet normal 0.229427 -0.674292 0.701922
    outer loop
      vertex -1.0246 3.80423 50
      vertex -0.81528 3.04267 49.2
      vertex -1.01978 3.80587 50
    endloop
  endfacet
  facet normal 0.22895 -0.674438 0.701936
    outer loop
      vertex -0.81528 3.04267 49.2
      vertex -1.0246 3.80423 50
      vertex -1.20545 2.91022 49.2
    endloop
  endfacet
  facet normal -0.0462089 -0.710727 0.701949
    outer loop
      vertex 0 3.15 49.2
      vertex 0.00507564 3.93979 50
      vertex 0 3.94012 50
    endloop
  endfacet
  facet normal -0.0465849 -0.710713 0.701938
    outer loop
      vertex 0.00507564 3.93979 50
      vertex 0 3.15 49.2
      vertex 0.411157 3.12305 49.2
    endloop
  endfacet
  facet normal 0.395699 -0.5922 0.701942
    outer loop
      vertex -2.39437 3.12874 50
      vertex -1.9176 2.49906 49.2
      vertex -1.575 2.72798 49.2
    endloop
  endfacet
  facet normal 0.396673 -0.591506 0.701977
    outer loop
      vertex -1.9176 2.49906 49.2
      vertex -2.39437 3.12874 50
      vertex -2.39859 3.12591 50
    endloop
  endfacet
  facet normal 0.698555 0.138943 0.701937
    outer loop
      vertex -3.80686 -1.01479 50
      vertex -3.04267 -0.81528 49.2
      vertex -3.12305 -0.411157 49.2
    endloop
  endfacet
  facet normal 0.698632 0.138606 0.701927
    outer loop
      vertex -3.04267 -0.81528 49.2
      vertex -3.80686 -1.01479 50
      vertex -3.80587 -1.01978 50
    endloop
  endfacet
  facet normal -0.674439 0.22894 0.701939
    outer loop
      vertex 3.6402 -1.50782 50
      vertex 3.80423 -1.0246 50
      vertex 2.91022 -1.20545 49.2
    endloop
  endfacet
  facet normal -0.5922 0.395699 0.701942
    outer loop
      vertex 2.49906 -1.9176 49.2
      vertex 3.12874 -2.39437 50
      vertex 2.72798 -1.575 49.2
    endloop
  endfacet
  facet normal -0.591506 0.396673 0.701977
    outer loop
      vertex 3.12874 -2.39437 50
      vertex 2.49906 -1.9176 49.2
      vertex 3.12591 -2.39859 50
    endloop
  endfacet
  facet normal -0.315011 0.638787 0.701939
    outer loop
      vertex 1.97006 -3.41225 50
      vertex 1.575 -2.72798 49.2
      vertex 1.51238 -3.63795 50
    endloop
  endfacet
  facet normal 0.674439 -0.22894 0.701939
    outer loop
      vertex -2.91022 1.20545 49.2
      vertex -3.6402 1.50782 50
      vertex -3.80423 1.0246 50
    endloop
  endfacet
  facet normal -0.536124 -0.468933 0.701907
    outer loop
      vertex 2.22739 2.22739 49.2
      vertex 2.78944 2.78226 50
      vertex 2.78609 2.78609 50
    endloop
  endfacet
  facet normal -0.535499 -0.469605 0.701934
    outer loop
      vertex 2.78944 2.78226 50
      vertex 2.22739 2.22739 49.2
      vertex 2.49906 1.9176 49.2
    endloop
  endfacet
  facet normal -0.674292 0.229427 0.701922
    outer loop
      vertex 3.04267 -0.81528 49.2
      vertex 3.80423 -1.0246 50
      vertex 3.80587 -1.01978 50
    endloop
  endfacet
  facet normal -0.674438 0.22895 0.701936
    outer loop
      vertex 3.80423 -1.0246 50
      vertex 3.04267 -0.81528 49.2
      vertex 2.91022 -1.20545 49.2
    endloop
  endfacet
  facet normal 0.469612 -0.535489 0.701937
    outer loop
      vertex -1.9176 2.49906 49.2
      vertex -2.39859 3.12591 50
      vertex -2.78226 2.78944 50
    endloop
  endfacet
  facet normal -0.698555 -0.138943 0.701937
    outer loop
      vertex 3.90641 0.514289 50
      vertex 3.80686 1.01479 50
      vertex 3.12305 0.411157 49.2
    endloop
  endfacet
  facet normal -0.592206 -0.395693 0.701939
    outer loop
      vertex 3.41225 1.97006 50
      vertex 3.12874 2.39437 50
      vertex 2.72798 1.575 49.2
    endloop
  endfacet
  facet normal 0.138943 0.698555 0.701937
    outer loop
      vertex -0.514289 -3.90641 50
      vertex -0.411157 -3.12305 49.2
      vertex -1.01479 -3.80686 50
    endloop
  endfacet
  facet normal -0.395693 0.592206 0.701939
    outer loop
      vertex 1.97006 -3.41225 50
      vertex 2.39437 -3.12874 50
      vertex 1.575 -2.72798 49.2
    endloop
  endfacet
  facet normal 0.638787 0.315011 0.701939
    outer loop
      vertex -3.41225 -1.97006 50
      vertex -2.72798 -1.575 49.2
      vertex -3.63795 -1.51238 50
    endloop
  endfacet
  facet normal -0.22895 0.674438 0.701936
    outer loop
      vertex 0.81528 -3.04267 49.2
      vertex 1.0246 -3.80423 50
      vertex 1.20545 -2.91022 49.2
    endloop
  endfacet
  facet normal -0.229427 0.674292 0.701922
    outer loop
      vertex 1.0246 -3.80423 50
      vertex 0.81528 -3.04267 49.2
      vertex 1.01978 -3.80587 50
    endloop
  endfacet
  facet normal 0.0465888 -0.710714 0.701937
    outer loop
      vertex -0.411157 3.12305 49.2
      vertex -0.00507564 3.93979 50
      vertex -0.514289 3.90641 50
    endloop
  endfacet
  facet normal 0.592206 0.395693 0.701939
    outer loop
      vertex -3.12874 -2.39437 50
      vertex -2.72798 -1.575 49.2
      vertex -3.41225 -1.97006 50
    endloop
  endfacet
  facet normal 0.395699 0.5922 0.701942
    outer loop
      vertex -1.9176 -2.49906 49.2
      vertex -2.39437 -3.12874 50
      vertex -1.575 -2.72798 49.2
    endloop
  endfacet
  facet normal 0.396673 0.591506 0.701977
    outer loop
      vertex -2.39437 -3.12874 50
      vertex -1.9176 -2.49906 49.2
      vertex -2.39859 -3.12591 50
    endloop
  endfacet
  facet normal -0.396673 -0.591506 0.701977
    outer loop
      vertex 2.39437 3.12874 50
      vertex 1.9176 2.49906 49.2
      vertex 2.39859 3.12591 50
    endloop
  endfacet
  facet normal -0.395699 -0.5922 0.701942
    outer loop
      vertex 1.9176 2.49906 49.2
      vertex 2.39437 3.12874 50
      vertex 1.575 2.72798 49.2
    endloop
  endfacet
  facet normal 0.315011 0.638787 0.701939
    outer loop
      vertex -1.51238 -3.63795 50
      vertex -1.575 -2.72798 49.2
      vertex -1.97006 -3.41225 50
    endloop
  endfacet
  facet normal 0.674439 0.22894 0.701939
    outer loop
      vertex -3.6402 -1.50782 50
      vertex -2.91022 -1.20545 49.2
      vertex -3.80423 -1.0246 50
    endloop
  endfacet
  facet normal 0.469605 0.535499 0.701934
    outer loop
      vertex -2.22739 -2.22739 49.2
      vertex -2.78226 -2.78944 50
      vertex -1.9176 -2.49906 49.2
    endloop
  endfacet
  facet normal 0.468933 0.536124 0.701907
    outer loop
      vertex -2.78226 -2.78944 50
      vertex -2.22739 -2.22739 49.2
      vertex -2.78609 -2.78609 50
    endloop
  endfacet
  facet normal 0.469612 0.535489 0.701937
    outer loop
      vertex -2.39859 -3.12591 50
      vertex -1.9176 -2.49906 49.2
      vertex -2.78226 -2.78944 50
    endloop
  endfacet
  facet normal -0.698555 0.138943 0.701937
    outer loop
      vertex 3.80686 -1.01479 50
      vertex 3.90641 -0.514289 50
      vertex 3.12305 -0.411157 49.2
    endloop
  endfacet
  facet normal 0.22894 -0.674439 0.701939
    outer loop
      vertex -1.20545 2.91022 49.2
      vertex -1.0246 3.80423 50
      vertex -1.50782 3.6402 50
    endloop
  endfacet
  facet normal -0.138606 0.698632 0.701927
    outer loop
      vertex 0.81528 -3.04267 49.2
      vertex 1.01479 -3.80686 50
      vertex 1.01978 -3.80587 50
    endloop
  endfacet
  facet normal -0.138943 0.698555 0.701937
    outer loop
      vertex 1.01479 -3.80686 50
      vertex 0.81528 -3.04267 49.2
      vertex 0.411157 -3.12305 49.2
    endloop
  endfacet
  facet normal 0.315158 -0.63872 0.701934
    outer loop
      vertex -1.51238 3.63795 50
      vertex -1.20545 2.91022 49.2
      vertex -1.50782 3.6402 50
    endloop
  endfacet
  facet normal 0.315012 -0.638787 0.701939
    outer loop
      vertex -1.20545 2.91022 49.2
      vertex -1.51238 3.63795 50
      vertex -1.575 2.72798 49.2
    endloop
  endfacet
  facet normal -0.396673 0.591506 0.701977
    outer loop
      vertex 1.9176 -2.49906 49.2
      vertex 2.39437 -3.12874 50
      vertex 2.39859 -3.12591 50
    endloop
  endfacet
  facet normal -0.395699 0.5922 0.701942
    outer loop
      vertex 2.39437 -3.12874 50
      vertex 1.9176 -2.49906 49.2
      vertex 1.575 -2.72798 49.2
    endloop
  endfacet
  facet normal -0.229427 -0.674292 0.701922
    outer loop
      vertex 0.81528 3.04267 49.2
      vertex 1.0246 3.80423 50
      vertex 1.01978 3.80587 50
    endloop
  endfacet
  facet normal -0.22895 -0.674438 0.701936
    outer loop
      vertex 1.0246 3.80423 50
      vertex 0.81528 3.04267 49.2
      vertex 1.20545 2.91022 49.2
    endloop
  endfacet
  facet normal -0.710714 -0.0465888 0.701937
    outer loop
      vertex 3.93979 0.00507564 50
      vertex 3.90641 0.514289 50
      vertex 3.12305 0.411157 49.2
    endloop
  endfacet
  facet normal -0.710714 0.0465888 0.701937
    outer loop
      vertex 3.90641 -0.514289 50
      vertex 3.93979 -0.00507564 50
      vertex 3.12305 -0.411157 49.2
    endloop
  endfacet
  facet normal -0.22894 0.674439 0.701939
    outer loop
      vertex 1.50782 -3.6402 50
      vertex 1.20545 -2.91022 49.2
      vertex 1.0246 -3.80423 50
    endloop
  endfacet
  facet normal -0.138943 -0.698555 0.701937
    outer loop
      vertex 1.01479 3.80686 50
      vertex 0.514289 3.90641 50
      vertex 0.411157 3.12305 49.2
    endloop
  endfacet
  facet normal 0.710727 0.0462089 0.701949
    outer loop
      vertex -3.93979 -0.00507564 50
      vertex -3.15 0 49.2
      vertex -3.94012 0 50
    endloop
  endfacet
  facet normal 0.710713 0.0465849 0.701938
    outer loop
      vertex -3.15 0 49.2
      vertex -3.93979 -0.00507564 50
      vertex -3.12305 -0.411157 49.2
    endloop
  endfacet
  facet normal 0.22894 0.674439 0.701939
    outer loop
      vertex -1.0246 -3.80423 50
      vertex -1.20545 -2.91022 49.2
      vertex -1.50782 -3.6402 50
    endloop
  endfacet
  facet normal 0.0465888 0.710714 0.701937
    outer loop
      vertex -0.00507564 -3.93979 50
      vertex -0.411157 -3.12305 49.2
      vertex -0.514289 -3.90641 50
    endloop
  endfacet
  facet normal 0.710727 -0.0462089 0.701949
    outer loop
      vertex -3.15 0 49.2
      vertex -3.93979 0.00507564 50
      vertex -3.94012 0 50
    endloop
  endfacet
  facet normal 0.710713 -0.0465849 0.701938
    outer loop
      vertex -3.93979 0.00507564 50
      vertex -3.15 0 49.2
      vertex -3.12305 0.411157 49.2
    endloop
  endfacet
  facet normal -0.63872 -0.315158 0.701934
    outer loop
      vertex 3.63795 1.51238 50
      vertex 2.91022 1.20545 49.2
      vertex 3.6402 1.50782 50
    endloop
  endfacet
  facet normal -0.638787 -0.315012 0.701939
    outer loop
      vertex 2.91022 1.20545 49.2
      vertex 3.63795 1.51238 50
      vertex 2.72798 1.575 49.2
    endloop
  endfacet
  facet normal 0.591506 -0.396673 0.701977
    outer loop
      vertex -3.12874 2.39437 50
      vertex -2.49906 1.9176 49.2
      vertex -3.12591 2.39859 50
    endloop
  endfacet
  facet normal 0.5922 -0.395699 0.701942
    outer loop
      vertex -2.49906 1.9176 49.2
      vertex -3.12874 2.39437 50
      vertex -2.72798 1.575 49.2
    endloop
  endfacet
  facet normal -0.0465849 0.710713 0.701938
    outer loop
      vertex 0 -3.15 49.2
      vertex 0.00507564 -3.93979 50
      vertex 0.411157 -3.12305 49.2
    endloop
  endfacet
  facet normal -0.0462089 0.710727 0.701949
    outer loop
      vertex 0.00507564 -3.93979 50
      vertex 0 -3.15 49.2
      vertex 0 -3.94012 50
    endloop
  endfacet
  facet normal 0.638787 0.315012 0.701939
    outer loop
      vertex -2.91022 -1.20545 49.2
      vertex -3.63795 -1.51238 50
      vertex -2.72798 -1.575 49.2
    endloop
  endfacet
  facet normal 0.63872 0.315158 0.701934
    outer loop
      vertex -3.63795 -1.51238 50
      vertex -2.91022 -1.20545 49.2
      vertex -3.6402 -1.50782 50
    endloop
  endfacet
  facet normal -0.138943 0.698555 0.701937
    outer loop
      vertex 0.514289 -3.90641 50
      vertex 1.01479 -3.80686 50
      vertex 0.411157 -3.12305 49.2
    endloop
  endfacet
  facet normal 0.138943 -0.698555 0.701937
    outer loop
      vertex -0.411157 3.12305 49.2
      vertex -0.514289 3.90641 50
      vertex -1.01479 3.80686 50
    endloop
  endfacet
  facet normal 0.5922 0.395699 0.701942
    outer loop
      vertex -3.12874 -2.39437 50
      vertex -2.49906 -1.9176 49.2
      vertex -2.72798 -1.575 49.2
    endloop
  endfacet
  facet normal 0.591506 0.396673 0.701977
    outer loop
      vertex -2.49906 -1.9176 49.2
      vertex -3.12874 -2.39437 50
      vertex -3.12591 -2.39859 50
    endloop
  endfacet
  facet normal -0.468933 0.536124 0.701907
    outer loop
      vertex 2.22739 -2.22739 49.2
      vertex 2.78226 -2.78944 50
      vertex 2.78609 -2.78609 50
    endloop
  endfacet
  facet normal -0.469605 0.535499 0.701934
    outer loop
      vertex 2.78226 -2.78944 50
      vertex 2.22739 -2.22739 49.2
      vertex 1.9176 -2.49906 49.2
    endloop
  endfacet
  facet normal -0.698555 0.138943 0.701937
    outer loop
      vertex 3.04267 -0.81528 49.2
      vertex 3.80686 -1.01479 50
      vertex 3.12305 -0.411157 49.2
    endloop
  endfacet
  facet normal -0.698632 0.138606 0.701927
    outer loop
      vertex 3.80686 -1.01479 50
      vertex 3.04267 -0.81528 49.2
      vertex 3.80587 -1.01978 50
    endloop
  endfacet
  facet normal -0.138606 -0.698632 0.701927
    outer loop
      vertex 1.01479 3.80686 50
      vertex 0.81528 3.04267 49.2
      vertex 1.01978 3.80587 50
    endloop
  endfacet
  facet normal -0.138943 -0.698555 0.701937
    outer loop
      vertex 0.81528 3.04267 49.2
      vertex 1.01479 3.80686 50
      vertex 0.411157 3.12305 49.2
    endloop
  endfacet
  facet normal 0.698632 -0.138606 0.701927
    outer loop
      vertex -3.80686 1.01479 50
      vertex -3.04267 0.81528 49.2
      vertex -3.80587 1.01978 50
    endloop
  endfacet
  facet normal 0.698555 -0.138943 0.701937
    outer loop
      vertex -3.04267 0.81528 49.2
      vertex -3.80686 1.01479 50
      vertex -3.12305 0.411157 49.2
    endloop
  endfacet
  facet normal 0.138943 0.698555 0.701937
    outer loop
      vertex -0.81528 -3.04267 49.2
      vertex -1.01479 -3.80686 50
      vertex -0.411157 -3.12305 49.2
    endloop
  endfacet
  facet normal 0.138606 0.698632 0.701927
    outer loop
      vertex -1.01479 -3.80686 50
      vertex -0.81528 -3.04267 49.2
      vertex -1.01978 -3.80587 50
    endloop
  endfacet
  facet normal 0.535499 0.469605 0.701934
    outer loop
      vertex -2.78944 -2.78226 50
      vertex -2.22739 -2.22739 49.2
      vertex -2.49906 -1.9176 49.2
    endloop
  endfacet
  facet normal 0.536124 0.468933 0.701907
    outer loop
      vertex -2.22739 -2.22739 49.2
      vertex -2.78944 -2.78226 50
      vertex -2.78609 -2.78609 50
    endloop
  endfacet
  facet normal 0.0462089 0.710727 0.701949
    outer loop
      vertex 0 -3.15 49.2
      vertex -0.00507564 -3.93979 50
      vertex 0 -3.94012 50
    endloop
  endfacet
  facet normal 0.0465849 0.710713 0.701938
    outer loop
      vertex -0.00507564 -3.93979 50
      vertex 0 -3.15 49.2
      vertex -0.411157 -3.12305 49.2
    endloop
  endfacet
  facet normal 0.535489 -0.469612 0.701937
    outer loop
      vertex -2.49906 1.9176 49.2
      vertex -2.78944 2.78226 50
      vertex -3.12591 2.39859 50
    endloop
  endfacet
  facet normal 0.536124 -0.468933 0.701907
    outer loop
      vertex -2.78944 2.78226 50
      vertex -2.22739 2.22739 49.2
      vertex -2.78609 2.78609 50
    endloop
  endfacet
  facet normal 0.535499 -0.469605 0.701934
    outer loop
      vertex -2.22739 2.22739 49.2
      vertex -2.78944 2.78226 50
      vertex -2.49906 1.9176 49.2
    endloop
  endfacet
  facet normal 0.395693 -0.592206 0.701939
    outer loop
      vertex -1.575 2.72798 49.2
      vertex -1.97006 3.41225 50
      vertex -2.39437 3.12874 50
    endloop
  endfacet
  facet normal 0.0465849 -0.710713 0.701938
    outer loop
      vertex 0 3.15 49.2
      vertex -0.00507564 3.93979 50
      vertex -0.411157 3.12305 49.2
    endloop
  endfacet
  facet normal 0.0462089 -0.710727 0.701949
    outer loop
      vertex -0.00507564 3.93979 50
      vertex 0 3.15 49.2
      vertex 0 3.94012 50
    endloop
  endfacet
  facet normal 0.535489 0.469612 0.701937
    outer loop
      vertex -2.78944 -2.78226 50
      vertex -2.49906 -1.9176 49.2
      vertex -3.12591 -2.39859 50
    endloop
  endfacet
  facet normal -0.469612 -0.535489 0.701937
    outer loop
      vertex 2.78226 2.78944 50
      vertex 2.39859 3.12591 50
      vertex 1.9176 2.49906 49.2
    endloop
  endfacet
  facet normal -0.535489 -0.469612 0.701937
    outer loop
      vertex 3.12591 2.39859 50
      vertex 2.78944 2.78226 50
      vertex 2.49906 1.9176 49.2
    endloop
  endfacet
  facet normal -0.468933 -0.536124 0.701907
    outer loop
      vertex 2.78226 2.78944 50
      vertex 2.22739 2.22739 49.2
      vertex 2.78609 2.78609 50
    endloop
  endfacet
  facet normal -0.469605 -0.535499 0.701934
    outer loop
      vertex 2.22739 2.22739 49.2
      vertex 2.78226 2.78944 50
      vertex 1.9176 2.49906 49.2
    endloop
  endfacet
  facet normal -0.535499 0.469605 0.701934
    outer loop
      vertex 2.22739 -2.22739 49.2
      vertex 2.78944 -2.78226 50
      vertex 2.49906 -1.9176 49.2
    endloop
  endfacet
  facet normal -0.536124 0.468933 0.701907
    outer loop
      vertex 2.78944 -2.78226 50
      vertex 2.22739 -2.22739 49.2
      vertex 2.78609 -2.78609 50
    endloop
  endfacet
  facet normal -0.674439 -0.22894 0.701939
    outer loop
      vertex 3.80423 1.0246 50
      vertex 3.6402 1.50782 50
      vertex 2.91022 1.20545 49.2
    endloop
  endfacet
  facet normal 0.698555 0.138943 0.701937
    outer loop
      vertex -3.80686 -1.01479 50
      vertex -3.12305 -0.411157 49.2
      vertex -3.90641 -0.514289 50
    endloop
  endfacet
  facet normal 0.710714 0.0465888 0.701937
    outer loop
      vertex -3.90641 -0.514289 50
      vertex -3.12305 -0.411157 49.2
      vertex -3.93979 -0.00507564 50
    endloop
  endfacet
  facet normal -0.591506 -0.396673 0.701977
    outer loop
      vertex 2.49906 1.9176 49.2
      vertex 3.12874 2.39437 50
      vertex 3.12591 2.39859 50
    endloop
  endfacet
  facet normal -0.5922 -0.395699 0.701942
    outer loop
      vertex 3.12874 2.39437 50
      vertex 2.49906 1.9176 49.2
      vertex 2.72798 1.575 49.2
    endloop
  endfacet
  facet normal -0.63872 0.315158 0.701934
    outer loop
      vertex 2.91022 -1.20545 49.2
      vertex 3.63795 -1.51238 50
      vertex 3.6402 -1.50782 50
    endloop
  endfacet
  facet normal -0.638787 0.315012 0.701939
    outer loop
      vertex 3.63795 -1.51238 50
      vertex 2.91022 -1.20545 49.2
      vertex 2.72798 -1.575 49.2
    endloop
  endfacet
  facet normal 0.138943 -0.698555 0.701937
    outer loop
      vertex -1.01479 3.80686 50
      vertex -0.81528 3.04267 49.2
      vertex -0.411157 3.12305 49.2
    endloop
  endfacet
  facet normal 0.138606 -0.698632 0.701927
    outer loop
      vertex -0.81528 3.04267 49.2
      vertex -1.01479 3.80686 50
      vertex -1.01978 3.80587 50
    endloop
  endfacet
  facet normal 0.315158 0.63872 0.701934
    outer loop
      vertex -1.20545 -2.91022 49.2
      vertex -1.51238 -3.63795 50
      vertex -1.50782 -3.6402 50
    endloop
  endfacet
  facet normal 0.315012 0.638787 0.701939
    outer loop
      vertex -1.51238 -3.63795 50
      vertex -1.20545 -2.91022 49.2
      vertex -1.575 -2.72798 49.2
    endloop
  endfacet
  facet normal -0.592206 0.395693 0.701939
    outer loop
      vertex 3.12874 -2.39437 50
      vertex 3.41225 -1.97006 50
      vertex 2.72798 -1.575 49.2
    endloop
  endfacet
  facet normal -0.638787 0.315011 0.701939
    outer loop
      vertex 3.41225 -1.97006 50
      vertex 3.63795 -1.51238 50
      vertex 2.72798 -1.575 49.2
    endloop
  endfacet
  facet normal -0.674292 -0.229427 0.701922
    outer loop
      vertex 3.80423 1.0246 50
      vertex 3.04267 0.81528 49.2
      vertex 3.80587 1.01978 50
    endloop
  endfacet
  facet normal -0.674438 -0.22895 0.701936
    outer loop
      vertex 3.04267 0.81528 49.2
      vertex 3.80423 1.0246 50
      vertex 2.91022 1.20545 49.2
    endloop
  endfacet
  facet normal -0.698632 -0.138606 0.701927
    outer loop
      vertex 3.04267 0.81528 49.2
      vertex 3.80686 1.01479 50
      vertex 3.80587 1.01978 50
    endloop
  endfacet
  facet normal -0.698555 -0.138943 0.701937
    outer loop
      vertex 3.80686 1.01479 50
      vertex 3.04267 0.81528 49.2
      vertex 3.12305 0.411157 49.2
    endloop
  endfacet
  facet normal -0.315011 -0.638787 0.701939
    outer loop
      vertex 1.575 2.72798 49.2
      vertex 1.97006 3.41225 50
      vertex 1.51238 3.63795 50
    endloop
  endfacet
  facet normal 0.638787 -0.315011 0.701939
    outer loop
      vertex -2.72798 1.575 49.2
      vertex -3.41225 1.97006 50
      vertex -3.63795 1.51238 50
    endloop
  endfacet
  facet normal 0.592206 -0.395693 0.701939
    outer loop
      vertex -2.72798 1.575 49.2
      vertex -3.12874 2.39437 50
      vertex -3.41225 1.97006 50
    endloop
  endfacet
  facet normal 0 -0.321123 0.947038
    outer loop
      vertex 8.3431 0.478354 40.8451
      vertex 3.12879 0.323524 40.7926
      vertex 8.35535 0.323524 40.7926
    endloop
  endfacet
  facet normal -4.71956e-06 -0.32098 0.947086
    outer loop
      vertex 8.3431 0.478354 40.8451
      vertex 3.12305 0.411157 40.8223
      vertex 3.12879 0.323524 40.7926
    endloop
  endfacet
  facet normal 0 -0.321309 0.946974
    outer loop
      vertex 3.12305 0.411157 40.8223
      vertex 8.3431 0.478354 40.8451
      vertex 3.10968 0.478354 40.8451
    endloop
  endfacet
  facet normal 0.00589985 -0.658705 0.752378
    outer loop
      vertex 8.29271 0.883883 41.1161
      vertex 8.31482 0.760951 41.0083
      vertex 8.30758 0.818225 41.0585
    endloop
  endfacet
  facet normal 0 -0.659317 0.751865
    outer loop
      vertex 8.29271 0.883883 41.1161
      vertex 3.05347 0.760951 41.0083
      vertex 8.31482 0.760951 41.0083
    endloop
  endfacet
  facet normal 1.88942e-05 -0.659772 0.751466
    outer loop
      vertex 8.29271 0.883883 41.1161
      vertex 3.04267 0.81528 41.056
      vertex 3.05347 0.760951 41.0083
    endloop
  endfacet
  facet normal 0 -0.658954 0.752183
    outer loop
      vertex 3.04267 0.81528 41.056
      vertex 8.29271 0.883883 41.1161
      vertex 3.01938 0.883883 41.1161
    endloop
  endfacet
  facet normal 0 0.321123 -0.947038
    outer loop
      vertex 8.13931 -0.478354 43.1549
      vertex 3.12879 -0.323524 43.2074
      vertex 8.14228 -0.323524 43.2074
    endloop
  endfacet
  facet normal -4.91113e-06 0.32098 -0.947086
    outer loop
      vertex 8.13931 -0.478354 43.1549
      vertex 3.12305 -0.411157 43.1777
      vertex 3.12879 -0.323524 43.2074
    endloop
  endfacet
  facet normal 0 0.321309 -0.946974
    outer loop
      vertex 3.12305 -0.411157 43.1777
      vertex 8.13931 -0.478354 43.1549
      vertex 3.10968 -0.478354 43.1549
    endloop
  endfacet
  facet normal 0 -0.0654404 0.997856
    outer loop
      vertex 8.36604 0.163157 40.7607
      vertex 3.15 0 40.75
      vertex 8.375 0 40.75
    endloop
  endfacet
  facet normal 0 -0.0654404 0.997856
    outer loop
      vertex 3.15 0 40.75
      vertex 8.36604 0.163157 40.7607
      vertex 3.13931 0.163157 40.7607
    endloop
  endfacet
  facet normal 0 -0.442693 0.896673
    outer loop
      vertex 8.32952 0.625 40.9175
      vertex 3.10968 0.478354 40.8451
      vertex 8.3431 0.478354 40.8451
    endloop
  endfacet
  facet normal 0 -0.442693 0.896673
    outer loop
      vertex 3.10968 0.478354 40.8451
      vertex 8.32952 0.625 40.9175
      vertex 3.08051 0.625 40.9175
    endloop
  endfacet
  facet normal -0 0.195096 0.980784
    outer loop
      vertex 3.13931 -0.163157 40.7607
      vertex 8.35535 -0.323524 40.7926
      vertex 8.36604 -0.163157 40.7607
    endloop
  endfacet
  facet normal 0 0.195096 0.980784
    outer loop
      vertex 8.35535 -0.323524 40.7926
      vertex 3.13931 -0.163157 40.7607
      vertex 3.12879 -0.323524 40.7926
    endloop
  endfacet
  facet normal -0 0.997862 0.0653624
    outer loop
      vertex 2.89353 -1.23931 41.8368
      vertex 8.15965 -1.25 42
      vertex 8.17578 -1.23931 41.8368
    endloop
  endfacet
  facet normal 0 0.997862 0.0653624
    outer loop
      vertex 8.15965 -1.25 42
      vertex 2.89353 -1.23931 41.8368
      vertex 2.88825 -1.25 42
    endloop
  endfacet
  facet normal -0 0.751753 0.659445
    outer loop
      vertex 3.01938 -0.883883 41.1161
      vertex 8.26577 -0.991692 41.239
      vertex 8.29271 -0.883883 41.1161
    endloop
  endfacet
  facet normal 0 0.751753 0.659445
    outer loop
      vertex 8.26577 -0.991692 41.239
      vertex 3.01938 -0.883883 41.1161
      vertex 2.98278 -0.991692 41.239
    endloop
  endfacet
  facet normal 0 0.896812 -0.442411
    outer loop
      vertex 8.13115 -1.15485 42.4784
      vertex 2.95195 -1.08253 42.625
      vertex 8.12881 -1.08253 42.625
    endloop
  endfacet
  facet normal 0 0.896812 -0.442411
    outer loop
      vertex 2.95195 -1.08253 42.625
      vertex 8.13115 -1.15485 42.4784
      vertex 2.9274 -1.15485 42.4784
    endloop
  endfacet
  facet normal 0 0.947368 0.320145
    outer loop
      vertex 8.19479 -1.20741 41.6765
      vertex 2.91022 -1.20545 41.6707
      vertex 2.90926 -1.20741 41.6765
    endloop
  endfacet
  facet normal -0 0.94697 0.321322
    outer loop
      vertex 2.9274 -1.15485 41.5216
      vertex 8.19479 -1.20741 41.6765
      vertex 8.21639 -1.15485 41.5216
    endloop
  endfacet
  facet normal -1.49488e-06 0.946955 0.321367
    outer loop
      vertex 8.19479 -1.20741 41.6765
      vertex 2.9274 -1.15485 41.5216
      vertex 2.91022 -1.20545 41.6707
    endloop
  endfacet
  facet normal 0 -0.0653484 -0.997863
    outer loop
      vertex 3.15 0 43.25
      vertex 8.15024 0.0962003 43.2437
      vertex 8.15441 0 43.25
    endloop
  endfacet
  facet normal 4.33027e-06 -0.0655725 -0.997848
    outer loop
      vertex 8.15024 0.0962003 43.2437
      vertex 3.15 0 43.25
      vertex 8.14734 0.163157 43.2393
    endloop
  endfacet
  facet normal -0 -0.0654404 -0.997856
    outer loop
      vertex 8.14734 0.163157 43.2393
      vertex 3.15 0 43.25
      vertex 3.13931 0.163157 43.2393
    endloop
  endfacet
  facet normal 0 -0.555403 0.831581
    outer loop
      vertex 8.31482 0.760951 41.0083
      vertex 3.08051 0.625 40.9175
      vertex 8.32952 0.625 40.9175
    endloop
  endfacet
  facet normal 0 -0.555403 0.831581
    outer loop
      vertex 3.08051 0.625 40.9175
      vertex 8.31482 0.760951 41.0083
      vertex 3.05347 0.760951 41.0083
    endloop
  endfacet
  facet normal -1.51137e-06 -0.946955 -0.321367
    outer loop
      vertex 8.13715 1.20741 42.3235
      vertex 2.9274 1.15485 42.4784
      vertex 2.91022 1.20545 42.3293
    endloop
  endfacet
  facet normal -0 -0.947368 -0.320145
    outer loop
      vertex 8.13715 1.20741 42.3235
      vertex 2.91022 1.20545 42.3293
      vertex 2.90926 1.20741 42.3235
    endloop
  endfacet
  facet normal 0 -0.94697 -0.321322
    outer loop
      vertex 2.9274 1.15485 42.4784
      vertex 8.13715 1.20741 42.3235
      vertex 8.13115 1.15485 42.4784
    endloop
  endfacet
  facet normal 0 -0.831566 0.555425
    outer loop
      vertex 2.98278 0.991692 41.239
      vertex 8.24018 1.08253 41.375
      vertex 2.95195 1.08253 41.375
    endloop
  endfacet
  facet normal -4.1523e-06 -0.831492 0.555536
    outer loop
      vertex 8.24018 1.08253 41.375
      vertex 2.98278 0.991692 41.239
      vertex 8.2583 1.01819 41.2787
    endloop
  endfacet
  facet normal 0 -0.831747 0.555155
    outer loop
      vertex 8.2583 1.01819 41.2787
      vertex 2.98278 0.991692 41.239
      vertex 8.26577 0.991692 41.239
    endloop
  endfacet
  facet normal 0 0.195096 -0.980784
    outer loop
      vertex 8.14228 -0.323524 43.2074
      vertex 3.13931 -0.163157 43.2393
      vertex 8.14734 -0.163157 43.2393
    endloop
  endfacet
  facet normal 0 0.195096 -0.980784
    outer loop
      vertex 3.13931 -0.163157 43.2393
      vertex 8.14228 -0.323524 43.2074
      vertex 3.12879 -0.323524 43.2074
    endloop
  endfacet
  facet normal -0 0.555403 0.831581
    outer loop
      vertex 3.08051 -0.625 40.9175
      vertex 8.31482 -0.760951 41.0083
      vertex 8.32952 -0.625 40.9175
    endloop
  endfacet
  facet normal 0 0.555403 0.831581
    outer loop
      vertex 8.31482 -0.760951 41.0083
      vertex 3.08051 -0.625 40.9175
      vertex 3.05347 -0.760951 41.0083
    endloop
  endfacet
  facet normal 0 -0.195277 0.980748
    outer loop
      vertex 8.36149 0.231461 40.7743
      vertex 3.13931 0.163157 40.7607
      vertex 8.36604 0.163157 40.7607
    endloop
  endfacet
  facet normal -4.2674e-06 -0.194963 0.980811
    outer loop
      vertex 8.35535 0.323524 40.7926
      vertex 3.13931 0.163157 40.7607
      vertex 8.36149 0.231461 40.7743
    endloop
  endfacet
  facet normal 0 -0.195096 0.980784
    outer loop
      vertex 3.13931 0.163157 40.7607
      vertex 8.35535 0.323524 40.7926
      vertex 3.12879 0.323524 40.7926
    endloop
  endfacet
  facet normal 0 0.831566 -0.555425
    outer loop
      vertex 8.12881 -1.08253 42.625
      vertex 2.98278 -0.991692 42.761
      vertex 8.13017 -0.991692 42.761
    endloop
  endfacet
  facet normal 0 0.831566 -0.555425
    outer loop
      vertex 2.98278 -0.991692 42.761
      vertex 8.12881 -1.08253 42.625
      vertex 2.95195 -1.08253 42.625
    endloop
  endfacet
  facet normal -0 -0.896812 -0.442411
    outer loop
      vertex 8.13115 1.15485 42.4784
      vertex 2.95195 1.08253 42.625
      vertex 2.9274 1.15485 42.4784
    endloop
  endfacet
  facet normal 0 -0.896812 -0.442411
    outer loop
      vertex 2.95195 1.08253 42.625
      vertex 8.13115 1.15485 42.4784
      vertex 8.12881 1.08253 42.625
    endloop
  endfacet
  facet normal 1.01857e-06 0.555429 -0.831564
    outer loop
      vertex 3.08051 -0.625 43.0825
      vertex 8.13916 -0.693579 43.0367
      vertex 8.13982 -0.760951 42.9917
    endloop
  endfacet
  facet normal 0 0.555377 -0.831599
    outer loop
      vertex 8.13916 -0.693579 43.0367
      vertex 3.08051 -0.625 43.0825
      vertex 8.13848 -0.625 43.0825
    endloop
  endfacet
  facet normal 0 0.555403 -0.831581
    outer loop
      vertex 3.08051 -0.625 43.0825
      vertex 8.13982 -0.760951 42.9917
      vertex 3.05347 -0.760951 42.9917
    endloop
  endfacet
  facet normal 0 -0.321123 -0.947038
    outer loop
      vertex 3.12879 0.323524 43.2074
      vertex 8.13931 0.478354 43.1549
      vertex 8.14228 0.323524 43.2074
    endloop
  endfacet
  facet normal -4.91113e-06 -0.32098 -0.947086
    outer loop
      vertex 3.12305 0.411157 43.1777
      vertex 8.13931 0.478354 43.1549
      vertex 3.12879 0.323524 43.2074
    endloop
  endfacet
  facet normal -0 -0.321309 -0.946974
    outer loop
      vertex 8.13931 0.478354 43.1549
      vertex 3.12305 0.411157 43.1777
      vertex 3.10968 0.478354 43.1549
    endloop
  endfacet
  facet normal 0 -0.896812 0.442411
    outer loop
      vertex 2.95195 1.08253 41.375
      vertex 8.21639 1.15485 41.5216
      vertex 2.9274 1.15485 41.5216
    endloop
  endfacet
  facet normal 0 -0.896812 0.442411
    outer loop
      vertex 8.21639 1.15485 41.5216
      vertex 2.95195 1.08253 41.375
      vertex 8.24018 1.08253 41.375
    endloop
  endfacet
  facet normal -0 0.0654404 0.997856
    outer loop
      vertex 3.15 0 40.75
      vertex 8.36604 -0.163157 40.7607
      vertex 8.375 0 40.75
    endloop
  endfacet
  facet normal 0 0.0654404 0.997856
    outer loop
      vertex 8.36604 -0.163157 40.7607
      vertex 3.15 0 40.75
      vertex 3.13931 -0.163157 40.7607
    endloop
  endfacet
  facet normal 0 -0.997862 -0.0653624
    outer loop
      vertex 2.88825 1.25 42
      vertex 8.1467 1.23931 42.1632
      vertex 2.89353 1.23931 42.1632
    endloop
  endfacet
  facet normal 0 -0.997862 -0.0653624
    outer loop
      vertex 8.1467 1.23931 42.1632
      vertex 2.88825 1.25 42
      vertex 8.15965 1.25 42
    endloop
  endfacet
  facet normal -0 -0.980768 -0.195175
    outer loop
      vertex 8.1467 1.23931 42.1632
      vertex 2.90926 1.20741 42.3235
      vertex 2.89353 1.23931 42.1632
    endloop
  endfacet
  facet normal 0 -0.980768 -0.195175
    outer loop
      vertex 2.90926 1.20741 42.3235
      vertex 8.1467 1.23931 42.1632
      vertex 8.13715 1.20741 42.3235
    endloop
  endfacet
  facet normal 0 0.94697 -0.321322
    outer loop
      vertex 8.13715 -1.20741 42.3235
      vertex 2.9274 -1.15485 42.4784
      vertex 8.13115 -1.15485 42.4784
    endloop
  endfacet
  facet normal -1.51137e-06 0.946955 -0.321367
    outer loop
      vertex 2.9274 -1.15485 42.4784
      vertex 8.13715 -1.20741 42.3235
      vertex 2.91022 -1.20545 42.3293
    endloop
  endfacet
  facet normal 0 0.947368 -0.320145
    outer loop
      vertex 2.91022 -1.20545 42.3293
      vertex 8.13715 -1.20741 42.3235
      vertex 2.90926 -1.20741 42.3235
    endloop
  endfacet
  facet normal 0 -0.751753 0.659445
    outer loop
      vertex 3.01938 0.883883 41.1161
      vertex 8.26577 0.991692 41.239
      vertex 2.98278 0.991692 41.239
    endloop
  endfacet
  facet normal 0 -0.751753 0.659445
    outer loop
      vertex 8.26577 0.991692 41.239
      vertex 3.01938 0.883883 41.1161
      vertex 8.29271 0.883883 41.1161
    endloop
  endfacet
  facet normal 0 -0.195096 -0.980784
    outer loop
      vertex 3.13931 0.163157 43.2393
      vertex 8.14228 0.323524 43.2074
      vertex 8.14734 0.163157 43.2393
    endloop
  endfacet
  facet normal -0 -0.195096 -0.980784
    outer loop
      vertex 8.14228 0.323524 43.2074
      vertex 3.13931 0.163157 43.2393
      vertex 3.12879 0.323524 43.2074
    endloop
  endfacet
  facet normal -0 0.321123 0.947038
    outer loop
      vertex 3.12879 -0.323524 40.7926
      vertex 8.3431 -0.478354 40.8451
      vertex 8.35535 -0.323524 40.7926
    endloop
  endfacet
  facet normal -4.71956e-06 0.32098 0.947086
    outer loop
      vertex 3.12305 -0.411157 40.8223
      vertex 8.3431 -0.478354 40.8451
      vertex 3.12879 -0.323524 40.7926
    endloop
  endfacet
  facet normal 0 0.321309 0.946974
    outer loop
      vertex 8.3431 -0.478354 40.8451
      vertex 3.12305 -0.411157 40.8223
      vertex 3.10968 -0.478354 40.8451
    endloop
  endfacet
  facet normal -0 0.442311 0.896862
    outer loop
      vertex 3.10968 -0.478354 40.8451
      vertex 8.33228 -0.595148 40.9027
      vertex 8.3431 -0.478354 40.8451
    endloop
  endfacet
  facet normal 5.20493e-05 0.444182 0.895937
    outer loop
      vertex 8.33228 -0.595148 40.9027
      vertex 3.10968 -0.478354 40.8451
      vertex 8.32952 -0.625 40.9175
    endloop
  endfacet
  facet normal 0 0.442693 0.896673
    outer loop
      vertex 8.32952 -0.625 40.9175
      vertex 3.10968 -0.478354 40.8451
      vertex 3.08051 -0.625 40.9175
    endloop
  endfacet
  facet normal -0 0.980768 0.195175
    outer loop
      vertex 2.90926 -1.20741 41.6765
      vertex 8.17578 -1.23931 41.8368
      vertex 8.19479 -1.20741 41.6765
    endloop
  endfacet
  facet normal 0 0.980768 0.195175
    outer loop
      vertex 8.17578 -1.23931 41.8368
      vertex 2.90926 -1.20741 41.6765
      vertex 2.89353 -1.23931 41.8368
    endloop
  endfacet
  facet normal 0 0.442693 -0.896673
    outer loop
      vertex 8.13848 -0.625 43.0825
      vertex 3.10968 -0.478354 43.1549
      vertex 8.13931 -0.478354 43.1549
    endloop
  endfacet
  facet normal 0 0.442693 -0.896673
    outer loop
      vertex 3.10968 -0.478354 43.1549
      vertex 8.13848 -0.625 43.0825
      vertex 3.08051 -0.625 43.0825
    endloop
  endfacet
  facet normal 0 -0.980768 0.195175
    outer loop
      vertex 2.90926 1.20741 41.6765
      vertex 8.17578 1.23931 41.8368
      vertex 2.89353 1.23931 41.8368
    endloop
  endfacet
  facet normal 0 -0.980768 0.195175
    outer loop
      vertex 8.17578 1.23931 41.8368
      vertex 2.90926 1.20741 41.6765
      vertex 8.19479 1.20741 41.6765
    endloop
  endfacet
  facet normal 0 0.751753 -0.659445
    outer loop
      vertex 8.13017 -0.991692 42.761
      vertex 3.01938 -0.883883 42.8839
      vertex 8.13521 -0.883883 42.8839
    endloop
  endfacet
  facet normal 0 0.751753 -0.659445
    outer loop
      vertex 3.01938 -0.883883 42.8839
      vertex 8.13017 -0.991692 42.761
      vertex 2.98278 -0.991692 42.761
    endloop
  endfacet
  facet normal 0 -0.752131 -0.659014
    outer loop
      vertex 3.01938 0.883883 42.8839
      vertex 8.13353 0.919807 42.8429
      vertex 8.13521 0.883883 42.8839
    endloop
  endfacet
  facet normal -0 -0.751753 -0.659445
    outer loop
      vertex 8.13017 0.991692 42.761
      vertex 3.01938 0.883883 42.8839
      vertex 2.98278 0.991692 42.761
    endloop
  endfacet
  facet normal -9.16507e-06 -0.751564 -0.65966
    outer loop
      vertex 3.01938 0.883883 42.8839
      vertex 8.13017 0.991692 42.761
      vertex 8.13353 0.919807 42.8429
    endloop
  endfacet
  facet normal 0 0.997862 -0.0653624
    outer loop
      vertex 2.88825 -1.25 42
      vertex 8.1467 -1.23931 42.1632
      vertex 8.15965 -1.25 42
    endloop
  endfacet
  facet normal 0 0.997862 -0.0653624
    outer loop
      vertex 8.1467 -1.23931 42.1632
      vertex 2.88825 -1.25 42
      vertex 2.89353 -1.23931 42.1632
    endloop
  endfacet
  facet normal 0.00589985 0.658705 0.752378
    outer loop
      vertex 8.31482 -0.760951 41.0083
      vertex 8.29271 -0.883883 41.1161
      vertex 8.30758 -0.818225 41.0585
    endloop
  endfacet
  facet normal -0 0.659317 0.751865
    outer loop
      vertex 3.05347 -0.760951 41.0083
      vertex 8.29271 -0.883883 41.1161
      vertex 8.31482 -0.760951 41.0083
    endloop
  endfacet
  facet normal 1.88942e-05 0.659772 0.751466
    outer loop
      vertex 3.04267 -0.81528 41.056
      vertex 8.29271 -0.883883 41.1161
      vertex 3.05347 -0.760951 41.0083
    endloop
  endfacet
  facet normal 0 0.658954 0.752183
    outer loop
      vertex 8.29271 -0.883883 41.1161
      vertex 3.04267 -0.81528 41.056
      vertex 3.01938 -0.883883 41.1161
    endloop
  endfacet
  facet normal -0 -0.831566 -0.555425
    outer loop
      vertex 8.12881 1.08253 42.625
      vertex 2.98278 0.991692 42.761
      vertex 2.95195 1.08253 42.625
    endloop
  endfacet
  facet normal 0 -0.831566 -0.555425
    outer loop
      vertex 2.98278 0.991692 42.761
      vertex 8.12881 1.08253 42.625
      vertex 8.13017 0.991692 42.761
    endloop
  endfacet
  facet normal 0 -0.997862 0.0653624
    outer loop
      vertex 2.89353 1.23931 41.8368
      vertex 8.15965 1.25 42
      vertex 2.88825 1.25 42
    endloop
  endfacet
  facet normal 0 -0.997862 0.0653624
    outer loop
      vertex 8.15965 1.25 42
      vertex 2.89353 1.23931 41.8368
      vertex 8.17578 1.23931 41.8368
    endloop
  endfacet
  facet normal -0 0.831566 0.555425
    outer loop
      vertex 2.98278 -0.991692 41.239
      vertex 8.24018 -1.08253 41.375
      vertex 8.26577 -0.991692 41.239
    endloop
  endfacet
  facet normal 0 0.831566 0.555425
    outer loop
      vertex 8.24018 -1.08253 41.375
      vertex 2.98278 -0.991692 41.239
      vertex 2.95195 -1.08253 41.375
    endloop
  endfacet
  facet normal 0 -0.947368 0.320145
    outer loop
      vertex 2.91022 1.20545 41.6707
      vertex 8.19479 1.20741 41.6765
      vertex 2.90926 1.20741 41.6765
    endloop
  endfacet
  facet normal -1.49488e-06 -0.946955 0.321367
    outer loop
      vertex 2.9274 1.15485 41.5216
      vertex 8.19479 1.20741 41.6765
      vertex 2.91022 1.20545 41.6707
    endloop
  endfacet
  facet normal 0 -0.94697 0.321322
    outer loop
      vertex 8.19479 1.20741 41.6765
      vertex 2.9274 1.15485 41.5216
      vertex 8.21639 1.15485 41.5216
    endloop
  endfacet
  facet normal 0.00976366 -0.659078 -0.752011
    outer loop
      vertex 8.13982 0.760951 42.9917
      vertex 8.13521 0.883883 42.8839
      vertex 8.14097 0.801816 42.9559
    endloop
  endfacet
  facet normal 0 -0.659317 -0.751865
    outer loop
      vertex 3.05347 0.760951 42.9917
      vertex 8.13521 0.883883 42.8839
      vertex 8.13982 0.760951 42.9917
    endloop
  endfacet
  facet normal 1.9477e-05 -0.659772 -0.751466
    outer loop
      vertex 3.04267 0.81528 42.944
      vertex 8.13521 0.883883 42.8839
      vertex 3.05347 0.760951 42.9917
    endloop
  endfacet
  facet normal -0 -0.658954 -0.752183
    outer loop
      vertex 8.13521 0.883883 42.8839
      vertex 3.04267 0.81528 42.944
      vertex 3.01938 0.883883 42.8839
    endloop
  endfacet
  facet normal -0 0.896812 0.442411
    outer loop
      vertex 2.95195 -1.08253 41.375
      vertex 8.21639 -1.15485 41.5216
      vertex 8.24018 -1.08253 41.375
    endloop
  endfacet
  facet normal 0 0.896812 0.442411
    outer loop
      vertex 8.21639 -1.15485 41.5216
      vertex 2.95195 -1.08253 41.375
      vertex 2.9274 -1.15485 41.5216
    endloop
  endfacet
  facet normal 0 0.0654404 -0.997856
    outer loop
      vertex 8.14734 -0.163157 43.2393
      vertex 3.15 0 43.25
      vertex 8.15441 0 43.25
    endloop
  endfacet
  facet normal 0 0.0654404 -0.997856
    outer loop
      vertex 3.15 0 43.25
      vertex 8.14734 -0.163157 43.2393
      vertex 3.13931 -0.163157 43.2393
    endloop
  endfacet
  facet normal 0.00976366 0.659078 -0.752011
    outer loop
      vertex 8.13521 -0.883883 42.8839
      vertex 8.13982 -0.760951 42.9917
      vertex 8.14097 -0.801816 42.9559
    endloop
  endfacet
  facet normal 0 0.659317 -0.751865
    outer loop
      vertex 8.13521 -0.883883 42.8839
      vertex 3.05347 -0.760951 42.9917
      vertex 8.13982 -0.760951 42.9917
    endloop
  endfacet
  facet normal 1.9477e-05 0.659772 -0.751466
    outer loop
      vertex 8.13521 -0.883883 42.8839
      vertex 3.04267 -0.81528 42.944
      vertex 3.05347 -0.760951 42.9917
    endloop
  endfacet
  facet normal 0 0.658954 -0.752183
    outer loop
      vertex 3.04267 -0.81528 42.944
      vertex 8.13521 -0.883883 42.8839
      vertex 3.01938 -0.883883 42.8839
    endloop
  endfacet
  facet normal 0 -0.555403 -0.831581
    outer loop
      vertex 3.08051 0.625 43.0825
      vertex 8.13982 0.760951 42.9917
      vertex 8.13848 0.625 43.0825
    endloop
  endfacet
  facet normal -0 -0.555403 -0.831581
    outer loop
      vertex 8.13982 0.760951 42.9917
      vertex 3.08051 0.625 43.0825
      vertex 3.05347 0.760951 42.9917
    endloop
  endfacet
  facet normal 0 -0.442693 -0.896673
    outer loop
      vertex 3.10968 0.478354 43.1549
      vertex 8.13848 0.625 43.0825
      vertex 8.13931 0.478354 43.1549
    endloop
  endfacet
  facet normal -0 -0.442693 -0.896673
    outer loop
      vertex 8.13848 0.625 43.0825
      vertex 3.10968 0.478354 43.1549
      vertex 3.08051 0.625 43.0825
    endloop
  endfacet
  facet normal 0 0.980768 -0.195175
    outer loop
      vertex 8.1467 -1.23931 42.1632
      vertex 2.90926 -1.20741 42.3235
      vertex 8.13715 -1.20741 42.3235
    endloop
  endfacet
  facet normal 0 0.980768 -0.195175
    outer loop
      vertex 2.90926 -1.20741 42.3235
      vertex 8.1467 -1.23931 42.1632
      vertex 2.89353 -1.23931 42.1632
    endloop
  endfacet
endsolid OpenSCAD_Model
