solid OpenSCAD_Model
  facet normal 0 -0.321452 0.946926
    outer loop
      vertex 7.96865 0.478354 8.84515
      vertex 3.12879 0.323524 8.79259
      vertex 7.9788 0.323524 8.79259
    endloop
  endfacet
  facet normal 4.50089e-07 -0.321465 0.946922
    outer loop
      vertex 7.96865 0.478354 8.84515
      vertex 3.12305 0.411157 8.82234
      vertex 3.12879 0.323524 8.79259
    endloop
  endfacet
  facet normal 0 -0.321436 0.946931
    outer loop
      vertex 3.12305 0.411157 8.82234
      vertex 7.96865 0.478354 8.84515
      vertex 3.10968 0.478354 8.84515
    endloop
  endfacet
  facet normal 0 -0.659351 0.751835
    outer loop
      vertex 7.94207 0.883883 9.11612
      vertex 3.05347 0.760951 9.00831
      vertex 7.95012 0.760951 9.00831
    endloop
  endfacet
  facet normal -2.05351e-06 -0.659305 0.751876
    outer loop
      vertex 7.94207 0.883883 9.11612
      vertex 3.04267 0.81528 9.05595
      vertex 3.05347 0.760951 9.00831
    endloop
  endfacet
  facet normal 0 -0.659388 0.751803
    outer loop
      vertex 3.04267 0.81528 9.05595
      vertex 7.94207 0.883883 9.11612
      vertex 3.01938 0.883883 9.11612
    endloop
  endfacet
  facet normal 0 0.321671 -0.946851
    outer loop
      vertex 7.96865 -0.478354 11.1548
      vertex 3.12879 -0.323524 11.2074
      vertex 7.9788 -0.323524 11.2074
    endloop
  endfacet
  facet normal -2.46115e-05 0.320982 -0.947085
    outer loop
      vertex 7.96865 -0.478354 11.1548
      vertex 3.12305 -0.411157 11.1777
      vertex 3.12879 -0.323524 11.2074
    endloop
  endfacet
  facet normal 0 0.322572 -0.946545
    outer loop
      vertex 3.12305 -0.411157 11.1777
      vertex 7.96865 -0.478354 11.1548
      vertex 3.10968 -0.478354 11.1548
    endloop
  endfacet
  facet normal 0 -0.0653795 0.99786
    outer loop
      vertex 7.98931 0.163157 8.76069
      vertex 3.15 0 8.75
      vertex 8 0 8.75
    endloop
  endfacet
  facet normal 0 -0.0653795 0.99786
    outer loop
      vertex 3.15 0 8.75
      vertex 7.98931 0.163157 8.76069
      vertex 3.13931 0.163157 8.76069
    endloop
  endfacet
  facet normal 0 -0.442299 0.896867
    outer loop
      vertex 7.95904 0.625 8.91747
      vertex 3.10968 0.478354 8.84515
      vertex 7.96865 0.478354 8.84515
    endloop
  endfacet
  facet normal 0 -0.442299 0.896867
    outer loop
      vertex 3.10968 0.478354 8.84515
      vertex 7.95904 0.625 8.91747
      vertex 3.08051 0.625 8.91747
    endloop
  endfacet
  facet normal -0 0.195096 0.980784
    outer loop
      vertex 3.13931 -0.163157 8.76069
      vertex 7.9788 -0.323524 8.79259
      vertex 7.98931 -0.163157 8.76069
    endloop
  endfacet
  facet normal 0 0.195096 0.980784
    outer loop
      vertex 7.9788 -0.323524 8.79259
      vertex 3.13931 -0.163157 8.76069
      vertex 3.12879 -0.323524 8.79259
    endloop
  endfacet
  facet normal -0 0.997861 0.0653783
    outer loop
      vertex 2.89353 -1.23931 9.83684
      vertex 7.89062 -1.25 10
      vertex 7.89275 -1.23931 9.83684
    endloop
  endfacet
  facet normal 0 0.997861 0.0653783
    outer loop
      vertex 7.89062 -1.25 10
      vertex 2.89353 -1.23931 9.83684
      vertex 2.88825 -1.25 10
    endloop
  endfacet
  facet normal -0 0.751833 0.659354
    outer loop
      vertex 3.01938 -0.883883 9.11612
      vertex 7.935 -0.991692 9.23905
      vertex 7.94207 -0.883883 9.11612
    endloop
  endfacet
  facet normal 0 0.751833 0.659354
    outer loop
      vertex 7.935 -0.991692 9.23905
      vertex 3.01938 -0.883883 9.11612
      vertex 2.98278 -0.991692 9.23905
    endloop
  endfacet
  facet normal 0 0.896812 -0.442411
    outer loop
      vertex 7.90955 -1.15485 10.4784
      vertex 2.95195 -1.08253 10.625
      vertex 7.92394 -1.08253 10.625
    endloop
  endfacet
  facet normal 0 0.896812 -0.442411
    outer loop
      vertex 2.95195 -1.08253 10.625
      vertex 7.90955 -1.15485 10.4784
      vertex 2.9274 -1.15485 10.4784
    endloop
  endfacet
  facet normal 0 0.946693 0.322138
    outer loop
      vertex 7.8991 -1.20741 9.67648
      vertex 2.91022 -1.20545 9.67072
      vertex 2.90926 -1.20741 9.67648
    endloop
  endfacet
  facet normal -0 0.946926 0.321452
    outer loop
      vertex 2.9274 -1.15485 9.52165
      vertex 7.8991 -1.20741 9.67648
      vertex 7.90955 -1.15485 9.52165
    endloop
  endfacet
  facet normal 9.18173e-07 0.946935 0.321426
    outer loop
      vertex 7.8991 -1.20741 9.67648
      vertex 2.9274 -1.15485 9.52165
      vertex 2.91022 -1.20545 9.67072
    endloop
  endfacet
  facet normal 0 -0.0654404 -0.997856
    outer loop
      vertex 3.15 0 11.25
      vertex 7.98931 0.163157 11.2393
      vertex 8 0 11.25
    endloop
  endfacet
  facet normal -0 -0.0654404 -0.997856
    outer loop
      vertex 7.98931 0.163157 11.2393
      vertex 3.15 0 11.25
      vertex 3.13931 0.163157 11.2393
    endloop
  endfacet
  facet normal 0 -0.555572 0.831468
    outer loop
      vertex 7.95012 0.760951 9.00831
      vertex 3.08051 0.625 8.91747
      vertex 7.95904 0.625 8.91747
    endloop
  endfacet
  facet normal 0 -0.555572 0.831468
    outer loop
      vertex 3.08051 0.625 8.91747
      vertex 7.95012 0.760951 9.00831
      vertex 3.05347 0.760951 9.00831
    endloop
  endfacet
  facet normal -1.58347e-06 -0.946955 -0.321367
    outer loop
      vertex 7.8991 1.20741 10.3235
      vertex 2.9274 1.15485 10.4784
      vertex 2.91022 1.20545 10.3293
    endloop
  endfacet
  facet normal -0 -0.947368 -0.320145
    outer loop
      vertex 7.8991 1.20741 10.3235
      vertex 2.91022 1.20545 10.3293
      vertex 2.90926 1.20741 10.3235
    endloop
  endfacet
  facet normal 0 -0.94697 -0.321322
    outer loop
      vertex 2.9274 1.15485 10.4784
      vertex 7.8991 1.20741 10.3235
      vertex 7.90955 1.15485 10.4784
    endloop
  endfacet
  facet normal 0 -0.831472 0.555566
    outer loop
      vertex 2.98278 0.991692 9.23905
      vertex 7.92394 1.08253 9.375
      vertex 2.95195 1.08253 9.375
    endloop
  endfacet
  facet normal 0 -0.831472 0.555566
    outer loop
      vertex 7.935 0.991692 9.23905
      vertex 7.92394 1.08253 9.375
      vertex 2.98278 0.991692 9.23905
    endloop
  endfacet
  facet normal -9.25361e-05 -0.831476 0.555561
    outer loop
      vertex 7.92394 1.08253 9.375
      vertex 7.935 0.991692 9.23905
      vertex 7.93156 1.04421 9.31765
    endloop
  endfacet
  facet normal 0 0.195096 -0.980784
    outer loop
      vertex 7.9788 -0.323524 11.2074
      vertex 3.13931 -0.163157 11.2393
      vertex 7.98931 -0.163157 11.2393
    endloop
  endfacet
  facet normal 0 0.195096 -0.980784
    outer loop
      vertex 3.13931 -0.163157 11.2393
      vertex 7.9788 -0.323524 11.2074
      vertex 3.12879 -0.323524 11.2074
    endloop
  endfacet
  facet normal -0 0.555572 0.831468
    outer loop
      vertex 3.08051 -0.625 8.91747
      vertex 7.95012 -0.760951 9.00831
      vertex 7.95904 -0.625 8.91747
    endloop
  endfacet
  facet normal 0 0.555572 0.831468
    outer loop
      vertex 7.95012 -0.760951 9.00831
      vertex 3.08051 -0.625 8.91747
      vertex 3.05347 -0.760951 9.00831
    endloop
  endfacet
  facet normal 0 -0.195096 0.980784
    outer loop
      vertex 7.9788 0.323524 8.79259
      vertex 3.13931 0.163157 8.76069
      vertex 7.98931 0.163157 8.76069
    endloop
  endfacet
  facet normal 0 -0.195096 0.980784
    outer loop
      vertex 3.13931 0.163157 8.76069
      vertex 7.9788 0.323524 8.79259
      vertex 3.12879 0.323524 8.79259
    endloop
  endfacet
  facet normal 0.005345 0.831354 -0.555718
    outer loop
      vertex 7.92394 -1.08253 10.625
      vertex 7.935 -0.991692 10.761
      vertex 7.93156 -1.04421 10.6824
    endloop
  endfacet
  facet normal 0 0.831566 -0.555425
    outer loop
      vertex 7.935 -0.991692 10.761
      vertex 7.92394 -1.08253 10.625
      vertex 2.98278 -0.991692 10.761
    endloop
  endfacet
  facet normal 0 0.831566 -0.555425
    outer loop
      vertex 2.98278 -0.991692 10.761
      vertex 7.92394 -1.08253 10.625
      vertex 2.95195 -1.08253 10.625
    endloop
  endfacet
  facet normal -0 -0.896812 -0.442411
    outer loop
      vertex 7.90955 1.15485 10.4784
      vertex 2.95195 1.08253 10.625
      vertex 2.9274 1.15485 10.4784
    endloop
  endfacet
  facet normal 0 -0.896812 -0.442411
    outer loop
      vertex 2.95195 1.08253 10.625
      vertex 7.90955 1.15485 10.4784
      vertex 7.92394 1.08253 10.625
    endloop
  endfacet
  facet normal 0 0.555403 -0.831581
    outer loop
      vertex 7.95012 -0.760951 10.9917
      vertex 3.08051 -0.625 11.0825
      vertex 7.95904 -0.625 11.0825
    endloop
  endfacet
  facet normal 0 0.555403 -0.831581
    outer loop
      vertex 3.08051 -0.625 11.0825
      vertex 7.95012 -0.760951 10.9917
      vertex 3.05347 -0.760951 10.9917
    endloop
  endfacet
  facet normal 0 -0.321671 -0.946851
    outer loop
      vertex 3.12879 0.323524 11.2074
      vertex 7.96865 0.478354 11.1548
      vertex 7.9788 0.323524 11.2074
    endloop
  endfacet
  facet normal -2.46115e-05 -0.320982 -0.947085
    outer loop
      vertex 3.12305 0.411157 11.1777
      vertex 7.96865 0.478354 11.1548
      vertex 3.12879 0.323524 11.2074
    endloop
  endfacet
  facet normal -0 -0.322572 -0.946545
    outer loop
      vertex 7.96865 0.478354 11.1548
      vertex 3.12305 0.411157 11.1777
      vertex 3.10968 0.478354 11.1548
    endloop
  endfacet
  facet normal 0 -0.896872 0.44229
    outer loop
      vertex 2.95195 1.08253 9.375
      vertex 7.90955 1.15485 9.52165
      vertex 2.9274 1.15485 9.52165
    endloop
  endfacet
  facet normal 0 -0.896872 0.44229
    outer loop
      vertex 7.90955 1.15485 9.52165
      vertex 2.95195 1.08253 9.375
      vertex 7.92394 1.08253 9.375
    endloop
  endfacet
  facet normal -0 0.0653795 0.99786
    outer loop
      vertex 3.15 0 8.75
      vertex 7.98931 -0.163157 8.76069
      vertex 8 0 8.75
    endloop
  endfacet
  facet normal 0 0.0653795 0.99786
    outer loop
      vertex 7.98931 -0.163157 8.76069
      vertex 3.15 0 8.75
      vertex 3.13931 -0.163157 8.76069
    endloop
  endfacet
  facet normal -0 -0.997862 -0.0653624
    outer loop
      vertex 7.89062 1.25 10
      vertex 2.89353 1.23931 10.1632
      vertex 2.88825 1.25 10
    endloop
  endfacet
  facet normal 0 -0.997862 -0.0653624
    outer loop
      vertex 2.89353 1.23931 10.1632
      vertex 7.89062 1.25 10
      vertex 7.89275 1.23931 10.1632
    endloop
  endfacet
  facet normal -0 -0.980768 -0.195175
    outer loop
      vertex 7.89275 1.23931 10.1632
      vertex 2.90926 1.20741 10.3235
      vertex 2.89353 1.23931 10.1632
    endloop
  endfacet
  facet normal 0 -0.980768 -0.195175
    outer loop
      vertex 2.90926 1.20741 10.3235
      vertex 7.89275 1.23931 10.1632
      vertex 7.8991 1.20741 10.3235
    endloop
  endfacet
  facet normal 0 0.94697 -0.321322
    outer loop
      vertex 7.8991 -1.20741 10.3235
      vertex 2.9274 -1.15485 10.4784
      vertex 7.90955 -1.15485 10.4784
    endloop
  endfacet
  facet normal -1.58347e-06 0.946955 -0.321367
    outer loop
      vertex 2.9274 -1.15485 10.4784
      vertex 7.8991 -1.20741 10.3235
      vertex 2.91022 -1.20545 10.3293
    endloop
  endfacet
  facet normal 0 0.947368 -0.320145
    outer loop
      vertex 2.91022 -1.20545 10.3293
      vertex 7.8991 -1.20741 10.3235
      vertex 2.90926 -1.20741 10.3235
    endloop
  endfacet
  facet normal 0 -0.751833 0.659354
    outer loop
      vertex 3.01938 0.883883 9.11612
      vertex 7.935 0.991692 9.23905
      vertex 2.98278 0.991692 9.23905
    endloop
  endfacet
  facet normal 0 -0.751833 0.659354
    outer loop
      vertex 7.935 0.991692 9.23905
      vertex 3.01938 0.883883 9.11612
      vertex 7.94207 0.883883 9.11612
    endloop
  endfacet
  facet normal 0 -0.195096 -0.980784
    outer loop
      vertex 3.13931 0.163157 11.2393
      vertex 7.9788 0.323524 11.2074
      vertex 7.98931 0.163157 11.2393
    endloop
  endfacet
  facet normal -0 -0.195096 -0.980784
    outer loop
      vertex 7.9788 0.323524 11.2074
      vertex 3.13931 0.163157 11.2393
      vertex 3.12879 0.323524 11.2074
    endloop
  endfacet
  facet normal -0 0.321452 0.946926
    outer loop
      vertex 3.12879 -0.323524 8.79259
      vertex 7.96865 -0.478354 8.84515
      vertex 7.9788 -0.323524 8.79259
    endloop
  endfacet
  facet normal 4.50089e-07 0.321465 0.946922
    outer loop
      vertex 3.12305 -0.411157 8.82234
      vertex 7.96865 -0.478354 8.84515
      vertex 3.12879 -0.323524 8.79259
    endloop
  endfacet
  facet normal 0 0.321436 0.946931
    outer loop
      vertex 7.96865 -0.478354 8.84515
      vertex 3.12305 -0.411157 8.82234
      vertex 3.10968 -0.478354 8.84515
    endloop
  endfacet
  facet normal -0 0.442299 0.896867
    outer loop
      vertex 3.10968 -0.478354 8.84515
      vertex 7.95904 -0.625 8.91747
      vertex 7.96865 -0.478354 8.84515
    endloop
  endfacet
  facet normal 0 0.442299 0.896867
    outer loop
      vertex 7.95904 -0.625 8.91747
      vertex 3.10968 -0.478354 8.84515
      vertex 3.08051 -0.625 8.91747
    endloop
  endfacet
  facet normal -0 0.980782 0.195105
    outer loop
      vertex 2.90926 -1.20741 9.67648
      vertex 7.89275 -1.23931 9.83684
      vertex 7.8991 -1.20741 9.67648
    endloop
  endfacet
  facet normal 0 0.980782 0.195105
    outer loop
      vertex 7.89275 -1.23931 9.83684
      vertex 2.90926 -1.20741 9.67648
      vertex 2.89353 -1.23931 9.83684
    endloop
  endfacet
  facet normal 0 0.442201 -0.896916
    outer loop
      vertex 7.95904 -0.625 11.0825
      vertex 3.10968 -0.478354 11.1548
      vertex 7.96865 -0.478354 11.1548
    endloop
  endfacet
  facet normal 0 0.442201 -0.896916
    outer loop
      vertex 3.10968 -0.478354 11.1548
      vertex 7.95904 -0.625 11.0825
      vertex 3.08051 -0.625 11.0825
    endloop
  endfacet
  facet normal 0 -0.980782 0.195105
    outer loop
      vertex 2.90926 1.20741 9.67648
      vertex 7.89275 1.23931 9.83684
      vertex 2.89353 1.23931 9.83684
    endloop
  endfacet
  facet normal 0 -0.980782 0.195105
    outer loop
      vertex 7.89275 1.23931 9.83684
      vertex 2.90926 1.20741 9.67648
      vertex 7.8991 1.20741 9.67648
    endloop
  endfacet
  facet normal 0 0.751753 -0.659445
    outer loop
      vertex 7.935 -0.991692 10.761
      vertex 3.01938 -0.883883 10.8839
      vertex 7.94207 -0.883883 10.8839
    endloop
  endfacet
  facet normal 0 0.751753 -0.659445
    outer loop
      vertex 3.01938 -0.883883 10.8839
      vertex 7.935 -0.991692 10.761
      vertex 2.98278 -0.991692 10.761
    endloop
  endfacet
  facet normal -0 -0.751753 -0.659445
    outer loop
      vertex 7.935 0.991692 10.761
      vertex 3.01938 0.883883 10.8839
      vertex 2.98278 0.991692 10.761
    endloop
  endfacet
  facet normal 0 -0.751753 -0.659445
    outer loop
      vertex 3.01938 0.883883 10.8839
      vertex 7.935 0.991692 10.761
      vertex 7.94207 0.883883 10.8839
    endloop
  endfacet
  facet normal 0 0.997862 -0.0653624
    outer loop
      vertex 7.89062 -1.25 10
      vertex 2.89353 -1.23931 10.1632
      vertex 7.89275 -1.23931 10.1632
    endloop
  endfacet
  facet normal 0 0.997862 -0.0653624
    outer loop
      vertex 2.89353 -1.23931 10.1632
      vertex 7.89062 -1.25 10
      vertex 2.88825 -1.25 10
    endloop
  endfacet
  facet normal -0 0.659351 0.751835
    outer loop
      vertex 3.05347 -0.760951 9.00831
      vertex 7.94207 -0.883883 9.11612
      vertex 7.95012 -0.760951 9.00831
    endloop
  endfacet
  facet normal -2.05351e-06 0.659305 0.751876
    outer loop
      vertex 3.04267 -0.81528 9.05595
      vertex 7.94207 -0.883883 9.11612
      vertex 3.05347 -0.760951 9.00831
    endloop
  endfacet
  facet normal 0 0.659388 0.751803
    outer loop
      vertex 7.94207 -0.883883 9.11612
      vertex 3.04267 -0.81528 9.05595
      vertex 3.01938 -0.883883 9.11612
    endloop
  endfacet
  facet normal 0 -0.831566 -0.555425
    outer loop
      vertex 7.92394 1.08253 10.625
      vertex 7.935 0.991692 10.761
      vertex 2.98278 0.991692 10.761
    endloop
  endfacet
  facet normal -0 -0.831566 -0.555425
    outer loop
      vertex 7.92394 1.08253 10.625
      vertex 2.98278 0.991692 10.761
      vertex 2.95195 1.08253 10.625
    endloop
  endfacet
  facet normal 0.005345 -0.831354 -0.555718
    outer loop
      vertex 7.935 0.991692 10.761
      vertex 7.92394 1.08253 10.625
      vertex 7.93156 1.04421 10.6824
    endloop
  endfacet
  facet normal 0 -0.997861 0.0653783
    outer loop
      vertex 2.89353 1.23931 9.83684
      vertex 7.89062 1.25 10
      vertex 2.88825 1.25 10
    endloop
  endfacet
  facet normal 0 -0.997861 0.0653783
    outer loop
      vertex 7.89062 1.25 10
      vertex 2.89353 1.23931 9.83684
      vertex 7.89275 1.23931 9.83684
    endloop
  endfacet
  facet normal -9.25361e-05 0.831476 0.555561
    outer loop
      vertex 7.935 -0.991692 9.23905
      vertex 7.92394 -1.08253 9.375
      vertex 7.93156 -1.04421 9.31765
    endloop
  endfacet
  facet normal 0 0.831472 0.555566
    outer loop
      vertex 7.92394 -1.08253 9.375
      vertex 7.935 -0.991692 9.23905
      vertex 2.98278 -0.991692 9.23905
    endloop
  endfacet
  facet normal 0 0.831472 0.555566
    outer loop
      vertex 7.92394 -1.08253 9.375
      vertex 2.98278 -0.991692 9.23905
      vertex 2.95195 -1.08253 9.375
    endloop
  endfacet
  facet normal 0 -0.946693 0.322138
    outer loop
      vertex 2.91022 1.20545 9.67072
      vertex 7.8991 1.20741 9.67648
      vertex 2.90926 1.20741 9.67648
    endloop
  endfacet
  facet normal 9.18173e-07 -0.946935 0.321426
    outer loop
      vertex 2.9274 1.15485 9.52165
      vertex 7.8991 1.20741 9.67648
      vertex 2.91022 1.20545 9.67072
    endloop
  endfacet
  facet normal 0 -0.946926 0.321452
    outer loop
      vertex 7.8991 1.20741 9.67648
      vertex 2.9274 1.15485 9.52165
      vertex 7.90955 1.15485 9.52165
    endloop
  endfacet
  facet normal 0 -0.659317 -0.751865
    outer loop
      vertex 3.05347 0.760951 10.9917
      vertex 7.94207 0.883883 10.8839
      vertex 7.95012 0.760951 10.9917
    endloop
  endfacet
  facet normal 2.02427e-05 -0.659771 -0.751466
    outer loop
      vertex 3.04267 0.81528 10.944
      vertex 7.94207 0.883883 10.8839
      vertex 3.05347 0.760951 10.9917
    endloop
  endfacet
  facet normal -0 -0.658954 -0.752183
    outer loop
      vertex 7.94207 0.883883 10.8839
      vertex 3.04267 0.81528 10.944
      vertex 3.01938 0.883883 10.8839
    endloop
  endfacet
  facet normal -0 0.896872 0.44229
    outer loop
      vertex 2.95195 -1.08253 9.375
      vertex 7.90955 -1.15485 9.52165
      vertex 7.92394 -1.08253 9.375
    endloop
  endfacet
  facet normal 0 0.896872 0.44229
    outer loop
      vertex 7.90955 -1.15485 9.52165
      vertex 2.95195 -1.08253 9.375
      vertex 2.9274 -1.15485 9.52165
    endloop
  endfacet
  facet normal 0 0.0654404 -0.997856
    outer loop
      vertex 7.98931 -0.163157 11.2393
      vertex 3.15 0 11.25
      vertex 8 0 11.25
    endloop
  endfacet
  facet normal 0 0.0654404 -0.997856
    outer loop
      vertex 3.15 0 11.25
      vertex 7.98931 -0.163157 11.2393
      vertex 3.13931 -0.163157 11.2393
    endloop
  endfacet
  facet normal 0 0.659317 -0.751865
    outer loop
      vertex 7.94207 -0.883883 10.8839
      vertex 3.05347 -0.760951 10.9917
      vertex 7.95012 -0.760951 10.9917
    endloop
  endfacet
  facet normal 2.02427e-05 0.659771 -0.751466
    outer loop
      vertex 7.94207 -0.883883 10.8839
      vertex 3.04267 -0.81528 10.944
      vertex 3.05347 -0.760951 10.9917
    endloop
  endfacet
  facet normal 0 0.658954 -0.752183
    outer loop
      vertex 3.04267 -0.81528 10.944
      vertex 7.94207 -0.883883 10.8839
      vertex 3.01938 -0.883883 10.8839
    endloop
  endfacet
  facet normal 0 -0.555403 -0.831581
    outer loop
      vertex 3.08051 0.625 11.0825
      vertex 7.95012 0.760951 10.9917
      vertex 7.95904 0.625 11.0825
    endloop
  endfacet
  facet normal -0 -0.555403 -0.831581
    outer loop
      vertex 7.95012 0.760951 10.9917
      vertex 3.08051 0.625 11.0825
      vertex 3.05347 0.760951 10.9917
    endloop
  endfacet
  facet normal 0 -0.442201 -0.896916
    outer loop
      vertex 3.10968 0.478354 11.1548
      vertex 7.95904 0.625 11.0825
      vertex 7.96865 0.478354 11.1548
    endloop
  endfacet
  facet normal -0 -0.442201 -0.896916
    outer loop
      vertex 7.95904 0.625 11.0825
      vertex 3.10968 0.478354 11.1548
      vertex 3.08051 0.625 11.0825
    endloop
  endfacet
  facet normal 0 0.980768 -0.195175
    outer loop
      vertex 7.89275 -1.23931 10.1632
      vertex 2.90926 -1.20741 10.3235
      vertex 7.8991 -1.20741 10.3235
    endloop
  endfacet
  facet normal 0 0.980768 -0.195175
    outer loop
      vertex 2.90926 -1.20741 10.3235
      vertex 7.89275 -1.23931 10.1632
      vertex 2.89353 -1.23931 10.1632
    endloop
  endfacet
  facet normal 0 -0.321123 0.947038
    outer loop
      vertex 7.96865 0.478354 38.8451
      vertex 3.12879 0.323524 38.7926
      vertex 7.9788 0.323524 38.7926
    endloop
  endfacet
  facet normal -5.08394e-06 -0.32098 0.947086
    outer loop
      vertex 7.96865 0.478354 38.8451
      vertex 3.12305 0.411157 38.8223
      vertex 3.12879 0.323524 38.7926
    endloop
  endfacet
  facet normal 0 -0.321309 0.946974
    outer loop
      vertex 3.12305 0.411157 38.8223
      vertex 7.96865 0.478354 38.8451
      vertex 3.10968 0.478354 38.8451
    endloop
  endfacet
  facet normal -0 0.896812 0.442411
    outer loop
      vertex 2.95195 -1.08253 39.375
      vertex 7.90955 -1.15485 39.5216
      vertex 7.92394 -1.08253 39.375
    endloop
  endfacet
  facet normal 0 0.896812 0.442411
    outer loop
      vertex 7.90955 -1.15485 39.5216
      vertex 2.95195 -1.08253 39.375
      vertex 2.9274 -1.15485 39.5216
    endloop
  endfacet
  facet normal 0 -0.997862 0.0653624
    outer loop
      vertex 2.89353 1.23931 39.8368
      vertex 7.89062 1.25 40
      vertex 2.88825 1.25 40
    endloop
  endfacet
  facet normal 0 -0.997862 0.0653624
    outer loop
      vertex 7.89062 1.25 40
      vertex 2.89353 1.23931 39.8368
      vertex 7.89275 1.23931 39.8368
    endloop
  endfacet
  facet normal 0 -0.0654404 0.997856
    outer loop
      vertex 7.98931 0.163157 38.7607
      vertex 3.15 0 38.75
      vertex 8 0 38.75
    endloop
  endfacet
  facet normal 0 -0.0654404 0.997856
    outer loop
      vertex 3.15 0 38.75
      vertex 7.98931 0.163157 38.7607
      vertex 3.13931 0.163157 38.7607
    endloop
  endfacet
  facet normal -0 0.0654404 0.997856
    outer loop
      vertex 3.15 0 38.75
      vertex 7.98931 -0.163157 38.7607
      vertex 8 0 38.75
    endloop
  endfacet
  facet normal 0 0.0654404 0.997856
    outer loop
      vertex 7.98931 -0.163157 38.7607
      vertex 3.15 0 38.75
      vertex 3.13931 -0.163157 38.7607
    endloop
  endfacet
  facet normal -1.58347e-06 -0.946955 -0.321367
    outer loop
      vertex 7.8991 1.20741 40.3235
      vertex 2.9274 1.15485 40.4784
      vertex 2.91022 1.20545 40.3293
    endloop
  endfacet
  facet normal -0 -0.947368 -0.320145
    outer loop
      vertex 7.8991 1.20741 40.3235
      vertex 2.91022 1.20545 40.3293
      vertex 2.90926 1.20741 40.3235
    endloop
  endfacet
  facet normal 0 -0.94697 -0.321322
    outer loop
      vertex 2.9274 1.15485 40.4784
      vertex 7.8991 1.20741 40.3235
      vertex 7.90955 1.15485 40.4784
    endloop
  endfacet
  facet normal 0 -0.659317 -0.751865
    outer loop
      vertex 3.05347 0.760951 40.9917
      vertex 7.94207 0.883883 40.8839
      vertex 7.95012 0.760951 40.9917
    endloop
  endfacet
  facet normal 2.02427e-05 -0.659771 -0.751466
    outer loop
      vertex 3.04267 0.81528 40.944
      vertex 7.94207 0.883883 40.8839
      vertex 3.05347 0.760951 40.9917
    endloop
  endfacet
  facet normal -0 -0.658954 -0.752183
    outer loop
      vertex 7.94207 0.883883 40.8839
      vertex 3.04267 0.81528 40.944
      vertex 3.01938 0.883883 40.8839
    endloop
  endfacet
  facet normal 0 -0.442693 -0.896673
    outer loop
      vertex 3.10968 0.478354 41.1549
      vertex 7.95904 0.625 41.0825
      vertex 7.96865 0.478354 41.1549
    endloop
  endfacet
  facet normal -0 -0.442693 -0.896673
    outer loop
      vertex 7.95904 0.625 41.0825
      vertex 3.10968 0.478354 41.1549
      vertex 3.08051 0.625 41.0825
    endloop
  endfacet
  facet normal 0.005345 0.831354 0.555718
    outer loop
      vertex 7.935 -0.991692 39.239
      vertex 7.92394 -1.08253 39.375
      vertex 7.93156 -1.04421 39.3176
    endloop
  endfacet
  facet normal 0 0.831566 0.555425
    outer loop
      vertex 7.92394 -1.08253 39.375
      vertex 7.935 -0.991692 39.239
      vertex 2.98278 -0.991692 39.239
    endloop
  endfacet
  facet normal 0 0.831566 0.555425
    outer loop
      vertex 7.92394 -1.08253 39.375
      vertex 2.98278 -0.991692 39.239
      vertex 2.95195 -1.08253 39.375
    endloop
  endfacet
  facet normal -0 0.195096 0.980784
    outer loop
      vertex 3.13931 -0.163157 38.7607
      vertex 7.9788 -0.323524 38.7926
      vertex 7.98931 -0.163157 38.7607
    endloop
  endfacet
  facet normal 0 0.195096 0.980784
    outer loop
      vertex 7.9788 -0.323524 38.7926
      vertex 3.13931 -0.163157 38.7607
      vertex 3.12879 -0.323524 38.7926
    endloop
  endfacet
  facet normal 0 0.195096 -0.980784
    outer loop
      vertex 7.9788 -0.323524 41.2074
      vertex 3.13931 -0.163157 41.2393
      vertex 7.98931 -0.163157 41.2393
    endloop
  endfacet
  facet normal 0 0.195096 -0.980784
    outer loop
      vertex 3.13931 -0.163157 41.2393
      vertex 7.9788 -0.323524 41.2074
      vertex 3.12879 -0.323524 41.2074
    endloop
  endfacet
  facet normal -0 0.321123 0.947038
    outer loop
      vertex 3.12879 -0.323524 38.7926
      vertex 7.96865 -0.478354 38.8451
      vertex 7.9788 -0.323524 38.7926
    endloop
  endfacet
  facet normal -5.08394e-06 0.32098 0.947086
    outer loop
      vertex 3.12305 -0.411157 38.8223
      vertex 7.96865 -0.478354 38.8451
      vertex 3.12879 -0.323524 38.7926
    endloop
  endfacet
  facet normal 0 0.321309 0.946974
    outer loop
      vertex 7.96865 -0.478354 38.8451
      vertex 3.12305 -0.411157 38.8223
      vertex 3.10968 -0.478354 38.8451
    endloop
  endfacet
  facet normal 0 0.947368 0.320145
    outer loop
      vertex 7.8991 -1.20741 39.6765
      vertex 2.91022 -1.20545 39.6707
      vertex 2.90926 -1.20741 39.6765
    endloop
  endfacet
  facet normal -0 0.94697 0.321322
    outer loop
      vertex 2.9274 -1.15485 39.5216
      vertex 7.8991 -1.20741 39.6765
      vertex 7.90955 -1.15485 39.5216
    endloop
  endfacet
  facet normal -1.58347e-06 0.946955 0.321367
    outer loop
      vertex 7.8991 -1.20741 39.6765
      vertex 2.9274 -1.15485 39.5216
      vertex 2.91022 -1.20545 39.6707
    endloop
  endfacet
  facet normal 0 -0.896812 0.442411
    outer loop
      vertex 2.95195 1.08253 39.375
      vertex 7.90955 1.15485 39.5216
      vertex 2.9274 1.15485 39.5216
    endloop
  endfacet
  facet normal 0 -0.896812 0.442411
    outer loop
      vertex 7.90955 1.15485 39.5216
      vertex 2.95195 1.08253 39.375
      vertex 7.92394 1.08253 39.375
    endloop
  endfacet
  facet normal 0 -0.751753 0.659445
    outer loop
      vertex 3.01938 0.883883 39.1161
      vertex 7.935 0.991692 39.239
      vertex 2.98278 0.991692 39.239
    endloop
  endfacet
  facet normal 0 -0.751753 0.659445
    outer loop
      vertex 7.935 0.991692 39.239
      vertex 3.01938 0.883883 39.1161
      vertex 7.94207 0.883883 39.1161
    endloop
  endfacet
  facet normal 0 -0.555403 -0.831581
    outer loop
      vertex 3.08051 0.625 41.0825
      vertex 7.95012 0.760951 40.9917
      vertex 7.95904 0.625 41.0825
    endloop
  endfacet
  facet normal -0 -0.555403 -0.831581
    outer loop
      vertex 7.95012 0.760951 40.9917
      vertex 3.08051 0.625 41.0825
      vertex 3.05347 0.760951 40.9917
    endloop
  endfacet
  facet normal 0 0.980768 -0.195175
    outer loop
      vertex 7.89275 -1.23931 40.1632
      vertex 2.90926 -1.20741 40.3235
      vertex 7.8991 -1.20741 40.3235
    endloop
  endfacet
  facet normal 0 0.980768 -0.195175
    outer loop
      vertex 2.90926 -1.20741 40.3235
      vertex 7.89275 -1.23931 40.1632
      vertex 2.89353 -1.23931 40.1632
    endloop
  endfacet
  facet normal -0 0.659317 0.751865
    outer loop
      vertex 3.05347 -0.760951 39.0083
      vertex 7.94207 -0.883883 39.1161
      vertex 7.95012 -0.760951 39.0083
    endloop
  endfacet
  facet normal 2.02427e-05 0.659771 0.751466
    outer loop
      vertex 3.04267 -0.81528 39.056
      vertex 7.94207 -0.883883 39.1161
      vertex 3.05347 -0.760951 39.0083
    endloop
  endfacet
  facet normal 0 0.658954 0.752183
    outer loop
      vertex 7.94207 -0.883883 39.1161
      vertex 3.04267 -0.81528 39.056
      vertex 3.01938 -0.883883 39.1161
    endloop
  endfacet
  facet normal 0 -0.195096 0.980784
    outer loop
      vertex 7.9788 0.323524 38.7926
      vertex 3.13931 0.163157 38.7607
      vertex 7.98931 0.163157 38.7607
    endloop
  endfacet
  facet normal 0 -0.195096 0.980784
    outer loop
      vertex 3.13931 0.163157 38.7607
      vertex 7.9788 0.323524 38.7926
      vertex 3.12879 0.323524 38.7926
    endloop
  endfacet
  facet normal 0 -0.442693 0.896673
    outer loop
      vertex 7.95904 0.625 38.9175
      vertex 3.10968 0.478354 38.8451
      vertex 7.96865 0.478354 38.8451
    endloop
  endfacet
  facet normal 0 -0.442693 0.896673
    outer loop
      vertex 3.10968 0.478354 38.8451
      vertex 7.95904 0.625 38.9175
      vertex 3.08051 0.625 38.9175
    endloop
  endfacet
  facet normal 0 -0.831566 0.555425
    outer loop
      vertex 2.98278 0.991692 39.239
      vertex 7.92394 1.08253 39.375
      vertex 2.95195 1.08253 39.375
    endloop
  endfacet
  facet normal 0 -0.831566 0.555425
    outer loop
      vertex 7.935 0.991692 39.239
      vertex 7.92394 1.08253 39.375
      vertex 2.98278 0.991692 39.239
    endloop
  endfacet
  facet normal 0.005345 -0.831354 0.555718
    outer loop
      vertex 7.92394 1.08253 39.375
      vertex 7.935 0.991692 39.239
      vertex 7.93156 1.04421 39.3176
    endloop
  endfacet
  facet normal -0 -0.896812 -0.442411
    outer loop
      vertex 7.90955 1.15485 40.4784
      vertex 2.95195 1.08253 40.625
      vertex 2.9274 1.15485 40.4784
    endloop
  endfacet
  facet normal 0 -0.896812 -0.442411
    outer loop
      vertex 2.95195 1.08253 40.625
      vertex 7.90955 1.15485 40.4784
      vertex 7.92394 1.08253 40.625
    endloop
  endfacet
  facet normal -0 -0.997862 -0.0653624
    outer loop
      vertex 7.89062 1.25 40
      vertex 2.89353 1.23931 40.1632
      vertex 2.88825 1.25 40
    endloop
  endfacet
  facet normal 0 -0.997862 -0.0653624
    outer loop
      vertex 2.89353 1.23931 40.1632
      vertex 7.89062 1.25 40
      vertex 7.89275 1.23931 40.1632
    endloop
  endfacet
  facet normal -0 -0.751753 -0.659445
    outer loop
      vertex 7.935 0.991692 40.761
      vertex 3.01938 0.883883 40.8839
      vertex 2.98278 0.991692 40.761
    endloop
  endfacet
  facet normal 0 -0.751753 -0.659445
    outer loop
      vertex 3.01938 0.883883 40.8839
      vertex 7.935 0.991692 40.761
      vertex 7.94207 0.883883 40.8839
    endloop
  endfacet
  facet normal 0 0.321123 -0.947038
    outer loop
      vertex 7.96865 -0.478354 41.1549
      vertex 3.12879 -0.323524 41.2074
      vertex 7.9788 -0.323524 41.2074
    endloop
  endfacet
  facet normal -5.08394e-06 0.32098 -0.947086
    outer loop
      vertex 7.96865 -0.478354 41.1549
      vertex 3.12305 -0.411157 41.1777
      vertex 3.12879 -0.323524 41.2074
    endloop
  endfacet
  facet normal 0 0.321309 -0.946974
    outer loop
      vertex 3.12305 -0.411157 41.1777
      vertex 7.96865 -0.478354 41.1549
      vertex 3.10968 -0.478354 41.1549
    endloop
  endfacet
  facet normal 0 -0.195096 -0.980784
    outer loop
      vertex 3.13931 0.163157 41.2393
      vertex 7.9788 0.323524 41.2074
      vertex 7.98931 0.163157 41.2393
    endloop
  endfacet
  facet normal -0 -0.195096 -0.980784
    outer loop
      vertex 7.9788 0.323524 41.2074
      vertex 3.13931 0.163157 41.2393
      vertex 3.12879 0.323524 41.2074
    endloop
  endfacet
  facet normal 0 -0.659317 0.751865
    outer loop
      vertex 7.94207 0.883883 39.1161
      vertex 3.05347 0.760951 39.0083
      vertex 7.95012 0.760951 39.0083
    endloop
  endfacet
  facet normal 2.02427e-05 -0.659771 0.751466
    outer loop
      vertex 7.94207 0.883883 39.1161
      vertex 3.04267 0.81528 39.056
      vertex 3.05347 0.760951 39.0083
    endloop
  endfacet
  facet normal 0 -0.658954 0.752183
    outer loop
      vertex 3.04267 0.81528 39.056
      vertex 7.94207 0.883883 39.1161
      vertex 3.01938 0.883883 39.1161
    endloop
  endfacet
  facet normal 0 0.555403 -0.831581
    outer loop
      vertex 7.95012 -0.760951 40.9917
      vertex 3.08051 -0.625 41.0825
      vertex 7.95904 -0.625 41.0825
    endloop
  endfacet
  facet normal 0 0.555403 -0.831581
    outer loop
      vertex 3.08051 -0.625 41.0825
      vertex 7.95012 -0.760951 40.9917
      vertex 3.05347 -0.760951 40.9917
    endloop
  endfacet
  facet normal 0 -0.321123 -0.947038
    outer loop
      vertex 3.12879 0.323524 41.2074
      vertex 7.96865 0.478354 41.1549
      vertex 7.9788 0.323524 41.2074
    endloop
  endfacet
  facet normal -5.08394e-06 -0.32098 -0.947086
    outer loop
      vertex 3.12305 0.411157 41.1777
      vertex 7.96865 0.478354 41.1549
      vertex 3.12879 0.323524 41.2074
    endloop
  endfacet
  facet normal -0 -0.321309 -0.946974
    outer loop
      vertex 7.96865 0.478354 41.1549
      vertex 3.12305 0.411157 41.1777
      vertex 3.10968 0.478354 41.1549
    endloop
  endfacet
  facet normal 0 -0.831566 -0.555425
    outer loop
      vertex 7.92394 1.08253 40.625
      vertex 7.935 0.991692 40.761
      vertex 2.98278 0.991692 40.761
    endloop
  endfacet
  facet normal -0 -0.831566 -0.555425
    outer loop
      vertex 7.92394 1.08253 40.625
      vertex 2.98278 0.991692 40.761
      vertex 2.95195 1.08253 40.625
    endloop
  endfacet
  facet normal 0.005345 -0.831354 -0.555718
    outer loop
      vertex 7.935 0.991692 40.761
      vertex 7.92394 1.08253 40.625
      vertex 7.93156 1.04421 40.6824
    endloop
  endfacet
  facet normal 0.005345 0.831354 -0.555718
    outer loop
      vertex 7.92394 -1.08253 40.625
      vertex 7.935 -0.991692 40.761
      vertex 7.93156 -1.04421 40.6824
    endloop
  endfacet
  facet normal 0 0.831566 -0.555425
    outer loop
      vertex 7.935 -0.991692 40.761
      vertex 7.92394 -1.08253 40.625
      vertex 2.98278 -0.991692 40.761
    endloop
  endfacet
  facet normal 0 0.831566 -0.555425
    outer loop
      vertex 2.98278 -0.991692 40.761
      vertex 7.92394 -1.08253 40.625
      vertex 2.95195 -1.08253 40.625
    endloop
  endfacet
  facet normal 0 0.442693 -0.896673
    outer loop
      vertex 7.95904 -0.625 41.0825
      vertex 3.10968 -0.478354 41.1549
      vertex 7.96865 -0.478354 41.1549
    endloop
  endfacet
  facet normal 0 0.442693 -0.896673
    outer loop
      vertex 3.10968 -0.478354 41.1549
      vertex 7.95904 -0.625 41.0825
      vertex 3.08051 -0.625 41.0825
    endloop
  endfacet
  facet normal -0 0.997862 0.0653624
    outer loop
      vertex 2.89353 -1.23931 39.8368
      vertex 7.89062 -1.25 40
      vertex 7.89275 -1.23931 39.8368
    endloop
  endfacet
  facet normal 0 0.997862 0.0653624
    outer loop
      vertex 7.89062 -1.25 40
      vertex 2.89353 -1.23931 39.8368
      vertex 2.88825 -1.25 40
    endloop
  endfacet
  facet normal -0 0.555403 0.831581
    outer loop
      vertex 3.08051 -0.625 38.9175
      vertex 7.95012 -0.760951 39.0083
      vertex 7.95904 -0.625 38.9175
    endloop
  endfacet
  facet normal 0 0.555403 0.831581
    outer loop
      vertex 7.95012 -0.760951 39.0083
      vertex 3.08051 -0.625 38.9175
      vertex 3.05347 -0.760951 39.0083
    endloop
  endfacet
  facet normal -0 0.980768 0.195175
    outer loop
      vertex 2.90926 -1.20741 39.6765
      vertex 7.89275 -1.23931 39.8368
      vertex 7.8991 -1.20741 39.6765
    endloop
  endfacet
  facet normal 0 0.980768 0.195175
    outer loop
      vertex 7.89275 -1.23931 39.8368
      vertex 2.90926 -1.20741 39.6765
      vertex 2.89353 -1.23931 39.8368
    endloop
  endfacet
  facet normal 0 -0.947368 0.320145
    outer loop
      vertex 2.91022 1.20545 39.6707
      vertex 7.8991 1.20741 39.6765
      vertex 2.90926 1.20741 39.6765
    endloop
  endfacet
  facet normal -1.58347e-06 -0.946955 0.321367
    outer loop
      vertex 2.9274 1.15485 39.5216
      vertex 7.8991 1.20741 39.6765
      vertex 2.91022 1.20545 39.6707
    endloop
  endfacet
  facet normal 0 -0.94697 0.321322
    outer loop
      vertex 7.8991 1.20741 39.6765
      vertex 2.9274 1.15485 39.5216
      vertex 7.90955 1.15485 39.5216
    endloop
  endfacet
  facet normal -0 0.751753 0.659445
    outer loop
      vertex 3.01938 -0.883883 39.1161
      vertex 7.935 -0.991692 39.239
      vertex 7.94207 -0.883883 39.1161
    endloop
  endfacet
  facet normal 0 0.751753 0.659445
    outer loop
      vertex 7.935 -0.991692 39.239
      vertex 3.01938 -0.883883 39.1161
      vertex 2.98278 -0.991692 39.239
    endloop
  endfacet
  facet normal 0 0.997862 -0.0653624
    outer loop
      vertex 7.89062 -1.25 40
      vertex 2.89353 -1.23931 40.1632
      vertex 7.89275 -1.23931 40.1632
    endloop
  endfacet
  facet normal 0 0.997862 -0.0653624
    outer loop
      vertex 2.89353 -1.23931 40.1632
      vertex 7.89062 -1.25 40
      vertex 2.88825 -1.25 40
    endloop
  endfacet
  facet normal 0 0.94697 -0.321322
    outer loop
      vertex 7.8991 -1.20741 40.3235
      vertex 2.9274 -1.15485 40.4784
      vertex 7.90955 -1.15485 40.4784
    endloop
  endfacet
  facet normal -1.58347e-06 0.946955 -0.321367
    outer loop
      vertex 2.9274 -1.15485 40.4784
      vertex 7.8991 -1.20741 40.3235
      vertex 2.91022 -1.20545 40.3293
    endloop
  endfacet
  facet normal 0 0.947368 -0.320145
    outer loop
      vertex 2.91022 -1.20545 40.3293
      vertex 7.8991 -1.20741 40.3235
      vertex 2.90926 -1.20741 40.3235
    endloop
  endfacet
  facet normal 0 0.0654404 -0.997856
    outer loop
      vertex 7.98931 -0.163157 41.2393
      vertex 3.15 0 41.25
      vertex 8 0 41.25
    endloop
  endfacet
  facet normal 0 0.0654404 -0.997856
    outer loop
      vertex 3.15 0 41.25
      vertex 7.98931 -0.163157 41.2393
      vertex 3.13931 -0.163157 41.2393
    endloop
  endfacet
  facet normal 0 0.751753 -0.659445
    outer loop
      vertex 7.935 -0.991692 40.761
      vertex 3.01938 -0.883883 40.8839
      vertex 7.94207 -0.883883 40.8839
    endloop
  endfacet
  facet normal 0 0.751753 -0.659445
    outer loop
      vertex 3.01938 -0.883883 40.8839
      vertex 7.935 -0.991692 40.761
      vertex 2.98278 -0.991692 40.761
    endloop
  endfacet
  facet normal 0 -0.555403 0.831581
    outer loop
      vertex 7.95012 0.760951 39.0083
      vertex 3.08051 0.625 38.9175
      vertex 7.95904 0.625 38.9175
    endloop
  endfacet
  facet normal 0 -0.555403 0.831581
    outer loop
      vertex 3.08051 0.625 38.9175
      vertex 7.95012 0.760951 39.0083
      vertex 3.05347 0.760951 39.0083
    endloop
  endfacet
  facet normal 0 0.896812 -0.442411
    outer loop
      vertex 7.90955 -1.15485 40.4784
      vertex 2.95195 -1.08253 40.625
      vertex 7.92394 -1.08253 40.625
    endloop
  endfacet
  facet normal 0 0.896812 -0.442411
    outer loop
      vertex 2.95195 -1.08253 40.625
      vertex 7.90955 -1.15485 40.4784
      vertex 2.9274 -1.15485 40.4784
    endloop
  endfacet
  facet normal 0 -0.980768 0.195175
    outer loop
      vertex 2.90926 1.20741 39.6765
      vertex 7.89275 1.23931 39.8368
      vertex 2.89353 1.23931 39.8368
    endloop
  endfacet
  facet normal 0 -0.980768 0.195175
    outer loop
      vertex 7.89275 1.23931 39.8368
      vertex 2.90926 1.20741 39.6765
      vertex 7.8991 1.20741 39.6765
    endloop
  endfacet
  facet normal 0 -0.0654404 -0.997856
    outer loop
      vertex 3.15 0 41.25
      vertex 7.98931 0.163157 41.2393
      vertex 8 0 41.25
    endloop
  endfacet
  facet normal -0 -0.0654404 -0.997856
    outer loop
      vertex 7.98931 0.163157 41.2393
      vertex 3.15 0 41.25
      vertex 3.13931 0.163157 41.2393
    endloop
  endfacet
  facet normal -0 -0.980768 -0.195175
    outer loop
      vertex 7.89275 1.23931 40.1632
      vertex 2.90926 1.20741 40.3235
      vertex 2.89353 1.23931 40.1632
    endloop
  endfacet
  facet normal 0 -0.980768 -0.195175
    outer loop
      vertex 2.90926 1.20741 40.3235
      vertex 7.89275 1.23931 40.1632
      vertex 7.8991 1.20741 40.3235
    endloop
  endfacet
  facet normal 0 0.659317 -0.751865
    outer loop
      vertex 7.94207 -0.883883 40.8839
      vertex 3.05347 -0.760951 40.9917
      vertex 7.95012 -0.760951 40.9917
    endloop
  endfacet
  facet normal 2.02427e-05 0.659771 -0.751466
    outer loop
      vertex 7.94207 -0.883883 40.8839
      vertex 3.04267 -0.81528 40.944
      vertex 3.05347 -0.760951 40.9917
    endloop
  endfacet
  facet normal 0 0.658954 -0.752183
    outer loop
      vertex 3.04267 -0.81528 40.944
      vertex 7.94207 -0.883883 40.8839
      vertex 3.01938 -0.883883 40.8839
    endloop
  endfacet
  facet normal -0 0.442693 0.896673
    outer loop
      vertex 3.10968 -0.478354 38.8451
      vertex 7.95904 -0.625 38.9175
      vertex 7.96865 -0.478354 38.8451
    endloop
  endfacet
  facet normal 0 0.442693 0.896673
    outer loop
      vertex 7.95904 -0.625 38.9175
      vertex 3.10968 -0.478354 38.8451
      vertex 3.08051 -0.625 38.9175
    endloop
  endfacet
  facet normal -0.555567 0.831472 0
    outer loop
      vertex -4 6.9282 0
      vertex -4.87009 6.34683 50
      vertex -4 6.9282 50
    endloop
  endfacet
  facet normal -0.555567 0.831472 0
    outer loop
      vertex -4.87009 6.34683 50
      vertex -4 6.9282 0
      vertex -4.87009 6.34683 0
    endloop
  endfacet
  facet normal 0.980722 0.19541 0
    outer loop
      vertex 7.89275 1.23931 39.8368
      vertex 7.89062 1.25 10
      vertex 7.89062 1.25 40
    endloop
  endfacet
  facet normal 0.980722 0.19541 0
    outer loop
      vertex 7.89275 1.23931 39.8368
      vertex 7.89275 1.23931 10.1632
      vertex 7.89062 1.25 10
    endloop
  endfacet
  facet normal 0.980758 0.195229 0
    outer loop
      vertex 7.8991 1.20741 39.6765
      vertex 7.89275 1.23931 10.1632
      vertex 7.89275 1.23931 39.8368
    endloop
  endfacet
  facet normal 0.980758 0.195229 0
    outer loop
      vertex 7.8991 1.20741 39.6765
      vertex 7.8991 1.20741 10.3235
      vertex 7.89275 1.23931 10.1632
    endloop
  endfacet
  facet normal 0.980803 0.195004 0
    outer loop
      vertex 7.90955 1.15485 39.5216
      vertex 7.8991 1.20741 10.3235
      vertex 7.8991 1.20741 39.6765
    endloop
  endfacet
  facet normal 0.980803 0.195004 0
    outer loop
      vertex 7.90955 1.15485 39.5216
      vertex 7.90955 1.15485 10.4784
      vertex 7.8991 1.20741 10.3235
    endloop
  endfacet
  facet normal 0.980773 0.195151 0
    outer loop
      vertex 7.92394 1.08253 39.375
      vertex 7.90955 1.15485 10.4784
      vertex 7.90955 1.15485 39.5216
    endloop
  endfacet
  facet normal 0.980773 0.195151 0
    outer loop
      vertex 7.92394 1.08253 39.375
      vertex 7.92394 1.08253 10.625
      vertex 7.90955 1.15485 10.4784
    endloop
  endfacet
  facet normal 0.980797 0.195033 0
    outer loop
      vertex 7.93156 1.04421 39.3176
      vertex 7.92394 1.08253 10.625
      vertex 7.92394 1.08253 39.375
    endloop
  endfacet
  facet normal 0.980797 0.195033 0
    outer loop
      vertex 7.92394 1.08253 10.625
      vertex 7.93156 1.04421 39.3176
      vertex 7.93156 1.04421 10.6824
    endloop
  endfacet
  facet normal 0.980787 0.195082 0
    outer loop
      vertex 7.72741 2.07055 50
      vertex 7.89062 1.25 40
      vertex 7.72741 2.07055 0
    endloop
  endfacet
  facet normal 0.980758 0.195228 -1.24486e-05
    outer loop
      vertex 7.72741 2.07055 50
      vertex 7.89275 1.23931 40.1632
      vertex 7.89062 1.25 40
    endloop
  endfacet
  facet normal 0.980766 0.195186 -8.83704e-06
    outer loop
      vertex 7.72741 2.07055 50
      vertex 7.8991 1.20741 40.3235
      vertex 7.89275 1.23931 40.1632
    endloop
  endfacet
  facet normal 0.980799 0.195022 6.43393e-06
    outer loop
      vertex 7.72741 2.07055 50
      vertex 7.90955 1.15485 40.4784
      vertex 7.8991 1.20741 40.3235
    endloop
  endfacet
  facet normal 0.980775 0.19514 -5.43307e-06
    outer loop
      vertex 7.72741 2.07055 50
      vertex 7.92394 1.08253 40.625
      vertex 7.90955 1.15485 40.4784
    endloop
  endfacet
  facet normal 0.980786 0.195089 -0
    outer loop
      vertex 7.93156 1.04421 40.6824
      vertex 7.72741 2.07055 50
      vertex 7.93156 1.04421 50
    endloop
  endfacet
  facet normal 0.980795 0.195041 5.46371e-06
    outer loop
      vertex 7.72741 2.07055 50
      vertex 7.93156 1.04421 40.6824
      vertex 7.92394 1.08253 40.625
    endloop
  endfacet
  facet normal 0.980787 0.195082 -0
    outer loop
      vertex 7.89062 1.25 10
      vertex 7.72741 2.07055 0
      vertex 7.89062 1.25 40
    endloop
  endfacet
  facet normal 0.980758 0.195228 1.24503e-05
    outer loop
      vertex 7.89275 1.23931 9.83684
      vertex 7.72741 2.07055 0
      vertex 7.89062 1.25 10
    endloop
  endfacet
  facet normal 0.980766 0.195186 8.83603e-06
    outer loop
      vertex 7.8991 1.20741 9.67648
      vertex 7.72741 2.07055 0
      vertex 7.89275 1.23931 9.83684
    endloop
  endfacet
  facet normal 0.980799 0.195022 -6.43455e-06
    outer loop
      vertex 7.90955 1.15485 9.52165
      vertex 7.72741 2.07055 0
      vertex 7.8991 1.20741 9.67648
    endloop
  endfacet
  facet normal 0.980775 0.19514 5.43275e-06
    outer loop
      vertex 7.92394 1.08253 9.375
      vertex 7.72741 2.07055 0
      vertex 7.90955 1.15485 9.52165
    endloop
  endfacet
  facet normal 0.980795 0.195041 -5.46436e-06
    outer loop
      vertex 7.93156 1.04421 9.31765
      vertex 7.72741 2.07055 0
      vertex 7.92394 1.08253 9.375
    endloop
  endfacet
  facet normal 0.980786 0.195089 0
    outer loop
      vertex 7.72741 2.07055 0
      vertex 7.93156 1.04421 9.31765
      vertex 7.93156 1.04421 0
    endloop
  endfacet
  facet normal 0.997862 0.0653613 0
    outer loop
      vertex 7.935 0.991692 9.23905
      vertex 7.93156 1.04421 0
      vertex 7.93156 1.04421 9.31765
    endloop
  endfacet
  facet normal 0.997857 0.0654379 4.37261e-07
    outer loop
      vertex 7.94207 0.883883 9.11612
      vertex 7.93156 1.04421 0
      vertex 7.935 0.991692 9.23905
    endloop
  endfacet
  facet normal 0.997863 0.0653445 -1.21272e-06
    outer loop
      vertex 7.95012 0.760951 9.00831
      vertex 7.93156 1.04421 0
      vertex 7.94207 0.883883 9.11612
    endloop
  endfacet
  facet normal 0.997855 0.0654693 2.72899e-06
    outer loop
      vertex 7.95904 0.625 8.91747
      vertex 7.93156 1.04421 0
      vertex 7.95012 0.760951 9.00831
    endloop
  endfacet
  facet normal 0.99786 0.0653921 -9.12806e-07
    outer loop
      vertex 7.96865 0.478354 8.84515
      vertex 7.93156 1.04421 0
      vertex 7.95904 0.625 8.91747
    endloop
  endfacet
  facet normal 0.997858 0.0654152 5.66023e-07
    outer loop
      vertex 7.9788 0.323524 8.79259
      vertex 7.93156 1.04421 0
      vertex 7.96865 0.478354 8.84515
    endloop
  endfacet
  facet normal 0.997859 0.0653971 -9.2418e-07
    outer loop
      vertex 7.98931 0.163157 8.76069
      vertex 7.93156 1.04421 0
      vertex 7.9788 0.323524 8.79259
    endloop
  endfacet
  facet normal 0.99786 0.0653795 -0
    outer loop
      vertex 8 0 0
      vertex 7.98931 0.163157 8.76069
      vertex 8 0 8.75
    endloop
  endfacet
  facet normal 0.997859 0.065402 -4.21066e-07
    outer loop
      vertex 7.98931 0.163157 8.76069
      vertex 8 0 0
      vertex 7.93156 1.04421 0
    endloop
  endfacet
  facet normal 0.997862 0.0653613 0
    outer loop
      vertex 7.93156 1.04421 50
      vertex 7.935 0.991692 40.761
      vertex 7.93156 1.04421 40.6824
    endloop
  endfacet
  facet normal 0.997857 0.0654379 -4.37264e-07
    outer loop
      vertex 7.93156 1.04421 50
      vertex 7.94207 0.883883 40.8839
      vertex 7.935 0.991692 40.761
    endloop
  endfacet
  facet normal 0.997863 0.0653445 1.21273e-06
    outer loop
      vertex 7.93156 1.04421 50
      vertex 7.95012 0.760951 40.9917
      vertex 7.94207 0.883883 40.8839
    endloop
  endfacet
  facet normal 0.997855 0.0654693 -2.72902e-06
    outer loop
      vertex 7.93156 1.04421 50
      vertex 7.95904 0.625 41.0825
      vertex 7.95012 0.760951 40.9917
    endloop
  endfacet
  facet normal 0.99786 0.0653922 9.1278e-07
    outer loop
      vertex 7.93156 1.04421 50
      vertex 7.96865 0.478354 41.1549
      vertex 7.95904 0.625 41.0825
    endloop
  endfacet
  facet normal 0.997858 0.0654152 -5.6604e-07
    outer loop
      vertex 7.93156 1.04421 50
      vertex 7.9788 0.323524 41.2074
      vertex 7.96865 0.478354 41.1549
    endloop
  endfacet
  facet normal 0.997859 0.0653971 9.24179e-07
    outer loop
      vertex 7.93156 1.04421 50
      vertex 7.98931 0.163157 41.2393
      vertex 7.9788 0.323524 41.2074
    endloop
  endfacet
  facet normal 0.997859 0.065402 4.21066e-07
    outer loop
      vertex 8 0 50
      vertex 7.98931 0.163157 41.2393
      vertex 7.93156 1.04421 50
    endloop
  endfacet
  facet normal 0.99786 0.0653795 0
    outer loop
      vertex 7.98931 0.163157 41.2393
      vertex 8 0 50
      vertex 8 0 41.25
    endloop
  endfacet
  facet normal 0.997862 0.0653613 0
    outer loop
      vertex 7.935 0.991692 39.239
      vertex 7.93156 1.04421 10.6824
      vertex 7.93156 1.04421 39.3176
    endloop
  endfacet
  facet normal 0.997862 0.0653613 0
    outer loop
      vertex 7.935 0.991692 39.239
      vertex 7.935 0.991692 10.761
      vertex 7.93156 1.04421 10.6824
    endloop
  endfacet
  facet normal 0.997857 0.0654384 0
    outer loop
      vertex 7.94207 0.883883 39.1161
      vertex 7.935 0.991692 10.761
      vertex 7.935 0.991692 39.239
    endloop
  endfacet
  facet normal 0.997857 0.0654384 0
    outer loop
      vertex 7.94207 0.883883 39.1161
      vertex 7.94207 0.883883 10.8839
      vertex 7.935 0.991692 10.761
    endloop
  endfacet
  facet normal 0.997863 0.0653434 0
    outer loop
      vertex 7.95012 0.760951 39.0083
      vertex 7.94207 0.883883 10.8839
      vertex 7.94207 0.883883 39.1161
    endloop
  endfacet
  facet normal 0.997863 0.0653434 0
    outer loop
      vertex 7.95012 0.760951 39.0083
      vertex 7.95012 0.760951 10.9917
      vertex 7.94207 0.883883 10.8839
    endloop
  endfacet
  facet normal 0.997854 0.0654711 0
    outer loop
      vertex 7.95904 0.625 38.9175
      vertex 7.95012 0.760951 10.9917
      vertex 7.95012 0.760951 39.0083
    endloop
  endfacet
  facet normal 0.997854 0.0654711 0
    outer loop
      vertex 7.95904 0.625 38.9175
      vertex 7.95904 0.625 11.0825
      vertex 7.95012 0.760951 10.9917
    endloop
  endfacet
  facet normal 0.99786 0.0653917 0
    outer loop
      vertex 7.96865 0.478354 38.8451
      vertex 7.95904 0.625 11.0825
      vertex 7.95904 0.625 38.9175
    endloop
  endfacet
  facet normal 0.99786 0.0653917 0
    outer loop
      vertex 7.96865 0.478354 38.8451
      vertex 7.96865 0.478354 11.1548
      vertex 7.95904 0.625 11.0825
    endloop
  endfacet
  facet normal 0.997858 0.0654154 0
    outer loop
      vertex 7.9788 0.323524 38.7926
      vertex 7.96865 0.478354 11.1548
      vertex 7.96865 0.478354 38.8451
    endloop
  endfacet
  facet normal 0.997858 0.0654154 0
    outer loop
      vertex 7.9788 0.323524 38.7926
      vertex 7.9788 0.323524 11.2074
      vertex 7.96865 0.478354 11.1548
    endloop
  endfacet
  facet normal 0.997859 0.0653969 0
    outer loop
      vertex 7.98931 0.163157 38.7607
      vertex 7.9788 0.323524 11.2074
      vertex 7.9788 0.323524 38.7926
    endloop
  endfacet
  facet normal 0.997859 0.0653969 0
    outer loop
      vertex 7.98931 0.163157 38.7607
      vertex 7.98931 0.163157 11.2393
      vertex 7.9788 0.323524 11.2074
    endloop
  endfacet
  facet normal 0.99786 0.0653795 0
    outer loop
      vertex 8 0 38.75
      vertex 7.98931 0.163157 11.2393
      vertex 7.98931 0.163157 38.7607
    endloop
  endfacet
  facet normal 0.99786 0.0653795 0
    outer loop
      vertex 7.98931 0.163157 11.2393
      vertex 8 0 38.75
      vertex 8 0 11.25
    endloop
  endfacet
  facet normal 0.946931 0.321438 0
    outer loop
      vertex 7.72741 2.07055 50
      vertex 7.39104 3.06147 0
      vertex 7.39104 3.06147 50
    endloop
  endfacet
  facet normal 0.946931 0.321438 0
    outer loop
      vertex 7.39104 3.06147 0
      vertex 7.72741 2.07055 50
      vertex 7.72741 2.07055 0
    endloop
  endfacet
  facet normal -0.659351 0.751835 0
    outer loop
      vertex -4.87009 6.34683 0
      vertex -5.65685 5.65685 50
      vertex -4.87009 6.34683 50
    endloop
  endfacet
  facet normal -0.659351 0.751835 0
    outer loop
      vertex -5.65685 5.65685 50
      vertex -4.87009 6.34683 0
      vertex -5.65685 5.65685 0
    endloop
  endfacet
  facet normal 0.442295 0.89687 -0
    outer loop
      vertex 4 6.9282 0
      vertex 3.06147 7.39104 50
      vertex 4 6.9282 50
    endloop
  endfacet
  facet normal 0.442295 0.89687 0
    outer loop
      vertex 3.06147 7.39104 50
      vertex 4 6.9282 0
      vertex 3.06147 7.39104 0
    endloop
  endfacet
  facet normal 0.555567 -0.831472 0
    outer loop
      vertex 4 -6.9282 0
      vertex 4.87009 -6.34683 50
      vertex 4 -6.9282 50
    endloop
  endfacet
  facet normal 0.555567 -0.831472 0
    outer loop
      vertex 4.87009 -6.34683 50
      vertex 4 -6.9282 0
      vertex 4.87009 -6.34683 0
    endloop
  endfacet
  facet normal 0.065402 -0.997859 0
    outer loop
      vertex 0 -8 0
      vertex 1.04421 -7.93156 50
      vertex 0 -8 50
    endloop
  endfacet
  facet normal 0.065402 -0.997859 0
    outer loop
      vertex 1.04421 -7.93156 50
      vertex 0 -8 0
      vertex 1.04421 -7.93156 0
    endloop
  endfacet
  facet normal 0.980786 -0.195089 0
    outer loop
      vertex 7.72741 -2.07055 50
      vertex 7.93156 -1.04421 40.6824
      vertex 7.93156 -1.04421 50
    endloop
  endfacet
  facet normal 0.980795 -0.195041 5.46371e-06
    outer loop
      vertex 7.93156 -1.04421 40.6824
      vertex 7.72741 -2.07055 50
      vertex 7.92394 -1.08253 40.625
    endloop
  endfacet
  facet normal 0.980775 -0.19514 -5.43307e-06
    outer loop
      vertex 7.92394 -1.08253 40.625
      vertex 7.72741 -2.07055 50
      vertex 7.90955 -1.15485 40.4784
    endloop
  endfacet
  facet normal 0.980799 -0.195022 6.43393e-06
    outer loop
      vertex 7.90955 -1.15485 40.4784
      vertex 7.72741 -2.07055 50
      vertex 7.8991 -1.20741 40.3235
    endloop
  endfacet
  facet normal 0.980766 -0.195186 -8.83704e-06
    outer loop
      vertex 7.8991 -1.20741 40.3235
      vertex 7.72741 -2.07055 50
      vertex 7.89275 -1.23931 40.1632
    endloop
  endfacet
  facet normal 0.980787 -0.195082 0
    outer loop
      vertex 7.89062 -1.25 40
      vertex 7.72741 -2.07055 50
      vertex 7.89062 -1.25 10
    endloop
  endfacet
  facet normal 0.980758 -0.195228 -1.24486e-05
    outer loop
      vertex 7.89275 -1.23931 40.1632
      vertex 7.72741 -2.07055 50
      vertex 7.89062 -1.25 40
    endloop
  endfacet
  facet normal 0.980797 -0.195033 0
    outer loop
      vertex 7.92394 -1.08253 39.375
      vertex 7.93156 -1.04421 10.6824
      vertex 7.93156 -1.04421 39.3176
    endloop
  endfacet
  facet normal 0.980797 -0.195033 0
    outer loop
      vertex 7.92394 -1.08253 39.375
      vertex 7.92394 -1.08253 10.625
      vertex 7.93156 -1.04421 10.6824
    endloop
  endfacet
  facet normal 0.980773 -0.195151 0
    outer loop
      vertex 7.90955 -1.15485 39.5216
      vertex 7.92394 -1.08253 10.625
      vertex 7.92394 -1.08253 39.375
    endloop
  endfacet
  facet normal 0.980773 -0.195151 0
    outer loop
      vertex 7.90955 -1.15485 39.5216
      vertex 7.90955 -1.15485 10.4784
      vertex 7.92394 -1.08253 10.625
    endloop
  endfacet
  facet normal 0.980803 -0.195004 0
    outer loop
      vertex 7.8991 -1.20741 39.6765
      vertex 7.90955 -1.15485 10.4784
      vertex 7.90955 -1.15485 39.5216
    endloop
  endfacet
  facet normal 0.980803 -0.195004 0
    outer loop
      vertex 7.8991 -1.20741 39.6765
      vertex 7.8991 -1.20741 10.3235
      vertex 7.90955 -1.15485 10.4784
    endloop
  endfacet
  facet normal 0.980758 -0.195229 0
    outer loop
      vertex 7.89275 -1.23931 39.8368
      vertex 7.8991 -1.20741 10.3235
      vertex 7.8991 -1.20741 39.6765
    endloop
  endfacet
  facet normal 0.980758 -0.195229 0
    outer loop
      vertex 7.89275 -1.23931 39.8368
      vertex 7.89275 -1.23931 10.1632
      vertex 7.8991 -1.20741 10.3235
    endloop
  endfacet
  facet normal 0.980722 -0.19541 0
    outer loop
      vertex 7.89062 -1.25 40
      vertex 7.89275 -1.23931 10.1632
      vertex 7.89275 -1.23931 39.8368
    endloop
  endfacet
  facet normal 0.980722 -0.19541 0
    outer loop
      vertex 7.89275 -1.23931 10.1632
      vertex 7.89062 -1.25 40
      vertex 7.89062 -1.25 10
    endloop
  endfacet
  facet normal 0.980795 -0.195041 -5.46436e-06
    outer loop
      vertex 7.72741 -2.07055 0
      vertex 7.93156 -1.04421 9.31765
      vertex 7.92394 -1.08253 9.375
    endloop
  endfacet
  facet normal 0.980775 -0.19514 5.43275e-06
    outer loop
      vertex 7.72741 -2.07055 0
      vertex 7.92394 -1.08253 9.375
      vertex 7.90955 -1.15485 9.52165
    endloop
  endfacet
  facet normal 0.980799 -0.195022 -6.43455e-06
    outer loop
      vertex 7.72741 -2.07055 0
      vertex 7.90955 -1.15485 9.52165
      vertex 7.8991 -1.20741 9.67648
    endloop
  endfacet
  facet normal 0.980766 -0.195186 8.83603e-06
    outer loop
      vertex 7.72741 -2.07055 0
      vertex 7.8991 -1.20741 9.67648
      vertex 7.89275 -1.23931 9.83684
    endloop
  endfacet
  facet normal 0.980758 -0.195228 1.24503e-05
    outer loop
      vertex 7.72741 -2.07055 0
      vertex 7.89275 -1.23931 9.83684
      vertex 7.89062 -1.25 10
    endloop
  endfacet
  facet normal 0.980786 -0.195089 0
    outer loop
      vertex 7.93156 -1.04421 9.31765
      vertex 7.72741 -2.07055 0
      vertex 7.93156 -1.04421 0
    endloop
  endfacet
  facet normal 0.980787 -0.195082 0
    outer loop
      vertex 7.72741 -2.07055 0
      vertex 7.89062 -1.25 10
      vertex 7.72741 -2.07055 50
    endloop
  endfacet
  facet normal 0.89687 0.442295 0
    outer loop
      vertex 7.39104 3.06147 50
      vertex 6.9282 4 0
      vertex 6.9282 4 50
    endloop
  endfacet
  facet normal 0.89687 0.442295 0
    outer loop
      vertex 6.9282 4 0
      vertex 7.39104 3.06147 50
      vertex 7.39104 3.06147 0
    endloop
  endfacet
  facet normal -0.442295 0.89687 0
    outer loop
      vertex -3.06147 7.39104 0
      vertex -4 6.9282 50
      vertex -3.06147 7.39104 50
    endloop
  endfacet
  facet normal -0.442295 0.89687 0
    outer loop
      vertex -4 6.9282 50
      vertex -3.06147 7.39104 0
      vertex -4 6.9282 0
    endloop
  endfacet
  facet normal -0.195089 0.980786 0
    outer loop
      vertex -1.04421 7.93156 0
      vertex -2.07055 7.72741 50
      vertex -1.04421 7.93156 50
    endloop
  endfacet
  facet normal -0.195089 0.980786 0
    outer loop
      vertex -2.07055 7.72741 50
      vertex -1.04421 7.93156 0
      vertex -2.07055 7.72741 0
    endloop
  endfacet
  facet normal 0.99786 -0.0653795 0
    outer loop
      vertex 7.98931 -0.163157 8.76069
      vertex 8 0 0
      vertex 8 0 8.75
    endloop
  endfacet
  facet normal 0.997859 -0.0653971 -9.2418e-07
    outer loop
      vertex 7.93156 -1.04421 0
      vertex 7.98931 -0.163157 8.76069
      vertex 7.9788 -0.323524 8.79259
    endloop
  endfacet
  facet normal 0.997858 -0.0654152 5.66023e-07
    outer loop
      vertex 7.93156 -1.04421 0
      vertex 7.9788 -0.323524 8.79259
      vertex 7.96865 -0.478354 8.84515
    endloop
  endfacet
  facet normal 0.99786 -0.0653921 -9.12806e-07
    outer loop
      vertex 7.93156 -1.04421 0
      vertex 7.96865 -0.478354 8.84515
      vertex 7.95904 -0.625 8.91747
    endloop
  endfacet
  facet normal 0.997855 -0.0654693 2.72899e-06
    outer loop
      vertex 7.93156 -1.04421 0
      vertex 7.95904 -0.625 8.91747
      vertex 7.95012 -0.760951 9.00831
    endloop
  endfacet
  facet normal 0.997863 -0.0653445 -1.21272e-06
    outer loop
      vertex 7.93156 -1.04421 0
      vertex 7.95012 -0.760951 9.00831
      vertex 7.94207 -0.883883 9.11612
    endloop
  endfacet
  facet normal 0.997857 -0.0654379 4.37261e-07
    outer loop
      vertex 7.93156 -1.04421 0
      vertex 7.94207 -0.883883 9.11612
      vertex 7.935 -0.991692 9.23905
    endloop
  endfacet
  facet normal 0.997862 -0.0653613 0
    outer loop
      vertex 7.93156 -1.04421 0
      vertex 7.935 -0.991692 9.23905
      vertex 7.93156 -1.04421 9.31765
    endloop
  endfacet
  facet normal 0.997859 -0.065402 -4.21066e-07
    outer loop
      vertex 7.98931 -0.163157 8.76069
      vertex 7.93156 -1.04421 0
      vertex 8 0 0
    endloop
  endfacet
  facet normal 0.99786 -0.0653795 0
    outer loop
      vertex 8 0 50
      vertex 7.98931 -0.163157 41.2393
      vertex 8 0 41.25
    endloop
  endfacet
  facet normal 0.997859 -0.065402 4.21066e-07
    outer loop
      vertex 7.93156 -1.04421 50
      vertex 7.98931 -0.163157 41.2393
      vertex 8 0 50
    endloop
  endfacet
  facet normal 0.997859 -0.0653971 9.24179e-07
    outer loop
      vertex 7.98931 -0.163157 41.2393
      vertex 7.93156 -1.04421 50
      vertex 7.9788 -0.323524 41.2074
    endloop
  endfacet
  facet normal 0.997858 -0.0654152 -5.6604e-07
    outer loop
      vertex 7.9788 -0.323524 41.2074
      vertex 7.93156 -1.04421 50
      vertex 7.96865 -0.478354 41.1549
    endloop
  endfacet
  facet normal 0.99786 -0.0653922 9.1278e-07
    outer loop
      vertex 7.96865 -0.478354 41.1549
      vertex 7.93156 -1.04421 50
      vertex 7.95904 -0.625 41.0825
    endloop
  endfacet
  facet normal 0.997855 -0.0654693 -2.72902e-06
    outer loop
      vertex 7.95904 -0.625 41.0825
      vertex 7.93156 -1.04421 50
      vertex 7.95012 -0.760951 40.9917
    endloop
  endfacet
  facet normal 0.997863 -0.0653445 1.21273e-06
    outer loop
      vertex 7.95012 -0.760951 40.9917
      vertex 7.93156 -1.04421 50
      vertex 7.94207 -0.883883 40.8839
    endloop
  endfacet
  facet normal 0.997857 -0.0654379 -4.37264e-07
    outer loop
      vertex 7.94207 -0.883883 40.8839
      vertex 7.93156 -1.04421 50
      vertex 7.935 -0.991692 40.761
    endloop
  endfacet
  facet normal 0.997862 -0.0653613 0
    outer loop
      vertex 7.935 -0.991692 40.761
      vertex 7.93156 -1.04421 50
      vertex 7.93156 -1.04421 40.6824
    endloop
  endfacet
  facet normal 0.99786 -0.0653795 0
    outer loop
      vertex 7.98931 -0.163157 38.7607
      vertex 8 0 11.25
      vertex 8 0 38.75
    endloop
  endfacet
  facet normal 0.99786 -0.0653795 0
    outer loop
      vertex 7.98931 -0.163157 38.7607
      vertex 7.98931 -0.163157 11.2393
      vertex 8 0 11.25
    endloop
  endfacet
  facet normal 0.997859 -0.0653969 0
    outer loop
      vertex 7.9788 -0.323524 38.7926
      vertex 7.98931 -0.163157 11.2393
      vertex 7.98931 -0.163157 38.7607
    endloop
  endfacet
  facet normal 0.997859 -0.0653969 0
    outer loop
      vertex 7.9788 -0.323524 38.7926
      vertex 7.9788 -0.323524 11.2074
      vertex 7.98931 -0.163157 11.2393
    endloop
  endfacet
  facet normal 0.997858 -0.0654154 0
    outer loop
      vertex 7.96865 -0.478354 38.8451
      vertex 7.9788 -0.323524 11.2074
      vertex 7.9788 -0.323524 38.7926
    endloop
  endfacet
  facet normal 0.997858 -0.0654154 0
    outer loop
      vertex 7.96865 -0.478354 38.8451
      vertex 7.96865 -0.478354 11.1548
      vertex 7.9788 -0.323524 11.2074
    endloop
  endfacet
  facet normal 0.99786 -0.0653917 0
    outer loop
      vertex 7.95904 -0.625 38.9175
      vertex 7.96865 -0.478354 11.1548
      vertex 7.96865 -0.478354 38.8451
    endloop
  endfacet
  facet normal 0.99786 -0.0653917 0
    outer loop
      vertex 7.95904 -0.625 38.9175
      vertex 7.95904 -0.625 11.0825
      vertex 7.96865 -0.478354 11.1548
    endloop
  endfacet
  facet normal 0.997854 -0.0654711 0
    outer loop
      vertex 7.95012 -0.760951 39.0083
      vertex 7.95904 -0.625 11.0825
      vertex 7.95904 -0.625 38.9175
    endloop
  endfacet
  facet normal 0.997854 -0.0654711 0
    outer loop
      vertex 7.95012 -0.760951 39.0083
      vertex 7.95012 -0.760951 10.9917
      vertex 7.95904 -0.625 11.0825
    endloop
  endfacet
  facet normal 0.997863 -0.0653434 0
    outer loop
      vertex 7.94207 -0.883883 39.1161
      vertex 7.95012 -0.760951 10.9917
      vertex 7.95012 -0.760951 39.0083
    endloop
  endfacet
  facet normal 0.997863 -0.0653434 0
    outer loop
      vertex 7.94207 -0.883883 39.1161
      vertex 7.94207 -0.883883 10.8839
      vertex 7.95012 -0.760951 10.9917
    endloop
  endfacet
  facet normal 0.997857 -0.0654384 0
    outer loop
      vertex 7.935 -0.991692 39.239
      vertex 7.94207 -0.883883 10.8839
      vertex 7.94207 -0.883883 39.1161
    endloop
  endfacet
  facet normal 0.997857 -0.0654384 0
    outer loop
      vertex 7.935 -0.991692 39.239
      vertex 7.935 -0.991692 10.761
      vertex 7.94207 -0.883883 10.8839
    endloop
  endfacet
  facet normal 0.997862 -0.0653613 0
    outer loop
      vertex 7.93156 -1.04421 39.3176
      vertex 7.935 -0.991692 10.761
      vertex 7.935 -0.991692 39.239
    endloop
  endfacet
  facet normal 0.997862 -0.0653613 0
    outer loop
      vertex 7.935 -0.991692 10.761
      vertex 7.93156 -1.04421 39.3176
      vertex 7.93156 -1.04421 10.6824
    endloop
  endfacet
  facet normal 0.195089 -0.980786 0
    outer loop
      vertex 1.04421 -7.93156 0
      vertex 2.07055 -7.72741 50
      vertex 1.04421 -7.93156 50
    endloop
  endfacet
  facet normal 0.195089 -0.980786 0
    outer loop
      vertex 2.07055 -7.72741 50
      vertex 1.04421 -7.93156 0
      vertex 2.07055 -7.72741 0
    endloop
  endfacet
  facet normal 0.659351 -0.751835 0
    outer loop
      vertex 4.87009 -6.34683 0
      vertex 5.65685 -5.65685 50
      vertex 4.87009 -6.34683 50
    endloop
  endfacet
  facet normal 0.659351 -0.751835 0
    outer loop
      vertex 5.65685 -5.65685 50
      vertex 4.87009 -6.34683 0
      vertex 5.65685 -5.65685 0
    endloop
  endfacet
  facet normal -0.321438 -0.946931 0
    outer loop
      vertex -3.06147 -7.39104 0
      vertex -2.07055 -7.72741 50
      vertex -3.06147 -7.39104 50
    endloop
  endfacet
  facet normal -0.321438 -0.946931 -0
    outer loop
      vertex -2.07055 -7.72741 50
      vertex -3.06147 -7.39104 0
      vertex -2.07055 -7.72741 0
    endloop
  endfacet
  facet normal 0 0 1
    outer loop
      vertex 3.15 0 50
      vertex 8 0 50
      vertex 7.93156 1.04421 50
    endloop
  endfacet
  facet normal 0 0 1
    outer loop
      vertex 3.12305 0.411157 50
      vertex 7.93156 1.04421 50
      vertex 7.72741 2.07055 50
    endloop
  endfacet
  facet normal 0 0 1
    outer loop
      vertex 8 0 50
      vertex 3.15 0 50
      vertex 7.93156 -1.04421 50
    endloop
  endfacet
  facet normal 0 0 1
    outer loop
      vertex 3.04267 0.81528 50
      vertex 7.72741 2.07055 50
      vertex 7.39104 3.06147 50
    endloop
  endfacet
  facet normal -0 0 1
    outer loop
      vertex 3.12305 -0.411157 50
      vertex 7.93156 -1.04421 50
      vertex 3.15 0 50
    endloop
  endfacet
  facet normal 0 0 1
    outer loop
      vertex 2.91022 1.20545 50
      vertex 7.39104 3.06147 50
      vertex 6.9282 4 50
    endloop
  endfacet
  facet normal 0 0 1
    outer loop
      vertex 7.93156 -1.04421 50
      vertex 3.12305 -0.411157 50
      vertex 7.72741 -2.07055 50
    endloop
  endfacet
  facet normal 0 0 1
    outer loop
      vertex 2.72798 1.575 50
      vertex 6.9282 4 50
      vertex 6.34683 4.87009 50
    endloop
  endfacet
  facet normal -0 0 1
    outer loop
      vertex 3.04267 -0.81528 50
      vertex 7.72741 -2.07055 50
      vertex 3.12305 -0.411157 50
    endloop
  endfacet
  facet normal 0 0 1
    outer loop
      vertex 2.49906 1.9176 50
      vertex 6.34683 4.87009 50
      vertex 5.65685 5.65685 50
    endloop
  endfacet
  facet normal 0 0 1
    outer loop
      vertex 7.72741 -2.07055 50
      vertex 3.04267 -0.81528 50
      vertex 7.39104 -3.06147 50
    endloop
  endfacet
  facet normal 0 0 1
    outer loop
      vertex 2.22739 2.22739 50
      vertex 5.65685 5.65685 50
      vertex 4.87009 6.34683 50
    endloop
  endfacet
  facet normal -0 0 1
    outer loop
      vertex 2.91022 -1.20545 50
      vertex 7.39104 -3.06147 50
      vertex 3.04267 -0.81528 50
    endloop
  endfacet
  facet normal 0 0 1
    outer loop
      vertex 1.9176 2.49906 50
      vertex 4.87009 6.34683 50
      vertex 4 6.9282 50
    endloop
  endfacet
  facet normal 0 0 1
    outer loop
      vertex 7.39104 -3.06147 50
      vertex 2.91022 -1.20545 50
      vertex 6.9282 -4 50
    endloop
  endfacet
  facet normal -0 0 1
    outer loop
      vertex 2.72798 -1.575 50
      vertex 6.9282 -4 50
      vertex 2.91022 -1.20545 50
    endloop
  endfacet
  facet normal 0 0 1
    outer loop
      vertex 7.93156 1.04421 50
      vertex 3.12305 0.411157 50
      vertex 3.15 0 50
    endloop
  endfacet
  facet normal 0 0 1
    outer loop
      vertex 1.575 2.72798 50
      vertex 4 6.9282 50
      vertex 3.06147 7.39104 50
    endloop
  endfacet
  facet normal 0 0 1
    outer loop
      vertex 7.72741 2.07055 50
      vertex 3.04267 0.81528 50
      vertex 3.12305 0.411157 50
    endloop
  endfacet
  facet normal 0 0 1
    outer loop
      vertex 7.39104 3.06147 50
      vertex 2.91022 1.20545 50
      vertex 3.04267 0.81528 50
    endloop
  endfacet
  facet normal 0 0 1
    outer loop
      vertex 6.9282 4 50
      vertex 2.72798 1.575 50
      vertex 2.91022 1.20545 50
    endloop
  endfacet
  facet normal 0 0 1
    outer loop
      vertex 6.34683 4.87009 50
      vertex 2.49906 1.9176 50
      vertex 2.72798 1.575 50
    endloop
  endfacet
  facet normal 0 0 1
    outer loop
      vertex 5.65685 5.65685 50
      vertex 2.22739 2.22739 50
      vertex 2.49906 1.9176 50
    endloop
  endfacet
  facet normal 0 0 1
    outer loop
      vertex 1.20545 2.91022 50
      vertex 3.06147 7.39104 50
      vertex 2.07055 7.72741 50
    endloop
  endfacet
  facet normal 0 0 1
    outer loop
      vertex 4.87009 6.34683 50
      vertex 1.9176 2.49906 50
      vertex 2.22739 2.22739 50
    endloop
  endfacet
  facet normal 0 0 1
    outer loop
      vertex 4 6.9282 50
      vertex 1.575 2.72798 50
      vertex 1.9176 2.49906 50
    endloop
  endfacet
  facet normal 0 0 1
    outer loop
      vertex 3.06147 7.39104 50
      vertex 1.20545 2.91022 50
      vertex 1.575 2.72798 50
    endloop
  endfacet
  facet normal 0 0 1
    outer loop
      vertex 0.81528 3.04267 50
      vertex 2.07055 7.72741 50
      vertex 1.04421 7.93156 50
    endloop
  endfacet
  facet normal 0 0 1
    outer loop
      vertex 2.07055 7.72741 50
      vertex 0.81528 3.04267 50
      vertex 1.20545 2.91022 50
    endloop
  endfacet
  facet normal 0 0 1
    outer loop
      vertex 1.04421 7.93156 50
      vertex 0.411157 3.12305 50
      vertex 0.81528 3.04267 50
    endloop
  endfacet
  facet normal 0 0 1
    outer loop
      vertex 0 8 50
      vertex 0.411157 3.12305 50
      vertex 1.04421 7.93156 50
    endloop
  endfacet
  facet normal 0 0 1
    outer loop
      vertex 0 8 50
      vertex 0 3.15 50
      vertex 0.411157 3.12305 50
    endloop
  endfacet
  facet normal 0 0 1
    outer loop
      vertex 0 8 50
      vertex -0.411157 3.12305 50
      vertex 0 3.15 50
    endloop
  endfacet
  facet normal -0 0 1
    outer loop
      vertex -1.04421 7.93156 50
      vertex -0.411157 3.12305 50
      vertex 0 8 50
    endloop
  endfacet
  facet normal 0 0 1
    outer loop
      vertex -0.411157 3.12305 50
      vertex -1.04421 7.93156 50
      vertex -0.81528 3.04267 50
    endloop
  endfacet
  facet normal -0 0 1
    outer loop
      vertex -2.07055 7.72741 50
      vertex -0.81528 3.04267 50
      vertex -1.04421 7.93156 50
    endloop
  endfacet
  facet normal 0 0 1
    outer loop
      vertex -0.81528 3.04267 50
      vertex -2.07055 7.72741 50
      vertex -1.20545 2.91022 50
    endloop
  endfacet
  facet normal -0 0 1
    outer loop
      vertex -3.06147 7.39104 50
      vertex -1.20545 2.91022 50
      vertex -2.07055 7.72741 50
    endloop
  endfacet
  facet normal 0 0 1
    outer loop
      vertex -1.20545 2.91022 50
      vertex -3.06147 7.39104 50
      vertex -1.575 2.72798 50
    endloop
  endfacet
  facet normal -0 0 1
    outer loop
      vertex -4 6.9282 50
      vertex -1.575 2.72798 50
      vertex -3.06147 7.39104 50
    endloop
  endfacet
  facet normal 0 0 1
    outer loop
      vertex -1.575 2.72798 50
      vertex -4 6.9282 50
      vertex -1.9176 2.49906 50
    endloop
  endfacet
  facet normal -0 0 1
    outer loop
      vertex -4.87009 6.34683 50
      vertex -1.9176 2.49906 50
      vertex -4 6.9282 50
    endloop
  endfacet
  facet normal 0 0 1
    outer loop
      vertex -1.9176 2.49906 50
      vertex -4.87009 6.34683 50
      vertex -2.22739 2.22739 50
    endloop
  endfacet
  facet normal -0 0 1
    outer loop
      vertex -5.65685 5.65685 50
      vertex -2.22739 2.22739 50
      vertex -4.87009 6.34683 50
    endloop
  endfacet
  facet normal 0 0 1
    outer loop
      vertex -2.22739 2.22739 50
      vertex -5.65685 5.65685 50
      vertex -2.49906 1.9176 50
    endloop
  endfacet
  facet normal -0 0 1
    outer loop
      vertex -6.34683 4.87009 50
      vertex -2.49906 1.9176 50
      vertex -5.65685 5.65685 50
    endloop
  endfacet
  facet normal 0 0 1
    outer loop
      vertex -2.49906 1.9176 50
      vertex -6.34683 4.87009 50
      vertex -2.72798 1.575 50
    endloop
  endfacet
  facet normal -0 0 1
    outer loop
      vertex -6.9282 4 50
      vertex -2.72798 1.575 50
      vertex -6.34683 4.87009 50
    endloop
  endfacet
  facet normal 0 0 1
    outer loop
      vertex 6.9282 -4 50
      vertex 2.72798 -1.575 50
      vertex 6.34683 -4.87009 50
    endloop
  endfacet
  facet normal -0 0 1
    outer loop
      vertex 2.49906 -1.9176 50
      vertex 6.34683 -4.87009 50
      vertex 2.72798 -1.575 50
    endloop
  endfacet
  facet normal 0 0 1
    outer loop
      vertex 6.34683 -4.87009 50
      vertex 2.49906 -1.9176 50
      vertex 5.65685 -5.65685 50
    endloop
  endfacet
  facet normal -0 0 1
    outer loop
      vertex 2.22739 -2.22739 50
      vertex 5.65685 -5.65685 50
      vertex 2.49906 -1.9176 50
    endloop
  endfacet
  facet normal 0 0 1
    outer loop
      vertex 5.65685 -5.65685 50
      vertex 2.22739 -2.22739 50
      vertex 4.87009 -6.34683 50
    endloop
  endfacet
  facet normal -0 0 1
    outer loop
      vertex 1.9176 -2.49906 50
      vertex 4.87009 -6.34683 50
      vertex 2.22739 -2.22739 50
    endloop
  endfacet
  facet normal 0 0 1
    outer loop
      vertex 4.87009 -6.34683 50
      vertex 1.9176 -2.49906 50
      vertex 4 -6.9282 50
    endloop
  endfacet
  facet normal -0 0 1
    outer loop
      vertex 1.575 -2.72798 50
      vertex 4 -6.9282 50
      vertex 1.9176 -2.49906 50
    endloop
  endfacet
  facet normal 0 0 1
    outer loop
      vertex 4 -6.9282 50
      vertex 1.575 -2.72798 50
      vertex 3.06147 -7.39104 50
    endloop
  endfacet
  facet normal -0 0 1
    outer loop
      vertex 1.20545 -2.91022 50
      vertex 3.06147 -7.39104 50
      vertex 1.575 -2.72798 50
    endloop
  endfacet
  facet normal 0 0 1
    outer loop
      vertex 3.06147 -7.39104 50
      vertex 1.20545 -2.91022 50
      vertex 2.07055 -7.72741 50
    endloop
  endfacet
  facet normal -0 0 1
    outer loop
      vertex 0.81528 -3.04267 50
      vertex 2.07055 -7.72741 50
      vertex 1.20545 -2.91022 50
    endloop
  endfacet
  facet normal 0 0 1
    outer loop
      vertex 2.07055 -7.72741 50
      vertex 0.81528 -3.04267 50
      vertex 1.04421 -7.93156 50
    endloop
  endfacet
  facet normal -0 0 1
    outer loop
      vertex 0.411157 -3.12305 50
      vertex 1.04421 -7.93156 50
      vertex 0.81528 -3.04267 50
    endloop
  endfacet
  facet normal -0 0 1
    outer loop
      vertex 0 -3.15 50
      vertex 1.04421 -7.93156 50
      vertex 0.411157 -3.12305 50
    endloop
  endfacet
  facet normal 0 0 1
    outer loop
      vertex 0 -3.15 50
      vertex 0 -8 50
      vertex 1.04421 -7.93156 50
    endloop
  endfacet
  facet normal 0 0 1
    outer loop
      vertex -0.411157 -3.12305 50
      vertex 0 -8 50
      vertex 0 -3.15 50
    endloop
  endfacet
  facet normal 0 0 1
    outer loop
      vertex -1.04421 -7.93156 50
      vertex -0.411157 -3.12305 50
      vertex -0.81528 -3.04267 50
    endloop
  endfacet
  facet normal 0 0 1
    outer loop
      vertex -0.411157 -3.12305 50
      vertex -1.04421 -7.93156 50
      vertex 0 -8 50
    endloop
  endfacet
  facet normal 0 0 1
    outer loop
      vertex -2.07055 -7.72741 50
      vertex -0.81528 -3.04267 50
      vertex -1.20545 -2.91022 50
    endloop
  endfacet
  facet normal 0 0 1
    outer loop
      vertex -3.06147 -7.39104 50
      vertex -1.20545 -2.91022 50
      vertex -1.575 -2.72798 50
    endloop
  endfacet
  facet normal 0 0 1
    outer loop
      vertex -4 -6.9282 50
      vertex -1.575 -2.72798 50
      vertex -1.9176 -2.49906 50
    endloop
  endfacet
  facet normal 0 0 1
    outer loop
      vertex -0.81528 -3.04267 50
      vertex -2.07055 -7.72741 50
      vertex -1.04421 -7.93156 50
    endloop
  endfacet
  facet normal 0 0 1
    outer loop
      vertex -4.87009 -6.34683 50
      vertex -1.9176 -2.49906 50
      vertex -2.22739 -2.22739 50
    endloop
  endfacet
  facet normal 0 0 1
    outer loop
      vertex -5.65685 -5.65685 50
      vertex -2.22739 -2.22739 50
      vertex -2.49906 -1.9176 50
    endloop
  endfacet
  facet normal 0 0 1
    outer loop
      vertex -6.34683 -4.87009 50
      vertex -2.49906 -1.9176 50
      vertex -2.72798 -1.575 50
    endloop
  endfacet
  facet normal 0 0 1
    outer loop
      vertex -6.9282 -4 50
      vertex -2.72798 -1.575 50
      vertex -2.91022 -1.20545 50
    endloop
  endfacet
  facet normal 0 0 1
    outer loop
      vertex -7.39104 -3.06147 50
      vertex -2.91022 -1.20545 50
      vertex -3.04267 -0.81528 50
    endloop
  endfacet
  facet normal 0 0 1
    outer loop
      vertex -1.20545 -2.91022 50
      vertex -3.06147 -7.39104 50
      vertex -2.07055 -7.72741 50
    endloop
  endfacet
  facet normal 0 0 1
    outer loop
      vertex -7.72741 -2.07055 50
      vertex -3.04267 -0.81528 50
      vertex -3.12305 -0.411157 50
    endloop
  endfacet
  facet normal 0 0 1
    outer loop
      vertex -7.93156 -1.04421 50
      vertex -3.12305 -0.411157 50
      vertex -3.15 0 50
    endloop
  endfacet
  facet normal 0 0 1
    outer loop
      vertex -2.72798 1.575 50
      vertex -6.9282 4 50
      vertex -2.91022 1.20545 50
    endloop
  endfacet
  facet normal 0 0 1
    outer loop
      vertex -1.575 -2.72798 50
      vertex -4 -6.9282 50
      vertex -3.06147 -7.39104 50
    endloop
  endfacet
  facet normal -0 0 1
    outer loop
      vertex -7.39104 3.06147 50
      vertex -2.91022 1.20545 50
      vertex -6.9282 4 50
    endloop
  endfacet
  facet normal 0 0 1
    outer loop
      vertex -1.9176 -2.49906 50
      vertex -4.87009 -6.34683 50
      vertex -4 -6.9282 50
    endloop
  endfacet
  facet normal 0 0 1
    outer loop
      vertex -2.91022 1.20545 50
      vertex -7.39104 3.06147 50
      vertex -3.04267 0.81528 50
    endloop
  endfacet
  facet normal 0 0 1
    outer loop
      vertex -2.22739 -2.22739 50
      vertex -5.65685 -5.65685 50
      vertex -4.87009 -6.34683 50
    endloop
  endfacet
  facet normal -0 0 1
    outer loop
      vertex -7.72741 2.07055 50
      vertex -3.04267 0.81528 50
      vertex -7.39104 3.06147 50
    endloop
  endfacet
  facet normal 0 0 1
    outer loop
      vertex -2.49906 -1.9176 50
      vertex -6.34683 -4.87009 50
      vertex -5.65685 -5.65685 50
    endloop
  endfacet
  facet normal 0 0 1
    outer loop
      vertex -3.04267 0.81528 50
      vertex -7.72741 2.07055 50
      vertex -3.12305 0.411157 50
    endloop
  endfacet
  facet normal 0 0 1
    outer loop
      vertex -2.72798 -1.575 50
      vertex -6.9282 -4 50
      vertex -6.34683 -4.87009 50
    endloop
  endfacet
  facet normal -0 0 1
    outer loop
      vertex -7.93156 1.04421 50
      vertex -3.12305 0.411157 50
      vertex -7.72741 2.07055 50
    endloop
  endfacet
  facet normal 0 0 1
    outer loop
      vertex -2.91022 -1.20545 50
      vertex -7.39104 -3.06147 50
      vertex -6.9282 -4 50
    endloop
  endfacet
  facet normal 0 0 1
    outer loop
      vertex -3.12305 0.411157 50
      vertex -7.93156 1.04421 50
      vertex -3.15 0 50
    endloop
  endfacet
  facet normal 0 0 1
    outer loop
      vertex -3.04267 -0.81528 50
      vertex -7.72741 -2.07055 50
      vertex -7.39104 -3.06147 50
    endloop
  endfacet
  facet normal 0 0 1
    outer loop
      vertex -8 0 50
      vertex -3.15 0 50
      vertex -7.93156 1.04421 50
    endloop
  endfacet
  facet normal 0 0 1
    outer loop
      vertex -3.12305 -0.411157 50
      vertex -7.93156 -1.04421 50
      vertex -7.72741 -2.07055 50
    endloop
  endfacet
  facet normal 0 0 1
    outer loop
      vertex -3.15 0 50
      vertex -8 0 50
      vertex -7.93156 -1.04421 50
    endloop
  endfacet
  facet normal 0.321438 0.946931 -0
    outer loop
      vertex 3.06147 7.39104 0
      vertex 2.07055 7.72741 50
      vertex 3.06147 7.39104 50
    endloop
  endfacet
  facet normal 0.321438 0.946931 0
    outer loop
      vertex 2.07055 7.72741 50
      vertex 3.06147 7.39104 0
      vertex 2.07055 7.72741 0
    endloop
  endfacet
  facet normal -0.980786 -0.195089 0
    outer loop
      vertex -7.72741 -2.07055 0
      vertex -7.93156 -1.04421 50
      vertex -7.93156 -1.04421 0
    endloop
  endfacet
  facet normal -0.980786 -0.195089 0
    outer loop
      vertex -7.93156 -1.04421 50
      vertex -7.72741 -2.07055 0
      vertex -7.72741 -2.07055 50
    endloop
  endfacet
  facet normal -0.442295 -0.89687 0
    outer loop
      vertex -4 -6.9282 0
      vertex -3.06147 -7.39104 50
      vertex -4 -6.9282 50
    endloop
  endfacet
  facet normal -0.442295 -0.89687 -0
    outer loop
      vertex -3.06147 -7.39104 50
      vertex -4 -6.9282 0
      vertex -3.06147 -7.39104 0
    endloop
  endfacet
  facet normal 0.555567 0.831472 -0
    outer loop
      vertex 4.87009 6.34683 0
      vertex 4 6.9282 50
      vertex 4.87009 6.34683 50
    endloop
  endfacet
  facet normal 0.555567 0.831472 0
    outer loop
      vertex 4 6.9282 50
      vertex 4.87009 6.34683 0
      vertex 4 6.9282 0
    endloop
  endfacet
  facet normal -0.997859 -0.065402 0
    outer loop
      vertex -7.93156 -1.04421 0
      vertex -8 0 50
      vertex -8 0 0
    endloop
  endfacet
  facet normal -0.997859 -0.065402 0
    outer loop
      vertex -8 0 50
      vertex -7.93156 -1.04421 0
      vertex -7.93156 -1.04421 50
    endloop
  endfacet
  facet normal -0.555567 -0.831472 0
    outer loop
      vertex -4.87009 -6.34683 0
      vertex -4 -6.9282 50
      vertex -4.87009 -6.34683 50
    endloop
  endfacet
  facet normal -0.555567 -0.831472 -0
    outer loop
      vertex -4 -6.9282 50
      vertex -4.87009 -6.34683 0
      vertex -4 -6.9282 0
    endloop
  endfacet
  facet normal 0.321438 -0.946931 0
    outer loop
      vertex 2.07055 -7.72741 0
      vertex 3.06147 -7.39104 50
      vertex 2.07055 -7.72741 50
    endloop
  endfacet
  facet normal 0.321438 -0.946931 0
    outer loop
      vertex 3.06147 -7.39104 50
      vertex 2.07055 -7.72741 0
      vertex 3.06147 -7.39104 0
    endloop
  endfacet
  facet normal -0.980786 0.195089 0
    outer loop
      vertex -7.93156 1.04421 0
      vertex -7.72741 2.07055 50
      vertex -7.72741 2.07055 0
    endloop
  endfacet
  facet normal -0.980786 0.195089 0
    outer loop
      vertex -7.72741 2.07055 50
      vertex -7.93156 1.04421 0
      vertex -7.93156 1.04421 50
    endloop
  endfacet
  facet normal 0.831472 0.555567 0
    outer loop
      vertex 6.9282 4 50
      vertex 6.34683 4.87009 0
      vertex 6.34683 4.87009 50
    endloop
  endfacet
  facet normal 0.831472 0.555567 0
    outer loop
      vertex 6.34683 4.87009 0
      vertex 6.9282 4 50
      vertex 6.9282 4 0
    endloop
  endfacet
  facet normal -0.065402 0.997859 0
    outer loop
      vertex 0 8 0
      vertex -1.04421 7.93156 50
      vertex 0 8 50
    endloop
  endfacet
  facet normal -0.065402 0.997859 0
    outer loop
      vertex -1.04421 7.93156 50
      vertex 0 8 0
      vertex -1.04421 7.93156 0
    endloop
  endfacet
  facet normal 0.751835 0.659351 0
    outer loop
      vertex 6.34683 4.87009 50
      vertex 5.65685 5.65685 0
      vertex 5.65685 5.65685 50
    endloop
  endfacet
  facet normal 0.751835 0.659351 0
    outer loop
      vertex 5.65685 5.65685 0
      vertex 6.34683 4.87009 50
      vertex 6.34683 4.87009 0
    endloop
  endfacet
  facet normal 0.659351 0.751835 -0
    outer loop
      vertex 5.65685 5.65685 0
      vertex 4.87009 6.34683 50
      vertex 5.65685 5.65685 50
    endloop
  endfacet
  facet normal 0.659351 0.751835 0
    outer loop
      vertex 4.87009 6.34683 50
      vertex 5.65685 5.65685 0
      vertex 4.87009 6.34683 0
    endloop
  endfacet
  facet normal 0.831472 -0.555567 0
    outer loop
      vertex 6.34683 -4.87009 50
      vertex 6.9282 -4 0
      vertex 6.9282 -4 50
    endloop
  endfacet
  facet normal 0.831472 -0.555567 0
    outer loop
      vertex 6.9282 -4 0
      vertex 6.34683 -4.87009 50
      vertex 6.34683 -4.87009 0
    endloop
  endfacet
  facet normal -0.321438 0.946931 0
    outer loop
      vertex -2.07055 7.72741 0
      vertex -3.06147 7.39104 50
      vertex -2.07055 7.72741 50
    endloop
  endfacet
  facet normal -0.321438 0.946931 0
    outer loop
      vertex -3.06147 7.39104 50
      vertex -2.07055 7.72741 0
      vertex -3.06147 7.39104 0
    endloop
  endfacet
  facet normal 0.195089 0.980786 -0
    outer loop
      vertex 2.07055 7.72741 0
      vertex 1.04421 7.93156 50
      vertex 2.07055 7.72741 50
    endloop
  endfacet
  facet normal 0.195089 0.980786 0
    outer loop
      vertex 1.04421 7.93156 50
      vertex 2.07055 7.72741 0
      vertex 1.04421 7.93156 0
    endloop
  endfacet
  facet normal -0.89687 -0.442295 0
    outer loop
      vertex -6.9282 -4 0
      vertex -7.39104 -3.06147 50
      vertex -7.39104 -3.06147 0
    endloop
  endfacet
  facet normal -0.89687 -0.442295 0
    outer loop
      vertex -7.39104 -3.06147 50
      vertex -6.9282 -4 0
      vertex -6.9282 -4 50
    endloop
  endfacet
  facet normal 0.946931 -0.321438 0
    outer loop
      vertex 7.39104 -3.06147 50
      vertex 7.72741 -2.07055 0
      vertex 7.72741 -2.07055 50
    endloop
  endfacet
  facet normal 0.946931 -0.321438 0
    outer loop
      vertex 7.72741 -2.07055 0
      vertex 7.39104 -3.06147 50
      vertex 7.39104 -3.06147 0
    endloop
  endfacet
  facet normal 0.065402 0.997859 -0
    outer loop
      vertex 1.04421 7.93156 0
      vertex 0 8 50
      vertex 1.04421 7.93156 50
    endloop
  endfacet
  facet normal 0.065402 0.997859 0
    outer loop
      vertex 0 8 50
      vertex 1.04421 7.93156 0
      vertex 0 8 0
    endloop
  endfacet
  facet normal -0.831472 -0.555567 0
    outer loop
      vertex -6.34683 -4.87009 0
      vertex -6.9282 -4 50
      vertex -6.9282 -4 0
    endloop
  endfacet
  facet normal -0.831472 -0.555567 0
    outer loop
      vertex -6.9282 -4 50
      vertex -6.34683 -4.87009 0
      vertex -6.34683 -4.87009 50
    endloop
  endfacet
  facet normal -0.946931 -0.321438 0
    outer loop
      vertex -7.39104 -3.06147 0
      vertex -7.72741 -2.07055 50
      vertex -7.72741 -2.07055 0
    endloop
  endfacet
  facet normal -0.946931 -0.321438 0
    outer loop
      vertex -7.72741 -2.07055 50
      vertex -7.39104 -3.06147 0
      vertex -7.39104 -3.06147 50
    endloop
  endfacet
  facet normal 0.89687 -0.442295 0
    outer loop
      vertex 6.9282 -4 50
      vertex 7.39104 -3.06147 0
      vertex 7.39104 -3.06147 50
    endloop
  endfacet
  facet normal 0.89687 -0.442295 0
    outer loop
      vertex 7.39104 -3.06147 0
      vertex 6.9282 -4 50
      vertex 6.9282 -4 0
    endloop
  endfacet
  facet normal -0.997859 0.065402 0
    outer loop
      vertex -8 0 0
      vertex -7.93156 1.04421 50
      vertex -7.93156 1.04421 0
    endloop
  endfacet
  facet normal -0.997859 0.065402 0
    outer loop
      vertex -7.93156 1.04421 50
      vertex -8 0 0
      vertex -8 0 50
    endloop
  endfacet
  facet normal -0.751835 0.659351 0
    outer loop
      vertex -6.34683 4.87009 0
      vertex -5.65685 5.65685 50
      vertex -5.65685 5.65685 0
    endloop
  endfacet
  facet normal -0.751835 0.659351 0
    outer loop
      vertex -5.65685 5.65685 50
      vertex -6.34683 4.87009 0
      vertex -6.34683 4.87009 50
    endloop
  endfacet
  facet normal 0 0 -1
    outer loop
      vertex 3.15 0 0
      vertex 8 0 0
      vertex 7.93156 -1.04421 0
    endloop
  endfacet
  facet normal 0 0 -1
    outer loop
      vertex 3.12305 -0.411157 0
      vertex 7.93156 -1.04421 0
      vertex 7.72741 -2.07055 0
    endloop
  endfacet
  facet normal 0 0 -1
    outer loop
      vertex 8 0 0
      vertex 3.15 0 0
      vertex 7.93156 1.04421 0
    endloop
  endfacet
  facet normal 0 0 -1
    outer loop
      vertex 3.04267 -0.81528 0
      vertex 7.72741 -2.07055 0
      vertex 7.39104 -3.06147 0
    endloop
  endfacet
  facet normal 0 0 -1
    outer loop
      vertex 3.12305 0.411157 0
      vertex 7.93156 1.04421 0
      vertex 3.15 0 0
    endloop
  endfacet
  facet normal 0 0 -1
    outer loop
      vertex 2.91022 -1.20545 0
      vertex 7.39104 -3.06147 0
      vertex 6.9282 -4 0
    endloop
  endfacet
  facet normal -0 0 -1
    outer loop
      vertex 7.93156 1.04421 0
      vertex 3.12305 0.411157 0
      vertex 7.72741 2.07055 0
    endloop
  endfacet
  facet normal 0 0 -1
    outer loop
      vertex 2.72798 -1.575 0
      vertex 6.9282 -4 0
      vertex 6.34683 -4.87009 0
    endloop
  endfacet
  facet normal 0 0 -1
    outer loop
      vertex 3.04267 0.81528 0
      vertex 7.72741 2.07055 0
      vertex 3.12305 0.411157 0
    endloop
  endfacet
  facet normal 0 0 -1
    outer loop
      vertex 2.49906 -1.9176 0
      vertex 6.34683 -4.87009 0
      vertex 5.65685 -5.65685 0
    endloop
  endfacet
  facet normal -0 0 -1
    outer loop
      vertex 7.72741 2.07055 0
      vertex 3.04267 0.81528 0
      vertex 7.39104 3.06147 0
    endloop
  endfacet
  facet normal 0 0 -1
    outer loop
      vertex 2.22739 -2.22739 0
      vertex 5.65685 -5.65685 0
      vertex 4.87009 -6.34683 0
    endloop
  endfacet
  facet normal 0 0 -1
    outer loop
      vertex 2.91022 1.20545 0
      vertex 7.39104 3.06147 0
      vertex 3.04267 0.81528 0
    endloop
  endfacet
  facet normal 0 0 -1
    outer loop
      vertex 1.9176 -2.49906 0
      vertex 4.87009 -6.34683 0
      vertex 4 -6.9282 0
    endloop
  endfacet
  facet normal -0 0 -1
    outer loop
      vertex 7.39104 3.06147 0
      vertex 2.91022 1.20545 0
      vertex 6.9282 4 0
    endloop
  endfacet
  facet normal 0 0 -1
    outer loop
      vertex 2.72798 1.575 0
      vertex 6.9282 4 0
      vertex 2.91022 1.20545 0
    endloop
  endfacet
  facet normal 0 0 -1
    outer loop
      vertex 7.93156 -1.04421 0
      vertex 3.12305 -0.411157 0
      vertex 3.15 0 0
    endloop
  endfacet
  facet normal 0 0 -1
    outer loop
      vertex 1.575 -2.72798 0
      vertex 4 -6.9282 0
      vertex 3.06147 -7.39104 0
    endloop
  endfacet
  facet normal 0 0 -1
    outer loop
      vertex 7.72741 -2.07055 0
      vertex 3.04267 -0.81528 0
      vertex 3.12305 -0.411157 0
    endloop
  endfacet
  facet normal 0 0 -1
    outer loop
      vertex 7.39104 -3.06147 0
      vertex 2.91022 -1.20545 0
      vertex 3.04267 -0.81528 0
    endloop
  endfacet
  facet normal 0 0 -1
    outer loop
      vertex 6.9282 -4 0
      vertex 2.72798 -1.575 0
      vertex 2.91022 -1.20545 0
    endloop
  endfacet
  facet normal 0 0 -1
    outer loop
      vertex 6.34683 -4.87009 0
      vertex 2.49906 -1.9176 0
      vertex 2.72798 -1.575 0
    endloop
  endfacet
  facet normal 0 0 -1
    outer loop
      vertex 5.65685 -5.65685 0
      vertex 2.22739 -2.22739 0
      vertex 2.49906 -1.9176 0
    endloop
  endfacet
  facet normal 0 0 -1
    outer loop
      vertex 1.20545 -2.91022 0
      vertex 3.06147 -7.39104 0
      vertex 2.07055 -7.72741 0
    endloop
  endfacet
  facet normal 0 0 -1
    outer loop
      vertex 4.87009 -6.34683 0
      vertex 1.9176 -2.49906 0
      vertex 2.22739 -2.22739 0
    endloop
  endfacet
  facet normal 0 0 -1
    outer loop
      vertex 4 -6.9282 0
      vertex 1.575 -2.72798 0
      vertex 1.9176 -2.49906 0
    endloop
  endfacet
  facet normal 0 0 -1
    outer loop
      vertex 3.06147 -7.39104 0
      vertex 1.20545 -2.91022 0
      vertex 1.575 -2.72798 0
    endloop
  endfacet
  facet normal 0 0 -1
    outer loop
      vertex 0.81528 -3.04267 0
      vertex 2.07055 -7.72741 0
      vertex 1.04421 -7.93156 0
    endloop
  endfacet
  facet normal 0 0 -1
    outer loop
      vertex 2.07055 -7.72741 0
      vertex 0.81528 -3.04267 0
      vertex 1.20545 -2.91022 0
    endloop
  endfacet
  facet normal 0 0 -1
    outer loop
      vertex 1.04421 -7.93156 0
      vertex 0.411157 -3.12305 0
      vertex 0.81528 -3.04267 0
    endloop
  endfacet
  facet normal 0 0 -1
    outer loop
      vertex 0 -8 0
      vertex 0.411157 -3.12305 0
      vertex 1.04421 -7.93156 0
    endloop
  endfacet
  facet normal 0 0 -1
    outer loop
      vertex 0 -8 0
      vertex 0 -3.15 0
      vertex 0.411157 -3.12305 0
    endloop
  endfacet
  facet normal 0 0 -1
    outer loop
      vertex 0 -8 0
      vertex -0.411157 -3.12305 0
      vertex 0 -3.15 0
    endloop
  endfacet
  facet normal 0 0 -1
    outer loop
      vertex -1.04421 -7.93156 0
      vertex -0.411157 -3.12305 0
      vertex 0 -8 0
    endloop
  endfacet
  facet normal -0 0 -1
    outer loop
      vertex -0.411157 -3.12305 0
      vertex -1.04421 -7.93156 0
      vertex -0.81528 -3.04267 0
    endloop
  endfacet
  facet normal 0 0 -1
    outer loop
      vertex -2.07055 -7.72741 0
      vertex -0.81528 -3.04267 0
      vertex -1.04421 -7.93156 0
    endloop
  endfacet
  facet normal -0 0 -1
    outer loop
      vertex -0.81528 -3.04267 0
      vertex -2.07055 -7.72741 0
      vertex -1.20545 -2.91022 0
    endloop
  endfacet
  facet normal 0 0 -1
    outer loop
      vertex -3.06147 -7.39104 0
      vertex -1.20545 -2.91022 0
      vertex -2.07055 -7.72741 0
    endloop
  endfacet
  facet normal -0 0 -1
    outer loop
      vertex -1.20545 -2.91022 0
      vertex -3.06147 -7.39104 0
      vertex -1.575 -2.72798 0
    endloop
  endfacet
  facet normal 0 0 -1
    outer loop
      vertex -4 -6.9282 0
      vertex -1.575 -2.72798 0
      vertex -3.06147 -7.39104 0
    endloop
  endfacet
  facet normal -0 0 -1
    outer loop
      vertex -1.575 -2.72798 0
      vertex -4 -6.9282 0
      vertex -1.9176 -2.49906 0
    endloop
  endfacet
  facet normal 0 0 -1
    outer loop
      vertex -4.87009 -6.34683 0
      vertex -1.9176 -2.49906 0
      vertex -4 -6.9282 0
    endloop
  endfacet
  facet normal -0 0 -1
    outer loop
      vertex -1.9176 -2.49906 0
      vertex -4.87009 -6.34683 0
      vertex -2.22739 -2.22739 0
    endloop
  endfacet
  facet normal 0 0 -1
    outer loop
      vertex -5.65685 -5.65685 0
      vertex -2.22739 -2.22739 0
      vertex -4.87009 -6.34683 0
    endloop
  endfacet
  facet normal -0 0 -1
    outer loop
      vertex -2.22739 -2.22739 0
      vertex -5.65685 -5.65685 0
      vertex -2.49906 -1.9176 0
    endloop
  endfacet
  facet normal 0 0 -1
    outer loop
      vertex -6.34683 -4.87009 0
      vertex -2.49906 -1.9176 0
      vertex -5.65685 -5.65685 0
    endloop
  endfacet
  facet normal -0 0 -1
    outer loop
      vertex -2.49906 -1.9176 0
      vertex -6.34683 -4.87009 0
      vertex -2.72798 -1.575 0
    endloop
  endfacet
  facet normal 0 0 -1
    outer loop
      vertex -6.9282 -4 0
      vertex -2.72798 -1.575 0
      vertex -6.34683 -4.87009 0
    endloop
  endfacet
  facet normal -0 0 -1
    outer loop
      vertex 6.9282 4 0
      vertex 2.72798 1.575 0
      vertex 6.34683 4.87009 0
    endloop
  endfacet
  facet normal 0 0 -1
    outer loop
      vertex 2.49906 1.9176 0
      vertex 6.34683 4.87009 0
      vertex 2.72798 1.575 0
    endloop
  endfacet
  facet normal -0 0 -1
    outer loop
      vertex 6.34683 4.87009 0
      vertex 2.49906 1.9176 0
      vertex 5.65685 5.65685 0
    endloop
  endfacet
  facet normal 0 0 -1
    outer loop
      vertex 2.22739 2.22739 0
      vertex 5.65685 5.65685 0
      vertex 2.49906 1.9176 0
    endloop
  endfacet
  facet normal -0 0 -1
    outer loop
      vertex 5.65685 5.65685 0
      vertex 2.22739 2.22739 0
      vertex 4.87009 6.34683 0
    endloop
  endfacet
  facet normal 0 0 -1
    outer loop
      vertex 1.9176 2.49906 0
      vertex 4.87009 6.34683 0
      vertex 2.22739 2.22739 0
    endloop
  endfacet
  facet normal -0 0 -1
    outer loop
      vertex 4.87009 6.34683 0
      vertex 1.9176 2.49906 0
      vertex 4 6.9282 0
    endloop
  endfacet
  facet normal 0 0 -1
    outer loop
      vertex 1.575 2.72798 0
      vertex 4 6.9282 0
      vertex 1.9176 2.49906 0
    endloop
  endfacet
  facet normal -0 0 -1
    outer loop
      vertex 4 6.9282 0
      vertex 1.575 2.72798 0
      vertex 3.06147 7.39104 0
    endloop
  endfacet
  facet normal 0 0 -1
    outer loop
      vertex 1.20545 2.91022 0
      vertex 3.06147 7.39104 0
      vertex 1.575 2.72798 0
    endloop
  endfacet
  facet normal -0 0 -1
    outer loop
      vertex 3.06147 7.39104 0
      vertex 1.20545 2.91022 0
      vertex 2.07055 7.72741 0
    endloop
  endfacet
  facet normal 0 0 -1
    outer loop
      vertex 0.81528 3.04267 0
      vertex 2.07055 7.72741 0
      vertex 1.20545 2.91022 0
    endloop
  endfacet
  facet normal -0 0 -1
    outer loop
      vertex 2.07055 7.72741 0
      vertex 0.81528 3.04267 0
      vertex 1.04421 7.93156 0
    endloop
  endfacet
  facet normal 0 0 -1
    outer loop
      vertex 0.411157 3.12305 0
      vertex 1.04421 7.93156 0
      vertex 0.81528 3.04267 0
    endloop
  endfacet
  facet normal 0 0 -1
    outer loop
      vertex 0 3.15 0
      vertex 1.04421 7.93156 0
      vertex 0.411157 3.12305 0
    endloop
  endfacet
  facet normal 0 0 -1
    outer loop
      vertex 0 3.15 0
      vertex 0 8 0
      vertex 1.04421 7.93156 0
    endloop
  endfacet
  facet normal 0 0 -1
    outer loop
      vertex -0.411157 3.12305 0
      vertex 0 8 0
      vertex 0 3.15 0
    endloop
  endfacet
  facet normal 0 0 -1
    outer loop
      vertex -1.04421 7.93156 0
      vertex -0.411157 3.12305 0
      vertex -0.81528 3.04267 0
    endloop
  endfacet
  facet normal 0 0 -1
    outer loop
      vertex -0.411157 3.12305 0
      vertex -1.04421 7.93156 0
      vertex 0 8 0
    endloop
  endfacet
  facet normal 0 0 -1
    outer loop
      vertex -2.07055 7.72741 0
      vertex -0.81528 3.04267 0
      vertex -1.20545 2.91022 0
    endloop
  endfacet
  facet normal 0 0 -1
    outer loop
      vertex -3.06147 7.39104 0
      vertex -1.20545 2.91022 0
      vertex -1.575 2.72798 0
    endloop
  endfacet
  facet normal 0 0 -1
    outer loop
      vertex -4 6.9282 0
      vertex -1.575 2.72798 0
      vertex -1.9176 2.49906 0
    endloop
  endfacet
  facet normal 0 0 -1
    outer loop
      vertex -0.81528 3.04267 0
      vertex -2.07055 7.72741 0
      vertex -1.04421 7.93156 0
    endloop
  endfacet
  facet normal 0 0 -1
    outer loop
      vertex -4.87009 6.34683 0
      vertex -1.9176 2.49906 0
      vertex -2.22739 2.22739 0
    endloop
  endfacet
  facet normal 0 0 -1
    outer loop
      vertex -5.65685 5.65685 0
      vertex -2.22739 2.22739 0
      vertex -2.49906 1.9176 0
    endloop
  endfacet
  facet normal 0 0 -1
    outer loop
      vertex -6.34683 4.87009 0
      vertex -2.49906 1.9176 0
      vertex -2.72798 1.575 0
    endloop
  endfacet
  facet normal 0 0 -1
    outer loop
      vertex -6.9282 4 0
      vertex -2.72798 1.575 0
      vertex -2.91022 1.20545 0
    endloop
  endfacet
  facet normal 0 0 -1
    outer loop
      vertex -7.39104 3.06147 0
      vertex -2.91022 1.20545 0
      vertex -3.04267 0.81528 0
    endloop
  endfacet
  facet normal 0 0 -1
    outer loop
      vertex -1.20545 2.91022 0
      vertex -3.06147 7.39104 0
      vertex -2.07055 7.72741 0
    endloop
  endfacet
  facet normal 0 0 -1
    outer loop
      vertex -7.72741 2.07055 0
      vertex -3.04267 0.81528 0
      vertex -3.12305 0.411157 0
    endloop
  endfacet
  facet normal 0 0 -1
    outer loop
      vertex -7.93156 1.04421 0
      vertex -3.12305 0.411157 0
      vertex -3.15 0 0
    endloop
  endfacet
  facet normal -0 0 -1
    outer loop
      vertex -2.72798 -1.575 0
      vertex -6.9282 -4 0
      vertex -2.91022 -1.20545 0
    endloop
  endfacet
  facet normal 0 0 -1
    outer loop
      vertex -1.575 2.72798 0
      vertex -4 6.9282 0
      vertex -3.06147 7.39104 0
    endloop
  endfacet
  facet normal 0 0 -1
    outer loop
      vertex -7.39104 -3.06147 0
      vertex -2.91022 -1.20545 0
      vertex -6.9282 -4 0
    endloop
  endfacet
  facet normal 0 0 -1
    outer loop
      vertex -1.9176 2.49906 0
      vertex -4.87009 6.34683 0
      vertex -4 6.9282 0
    endloop
  endfacet
  facet normal -0 0 -1
    outer loop
      vertex -2.91022 -1.20545 0
      vertex -7.39104 -3.06147 0
      vertex -3.04267 -0.81528 0
    endloop
  endfacet
  facet normal 0 0 -1
    outer loop
      vertex -2.22739 2.22739 0
      vertex -5.65685 5.65685 0
      vertex -4.87009 6.34683 0
    endloop
  endfacet
  facet normal 0 0 -1
    outer loop
      vertex -7.72741 -2.07055 0
      vertex -3.04267 -0.81528 0
      vertex -7.39104 -3.06147 0
    endloop
  endfacet
  facet normal 0 0 -1
    outer loop
      vertex -2.49906 1.9176 0
      vertex -6.34683 4.87009 0
      vertex -5.65685 5.65685 0
    endloop
  endfacet
  facet normal -0 0 -1
    outer loop
      vertex -3.04267 -0.81528 0
      vertex -7.72741 -2.07055 0
      vertex -3.12305 -0.411157 0
    endloop
  endfacet
  facet normal 0 0 -1
    outer loop
      vertex -2.72798 1.575 0
      vertex -6.9282 4 0
      vertex -6.34683 4.87009 0
    endloop
  endfacet
  facet normal 0 0 -1
    outer loop
      vertex -7.93156 -1.04421 0
      vertex -3.12305 -0.411157 0
      vertex -7.72741 -2.07055 0
    endloop
  endfacet
  facet normal 0 0 -1
    outer loop
      vertex -2.91022 1.20545 0
      vertex -7.39104 3.06147 0
      vertex -6.9282 4 0
    endloop
  endfacet
  facet normal -0 0 -1
    outer loop
      vertex -3.12305 -0.411157 0
      vertex -7.93156 -1.04421 0
      vertex -3.15 0 0
    endloop
  endfacet
  facet normal 0 0 -1
    outer loop
      vertex -3.04267 0.81528 0
      vertex -7.72741 2.07055 0
      vertex -7.39104 3.06147 0
    endloop
  endfacet
  facet normal 0 0 -1
    outer loop
      vertex -8 0 0
      vertex -3.15 0 0
      vertex -7.93156 -1.04421 0
    endloop
  endfacet
  facet normal 0 0 -1
    outer loop
      vertex -3.12305 0.411157 0
      vertex -7.93156 1.04421 0
      vertex -7.72741 2.07055 0
    endloop
  endfacet
  facet normal 0 0 -1
    outer loop
      vertex -3.15 0 0
      vertex -8 0 0
      vertex -7.93156 1.04421 0
    endloop
  endfacet
  facet normal -0.946931 0.321438 0
    outer loop
      vertex -7.72741 2.07055 0
      vertex -7.39104 3.06147 50
      vertex -7.39104 3.06147 0
    endloop
  endfacet
  facet normal -0.946931 0.321438 0
    outer loop
      vertex -7.39104 3.06147 50
      vertex -7.72741 2.07055 0
      vertex -7.72741 2.07055 50
    endloop
  endfacet
  facet normal 0.442295 -0.89687 0
    outer loop
      vertex 3.06147 -7.39104 0
      vertex 4 -6.9282 50
      vertex 3.06147 -7.39104 50
    endloop
  endfacet
  facet normal 0.442295 -0.89687 0
    outer loop
      vertex 4 -6.9282 50
      vertex 3.06147 -7.39104 0
      vertex 4 -6.9282 0
    endloop
  endfacet
  facet normal -0.195089 -0.980786 0
    outer loop
      vertex -2.07055 -7.72741 0
      vertex -1.04421 -7.93156 50
      vertex -2.07055 -7.72741 50
    endloop
  endfacet
  facet normal -0.195089 -0.980786 -0
    outer loop
      vertex -1.04421 -7.93156 50
      vertex -2.07055 -7.72741 0
      vertex -1.04421 -7.93156 0
    endloop
  endfacet
  facet normal -0.751835 -0.659351 0
    outer loop
      vertex -5.65685 -5.65685 0
      vertex -6.34683 -4.87009 50
      vertex -6.34683 -4.87009 0
    endloop
  endfacet
  facet normal -0.751835 -0.659351 0
    outer loop
      vertex -6.34683 -4.87009 50
      vertex -5.65685 -5.65685 0
      vertex -5.65685 -5.65685 50
    endloop
  endfacet
  facet normal -0.831472 0.555567 0
    outer loop
      vertex -6.9282 4 0
      vertex -6.34683 4.87009 50
      vertex -6.34683 4.87009 0
    endloop
  endfacet
  facet normal -0.831472 0.555567 0
    outer loop
      vertex -6.34683 4.87009 50
      vertex -6.9282 4 0
      vertex -6.9282 4 50
    endloop
  endfacet
  facet normal -0.89687 0.442295 0
    outer loop
      vertex -7.39104 3.06147 0
      vertex -6.9282 4 50
      vertex -6.9282 4 0
    endloop
  endfacet
  facet normal -0.89687 0.442295 0
    outer loop
      vertex -6.9282 4 50
      vertex -7.39104 3.06147 0
      vertex -7.39104 3.06147 50
    endloop
  endfacet
  facet normal -0.065402 -0.997859 0
    outer loop
      vertex -1.04421 -7.93156 0
      vertex 0 -8 50
      vertex -1.04421 -7.93156 50
    endloop
  endfacet
  facet normal -0.065402 -0.997859 -0
    outer loop
      vertex 0 -8 50
      vertex -1.04421 -7.93156 0
      vertex 0 -8 0
    endloop
  endfacet
  facet normal -0.659351 -0.751835 0
    outer loop
      vertex -5.65685 -5.65685 0
      vertex -4.87009 -6.34683 50
      vertex -5.65685 -5.65685 50
    endloop
  endfacet
  facet normal -0.659351 -0.751835 -0
    outer loop
      vertex -4.87009 -6.34683 50
      vertex -5.65685 -5.65685 0
      vertex -4.87009 -6.34683 0
    endloop
  endfacet
  facet normal 0.751835 -0.659351 0
    outer loop
      vertex 5.65685 -5.65685 50
      vertex 6.34683 -4.87009 0
      vertex 6.34683 -4.87009 50
    endloop
  endfacet
  facet normal 0.751835 -0.659351 0
    outer loop
      vertex 6.34683 -4.87009 0
      vertex 5.65685 -5.65685 50
      vertex 5.65685 -5.65685 0
    endloop
  endfacet
  facet normal -0.980808 -0.194974 0
    outer loop
      vertex 3.04267 0.81528 0
      vertex 3.05347 0.760951 9.00831
      vertex 3.04267 0.81528 9.05595
    endloop
  endfacet
  facet normal -0.980789 -0.195074 -6.26429e-07
    outer loop
      vertex 3.04267 0.81528 0
      vertex 3.08051 0.625 8.91747
      vertex 3.05347 0.760951 9.00831
    endloop
  endfacet
  facet normal -0.980785 -0.195092 -1.02642e-06
    outer loop
      vertex 3.04267 0.81528 0
      vertex 3.10968 0.478354 8.84515
      vertex 3.08051 0.625 8.91747
    endloop
  endfacet
  facet normal -0.980788 -0.195079 -0
    outer loop
      vertex 3.12305 0.411157 8.82234
      vertex 3.04267 0.81528 0
      vertex 3.12305 0.411157 0
    endloop
  endfacet
  facet normal -0.980775 -0.195141 -2.98059e-06
    outer loop
      vertex 3.04267 0.81528 0
      vertex 3.12305 0.411157 8.82234
      vertex 3.10968 0.478354 8.84515
    endloop
  endfacet
  facet normal -0.980808 -0.194974 0
    outer loop
      vertex 3.05347 0.760951 40.9917
      vertex 3.04267 0.81528 50
      vertex 3.04267 0.81528 40.944
    endloop
  endfacet
  facet normal -0.980789 -0.195074 6.26431e-07
    outer loop
      vertex 3.08051 0.625 41.0825
      vertex 3.04267 0.81528 50
      vertex 3.05347 0.760951 40.9917
    endloop
  endfacet
  facet normal -0.980785 -0.195092 1.02641e-06
    outer loop
      vertex 3.10968 0.478354 41.1549
      vertex 3.04267 0.81528 50
      vertex 3.08051 0.625 41.0825
    endloop
  endfacet
  facet normal -0.980775 -0.195141 2.98063e-06
    outer loop
      vertex 3.12305 0.411157 41.1777
      vertex 3.04267 0.81528 50
      vertex 3.10968 0.478354 41.1549
    endloop
  endfacet
  facet normal -0.980788 -0.195079 0
    outer loop
      vertex 3.04267 0.81528 50
      vertex 3.12305 0.411157 41.1777
      vertex 3.12305 0.411157 50
    endloop
  endfacet
  facet normal -0.980808 -0.194974 0
    outer loop
      vertex 3.05347 0.760951 10.9917
      vertex 3.04267 0.81528 39.056
      vertex 3.04267 0.81528 10.944
    endloop
  endfacet
  facet normal -0.980808 -0.194974 0
    outer loop
      vertex 3.05347 0.760951 10.9917
      vertex 3.05347 0.760951 39.0083
      vertex 3.04267 0.81528 39.056
    endloop
  endfacet
  facet normal -0.980789 -0.195074 0
    outer loop
      vertex 3.08051 0.625 11.0825
      vertex 3.05347 0.760951 39.0083
      vertex 3.05347 0.760951 10.9917
    endloop
  endfacet
  facet normal -0.980789 -0.195074 0
    outer loop
      vertex 3.08051 0.625 11.0825
      vertex 3.08051 0.625 38.9175
      vertex 3.05347 0.760951 39.0083
    endloop
  endfacet
  facet normal -0.980785 -0.195092 0
    outer loop
      vertex 3.10968 0.478354 11.1548
      vertex 3.08051 0.625 38.9175
      vertex 3.08051 0.625 11.0825
    endloop
  endfacet
  facet normal -0.980785 -0.195092 0
    outer loop
      vertex 3.10968 0.478354 11.1548
      vertex 3.10968 0.478354 38.8451
      vertex 3.08051 0.625 38.9175
    endloop
  endfacet
  facet normal -0.980775 -0.195142 0
    outer loop
      vertex 3.12305 0.411157 11.1777
      vertex 3.10968 0.478354 38.8451
      vertex 3.10968 0.478354 11.1548
    endloop
  endfacet
  facet normal -0.980775 -0.195142 0
    outer loop
      vertex 3.10968 0.478354 38.8451
      vertex 3.12305 0.411157 11.1777
      vertex 3.12305 0.411157 38.8223
    endloop
  endfacet
  facet normal -0.997862 -0.0653604 0
    outer loop
      vertex 3.12305 0.411157 0
      vertex 3.12879 0.323524 8.79259
      vertex 3.12305 0.411157 8.82234
    endloop
  endfacet
  facet normal -0.997855 -0.0654586 -9.83548e-07
    outer loop
      vertex 3.12305 0.411157 0
      vertex 3.13931 0.163157 8.76069
      vertex 3.12879 0.323524 8.79259
    endloop
  endfacet
  facet normal -0.997859 -0.0654064 -0
    outer loop
      vertex 3.15 0 8.75
      vertex 3.12305 0.411157 0
      vertex 3.15 0 0
    endloop
  endfacet
  facet normal -0.99786 -0.0653796 1.26321e-06
    outer loop
      vertex 3.12305 0.411157 0
      vertex 3.15 0 8.75
      vertex 3.13931 0.163157 8.76069
    endloop
  endfacet
  facet normal -0.997862 -0.0653604 0
    outer loop
      vertex 3.12879 0.323524 41.2074
      vertex 3.12305 0.411157 50
      vertex 3.12305 0.411157 41.1777
    endloop
  endfacet
  facet normal -0.997855 -0.0654586 9.83547e-07
    outer loop
      vertex 3.13931 0.163157 41.2393
      vertex 3.12305 0.411157 50
      vertex 3.12879 0.323524 41.2074
    endloop
  endfacet
  facet normal -0.99786 -0.0653796 -1.26321e-06
    outer loop
      vertex 3.15 0 41.25
      vertex 3.12305 0.411157 50
      vertex 3.13931 0.163157 41.2393
    endloop
  endfacet
  facet normal -0.997859 -0.0654064 0
    outer loop
      vertex 3.12305 0.411157 50
      vertex 3.15 0 41.25
      vertex 3.15 0 50
    endloop
  endfacet
  facet normal -0.997862 -0.0653604 0
    outer loop
      vertex 3.12879 0.323524 11.2074
      vertex 3.12305 0.411157 38.8223
      vertex 3.12305 0.411157 11.1777
    endloop
  endfacet
  facet normal -0.997862 -0.0653604 0
    outer loop
      vertex 3.12879 0.323524 11.2074
      vertex 3.12879 0.323524 38.7926
      vertex 3.12305 0.411157 38.8223
    endloop
  endfacet
  facet normal -0.997855 -0.0654588 0
    outer loop
      vertex 3.13931 0.163157 11.2393
      vertex 3.12879 0.323524 38.7926
      vertex 3.12879 0.323524 11.2074
    endloop
  endfacet
  facet normal -0.997855 -0.0654588 0
    outer loop
      vertex 3.13931 0.163157 11.2393
      vertex 3.13931 0.163157 38.7607
      vertex 3.12879 0.323524 38.7926
    endloop
  endfacet
  facet normal -0.99786 -0.0653795 0
    outer loop
      vertex 3.15 0 11.25
      vertex 3.13931 0.163157 38.7607
      vertex 3.13931 0.163157 11.2393
    endloop
  endfacet
  facet normal -0.99786 -0.0653795 0
    outer loop
      vertex 3.13931 0.163157 38.7607
      vertex 3.15 0 11.25
      vertex 3.15 0 38.75
    endloop
  endfacet
  facet normal -0.94691 -0.3215 0
    outer loop
      vertex 2.91022 1.20545 0
      vertex 2.9274 1.15485 9.52165
      vertex 2.91022 1.20545 9.67072
    endloop
  endfacet
  facet normal -0.946927 -0.321448 3.09644e-07
    outer loop
      vertex 2.91022 1.20545 0
      vertex 2.95195 1.08253 9.375
      vertex 2.9274 1.15485 9.52165
    endloop
  endfacet
  facet normal -0.946947 -0.321391 1.14087e-06
    outer loop
      vertex 2.91022 1.20545 0
      vertex 2.98278 0.991692 9.23905
      vertex 2.95195 1.08253 9.375
    endloop
  endfacet
  facet normal -0.94692 -0.321468 -8.53769e-07
    outer loop
      vertex 2.91022 1.20545 0
      vertex 3.01938 0.883883 9.11612
      vertex 2.98278 0.991692 9.23905
    endloop
  endfacet
  facet normal -0.946926 -0.321451 -0
    outer loop
      vertex 3.04267 0.81528 9.05595
      vertex 2.91022 1.20545 0
      vertex 3.04267 0.81528 0
    endloop
  endfacet
  facet normal -0.94692 -0.321469 -8.69386e-07
    outer loop
      vertex 2.91022 1.20545 0
      vertex 3.04267 0.81528 9.05595
      vertex 3.01938 0.883883 9.11612
    endloop
  endfacet
  facet normal -0.94691 -0.3215 0
    outer loop
      vertex 2.9274 1.15485 40.4784
      vertex 2.91022 1.20545 50
      vertex 2.91022 1.20545 40.3293
    endloop
  endfacet
  facet normal -0.946927 -0.321448 -3.09647e-07
    outer loop
      vertex 2.95195 1.08253 40.625
      vertex 2.91022 1.20545 50
      vertex 2.9274 1.15485 40.4784
    endloop
  endfacet
  facet normal -0.946947 -0.321391 -1.14086e-06
    outer loop
      vertex 2.98278 0.991692 40.761
      vertex 2.91022 1.20545 50
      vertex 2.95195 1.08253 40.625
    endloop
  endfacet
  facet normal -0.94692 -0.321468 8.53778e-07
    outer loop
      vertex 3.01938 0.883883 40.8839
      vertex 2.91022 1.20545 50
      vertex 2.98278 0.991692 40.761
    endloop
  endfacet
  facet normal -0.94692 -0.321469 8.69418e-07
    outer loop
      vertex 3.04267 0.81528 40.944
      vertex 2.91022 1.20545 50
      vertex 3.01938 0.883883 40.8839
    endloop
  endfacet
  facet normal -0.946926 -0.321451 0
    outer loop
      vertex 2.91022 1.20545 50
      vertex 3.04267 0.81528 40.944
      vertex 3.04267 0.81528 50
    endloop
  endfacet
  facet normal -0.94691 -0.3215 0
    outer loop
      vertex 2.9274 1.15485 10.4784
      vertex 2.91022 1.20545 39.6707
      vertex 2.91022 1.20545 10.3293
    endloop
  endfacet
  facet normal -0.94691 -0.3215 0
    outer loop
      vertex 2.9274 1.15485 10.4784
      vertex 2.9274 1.15485 39.5216
      vertex 2.91022 1.20545 39.6707
    endloop
  endfacet
  facet normal -0.946927 -0.321447 0
    outer loop
      vertex 2.95195 1.08253 10.625
      vertex 2.9274 1.15485 39.5216
      vertex 2.9274 1.15485 10.4784
    endloop
  endfacet
  facet normal -0.946927 -0.321447 0
    outer loop
      vertex 2.95195 1.08253 10.625
      vertex 2.95195 1.08253 39.375
      vertex 2.9274 1.15485 39.5216
    endloop
  endfacet
  facet normal -0.946947 -0.321389 0
    outer loop
      vertex 2.98278 0.991692 10.761
      vertex 2.95195 1.08253 39.375
      vertex 2.95195 1.08253 10.625
    endloop
  endfacet
  facet normal -0.946947 -0.321389 0
    outer loop
      vertex 2.98278 0.991692 10.761
      vertex 2.98278 0.991692 39.239
      vertex 2.95195 1.08253 39.375
    endloop
  endfacet
  facet normal -0.94692 -0.321469 0
    outer loop
      vertex 3.01938 0.883883 10.8839
      vertex 2.98278 0.991692 39.239
      vertex 2.98278 0.991692 10.761
    endloop
  endfacet
  facet normal -0.94692 -0.321469 0
    outer loop
      vertex 3.01938 0.883883 10.8839
      vertex 3.01938 0.883883 39.1161
      vertex 2.98278 0.991692 39.239
    endloop
  endfacet
  facet normal -0.94692 -0.321469 0
    outer loop
      vertex 3.04267 0.81528 10.944
      vertex 3.01938 0.883883 39.1161
      vertex 3.01938 0.883883 10.8839
    endloop
  endfacet
  facet normal -0.94692 -0.321469 0
    outer loop
      vertex 3.01938 0.883883 39.1161
      vertex 3.04267 0.81528 10.944
      vertex 3.04267 0.81528 39.056
    endloop
  endfacet
  facet normal -0.442285 -0.896875 0
    outer loop
      vertex 1.20545 2.91022 0
      vertex 1.575 2.72798 50
      vertex 1.20545 2.91022 50
    endloop
  endfacet
  facet normal -0.442285 -0.896875 -0
    outer loop
      vertex 1.575 2.72798 50
      vertex 1.20545 2.91022 0
      vertex 1.575 2.72798 0
    endloop
  endfacet
  facet normal 0.980788 0.195079 0
    outer loop
      vertex -3.04267 -0.81528 50
      vertex -3.12305 -0.411157 0
      vertex -3.12305 -0.411157 50
    endloop
  endfacet
  facet normal 0.980788 0.195079 0
    outer loop
      vertex -3.12305 -0.411157 0
      vertex -3.04267 -0.81528 50
      vertex -3.04267 -0.81528 0
    endloop
  endfacet
  facet normal -0.659334 -0.75185 0
    outer loop
      vertex 1.9176 2.49906 0
      vertex 2.22739 2.22739 50
      vertex 1.9176 2.49906 50
    endloop
  endfacet
  facet normal -0.659334 -0.75185 -0
    outer loop
      vertex 2.22739 2.22739 50
      vertex 1.9176 2.49906 0
      vertex 2.22739 2.22739 0
    endloop
  endfacet
  facet normal -0.946926 0.321451 0
    outer loop
      vertex 2.91022 -1.20545 0
      vertex 3.04267 -0.81528 9.05595
      vertex 3.04267 -0.81528 0
    endloop
  endfacet
  facet normal -0.94692 0.321469 -8.69386e-07
    outer loop
      vertex 3.04267 -0.81528 9.05595
      vertex 2.91022 -1.20545 0
      vertex 3.01938 -0.883883 9.11612
    endloop
  endfacet
  facet normal -0.94692 0.321468 -8.53769e-07
    outer loop
      vertex 3.01938 -0.883883 9.11612
      vertex 2.91022 -1.20545 0
      vertex 2.98278 -0.991692 9.23905
    endloop
  endfacet
  facet normal -0.946947 0.321391 1.14087e-06
    outer loop
      vertex 2.98278 -0.991692 9.23905
      vertex 2.91022 -1.20545 0
      vertex 2.95195 -1.08253 9.375
    endloop
  endfacet
  facet normal -0.946927 0.321448 3.09644e-07
    outer loop
      vertex 2.95195 -1.08253 9.375
      vertex 2.91022 -1.20545 0
      vertex 2.9274 -1.15485 9.52165
    endloop
  endfacet
  facet normal -0.94691 0.3215 0
    outer loop
      vertex 2.9274 -1.15485 9.52165
      vertex 2.91022 -1.20545 0
      vertex 2.91022 -1.20545 9.67072
    endloop
  endfacet
  facet normal -0.94692 0.321469 8.69418e-07
    outer loop
      vertex 2.91022 -1.20545 50
      vertex 3.04267 -0.81528 40.944
      vertex 3.01938 -0.883883 40.8839
    endloop
  endfacet
  facet normal -0.94692 0.321468 8.53778e-07
    outer loop
      vertex 2.91022 -1.20545 50
      vertex 3.01938 -0.883883 40.8839
      vertex 2.98278 -0.991692 40.761
    endloop
  endfacet
  facet normal -0.946947 0.321391 -1.14086e-06
    outer loop
      vertex 2.91022 -1.20545 50
      vertex 2.98278 -0.991692 40.761
      vertex 2.95195 -1.08253 40.625
    endloop
  endfacet
  facet normal -0.946927 0.321448 -3.09647e-07
    outer loop
      vertex 2.91022 -1.20545 50
      vertex 2.95195 -1.08253 40.625
      vertex 2.9274 -1.15485 40.4784
    endloop
  endfacet
  facet normal -0.94691 0.3215 0
    outer loop
      vertex 2.91022 -1.20545 50
      vertex 2.9274 -1.15485 40.4784
      vertex 2.91022 -1.20545 40.3293
    endloop
  endfacet
  facet normal -0.946926 0.321451 0
    outer loop
      vertex 3.04267 -0.81528 40.944
      vertex 2.91022 -1.20545 50
      vertex 3.04267 -0.81528 50
    endloop
  endfacet
  facet normal -0.94692 0.321469 0
    outer loop
      vertex 3.01938 -0.883883 10.8839
      vertex 3.04267 -0.81528 39.056
      vertex 3.04267 -0.81528 10.944
    endloop
  endfacet
  facet normal -0.94692 0.321469 0
    outer loop
      vertex 3.01938 -0.883883 10.8839
      vertex 3.01938 -0.883883 39.1161
      vertex 3.04267 -0.81528 39.056
    endloop
  endfacet
  facet normal -0.94692 0.321469 0
    outer loop
      vertex 2.98278 -0.991692 10.761
      vertex 3.01938 -0.883883 39.1161
      vertex 3.01938 -0.883883 10.8839
    endloop
  endfacet
  facet normal -0.94692 0.321469 0
    outer loop
      vertex 2.98278 -0.991692 10.761
      vertex 2.98278 -0.991692 39.239
      vertex 3.01938 -0.883883 39.1161
    endloop
  endfacet
  facet normal -0.946947 0.321389 0
    outer loop
      vertex 2.95195 -1.08253 10.625
      vertex 2.98278 -0.991692 39.239
      vertex 2.98278 -0.991692 10.761
    endloop
  endfacet
  facet normal -0.946947 0.321389 0
    outer loop
      vertex 2.95195 -1.08253 10.625
      vertex 2.95195 -1.08253 39.375
      vertex 2.98278 -0.991692 39.239
    endloop
  endfacet
  facet normal -0.946927 0.321447 0
    outer loop
      vertex 2.9274 -1.15485 10.4784
      vertex 2.95195 -1.08253 39.375
      vertex 2.95195 -1.08253 10.625
    endloop
  endfacet
  facet normal -0.946927 0.321447 0
    outer loop
      vertex 2.9274 -1.15485 10.4784
      vertex 2.9274 -1.15485 39.5216
      vertex 2.95195 -1.08253 39.375
    endloop
  endfacet
  facet normal -0.94691 0.3215 0
    outer loop
      vertex 2.91022 -1.20545 10.3293
      vertex 2.9274 -1.15485 39.5216
      vertex 2.9274 -1.15485 10.4784
    endloop
  endfacet
  facet normal -0.94691 0.3215 0
    outer loop
      vertex 2.9274 -1.15485 39.5216
      vertex 2.91022 -1.20545 10.3293
      vertex 2.91022 -1.20545 39.6707
    endloop
  endfacet
  facet normal 0.442285 -0.896875 0
    outer loop
      vertex -1.575 2.72798 0
      vertex -1.20545 2.91022 50
      vertex -1.575 2.72798 50
    endloop
  endfacet
  facet normal 0.442285 -0.896875 0
    outer loop
      vertex -1.20545 2.91022 50
      vertex -1.575 2.72798 0
      vertex -1.20545 2.91022 0
    endloop
  endfacet
  facet normal -0.195079 0.980788 0
    outer loop
      vertex 0.81528 -3.04267 0
      vertex 0.411157 -3.12305 50
      vertex 0.81528 -3.04267 50
    endloop
  endfacet
  facet normal -0.195079 0.980788 0
    outer loop
      vertex 0.411157 -3.12305 50
      vertex 0.81528 -3.04267 0
      vertex 0.411157 -3.12305 0
    endloop
  endfacet
  facet normal 0.0654064 -0.997859 0
    outer loop
      vertex -0.411157 3.12305 0
      vertex 0 3.15 50
      vertex -0.411157 3.12305 50
    endloop
  endfacet
  facet normal 0.0654064 -0.997859 0
    outer loop
      vertex 0 3.15 50
      vertex -0.411157 3.12305 0
      vertex 0 3.15 0
    endloop
  endfacet
  facet normal -0.831467 -0.555574 0
    outer loop
      vertex 2.72798 1.575 0
      vertex 2.49906 1.9176 50
      vertex 2.49906 1.9176 0
    endloop
  endfacet
  facet normal -0.831467 -0.555574 0
    outer loop
      vertex 2.49906 1.9176 50
      vertex 2.72798 1.575 0
      vertex 2.72798 1.575 50
    endloop
  endfacet
  facet normal -0.896597 -0.442847 0
    outer loop
      vertex 2.89353 1.23931 10.1632
      vertex 2.88825 1.25 40
      vertex 2.88825 1.25 10
    endloop
  endfacet
  facet normal -0.896597 -0.442847 0
    outer loop
      vertex 2.89353 1.23931 10.1632
      vertex 2.89353 1.23931 39.8368
      vertex 2.88825 1.25 40
    endloop
  endfacet
  facet normal -0.896888 -0.442258 0
    outer loop
      vertex 2.90926 1.20741 10.3235
      vertex 2.89353 1.23931 39.8368
      vertex 2.89353 1.23931 10.1632
    endloop
  endfacet
  facet normal -0.896888 -0.442258 0
    outer loop
      vertex 2.90926 1.20741 10.3235
      vertex 2.90926 1.20741 39.6765
      vertex 2.89353 1.23931 39.8368
    endloop
  endfacet
  facet normal -0.898063 -0.439867 0
    outer loop
      vertex 2.91022 1.20545 10.3293
      vertex 2.90926 1.20741 39.6765
      vertex 2.90926 1.20741 10.3235
    endloop
  endfacet
  facet normal -0.898063 -0.439867 0
    outer loop
      vertex 2.90926 1.20741 39.6765
      vertex 2.91022 1.20545 10.3293
      vertex 2.91022 1.20545 39.6707
    endloop
  endfacet
  facet normal -0.896875 -0.442284 0
    outer loop
      vertex 2.72798 1.575 0
      vertex 2.88825 1.25 10
      vertex 2.72798 1.575 50
    endloop
  endfacet
  facet normal -0.896689 -0.44266 -1.52154e-05
    outer loop
      vertex 2.72798 1.575 0
      vertex 2.89353 1.23931 9.83684
      vertex 2.88825 1.25 10
    endloop
  endfacet
  facet normal -0.896885 -0.442265 1.56456e-06
    outer loop
      vertex 2.72798 1.575 0
      vertex 2.90926 1.20741 9.67648
      vertex 2.89353 1.23931 9.83684
    endloop
  endfacet
  facet normal -0.896875 -0.442285 -0
    outer loop
      vertex 2.91022 1.20545 9.67072
      vertex 2.72798 1.575 0
      vertex 2.91022 1.20545 0
    endloop
  endfacet
  facet normal -0.897943 -0.440112 0.000103171
    outer loop
      vertex 2.72798 1.575 0
      vertex 2.91022 1.20545 9.67072
      vertex 2.90926 1.20741 9.67648
    endloop
  endfacet
  facet normal -0.896875 -0.442284 -0
    outer loop
      vertex 2.88825 1.25 40
      vertex 2.72798 1.575 50
      vertex 2.88825 1.25 10
    endloop
  endfacet
  facet normal -0.896689 -0.44266 1.52141e-05
    outer loop
      vertex 2.89353 1.23931 40.1632
      vertex 2.72798 1.575 50
      vertex 2.88825 1.25 40
    endloop
  endfacet
  facet normal -0.896885 -0.442265 -1.56465e-06
    outer loop
      vertex 2.90926 1.20741 40.3235
      vertex 2.72798 1.575 50
      vertex 2.89353 1.23931 40.1632
    endloop
  endfacet
  facet normal -0.897942 -0.440113 -0.000103099
    outer loop
      vertex 2.91022 1.20545 40.3293
      vertex 2.72798 1.575 50
      vertex 2.90926 1.20741 40.3235
    endloop
  endfacet
  facet normal -0.896875 -0.442285 0
    outer loop
      vertex 2.72798 1.575 50
      vertex 2.91022 1.20545 40.3293
      vertex 2.91022 1.20545 50
    endloop
  endfacet
  facet normal -0.896875 0.442285 0
    outer loop
      vertex 2.72798 -1.575 0
      vertex 2.91022 -1.20545 9.67072
      vertex 2.91022 -1.20545 0
    endloop
  endfacet
  facet normal -0.897943 0.440112 0.000103171
    outer loop
      vertex 2.91022 -1.20545 9.67072
      vertex 2.72798 -1.575 0
      vertex 2.90926 -1.20741 9.67648
    endloop
  endfacet
  facet normal -0.896885 0.442265 1.56456e-06
    outer loop
      vertex 2.90926 -1.20741 9.67648
      vertex 2.72798 -1.575 0
      vertex 2.89353 -1.23931 9.83684
    endloop
  endfacet
  facet normal -0.896875 0.442284 0
    outer loop
      vertex 2.88825 -1.25 10
      vertex 2.72798 -1.575 0
      vertex 2.88825 -1.25 40
    endloop
  endfacet
  facet normal -0.896689 0.44266 -1.52154e-05
    outer loop
      vertex 2.89353 -1.23931 9.83684
      vertex 2.72798 -1.575 0
      vertex 2.88825 -1.25 10
    endloop
  endfacet
  facet normal -0.898063 0.439867 0
    outer loop
      vertex 2.90926 -1.20741 10.3235
      vertex 2.91022 -1.20545 39.6707
      vertex 2.91022 -1.20545 10.3293
    endloop
  endfacet
  facet normal -0.898063 0.439867 0
    outer loop
      vertex 2.90926 -1.20741 10.3235
      vertex 2.90926 -1.20741 39.6765
      vertex 2.91022 -1.20545 39.6707
    endloop
  endfacet
  facet normal -0.896888 0.442258 0
    outer loop
      vertex 2.89353 -1.23931 10.1632
      vertex 2.90926 -1.20741 39.6765
      vertex 2.90926 -1.20741 10.3235
    endloop
  endfacet
  facet normal -0.896888 0.442258 0
    outer loop
      vertex 2.89353 -1.23931 10.1632
      vertex 2.89353 -1.23931 39.8368
      vertex 2.90926 -1.20741 39.6765
    endloop
  endfacet
  facet normal -0.896597 0.442847 0
    outer loop
      vertex 2.88825 -1.25 10
      vertex 2.89353 -1.23931 39.8368
      vertex 2.89353 -1.23931 10.1632
    endloop
  endfacet
  facet normal -0.896597 0.442847 0
    outer loop
      vertex 2.89353 -1.23931 39.8368
      vertex 2.88825 -1.25 10
      vertex 2.88825 -1.25 40
    endloop
  endfacet
  facet normal -0.897942 0.440113 -0.000103099
    outer loop
      vertex 2.72798 -1.575 50
      vertex 2.91022 -1.20545 40.3293
      vertex 2.90926 -1.20741 40.3235
    endloop
  endfacet
  facet normal -0.896885 0.442265 -1.56465e-06
    outer loop
      vertex 2.72798 -1.575 50
      vertex 2.90926 -1.20741 40.3235
      vertex 2.89353 -1.23931 40.1632
    endloop
  endfacet
  facet normal -0.896689 0.44266 1.52141e-05
    outer loop
      vertex 2.72798 -1.575 50
      vertex 2.89353 -1.23931 40.1632
      vertex 2.88825 -1.25 40
    endloop
  endfacet
  facet normal -0.896875 0.442284 0
    outer loop
      vertex 2.72798 -1.575 50
      vertex 2.88825 -1.25 40
      vertex 2.72798 -1.575 0
    endloop
  endfacet
  facet normal -0.896875 0.442285 0
    outer loop
      vertex 2.91022 -1.20545 40.3293
      vertex 2.72798 -1.575 50
      vertex 2.91022 -1.20545 50
    endloop
  endfacet
  facet normal 0.980788 -0.195079 0
    outer loop
      vertex -3.12305 0.411157 50
      vertex -3.04267 0.81528 0
      vertex -3.04267 0.81528 50
    endloop
  endfacet
  facet normal 0.980788 -0.195079 0
    outer loop
      vertex -3.04267 0.81528 0
      vertex -3.12305 0.411157 50
      vertex -3.12305 0.411157 0
    endloop
  endfacet
  facet normal 0.997859 -0.0654064 0
    outer loop
      vertex -3.15 0 50
      vertex -3.12305 0.411157 0
      vertex -3.12305 0.411157 50
    endloop
  endfacet
  facet normal 0.997859 -0.0654064 0
    outer loop
      vertex -3.12305 0.411157 0
      vertex -3.15 0 50
      vertex -3.15 0 0
    endloop
  endfacet
  facet normal -0.831467 0.555574 0
    outer loop
      vertex 2.49906 -1.9176 0
      vertex 2.72798 -1.575 50
      vertex 2.72798 -1.575 0
    endloop
  endfacet
  facet normal -0.831467 0.555574 0
    outer loop
      vertex 2.72798 -1.575 50
      vertex 2.49906 -1.9176 0
      vertex 2.49906 -1.9176 50
    endloop
  endfacet
  facet normal 0.555574 -0.831467 0
    outer loop
      vertex -1.9176 2.49906 0
      vertex -1.575 2.72798 50
      vertex -1.9176 2.49906 50
    endloop
  endfacet
  facet normal 0.555574 -0.831467 0
    outer loop
      vertex -1.575 2.72798 50
      vertex -1.9176 2.49906 0
      vertex -1.575 2.72798 0
    endloop
  endfacet
  facet normal 0.831467 0.555574 0
    outer loop
      vertex -2.49906 -1.9176 50
      vertex -2.72798 -1.575 0
      vertex -2.72798 -1.575 50
    endloop
  endfacet
  facet normal 0.831467 0.555574 0
    outer loop
      vertex -2.72798 -1.575 0
      vertex -2.49906 -1.9176 50
      vertex -2.49906 -1.9176 0
    endloop
  endfacet
  facet normal 0.195079 -0.980788 0
    outer loop
      vertex -0.81528 3.04267 0
      vertex -0.411157 3.12305 50
      vertex -0.81528 3.04267 50
    endloop
  endfacet
  facet normal 0.195079 -0.980788 0
    outer loop
      vertex -0.411157 3.12305 50
      vertex -0.81528 3.04267 0
      vertex -0.411157 3.12305 0
    endloop
  endfacet
  facet normal -0.980788 0.195079 0
    outer loop
      vertex 3.04267 -0.81528 0
      vertex 3.12305 -0.411157 8.82234
      vertex 3.12305 -0.411157 0
    endloop
  endfacet
  facet normal -0.980775 0.195141 -2.98059e-06
    outer loop
      vertex 3.12305 -0.411157 8.82234
      vertex 3.04267 -0.81528 0
      vertex 3.10968 -0.478354 8.84515
    endloop
  endfacet
  facet normal -0.980785 0.195092 -1.02642e-06
    outer loop
      vertex 3.10968 -0.478354 8.84515
      vertex 3.04267 -0.81528 0
      vertex 3.08051 -0.625 8.91747
    endloop
  endfacet
  facet normal -0.980789 0.195074 -6.26429e-07
    outer loop
      vertex 3.08051 -0.625 8.91747
      vertex 3.04267 -0.81528 0
      vertex 3.05347 -0.760951 9.00831
    endloop
  endfacet
  facet normal -0.980808 0.194974 0
    outer loop
      vertex 3.05347 -0.760951 9.00831
      vertex 3.04267 -0.81528 0
      vertex 3.04267 -0.81528 9.05595
    endloop
  endfacet
  facet normal -0.980775 0.195141 2.98063e-06
    outer loop
      vertex 3.04267 -0.81528 50
      vertex 3.12305 -0.411157 41.1777
      vertex 3.10968 -0.478354 41.1549
    endloop
  endfacet
  facet normal -0.980785 0.195092 1.02641e-06
    outer loop
      vertex 3.04267 -0.81528 50
      vertex 3.10968 -0.478354 41.1549
      vertex 3.08051 -0.625 41.0825
    endloop
  endfacet
  facet normal -0.980789 0.195074 6.26431e-07
    outer loop
      vertex 3.04267 -0.81528 50
      vertex 3.08051 -0.625 41.0825
      vertex 3.05347 -0.760951 40.9917
    endloop
  endfacet
  facet normal -0.980808 0.194974 0
    outer loop
      vertex 3.04267 -0.81528 50
      vertex 3.05347 -0.760951 40.9917
      vertex 3.04267 -0.81528 40.944
    endloop
  endfacet
  facet normal -0.980788 0.195079 0
    outer loop
      vertex 3.12305 -0.411157 41.1777
      vertex 3.04267 -0.81528 50
      vertex 3.12305 -0.411157 50
    endloop
  endfacet
  facet normal -0.980775 0.195142 0
    outer loop
      vertex 3.10968 -0.478354 11.1548
      vertex 3.12305 -0.411157 38.8223
      vertex 3.12305 -0.411157 11.1777
    endloop
  endfacet
  facet normal -0.980775 0.195142 0
    outer loop
      vertex 3.10968 -0.478354 11.1548
      vertex 3.10968 -0.478354 38.8451
      vertex 3.12305 -0.411157 38.8223
    endloop
  endfacet
  facet normal -0.980785 0.195092 0
    outer loop
      vertex 3.08051 -0.625 11.0825
      vertex 3.10968 -0.478354 38.8451
      vertex 3.10968 -0.478354 11.1548
    endloop
  endfacet
  facet normal -0.980785 0.195092 0
    outer loop
      vertex 3.08051 -0.625 11.0825
      vertex 3.08051 -0.625 38.9175
      vertex 3.10968 -0.478354 38.8451
    endloop
  endfacet
  facet normal -0.980789 0.195074 0
    outer loop
      vertex 3.05347 -0.760951 10.9917
      vertex 3.08051 -0.625 38.9175
      vertex 3.08051 -0.625 11.0825
    endloop
  endfacet
  facet normal -0.980789 0.195074 0
    outer loop
      vertex 3.05347 -0.760951 10.9917
      vertex 3.05347 -0.760951 39.0083
      vertex 3.08051 -0.625 38.9175
    endloop
  endfacet
  facet normal -0.980808 0.194974 0
    outer loop
      vertex 3.04267 -0.81528 10.944
      vertex 3.05347 -0.760951 39.0083
      vertex 3.05347 -0.760951 10.9917
    endloop
  endfacet
  facet normal -0.980808 0.194974 0
    outer loop
      vertex 3.05347 -0.760951 39.0083
      vertex 3.04267 -0.81528 10.944
      vertex 3.04267 -0.81528 39.056
    endloop
  endfacet
  facet normal -0.555574 -0.831467 0
    outer loop
      vertex 1.575 2.72798 0
      vertex 1.9176 2.49906 50
      vertex 1.575 2.72798 50
    endloop
  endfacet
  facet normal -0.555574 -0.831467 -0
    outer loop
      vertex 1.9176 2.49906 50
      vertex 1.575 2.72798 0
      vertex 1.9176 2.49906 0
    endloop
  endfacet
  facet normal -0.0654064 -0.997859 0
    outer loop
      vertex 0 3.15 0
      vertex 0.411157 3.12305 50
      vertex 0 3.15 50
    endloop
  endfacet
  facet normal -0.0654064 -0.997859 -0
    outer loop
      vertex 0.411157 3.12305 50
      vertex 0 3.15 0
      vertex 0.411157 3.12305 0
    endloop
  endfacet
  facet normal 0.442285 0.896875 -0
    outer loop
      vertex -1.20545 -2.91022 0
      vertex -1.575 -2.72798 50
      vertex -1.20545 -2.91022 50
    endloop
  endfacet
  facet normal 0.442285 0.896875 0
    outer loop
      vertex -1.575 -2.72798 50
      vertex -1.20545 -2.91022 0
      vertex -1.575 -2.72798 0
    endloop
  endfacet
  facet normal -0.0654064 0.997859 0
    outer loop
      vertex 0.411157 -3.12305 0
      vertex 0 -3.15 50
      vertex 0.411157 -3.12305 50
    endloop
  endfacet
  facet normal -0.0654064 0.997859 0
    outer loop
      vertex 0 -3.15 50
      vertex 0.411157 -3.12305 0
      vertex 0 -3.15 0
    endloop
  endfacet
  facet normal -0.659334 0.75185 0
    outer loop
      vertex 2.22739 -2.22739 0
      vertex 1.9176 -2.49906 50
      vertex 2.22739 -2.22739 50
    endloop
  endfacet
  facet normal -0.659334 0.75185 0
    outer loop
      vertex 1.9176 -2.49906 50
      vertex 2.22739 -2.22739 0
      vertex 1.9176 -2.49906 0
    endloop
  endfacet
  facet normal 0.659334 -0.75185 0
    outer loop
      vertex -2.22739 2.22739 0
      vertex -1.9176 2.49906 50
      vertex -2.22739 2.22739 50
    endloop
  endfacet
  facet normal 0.659334 -0.75185 0
    outer loop
      vertex -1.9176 2.49906 50
      vertex -2.22739 2.22739 0
      vertex -1.9176 2.49906 0
    endloop
  endfacet
  facet normal -0.997859 0.0654064 0
    outer loop
      vertex 3.12305 -0.411157 0
      vertex 3.15 0 8.75
      vertex 3.15 0 0
    endloop
  endfacet
  facet normal -0.99786 0.0653796 1.26321e-06
    outer loop
      vertex 3.15 0 8.75
      vertex 3.12305 -0.411157 0
      vertex 3.13931 -0.163157 8.76069
    endloop
  endfacet
  facet normal -0.997855 0.0654586 -9.83548e-07
    outer loop
      vertex 3.13931 -0.163157 8.76069
      vertex 3.12305 -0.411157 0
      vertex 3.12879 -0.323524 8.79259
    endloop
  endfacet
  facet normal -0.997862 0.0653604 0
    outer loop
      vertex 3.12879 -0.323524 8.79259
      vertex 3.12305 -0.411157 0
      vertex 3.12305 -0.411157 8.82234
    endloop
  endfacet
  facet normal -0.99786 0.0653796 -1.26321e-06
    outer loop
      vertex 3.12305 -0.411157 50
      vertex 3.15 0 41.25
      vertex 3.13931 -0.163157 41.2393
    endloop
  endfacet
  facet normal -0.997855 0.0654586 9.83547e-07
    outer loop
      vertex 3.12305 -0.411157 50
      vertex 3.13931 -0.163157 41.2393
      vertex 3.12879 -0.323524 41.2074
    endloop
  endfacet
  facet normal -0.997862 0.0653604 0
    outer loop
      vertex 3.12305 -0.411157 50
      vertex 3.12879 -0.323524 41.2074
      vertex 3.12305 -0.411157 41.1777
    endloop
  endfacet
  facet normal -0.997859 0.0654064 0
    outer loop
      vertex 3.15 0 41.25
      vertex 3.12305 -0.411157 50
      vertex 3.15 0 50
    endloop
  endfacet
  facet normal -0.99786 0.0653795 0
    outer loop
      vertex 3.13931 -0.163157 11.2393
      vertex 3.15 0 38.75
      vertex 3.15 0 11.25
    endloop
  endfacet
  facet normal -0.99786 0.0653795 0
    outer loop
      vertex 3.13931 -0.163157 11.2393
      vertex 3.13931 -0.163157 38.7607
      vertex 3.15 0 38.75
    endloop
  endfacet
  facet normal -0.997855 0.0654588 0
    outer loop
      vertex 3.12879 -0.323524 11.2074
      vertex 3.13931 -0.163157 38.7607
      vertex 3.13931 -0.163157 11.2393
    endloop
  endfacet
  facet normal -0.997855 0.0654588 0
    outer loop
      vertex 3.12879 -0.323524 11.2074
      vertex 3.12879 -0.323524 38.7926
      vertex 3.13931 -0.163157 38.7607
    endloop
  endfacet
  facet normal -0.997862 0.0653604 0
    outer loop
      vertex 3.12305 -0.411157 11.1777
      vertex 3.12879 -0.323524 38.7926
      vertex 3.12879 -0.323524 11.2074
    endloop
  endfacet
  facet normal -0.997862 0.0653604 0
    outer loop
      vertex 3.12879 -0.323524 38.7926
      vertex 3.12305 -0.411157 11.1777
      vertex 3.12305 -0.411157 38.8223
    endloop
  endfacet
  facet normal 0.321451 -0.946926 0
    outer loop
      vertex -1.20545 2.91022 0
      vertex -0.81528 3.04267 50
      vertex -1.20545 2.91022 50
    endloop
  endfacet
  facet normal 0.321451 -0.946926 0
    outer loop
      vertex -0.81528 3.04267 50
      vertex -1.20545 2.91022 0
      vertex -0.81528 3.04267 0
    endloop
  endfacet
  facet normal 0.195079 0.980788 -0
    outer loop
      vertex -0.411157 -3.12305 0
      vertex -0.81528 -3.04267 50
      vertex -0.411157 -3.12305 50
    endloop
  endfacet
  facet normal 0.195079 0.980788 0
    outer loop
      vertex -0.81528 -3.04267 50
      vertex -0.411157 -3.12305 0
      vertex -0.81528 -3.04267 0
    endloop
  endfacet
  facet normal 0.946926 -0.321451 0
    outer loop
      vertex -3.04267 0.81528 50
      vertex -2.91022 1.20545 0
      vertex -2.91022 1.20545 50
    endloop
  endfacet
  facet normal 0.946926 -0.321451 0
    outer loop
      vertex -2.91022 1.20545 0
      vertex -3.04267 0.81528 50
      vertex -3.04267 0.81528 0
    endloop
  endfacet
  facet normal -0.75185 0.659334 0
    outer loop
      vertex 2.22739 -2.22739 0
      vertex 2.49906 -1.9176 50
      vertex 2.49906 -1.9176 0
    endloop
  endfacet
  facet normal -0.75185 0.659334 0
    outer loop
      vertex 2.49906 -1.9176 50
      vertex 2.22739 -2.22739 0
      vertex 2.22739 -2.22739 50
    endloop
  endfacet
  facet normal 0.659334 0.75185 -0
    outer loop
      vertex -1.9176 -2.49906 0
      vertex -2.22739 -2.22739 50
      vertex -1.9176 -2.49906 50
    endloop
  endfacet
  facet normal 0.659334 0.75185 0
    outer loop
      vertex -2.22739 -2.22739 50
      vertex -1.9176 -2.49906 0
      vertex -2.22739 -2.22739 0
    endloop
  endfacet
  facet normal 0.896875 0.442285 0
    outer loop
      vertex -2.72798 -1.575 50
      vertex -2.91022 -1.20545 0
      vertex -2.91022 -1.20545 50
    endloop
  endfacet
  facet normal 0.896875 0.442285 0
    outer loop
      vertex -2.91022 -1.20545 0
      vertex -2.72798 -1.575 50
      vertex -2.72798 -1.575 0
    endloop
  endfacet
  facet normal 0.997859 0.0654064 0
    outer loop
      vertex -3.12305 -0.411157 50
      vertex -3.15 0 0
      vertex -3.15 0 50
    endloop
  endfacet
  facet normal 0.997859 0.0654064 0
    outer loop
      vertex -3.15 0 0
      vertex -3.12305 -0.411157 50
      vertex -3.12305 -0.411157 0
    endloop
  endfacet
  facet normal -0.75185 -0.659334 0
    outer loop
      vertex 2.49906 1.9176 0
      vertex 2.22739 2.22739 50
      vertex 2.22739 2.22739 0
    endloop
  endfacet
  facet normal -0.75185 -0.659334 0
    outer loop
      vertex 2.22739 2.22739 50
      vertex 2.49906 1.9176 0
      vertex 2.49906 1.9176 50
    endloop
  endfacet
  facet normal -0.555574 0.831467 0
    outer loop
      vertex 1.9176 -2.49906 0
      vertex 1.575 -2.72798 50
      vertex 1.9176 -2.49906 50
    endloop
  endfacet
  facet normal -0.555574 0.831467 0
    outer loop
      vertex 1.575 -2.72798 50
      vertex 1.9176 -2.49906 0
      vertex 1.575 -2.72798 0
    endloop
  endfacet
  facet normal 0.75185 -0.659334 0
    outer loop
      vertex -2.49906 1.9176 50
      vertex -2.22739 2.22739 0
      vertex -2.22739 2.22739 50
    endloop
  endfacet
  facet normal 0.75185 -0.659334 0
    outer loop
      vertex -2.22739 2.22739 0
      vertex -2.49906 1.9176 50
      vertex -2.49906 1.9176 0
    endloop
  endfacet
  facet normal -0.321451 -0.946926 0
    outer loop
      vertex 0.81528 3.04267 0
      vertex 1.20545 2.91022 50
      vertex 0.81528 3.04267 50
    endloop
  endfacet
  facet normal -0.321451 -0.946926 -0
    outer loop
      vertex 1.20545 2.91022 50
      vertex 0.81528 3.04267 0
      vertex 1.20545 2.91022 0
    endloop
  endfacet
  facet normal 0.321451 0.946926 -0
    outer loop
      vertex -0.81528 -3.04267 0
      vertex -1.20545 -2.91022 50
      vertex -0.81528 -3.04267 50
    endloop
  endfacet
  facet normal 0.321451 0.946926 0
    outer loop
      vertex -1.20545 -2.91022 50
      vertex -0.81528 -3.04267 0
      vertex -1.20545 -2.91022 0
    endloop
  endfacet
  facet normal 0.946926 0.321451 0
    outer loop
      vertex -2.91022 -1.20545 50
      vertex -3.04267 -0.81528 0
      vertex -3.04267 -0.81528 50
    endloop
  endfacet
  facet normal 0.946926 0.321451 0
    outer loop
      vertex -3.04267 -0.81528 0
      vertex -2.91022 -1.20545 50
      vertex -2.91022 -1.20545 0
    endloop
  endfacet
  facet normal 0.0654064 0.997859 -0
    outer loop
      vertex 0 -3.15 0
      vertex -0.411157 -3.12305 50
      vertex 0 -3.15 50
    endloop
  endfacet
  facet normal 0.0654064 0.997859 0
    outer loop
      vertex -0.411157 -3.12305 50
      vertex 0 -3.15 0
      vertex -0.411157 -3.12305 0
    endloop
  endfacet
  facet normal -0.442285 0.896875 0
    outer loop
      vertex 1.575 -2.72798 0
      vertex 1.20545 -2.91022 50
      vertex 1.575 -2.72798 50
    endloop
  endfacet
  facet normal -0.442285 0.896875 0
    outer loop
      vertex 1.20545 -2.91022 50
      vertex 1.575 -2.72798 0
      vertex 1.20545 -2.91022 0
    endloop
  endfacet
  facet normal 0.75185 0.659334 0
    outer loop
      vertex -2.22739 -2.22739 50
      vertex -2.49906 -1.9176 0
      vertex -2.49906 -1.9176 50
    endloop
  endfacet
  facet normal 0.75185 0.659334 0
    outer loop
      vertex -2.49906 -1.9176 0
      vertex -2.22739 -2.22739 50
      vertex -2.22739 -2.22739 0
    endloop
  endfacet
  facet normal -0.321451 0.946926 0
    outer loop
      vertex 1.20545 -2.91022 0
      vertex 0.81528 -3.04267 50
      vertex 1.20545 -2.91022 50
    endloop
  endfacet
  facet normal -0.321451 0.946926 0
    outer loop
      vertex 0.81528 -3.04267 50
      vertex 1.20545 -2.91022 0
      vertex 0.81528 -3.04267 0
    endloop
  endfacet
  facet normal 0.555574 0.831467 -0
    outer loop
      vertex -1.575 -2.72798 0
      vertex -1.9176 -2.49906 50
      vertex -1.575 -2.72798 50
    endloop
  endfacet
  facet normal 0.555574 0.831467 0
    outer loop
      vertex -1.9176 -2.49906 50
      vertex -1.575 -2.72798 0
      vertex -1.9176 -2.49906 0
    endloop
  endfacet
  facet normal -0.195079 -0.980788 0
    outer loop
      vertex 0.411157 3.12305 0
      vertex 0.81528 3.04267 50
      vertex 0.411157 3.12305 50
    endloop
  endfacet
  facet normal -0.195079 -0.980788 -0
    outer loop
      vertex 0.81528 3.04267 50
      vertex 0.411157 3.12305 0
      vertex 0.81528 3.04267 0
    endloop
  endfacet
  facet normal 0.896875 -0.442285 0
    outer loop
      vertex -2.91022 1.20545 50
      vertex -2.72798 1.575 0
      vertex -2.72798 1.575 50
    endloop
  endfacet
  facet normal 0.896875 -0.442285 0
    outer loop
      vertex -2.72798 1.575 0
      vertex -2.91022 1.20545 50
      vertex -2.91022 1.20545 0
    endloop
  endfacet
  facet normal 0.831467 -0.555574 0
    outer loop
      vertex -2.72798 1.575 50
      vertex -2.49906 1.9176 0
      vertex -2.49906 1.9176 50
    endloop
  endfacet
  facet normal 0.831467 -0.555574 0
    outer loop
      vertex -2.49906 1.9176 0
      vertex -2.72798 1.575 50
      vertex -2.72798 1.575 0
    endloop
  endfacet
endsolid OpenSCAD_Model
