solid OpenSCAD_Model
  facet normal 0.997861 0.0653771 0
    outer loop
      vertex 94 239.095 0
      vertex 93.9658 239.617 -3
      vertex 93.9658 239.617 0
    endloop
  endfacet
  facet normal 0.997861 0.0653771 0
    outer loop
      vertex 93.9658 239.617 -3
      vertex 94 239.095 0
      vertex 94 239.095 -3
    endloop
  endfacet
  facet normal 0.556022 0.831167 -0
    outer loop
      vertex 92.435 242.268 -3
      vertex 92 242.559 0
      vertex 92.435 242.268 0
    endloop
  endfacet
  facet normal 0.556022 0.831167 0
    outer loop
      vertex 92 242.559 0
      vertex 92.435 242.268 -3
      vertex 92 242.559 -3
    endloop
  endfacet
  facet normal 0.831432 0.555626 0
    outer loop
      vertex 93.4641 241.095 0
      vertex 93.1734 241.53 -3
      vertex 93.1734 241.53 0
    endloop
  endfacet
  facet normal 0.831432 0.555626 0
    outer loop
      vertex 93.1734 241.53 -3
      vertex 93.4641 241.095 0
      vertex 93.4641 241.095 -3
    endloop
  endfacet
  facet normal 0.064984 -0.997886 0
    outer loop
      vertex 90 235.095 -3
      vertex 90.5221 235.129 0
      vertex 90 235.095 0
    endloop
  endfacet
  facet normal 0.064984 -0.997886 0
    outer loop
      vertex 90.5221 235.129 0
      vertex 90 235.095 -3
      vertex 90.5221 235.129 -3
    endloop
  endfacet
  facet normal 0.980764 0.195197 0
    outer loop
      vertex 93.9658 239.617 0
      vertex 93.8637 240.13 -3
      vertex 93.8637 240.13 0
    endloop
  endfacet
  facet normal 0.980764 0.195197 0
    outer loop
      vertex 93.8637 240.13 -3
      vertex 93.9658 239.617 0
      vertex 93.9658 239.617 -3
    endloop
  endfacet
  facet normal 0.443159 -0.896443 0
    outer loop
      vertex 91.5307 235.399 -3
      vertex 92 235.631 0
      vertex 91.5307 235.399 0
    endloop
  endfacet
  facet normal 0.443159 -0.896443 0
    outer loop
      vertex 92 235.631 0
      vertex 91.5307 235.399 -3
      vertex 92 235.631 -3
    endloop
  endfacet
  facet normal -0.321156 -0.947026 0
    outer loop
      vertex 88.4693 235.399 -3
      vertex 88.9647 235.231 0
      vertex 88.4693 235.399 0
    endloop
  endfacet
  facet normal -0.321156 -0.947026 -0
    outer loop
      vertex 88.9647 235.231 0
      vertex 88.4693 235.399 -3
      vertex 88.9647 235.231 -3
    endloop
  endfacet
  facet normal 0.75151 -0.659722 0
    outer loop
      vertex 92.8284 236.267 0
      vertex 93.1734 236.66 -3
      vertex 93.1734 236.66 0
    endloop
  endfacet
  facet normal 0.75151 -0.659722 0
    outer loop
      vertex 93.1734 236.66 -3
      vertex 92.8284 236.267 0
      vertex 92.8284 236.267 -3
    endloop
  endfacet
  facet normal 0.831432 -0.555626 0
    outer loop
      vertex 93.1734 236.66 0
      vertex 93.4641 237.095 -3
      vertex 93.4641 237.095 0
    endloop
  endfacet
  facet normal 0.831432 -0.555626 0
    outer loop
      vertex 93.4641 237.095 -3
      vertex 93.1734 236.66 0
      vertex 93.1734 236.66 -3
    endloop
  endfacet
  facet normal 0.980764 -0.195197 0
    outer loop
      vertex 93.8637 238.06 0
      vertex 93.9658 238.573 -3
      vertex 93.9658 238.573 0
    endloop
  endfacet
  facet normal 0.980764 -0.195197 0
    outer loop
      vertex 93.9658 238.573 -3
      vertex 93.8637 238.06 0
      vertex 93.8637 238.06 -3
    endloop
  endfacet
  facet normal 0.75151 0.659722 0
    outer loop
      vertex 93.1734 241.53 0
      vertex 92.8284 241.923 -3
      vertex 92.8284 241.923 0
    endloop
  endfacet
  facet normal 0.75151 0.659722 0
    outer loop
      vertex 92.8284 241.923 -3
      vertex 93.1734 241.53 0
      vertex 93.1734 241.53 -3
    endloop
  endfacet
  facet normal -0.947028 -0.32115 0
    outer loop
      vertex 86.3045 237.564 -3
      vertex 86.1363 238.06 0
      vertex 86.1363 238.06 -3
    endloop
  endfacet
  facet normal -0.947028 -0.32115 0
    outer loop
      vertex 86.1363 238.06 0
      vertex 86.3045 237.564 -3
      vertex 86.3045 237.564 0
    endloop
  endfacet
  facet normal 0.896786 0.442465 0
    outer loop
      vertex 93.6955 240.626 0
      vertex 93.4641 241.095 -3
      vertex 93.4641 241.095 0
    endloop
  endfacet
  facet normal 0.896786 0.442465 0
    outer loop
      vertex 93.4641 241.095 -3
      vertex 93.6955 240.626 0
      vertex 93.6955 240.626 -3
    endloop
  endfacet
  facet normal -0.556022 0.831167 0
    outer loop
      vertex 88 242.559 -3
      vertex 87.565 242.268 0
      vertex 88 242.559 0
    endloop
  endfacet
  facet normal -0.556022 0.831167 0
    outer loop
      vertex 87.565 242.268 0
      vertex 88 242.559 -3
      vertex 87.565 242.268 -3
    endloop
  endfacet
  facet normal -0.064984 -0.997886 0
    outer loop
      vertex 89.4779 235.129 -3
      vertex 90 235.095 0
      vertex 89.4779 235.129 0
    endloop
  endfacet
  facet normal -0.064984 -0.997886 -0
    outer loop
      vertex 90 235.095 0
      vertex 89.4779 235.129 -3
      vertex 90 235.095 -3
    endloop
  endfacet
  facet normal 0.947028 0.32115 0
    outer loop
      vertex 93.8637 240.13 0
      vertex 93.6955 240.626 -3
      vertex 93.6955 240.626 0
    endloop
  endfacet
  facet normal 0.947028 0.32115 0
    outer loop
      vertex 93.6955 240.626 -3
      vertex 93.8637 240.13 0
      vertex 93.8637 240.13 -3
    endloop
  endfacet
  facet normal 0.997861 -0.0653771 0
    outer loop
      vertex 93.9658 238.573 0
      vertex 94 239.095 -3
      vertex 94 239.095 0
    endloop
  endfacet
  facet normal 0.997861 -0.0653771 0
    outer loop
      vertex 94 239.095 -3
      vertex 93.9658 238.573 0
      vertex 93.9658 238.573 -3
    endloop
  endfacet
  facet normal 0.321156 0.947026 -0
    outer loop
      vertex 91.5307 242.791 -3
      vertex 91.0353 242.959 0
      vertex 91.5307 242.791 0
    endloop
  endfacet
  facet normal 0.321156 0.947026 0
    outer loop
      vertex 91.0353 242.959 0
      vertex 91.5307 242.791 -3
      vertex 91.0353 242.959 -3
    endloop
  endfacet
  facet normal 0.659343 0.751842 -0
    outer loop
      vertex 92.8284 241.923 -3
      vertex 92.435 242.268 0
      vertex 92.8284 241.923 0
    endloop
  endfacet
  facet normal 0.659343 0.751842 0
    outer loop
      vertex 92.435 242.268 0
      vertex 92.8284 241.923 -3
      vertex 92.435 242.268 -3
    endloop
  endfacet
  facet normal 0.556022 -0.831167 0
    outer loop
      vertex 92 235.631 -3
      vertex 92.435 235.922 0
      vertex 92 235.631 0
    endloop
  endfacet
  facet normal 0.556022 -0.831167 0
    outer loop
      vertex 92.435 235.922 0
      vertex 92 235.631 -3
      vertex 92.435 235.922 -3
    endloop
  endfacet
  facet normal 0.896786 -0.442465 0
    outer loop
      vertex 93.4641 237.095 0
      vertex 93.6955 237.564 -3
      vertex 93.6955 237.564 0
    endloop
  endfacet
  facet normal 0.896786 -0.442465 0
    outer loop
      vertex 93.6955 237.564 -3
      vertex 93.4641 237.095 0
      vertex 93.4641 237.095 -3
    endloop
  endfacet
  facet normal -0.064984 0.997886 0
    outer loop
      vertex 90 243.095 -3
      vertex 89.4779 243.061 0
      vertex 90 243.095 0
    endloop
  endfacet
  facet normal -0.064984 0.997886 0
    outer loop
      vertex 89.4779 243.061 0
      vertex 90 243.095 -3
      vertex 89.4779 243.061 -3
    endloop
  endfacet
  facet normal -0.980764 -0.195197 0
    outer loop
      vertex 86.1363 238.06 -3
      vertex 86.0342 238.573 0
      vertex 86.0342 238.573 -3
    endloop
  endfacet
  facet normal -0.980764 -0.195197 0
    outer loop
      vertex 86.0342 238.573 0
      vertex 86.1363 238.06 -3
      vertex 86.1363 238.06 0
    endloop
  endfacet
  facet normal -0.556022 -0.831167 0
    outer loop
      vertex 87.565 235.922 -3
      vertex 88 235.631 0
      vertex 87.565 235.922 0
    endloop
  endfacet
  facet normal -0.556022 -0.831167 -0
    outer loop
      vertex 88 235.631 0
      vertex 87.565 235.922 -3
      vertex 88 235.631 -3
    endloop
  endfacet
  facet normal -0.659343 0.751842 0
    outer loop
      vertex 87.565 242.268 -3
      vertex 87.1716 241.923 0
      vertex 87.565 242.268 0
    endloop
  endfacet
  facet normal -0.659343 0.751842 0
    outer loop
      vertex 87.1716 241.923 0
      vertex 87.565 242.268 -3
      vertex 87.1716 241.923 -3
    endloop
  endfacet
  facet normal 0.947028 -0.32115 0
    outer loop
      vertex 93.6955 237.564 0
      vertex 93.8637 238.06 -3
      vertex 93.8637 238.06 0
    endloop
  endfacet
  facet normal 0.947028 -0.32115 0
    outer loop
      vertex 93.8637 238.06 -3
      vertex 93.6955 237.564 0
      vertex 93.6955 237.564 -3
    endloop
  endfacet
  facet normal -0.896786 -0.442465 0
    outer loop
      vertex 86.5359 237.095 -3
      vertex 86.3045 237.564 0
      vertex 86.3045 237.564 -3
    endloop
  endfacet
  facet normal -0.896786 -0.442465 0
    outer loop
      vertex 86.3045 237.564 0
      vertex 86.5359 237.095 -3
      vertex 86.5359 237.095 0
    endloop
  endfacet
  facet normal 0.321156 -0.947026 0
    outer loop
      vertex 91.0353 235.231 -3
      vertex 91.5307 235.399 0
      vertex 91.0353 235.231 0
    endloop
  endfacet
  facet normal 0.321156 -0.947026 0
    outer loop
      vertex 91.5307 235.399 0
      vertex 91.0353 235.231 -3
      vertex 91.5307 235.399 -3
    endloop
  endfacet
  facet normal -0.19494 0.980815 0
    outer loop
      vertex 89.4779 243.061 -3
      vertex 88.9647 242.959 0
      vertex 89.4779 243.061 0
    endloop
  endfacet
  facet normal -0.19494 0.980815 0
    outer loop
      vertex 88.9647 242.959 0
      vertex 89.4779 243.061 -3
      vertex 88.9647 242.959 -3
    endloop
  endfacet
  facet normal -0.997861 0.0653771 0
    outer loop
      vertex 86 239.095 -3
      vertex 86.0342 239.617 0
      vertex 86.0342 239.617 -3
    endloop
  endfacet
  facet normal -0.997861 0.0653771 0
    outer loop
      vertex 86.0342 239.617 0
      vertex 86 239.095 -3
      vertex 86 239.095 0
    endloop
  endfacet
  facet normal -0.443159 0.896443 0
    outer loop
      vertex 88.4693 242.791 -3
      vertex 88 242.559 0
      vertex 88.4693 242.791 0
    endloop
  endfacet
  facet normal -0.443159 0.896443 0
    outer loop
      vertex 88 242.559 0
      vertex 88.4693 242.791 -3
      vertex 88 242.559 -3
    endloop
  endfacet
  facet normal -0.980764 0.195197 0
    outer loop
      vertex 86.0342 239.617 -3
      vertex 86.1363 240.13 0
      vertex 86.1363 240.13 -3
    endloop
  endfacet
  facet normal -0.980764 0.195197 0
    outer loop
      vertex 86.1363 240.13 0
      vertex 86.0342 239.617 -3
      vertex 86.0342 239.617 0
    endloop
  endfacet
  facet normal 0.443159 0.896443 -0
    outer loop
      vertex 92 242.559 -3
      vertex 91.5307 242.791 0
      vertex 92 242.559 0
    endloop
  endfacet
  facet normal 0.443159 0.896443 0
    outer loop
      vertex 91.5307 242.791 0
      vertex 92 242.559 -3
      vertex 91.5307 242.791 -3
    endloop
  endfacet
  facet normal -0.831432 -0.555626 0
    outer loop
      vertex 86.8266 236.66 -3
      vertex 86.5359 237.095 0
      vertex 86.5359 237.095 -3
    endloop
  endfacet
  facet normal -0.831432 -0.555626 0
    outer loop
      vertex 86.5359 237.095 0
      vertex 86.8266 236.66 -3
      vertex 86.8266 236.66 0
    endloop
  endfacet
  facet normal -0.19494 -0.980815 0
    outer loop
      vertex 88.9647 235.231 -3
      vertex 89.4779 235.129 0
      vertex 88.9647 235.231 0
    endloop
  endfacet
  facet normal -0.19494 -0.980815 -0
    outer loop
      vertex 89.4779 235.129 0
      vertex 88.9647 235.231 -3
      vertex 89.4779 235.129 -3
    endloop
  endfacet
  facet normal -0.947028 0.32115 0
    outer loop
      vertex 86.1363 240.13 -3
      vertex 86.3045 240.626 0
      vertex 86.3045 240.626 -3
    endloop
  endfacet
  facet normal -0.947028 0.32115 0
    outer loop
      vertex 86.3045 240.626 0
      vertex 86.1363 240.13 -3
      vertex 86.1363 240.13 0
    endloop
  endfacet
  facet normal 0.064984 0.997886 -0
    outer loop
      vertex 90.5221 243.061 -3
      vertex 90 243.095 0
      vertex 90.5221 243.061 0
    endloop
  endfacet
  facet normal 0.064984 0.997886 0
    outer loop
      vertex 90 243.095 0
      vertex 90.5221 243.061 -3
      vertex 90 243.095 -3
    endloop
  endfacet
  facet normal -0.75151 -0.659722 0
    outer loop
      vertex 87.1716 236.267 -3
      vertex 86.8266 236.66 0
      vertex 86.8266 236.66 -3
    endloop
  endfacet
  facet normal -0.75151 -0.659722 0
    outer loop
      vertex 86.8266 236.66 0
      vertex 87.1716 236.267 -3
      vertex 87.1716 236.267 0
    endloop
  endfacet
  facet normal 0.19494 -0.980815 0
    outer loop
      vertex 90.5221 235.129 -3
      vertex 91.0353 235.231 0
      vertex 90.5221 235.129 0
    endloop
  endfacet
  facet normal 0.19494 -0.980815 0
    outer loop
      vertex 91.0353 235.231 0
      vertex 90.5221 235.129 -3
      vertex 91.0353 235.231 -3
    endloop
  endfacet
  facet normal 0.659343 -0.751842 0
    outer loop
      vertex 92.435 235.922 -3
      vertex 92.8284 236.267 0
      vertex 92.435 235.922 0
    endloop
  endfacet
  facet normal 0.659343 -0.751842 0
    outer loop
      vertex 92.8284 236.267 0
      vertex 92.435 235.922 -3
      vertex 92.8284 236.267 -3
    endloop
  endfacet
  facet normal -0.75151 0.659722 0
    outer loop
      vertex 86.8266 241.53 -3
      vertex 87.1716 241.923 0
      vertex 87.1716 241.923 -3
    endloop
  endfacet
  facet normal -0.75151 0.659722 0
    outer loop
      vertex 87.1716 241.923 0
      vertex 86.8266 241.53 -3
      vertex 86.8266 241.53 0
    endloop
  endfacet
  facet normal -0.321156 0.947026 0
    outer loop
      vertex 88.9647 242.959 -3
      vertex 88.4693 242.791 0
      vertex 88.9647 242.959 0
    endloop
  endfacet
  facet normal -0.321156 0.947026 0
    outer loop
      vertex 88.4693 242.791 0
      vertex 88.9647 242.959 -3
      vertex 88.4693 242.791 -3
    endloop
  endfacet
  facet normal -0.997861 -0.0653771 0
    outer loop
      vertex 86.0342 238.573 -3
      vertex 86 239.095 0
      vertex 86 239.095 -3
    endloop
  endfacet
  facet normal -0.997861 -0.0653771 0
    outer loop
      vertex 86 239.095 0
      vertex 86.0342 238.573 -3
      vertex 86.0342 238.573 0
    endloop
  endfacet
  facet normal -0.443159 -0.896443 0
    outer loop
      vertex 88 235.631 -3
      vertex 88.4693 235.399 0
      vertex 88 235.631 0
    endloop
  endfacet
  facet normal -0.443159 -0.896443 -0
    outer loop
      vertex 88.4693 235.399 0
      vertex 88 235.631 -3
      vertex 88.4693 235.399 -3
    endloop
  endfacet
  facet normal -0.659343 -0.751842 0
    outer loop
      vertex 87.1716 236.267 -3
      vertex 87.565 235.922 0
      vertex 87.1716 236.267 0
    endloop
  endfacet
  facet normal -0.659343 -0.751842 -0
    outer loop
      vertex 87.565 235.922 0
      vertex 87.1716 236.267 -3
      vertex 87.565 235.922 -3
    endloop
  endfacet
  facet normal 0.19494 0.980815 -0
    outer loop
      vertex 91.0353 242.959 -3
      vertex 90.5221 243.061 0
      vertex 91.0353 242.959 0
    endloop
  endfacet
  facet normal 0.19494 0.980815 0
    outer loop
      vertex 90.5221 243.061 0
      vertex 91.0353 242.959 -3
      vertex 90.5221 243.061 -3
    endloop
  endfacet
  facet normal -0.896786 0.442465 0
    outer loop
      vertex 86.3045 240.626 -3
      vertex 86.5359 241.095 0
      vertex 86.5359 241.095 -3
    endloop
  endfacet
  facet normal -0.896786 0.442465 0
    outer loop
      vertex 86.5359 241.095 0
      vertex 86.3045 240.626 -3
      vertex 86.3045 240.626 0
    endloop
  endfacet
  facet normal -0.831432 0.555626 0
    outer loop
      vertex 86.5359 241.095 -3
      vertex 86.8266 241.53 0
      vertex 86.8266 241.53 -3
    endloop
  endfacet
  facet normal -0.831432 0.555626 0
    outer loop
      vertex 86.8266 241.53 0
      vertex 86.5359 241.095 -3
      vertex 86.5359 241.095 0
    endloop
  endfacet
  facet normal 0 0 -1
    outer loop
      vertex 91.7 239.095 -3
      vertex 94 239.095 -3
      vertex 93.9658 238.573 -3
    endloop
  endfacet
  facet normal 0 0 -1
    outer loop
      vertex 91.6855 238.873 -3
      vertex 93.9658 238.573 -3
      vertex 93.8637 238.06 -3
    endloop
  endfacet
  facet normal 0 0 -1
    outer loop
      vertex 94 239.095 -3
      vertex 91.7 239.095 -3
      vertex 93.9658 239.617 -3
    endloop
  endfacet
  facet normal 0 0 -1
    outer loop
      vertex 91.6421 238.655 -3
      vertex 93.8637 238.06 -3
      vertex 93.6955 237.564 -3
    endloop
  endfacet
  facet normal 0 0 -1
    outer loop
      vertex 91.6855 239.317 -3
      vertex 93.9658 239.617 -3
      vertex 91.7 239.095 -3
    endloop
  endfacet
  facet normal 0 0 -1
    outer loop
      vertex 91.5706 238.444 -3
      vertex 93.6955 237.564 -3
      vertex 93.4641 237.095 -3
    endloop
  endfacet
  facet normal -0 0 -1
    outer loop
      vertex 93.9658 239.617 -3
      vertex 91.6855 239.317 -3
      vertex 93.8637 240.13 -3
    endloop
  endfacet
  facet normal 0 0 -1
    outer loop
      vertex 91.4722 238.245 -3
      vertex 93.4641 237.095 -3
      vertex 93.1734 236.66 -3
    endloop
  endfacet
  facet normal 0 0 -1
    outer loop
      vertex 91.6421 239.535 -3
      vertex 93.8637 240.13 -3
      vertex 91.6855 239.317 -3
    endloop
  endfacet
  facet normal 0 0 -1
    outer loop
      vertex 91.3487 238.06 -3
      vertex 93.1734 236.66 -3
      vertex 92.8284 236.267 -3
    endloop
  endfacet
  facet normal -0 0 -1
    outer loop
      vertex 93.8637 240.13 -3
      vertex 91.6421 239.535 -3
      vertex 93.6955 240.626 -3
    endloop
  endfacet
  facet normal 0 0 -1
    outer loop
      vertex 91.2021 237.893 -3
      vertex 92.8284 236.267 -3
      vertex 92.435 235.922 -3
    endloop
  endfacet
  facet normal 0 0 -1
    outer loop
      vertex 91.5706 239.746 -3
      vertex 93.6955 240.626 -3
      vertex 91.6421 239.535 -3
    endloop
  endfacet
  facet normal 0 0 -1
    outer loop
      vertex 91.0349 237.746 -3
      vertex 92.435 235.922 -3
      vertex 92 235.631 -3
    endloop
  endfacet
  facet normal -0 0 -1
    outer loop
      vertex 93.6955 240.626 -3
      vertex 91.5706 239.746 -3
      vertex 93.4641 241.095 -3
    endloop
  endfacet
  facet normal 0 0 -1
    outer loop
      vertex 91.4722 239.945 -3
      vertex 93.4641 241.095 -3
      vertex 91.5706 239.746 -3
    endloop
  endfacet
  facet normal 0 0 -1
    outer loop
      vertex 93.9658 238.573 -3
      vertex 91.6855 238.873 -3
      vertex 91.7 239.095 -3
    endloop
  endfacet
  facet normal 0 0 -1
    outer loop
      vertex 93.8637 238.06 -3
      vertex 91.6421 238.655 -3
      vertex 91.6855 238.873 -3
    endloop
  endfacet
  facet normal 0 0 -1
    outer loop
      vertex 93.6955 237.564 -3
      vertex 91.5706 238.444 -3
      vertex 91.6421 238.655 -3
    endloop
  endfacet
  facet normal 0 0 -1
    outer loop
      vertex 90.85 237.623 -3
      vertex 92 235.631 -3
      vertex 91.5307 235.399 -3
    endloop
  endfacet
  facet normal 0 0 -1
    outer loop
      vertex 93.4641 237.095 -3
      vertex 91.4722 238.245 -3
      vertex 91.5706 238.444 -3
    endloop
  endfacet
  facet normal 0 0 -1
    outer loop
      vertex 93.1734 236.66 -3
      vertex 91.3487 238.06 -3
      vertex 91.4722 238.245 -3
    endloop
  endfacet
  facet normal 0 0 -1
    outer loop
      vertex 92.8284 236.267 -3
      vertex 91.2021 237.893 -3
      vertex 91.3487 238.06 -3
    endloop
  endfacet
  facet normal 0 0 -1
    outer loop
      vertex 90.6506 237.524 -3
      vertex 91.5307 235.399 -3
      vertex 91.0353 235.231 -3
    endloop
  endfacet
  facet normal 0 0 -1
    outer loop
      vertex 92.435 235.922 -3
      vertex 91.0349 237.746 -3
      vertex 91.2021 237.893 -3
    endloop
  endfacet
  facet normal 0 0 -1
    outer loop
      vertex 92 235.631 -3
      vertex 90.85 237.623 -3
      vertex 91.0349 237.746 -3
    endloop
  endfacet
  facet normal 0 0 -1
    outer loop
      vertex 91.5307 235.399 -3
      vertex 90.6506 237.524 -3
      vertex 90.85 237.623 -3
    endloop
  endfacet
  facet normal 0 0 -1
    outer loop
      vertex 90.44 237.453 -3
      vertex 91.0353 235.231 -3
      vertex 90.5221 235.129 -3
    endloop
  endfacet
  facet normal 0 0 -1
    outer loop
      vertex 91.0353 235.231 -3
      vertex 90.44 237.453 -3
      vertex 90.6506 237.524 -3
    endloop
  endfacet
  facet normal 0 0 -1
    outer loop
      vertex 90.5221 235.129 -3
      vertex 90.2219 237.41 -3
      vertex 90.44 237.453 -3
    endloop
  endfacet
  facet normal 0 0 -1
    outer loop
      vertex 90 235.095 -3
      vertex 90.2219 237.41 -3
      vertex 90.5221 235.129 -3
    endloop
  endfacet
  facet normal 0 0 -1
    outer loop
      vertex 90 235.095 -3
      vertex 90 237.395 -3
      vertex 90.2219 237.41 -3
    endloop
  endfacet
  facet normal 0 0 -1
    outer loop
      vertex 90 235.095 -3
      vertex 89.7781 237.41 -3
      vertex 90 237.395 -3
    endloop
  endfacet
  facet normal 0 0 -1
    outer loop
      vertex 89.4779 235.129 -3
      vertex 89.7781 237.41 -3
      vertex 90 235.095 -3
    endloop
  endfacet
  facet normal -0 0 -1
    outer loop
      vertex 89.7781 237.41 -3
      vertex 89.4779 235.129 -3
      vertex 89.56 237.453 -3
    endloop
  endfacet
  facet normal 0 0 -1
    outer loop
      vertex 88.9647 235.231 -3
      vertex 89.56 237.453 -3
      vertex 89.4779 235.129 -3
    endloop
  endfacet
  facet normal -0 0 -1
    outer loop
      vertex 89.56 237.453 -3
      vertex 88.9647 235.231 -3
      vertex 89.3494 237.524 -3
    endloop
  endfacet
  facet normal 0 0 -1
    outer loop
      vertex 88.4693 235.399 -3
      vertex 89.3494 237.524 -3
      vertex 88.9647 235.231 -3
    endloop
  endfacet
  facet normal -0 0 -1
    outer loop
      vertex 89.3494 237.524 -3
      vertex 88.4693 235.399 -3
      vertex 89.15 237.623 -3
    endloop
  endfacet
  facet normal 0 0 -1
    outer loop
      vertex 88 235.631 -3
      vertex 89.15 237.623 -3
      vertex 88.4693 235.399 -3
    endloop
  endfacet
  facet normal -0 0 -1
    outer loop
      vertex 89.15 237.623 -3
      vertex 88 235.631 -3
      vertex 88.9651 237.746 -3
    endloop
  endfacet
  facet normal 0 0 -1
    outer loop
      vertex 87.565 235.922 -3
      vertex 88.9651 237.746 -3
      vertex 88 235.631 -3
    endloop
  endfacet
  facet normal -0 0 -1
    outer loop
      vertex 88.9651 237.746 -3
      vertex 87.565 235.922 -3
      vertex 88.7979 237.893 -3
    endloop
  endfacet
  facet normal 0 0 -1
    outer loop
      vertex 87.1716 236.267 -3
      vertex 88.7979 237.893 -3
      vertex 87.565 235.922 -3
    endloop
  endfacet
  facet normal -0 0 -1
    outer loop
      vertex 88.7979 237.893 -3
      vertex 87.1716 236.267 -3
      vertex 88.6513 238.06 -3
    endloop
  endfacet
  facet normal 0 0 -1
    outer loop
      vertex 86.8266 236.66 -3
      vertex 88.6513 238.06 -3
      vertex 87.1716 236.267 -3
    endloop
  endfacet
  facet normal -0 0 -1
    outer loop
      vertex 88.6513 238.06 -3
      vertex 86.8266 236.66 -3
      vertex 88.5278 238.245 -3
    endloop
  endfacet
  facet normal 0 0 -1
    outer loop
      vertex 86.5359 237.095 -3
      vertex 88.5278 238.245 -3
      vertex 86.8266 236.66 -3
    endloop
  endfacet
  facet normal -0 0 -1
    outer loop
      vertex 93.4641 241.095 -3
      vertex 91.4722 239.945 -3
      vertex 93.1734 241.53 -3
    endloop
  endfacet
  facet normal 0 0 -1
    outer loop
      vertex 91.3487 240.13 -3
      vertex 93.1734 241.53 -3
      vertex 91.4722 239.945 -3
    endloop
  endfacet
  facet normal -0 0 -1
    outer loop
      vertex 93.1734 241.53 -3
      vertex 91.3487 240.13 -3
      vertex 92.8284 241.923 -3
    endloop
  endfacet
  facet normal 0 0 -1
    outer loop
      vertex 91.2021 240.297 -3
      vertex 92.8284 241.923 -3
      vertex 91.3487 240.13 -3
    endloop
  endfacet
  facet normal -0 0 -1
    outer loop
      vertex 92.8284 241.923 -3
      vertex 91.2021 240.297 -3
      vertex 92.435 242.268 -3
    endloop
  endfacet
  facet normal 0 0 -1
    outer loop
      vertex 91.0349 240.444 -3
      vertex 92.435 242.268 -3
      vertex 91.2021 240.297 -3
    endloop
  endfacet
  facet normal -0 0 -1
    outer loop
      vertex 92.435 242.268 -3
      vertex 91.0349 240.444 -3
      vertex 92 242.559 -3
    endloop
  endfacet
  facet normal 0 0 -1
    outer loop
      vertex 90.85 240.567 -3
      vertex 92 242.559 -3
      vertex 91.0349 240.444 -3
    endloop
  endfacet
  facet normal -0 0 -1
    outer loop
      vertex 92 242.559 -3
      vertex 90.85 240.567 -3
      vertex 91.5307 242.791 -3
    endloop
  endfacet
  facet normal 0 0 -1
    outer loop
      vertex 90.6506 240.666 -3
      vertex 91.5307 242.791 -3
      vertex 90.85 240.567 -3
    endloop
  endfacet
  facet normal -0 0 -1
    outer loop
      vertex 91.5307 242.791 -3
      vertex 90.6506 240.666 -3
      vertex 91.0353 242.959 -3
    endloop
  endfacet
  facet normal 0 0 -1
    outer loop
      vertex 90.44 240.737 -3
      vertex 91.0353 242.959 -3
      vertex 90.6506 240.666 -3
    endloop
  endfacet
  facet normal -0 0 -1
    outer loop
      vertex 91.0353 242.959 -3
      vertex 90.44 240.737 -3
      vertex 90.5221 243.061 -3
    endloop
  endfacet
  facet normal 0 0 -1
    outer loop
      vertex 90.2219 240.78 -3
      vertex 90.5221 243.061 -3
      vertex 90.44 240.737 -3
    endloop
  endfacet
  facet normal 0 0 -1
    outer loop
      vertex 90 240.795 -3
      vertex 90.5221 243.061 -3
      vertex 90.2219 240.78 -3
    endloop
  endfacet
  facet normal 0 0 -1
    outer loop
      vertex 90 240.795 -3
      vertex 90 243.095 -3
      vertex 90.5221 243.061 -3
    endloop
  endfacet
  facet normal 0 0 -1
    outer loop
      vertex 89.7781 240.78 -3
      vertex 90 243.095 -3
      vertex 90 240.795 -3
    endloop
  endfacet
  facet normal 0 0 -1
    outer loop
      vertex 89.4779 243.061 -3
      vertex 89.7781 240.78 -3
      vertex 89.56 240.737 -3
    endloop
  endfacet
  facet normal 0 0 -1
    outer loop
      vertex 89.7781 240.78 -3
      vertex 89.4779 243.061 -3
      vertex 90 243.095 -3
    endloop
  endfacet
  facet normal 0 0 -1
    outer loop
      vertex 88.9647 242.959 -3
      vertex 89.56 240.737 -3
      vertex 89.3494 240.666 -3
    endloop
  endfacet
  facet normal 0 0 -1
    outer loop
      vertex 88.4693 242.791 -3
      vertex 89.3494 240.666 -3
      vertex 89.15 240.567 -3
    endloop
  endfacet
  facet normal 0 0 -1
    outer loop
      vertex 88 242.559 -3
      vertex 89.15 240.567 -3
      vertex 88.9651 240.444 -3
    endloop
  endfacet
  facet normal 0 0 -1
    outer loop
      vertex 89.56 240.737 -3
      vertex 88.9647 242.959 -3
      vertex 89.4779 243.061 -3
    endloop
  endfacet
  facet normal 0 0 -1
    outer loop
      vertex 87.565 242.268 -3
      vertex 88.9651 240.444 -3
      vertex 88.7979 240.297 -3
    endloop
  endfacet
  facet normal 0 0 -1
    outer loop
      vertex 87.1716 241.923 -3
      vertex 88.7979 240.297 -3
      vertex 88.6513 240.13 -3
    endloop
  endfacet
  facet normal 0 0 -1
    outer loop
      vertex 86.8266 241.53 -3
      vertex 88.6513 240.13 -3
      vertex 88.5278 239.945 -3
    endloop
  endfacet
  facet normal 0 0 -1
    outer loop
      vertex 89.3494 240.666 -3
      vertex 88.4693 242.791 -3
      vertex 88.9647 242.959 -3
    endloop
  endfacet
  facet normal 0 0 -1
    outer loop
      vertex 86.5359 241.095 -3
      vertex 88.5278 239.945 -3
      vertex 88.4294 239.746 -3
    endloop
  endfacet
  facet normal 0 0 -1
    outer loop
      vertex 86.3045 240.626 -3
      vertex 88.4294 239.746 -3
      vertex 88.3579 239.535 -3
    endloop
  endfacet
  facet normal 0 0 -1
    outer loop
      vertex 86.1363 240.13 -3
      vertex 88.3579 239.535 -3
      vertex 88.3145 239.317 -3
    endloop
  endfacet
  facet normal 0 0 -1
    outer loop
      vertex 86.0342 239.617 -3
      vertex 88.3145 239.317 -3
      vertex 88.3 239.095 -3
    endloop
  endfacet
  facet normal -0 0 -1
    outer loop
      vertex 88.5278 238.245 -3
      vertex 86.5359 237.095 -3
      vertex 88.4294 238.444 -3
    endloop
  endfacet
  facet normal 0 0 -1
    outer loop
      vertex 89.15 240.567 -3
      vertex 88 242.559 -3
      vertex 88.4693 242.791 -3
    endloop
  endfacet
  facet normal 0 0 -1
    outer loop
      vertex 86.3045 237.564 -3
      vertex 88.4294 238.444 -3
      vertex 86.5359 237.095 -3
    endloop
  endfacet
  facet normal 0 0 -1
    outer loop
      vertex 88.9651 240.444 -3
      vertex 87.565 242.268 -3
      vertex 88 242.559 -3
    endloop
  endfacet
  facet normal -0 0 -1
    outer loop
      vertex 88.4294 238.444 -3
      vertex 86.3045 237.564 -3
      vertex 88.3579 238.655 -3
    endloop
  endfacet
  facet normal 0 0 -1
    outer loop
      vertex 88.7979 240.297 -3
      vertex 87.1716 241.923 -3
      vertex 87.565 242.268 -3
    endloop
  endfacet
  facet normal 0 0 -1
    outer loop
      vertex 86.1363 238.06 -3
      vertex 88.3579 238.655 -3
      vertex 86.3045 237.564 -3
    endloop
  endfacet
  facet normal 0 0 -1
    outer loop
      vertex 88.6513 240.13 -3
      vertex 86.8266 241.53 -3
      vertex 87.1716 241.923 -3
    endloop
  endfacet
  facet normal -0 0 -1
    outer loop
      vertex 88.3579 238.655 -3
      vertex 86.1363 238.06 -3
      vertex 88.3145 238.873 -3
    endloop
  endfacet
  facet normal 0 0 -1
    outer loop
      vertex 88.5278 239.945 -3
      vertex 86.5359 241.095 -3
      vertex 86.8266 241.53 -3
    endloop
  endfacet
  facet normal 0 0 -1
    outer loop
      vertex 86.0342 238.573 -3
      vertex 88.3145 238.873 -3
      vertex 86.1363 238.06 -3
    endloop
  endfacet
  facet normal 0 0 -1
    outer loop
      vertex 88.4294 239.746 -3
      vertex 86.3045 240.626 -3
      vertex 86.5359 241.095 -3
    endloop
  endfacet
  facet normal -0 0 -1
    outer loop
      vertex 88.3145 238.873 -3
      vertex 86.0342 238.573 -3
      vertex 88.3 239.095 -3
    endloop
  endfacet
  facet normal 0 0 -1
    outer loop
      vertex 88.3579 239.535 -3
      vertex 86.1363 240.13 -3
      vertex 86.3045 240.626 -3
    endloop
  endfacet
  facet normal 0 0 -1
    outer loop
      vertex 86 239.095 -3
      vertex 88.3 239.095 -3
      vertex 86.0342 238.573 -3
    endloop
  endfacet
  facet normal 0 0 -1
    outer loop
      vertex 88.3145 239.317 -3
      vertex 86.0342 239.617 -3
      vertex 86.1363 240.13 -3
    endloop
  endfacet
  facet normal 0 0 -1
    outer loop
      vertex 88.3 239.095 -3
      vertex 86 239.095 -3
      vertex 86.0342 239.617 -3
    endloop
  endfacet
  facet normal 0.321481 -0.946916 0
    outer loop
      vertex 91.0353 7.04128 -3
      vertex 91.5307 7.20947 0
      vertex 91.0353 7.04128 0
    endloop
  endfacet
  facet normal 0.321481 -0.946916 0
    outer loop
      vertex 91.5307 7.20947 0
      vertex 91.0353 7.04128 -3
      vertex 91.5307 7.20947 -3
    endloop
  endfacet
  facet normal 0.980779 0.195124 0
    outer loop
      vertex 93.9658 11.4271 0
      vertex 93.8637 11.9403 -3
      vertex 93.8637 11.9403 0
    endloop
  endfacet
  facet normal 0.980779 0.195124 0
    outer loop
      vertex 93.8637 11.9403 -3
      vertex 93.9658 11.4271 0
      vertex 93.9658 11.4271 -3
    endloop
  endfacet
  facet normal 0.997861 0.0653646 0
    outer loop
      vertex 94 10.905 0
      vertex 93.9658 11.4271 -3
      vertex 93.9658 11.4271 0
    endloop
  endfacet
  facet normal 0.997861 0.0653646 0
    outer loop
      vertex 93.9658 11.4271 -3
      vertex 94 10.905 0
      vertex 94 10.905 -3
    endloop
  endfacet
  facet normal 0.94691 0.321498 0
    outer loop
      vertex 93.8637 11.9403 0
      vertex 93.6955 12.4357 -3
      vertex 93.6955 12.4357 0
    endloop
  endfacet
  facet normal 0.94691 0.321498 0
    outer loop
      vertex 93.6955 12.4357 -3
      vertex 93.8637 11.9403 0
      vertex 93.8637 11.9403 -3
    endloop
  endfacet
  facet normal 0.442253 -0.89689 0
    outer loop
      vertex 91.5307 7.20947 -3
      vertex 92 7.44088 0
      vertex 91.5307 7.20947 0
    endloop
  endfacet
  facet normal 0.442253 -0.89689 0
    outer loop
      vertex 92 7.44088 0
      vertex 91.5307 7.20947 -3
      vertex 92 7.44088 -3
    endloop
  endfacet
  facet normal -0.997861 0.0653646 0
    outer loop
      vertex 86 10.905 -3
      vertex 86.0342 11.4271 0
      vertex 86.0342 11.4271 -3
    endloop
  endfacet
  facet normal -0.997861 0.0653646 0
    outer loop
      vertex 86.0342 11.4271 0
      vertex 86 10.905 -3
      vertex 86 10.905 0
    endloop
  endfacet
  facet normal 0.321498 0.94691 -0
    outer loop
      vertex 91.5307 14.6005 -3
      vertex 91.0353 14.7687 0
      vertex 91.5307 14.6005 0
    endloop
  endfacet
  facet normal 0.321498 0.94691 0
    outer loop
      vertex 91.0353 14.7687 0
      vertex 91.5307 14.6005 -3
      vertex 91.0353 14.7687 -3
    endloop
  endfacet
  facet normal -0.980778 -0.195127 0
    outer loop
      vertex 86.1363 9.86971 -3
      vertex 86.0342 10.3829 0
      vertex 86.0342 10.3829 -3
    endloop
  endfacet
  facet normal -0.980778 -0.195127 0
    outer loop
      vertex 86.0342 10.3829 0
      vertex 86.1363 9.86971 -3
      vertex 86.1363 9.86971 0
    endloop
  endfacet
  facet normal 0.831432 0.555626 0
    outer loop
      vertex 93.4641 12.905 0
      vertex 93.1734 13.34 -3
      vertex 93.1734 13.34 0
    endloop
  endfacet
  facet normal 0.831432 0.555626 0
    outer loop
      vertex 93.1734 13.34 -3
      vertex 93.4641 12.905 0
      vertex 93.4641 12.905 -3
    endloop
  endfacet
  facet normal 0.896898 0.442238 0
    outer loop
      vertex 93.6955 12.4357 0
      vertex 93.4641 12.905 -3
      vertex 93.4641 12.905 0
    endloop
  endfacet
  facet normal 0.896898 0.442238 0
    outer loop
      vertex 93.4641 12.905 -3
      vertex 93.6955 12.4357 0
      vertex 93.6955 12.4357 -3
    endloop
  endfacet
  facet normal -0.946922 -0.321463 0
    outer loop
      vertex 86.3045 9.37425 -3
      vertex 86.1363 9.86971 0
      vertex 86.1363 9.86971 -3
    endloop
  endfacet
  facet normal -0.946922 -0.321463 0
    outer loop
      vertex 86.1363 9.86971 0
      vertex 86.3045 9.37425 -3
      vertex 86.3045 9.37425 0
    endloop
  endfacet
  facet normal -0.442253 -0.89689 0
    outer loop
      vertex 88 7.44088 -3
      vertex 88.4693 7.20947 0
      vertex 88 7.44088 0
    endloop
  endfacet
  facet normal -0.442253 -0.89689 -0
    outer loop
      vertex 88.4693 7.20947 0
      vertex 88 7.44088 -3
      vertex 88.4693 7.20947 -3
    endloop
  endfacet
  facet normal -0.751842 0.659343 0
    outer loop
      vertex 86.8266 13.34 -3
      vertex 87.1716 13.7334 0
      vertex 87.1716 13.7334 -3
    endloop
  endfacet
  facet normal -0.751842 0.659343 0
    outer loop
      vertex 87.1716 13.7334 0
      vertex 86.8266 13.34 -3
      vertex 86.8266 13.34 0
    endloop
  endfacet
  facet normal 0.0653646 0.997861 -0
    outer loop
      vertex 90.5221 14.8708 -3
      vertex 90 14.905 0
      vertex 90.5221 14.8708 0
    endloop
  endfacet
  facet normal 0.0653646 0.997861 0
    outer loop
      vertex 90 14.905 0
      vertex 90.5221 14.8708 -3
      vertex 90 14.905 -3
    endloop
  endfacet
  facet normal -0.195069 -0.98079 0
    outer loop
      vertex 88.9647 7.04128 -3
      vertex 89.4779 6.93921 0
      vertex 88.9647 7.04128 0
    endloop
  endfacet
  facet normal -0.195069 -0.98079 -0
    outer loop
      vertex 89.4779 6.93921 0
      vertex 88.9647 7.04128 -3
      vertex 89.4779 6.93921 -3
    endloop
  endfacet
  facet normal 0.659343 0.751842 -0
    outer loop
      vertex 92.8284 13.7334 -3
      vertex 92.435 14.0784 0
      vertex 92.8284 13.7334 0
    endloop
  endfacet
  facet normal 0.659343 0.751842 0
    outer loop
      vertex 92.435 14.0784 0
      vertex 92.8284 13.7334 -3
      vertex 92.435 14.0784 -3
    endloop
  endfacet
  facet normal -0.751826 -0.659362 0
    outer loop
      vertex 87.1716 8.07656 -3
      vertex 86.8266 8.46994 0
      vertex 86.8266 8.46994 -3
    endloop
  endfacet
  facet normal -0.751826 -0.659362 0
    outer loop
      vertex 86.8266 8.46994 0
      vertex 87.1716 8.07656 -3
      vertex 87.1716 8.07656 0
    endloop
  endfacet
  facet normal 0.0654027 -0.997859 0
    outer loop
      vertex 90 6.90499 -3
      vertex 90.5221 6.93921 0
      vertex 90 6.90499 0
    endloop
  endfacet
  facet normal 0.0654027 -0.997859 0
    outer loop
      vertex 90.5221 6.93921 0
      vertex 90 6.90499 -3
      vertex 90.5221 6.93921 -3
    endloop
  endfacet
  facet normal -0.442238 0.896898 0
    outer loop
      vertex 88.4693 14.6005 -3
      vertex 88 14.3691 0
      vertex 88.4693 14.6005 0
    endloop
  endfacet
  facet normal -0.442238 0.896898 0
    outer loop
      vertex 88 14.3691 0
      vertex 88.4693 14.6005 -3
      vertex 88 14.3691 -3
    endloop
  endfacet
  facet normal 0 0 -1
    outer loop
      vertex 91.7 10.905 -3
      vertex 94 10.905 -3
      vertex 93.9658 10.3829 -3
    endloop
  endfacet
  facet normal 0 0 -1
    outer loop
      vertex 91.6855 10.6831 -3
      vertex 93.9658 10.3829 -3
      vertex 93.8637 9.86971 -3
    endloop
  endfacet
  facet normal 0 0 -1
    outer loop
      vertex 94 10.905 -3
      vertex 91.7 10.905 -3
      vertex 93.9658 11.4271 -3
    endloop
  endfacet
  facet normal 0 0 -1
    outer loop
      vertex 91.6421 10.465 -3
      vertex 93.8637 9.86971 -3
      vertex 93.6955 9.37425 -3
    endloop
  endfacet
  facet normal 0 0 -1
    outer loop
      vertex 91.6855 11.1269 -3
      vertex 93.9658 11.4271 -3
      vertex 91.7 10.905 -3
    endloop
  endfacet
  facet normal 0 0 -1
    outer loop
      vertex 91.5706 10.2544 -3
      vertex 93.6955 9.37425 -3
      vertex 93.4641 8.90499 -3
    endloop
  endfacet
  facet normal -0 0 -1
    outer loop
      vertex 93.9658 11.4271 -3
      vertex 91.6855 11.1269 -3
      vertex 93.8637 11.9403 -3
    endloop
  endfacet
  facet normal 0 0 -1
    outer loop
      vertex 91.4722 10.055 -3
      vertex 93.4641 8.90499 -3
      vertex 93.1734 8.46994 -3
    endloop
  endfacet
  facet normal 0 0 -1
    outer loop
      vertex 91.6421 11.345 -3
      vertex 93.8637 11.9403 -3
      vertex 91.6855 11.1269 -3
    endloop
  endfacet
  facet normal 0 0 -1
    outer loop
      vertex 91.3487 9.87009 -3
      vertex 93.1734 8.46994 -3
      vertex 92.8284 8.07656 -3
    endloop
  endfacet
  facet normal -0 0 -1
    outer loop
      vertex 93.8637 11.9403 -3
      vertex 91.6421 11.345 -3
      vertex 93.6955 12.4357 -3
    endloop
  endfacet
  facet normal 0 0 -1
    outer loop
      vertex 91.2021 9.7029 -3
      vertex 92.8284 8.07656 -3
      vertex 92.435 7.73157 -3
    endloop
  endfacet
  facet normal 0 0 -1
    outer loop
      vertex 91.5706 11.5555 -3
      vertex 93.6955 12.4357 -3
      vertex 91.6421 11.345 -3
    endloop
  endfacet
  facet normal 0 0 -1
    outer loop
      vertex 91.0349 9.55628 -3
      vertex 92.435 7.73157 -3
      vertex 92 7.44088 -3
    endloop
  endfacet
  facet normal -0 0 -1
    outer loop
      vertex 93.6955 12.4357 -3
      vertex 91.5706 11.5555 -3
      vertex 93.4641 12.905 -3
    endloop
  endfacet
  facet normal 0 0 -1
    outer loop
      vertex 91.4722 11.755 -3
      vertex 93.4641 12.905 -3
      vertex 91.5706 11.5555 -3
    endloop
  endfacet
  facet normal 0 0 -1
    outer loop
      vertex 93.9658 10.3829 -3
      vertex 91.6855 10.6831 -3
      vertex 91.7 10.905 -3
    endloop
  endfacet
  facet normal 0 0 -1
    outer loop
      vertex 93.8637 9.86971 -3
      vertex 91.6421 10.465 -3
      vertex 91.6855 10.6831 -3
    endloop
  endfacet
  facet normal 0 0 -1
    outer loop
      vertex 93.6955 9.37425 -3
      vertex 91.5706 10.2544 -3
      vertex 91.6421 10.465 -3
    endloop
  endfacet
  facet normal 0 0 -1
    outer loop
      vertex 90.85 9.43274 -3
      vertex 92 7.44088 -3
      vertex 91.5307 7.20947 -3
    endloop
  endfacet
  facet normal 0 0 -1
    outer loop
      vertex 93.4641 8.90499 -3
      vertex 91.4722 10.055 -3
      vertex 91.5706 10.2544 -3
    endloop
  endfacet
  facet normal 0 0 -1
    outer loop
      vertex 93.1734 8.46994 -3
      vertex 91.3487 9.87009 -3
      vertex 91.4722 10.055 -3
    endloop
  endfacet
  facet normal 0 0 -1
    outer loop
      vertex 92.8284 8.07656 -3
      vertex 91.2021 9.7029 -3
      vertex 91.3487 9.87009 -3
    endloop
  endfacet
  facet normal 0 0 -1
    outer loop
      vertex 90.6506 9.33439 -3
      vertex 91.5307 7.20947 -3
      vertex 91.0353 7.04128 -3
    endloop
  endfacet
  facet normal 0 0 -1
    outer loop
      vertex 92.435 7.73157 -3
      vertex 91.0349 9.55628 -3
      vertex 91.2021 9.7029 -3
    endloop
  endfacet
  facet normal 0 0 -1
    outer loop
      vertex 92 7.44088 -3
      vertex 90.85 9.43274 -3
      vertex 91.0349 9.55628 -3
    endloop
  endfacet
  facet normal 0 0 -1
    outer loop
      vertex 91.5307 7.20947 -3
      vertex 90.6506 9.33439 -3
      vertex 90.85 9.43274 -3
    endloop
  endfacet
  facet normal 0 0 -1
    outer loop
      vertex 90.44 9.26291 -3
      vertex 91.0353 7.04128 -3
      vertex 90.5221 6.93921 -3
    endloop
  endfacet
  facet normal 0 0 -1
    outer loop
      vertex 91.0353 7.04128 -3
      vertex 90.44 9.26291 -3
      vertex 90.6506 9.33439 -3
    endloop
  endfacet
  facet normal 0 0 -1
    outer loop
      vertex 90.5221 6.93921 -3
      vertex 90.2219 9.21953 -3
      vertex 90.44 9.26291 -3
    endloop
  endfacet
  facet normal 0 0 -1
    outer loop
      vertex 90 6.90499 -3
      vertex 90.2219 9.21953 -3
      vertex 90.5221 6.93921 -3
    endloop
  endfacet
  facet normal 0 0 -1
    outer loop
      vertex 90 6.90499 -3
      vertex 90 9.20499 -3
      vertex 90.2219 9.21953 -3
    endloop
  endfacet
  facet normal 0 0 -1
    outer loop
      vertex 90 6.90499 -3
      vertex 89.7781 9.21953 -3
      vertex 90 9.20499 -3
    endloop
  endfacet
  facet normal 0 0 -1
    outer loop
      vertex 89.4779 6.93921 -3
      vertex 89.7781 9.21953 -3
      vertex 90 6.90499 -3
    endloop
  endfacet
  facet normal -0 0 -1
    outer loop
      vertex 89.7781 9.21953 -3
      vertex 89.4779 6.93921 -3
      vertex 89.56 9.26291 -3
    endloop
  endfacet
  facet normal 0 0 -1
    outer loop
      vertex 88.9647 7.04128 -3
      vertex 89.56 9.26291 -3
      vertex 89.4779 6.93921 -3
    endloop
  endfacet
  facet normal -0 0 -1
    outer loop
      vertex 89.56 9.26291 -3
      vertex 88.9647 7.04128 -3
      vertex 89.3494 9.33439 -3
    endloop
  endfacet
  facet normal 0 0 -1
    outer loop
      vertex 88.4693 7.20947 -3
      vertex 89.3494 9.33439 -3
      vertex 88.9647 7.04128 -3
    endloop
  endfacet
  facet normal -0 0 -1
    outer loop
      vertex 89.3494 9.33439 -3
      vertex 88.4693 7.20947 -3
      vertex 89.15 9.43274 -3
    endloop
  endfacet
  facet normal 0 0 -1
    outer loop
      vertex 88 7.44088 -3
      vertex 89.15 9.43274 -3
      vertex 88.4693 7.20947 -3
    endloop
  endfacet
  facet normal -0 0 -1
    outer loop
      vertex 89.15 9.43274 -3
      vertex 88 7.44088 -3
      vertex 88.9651 9.55628 -3
    endloop
  endfacet
  facet normal 0 0 -1
    outer loop
      vertex 87.565 7.73157 -3
      vertex 88.9651 9.55628 -3
      vertex 88 7.44088 -3
    endloop
  endfacet
  facet normal -0 0 -1
    outer loop
      vertex 88.9651 9.55628 -3
      vertex 87.565 7.73157 -3
      vertex 88.7979 9.7029 -3
    endloop
  endfacet
  facet normal 0 0 -1
    outer loop
      vertex 87.1716 8.07656 -3
      vertex 88.7979 9.7029 -3
      vertex 87.565 7.73157 -3
    endloop
  endfacet
  facet normal -0 0 -1
    outer loop
      vertex 88.7979 9.7029 -3
      vertex 87.1716 8.07656 -3
      vertex 88.6513 9.87009 -3
    endloop
  endfacet
  facet normal 0 0 -1
    outer loop
      vertex 86.8266 8.46994 -3
      vertex 88.6513 9.87009 -3
      vertex 87.1716 8.07656 -3
    endloop
  endfacet
  facet normal -0 0 -1
    outer loop
      vertex 88.6513 9.87009 -3
      vertex 86.8266 8.46994 -3
      vertex 88.5278 10.055 -3
    endloop
  endfacet
  facet normal 0 0 -1
    outer loop
      vertex 86.5359 8.90499 -3
      vertex 88.5278 10.055 -3
      vertex 86.8266 8.46994 -3
    endloop
  endfacet
  facet normal -0 0 -1
    outer loop
      vertex 93.4641 12.905 -3
      vertex 91.4722 11.755 -3
      vertex 93.1734 13.34 -3
    endloop
  endfacet
  facet normal 0 0 -1
    outer loop
      vertex 91.3487 11.9399 -3
      vertex 93.1734 13.34 -3
      vertex 91.4722 11.755 -3
    endloop
  endfacet
  facet normal -0 0 -1
    outer loop
      vertex 93.1734 13.34 -3
      vertex 91.3487 11.9399 -3
      vertex 92.8284 13.7334 -3
    endloop
  endfacet
  facet normal 0 0 -1
    outer loop
      vertex 91.2021 12.1071 -3
      vertex 92.8284 13.7334 -3
      vertex 91.3487 11.9399 -3
    endloop
  endfacet
  facet normal -0 0 -1
    outer loop
      vertex 92.8284 13.7334 -3
      vertex 91.2021 12.1071 -3
      vertex 92.435 14.0784 -3
    endloop
  endfacet
  facet normal 0 0 -1
    outer loop
      vertex 91.0349 12.2537 -3
      vertex 92.435 14.0784 -3
      vertex 91.2021 12.1071 -3
    endloop
  endfacet
  facet normal -0 0 -1
    outer loop
      vertex 92.435 14.0784 -3
      vertex 91.0349 12.2537 -3
      vertex 92 14.3691 -3
    endloop
  endfacet
  facet normal 0 0 -1
    outer loop
      vertex 90.85 12.3772 -3
      vertex 92 14.3691 -3
      vertex 91.0349 12.2537 -3
    endloop
  endfacet
  facet normal -0 0 -1
    outer loop
      vertex 92 14.3691 -3
      vertex 90.85 12.3772 -3
      vertex 91.5307 14.6005 -3
    endloop
  endfacet
  facet normal 0 0 -1
    outer loop
      vertex 90.6506 12.4756 -3
      vertex 91.5307 14.6005 -3
      vertex 90.85 12.3772 -3
    endloop
  endfacet
  facet normal -0 0 -1
    outer loop
      vertex 91.5307 14.6005 -3
      vertex 90.6506 12.4756 -3
      vertex 91.0353 14.7687 -3
    endloop
  endfacet
  facet normal 0 0 -1
    outer loop
      vertex 90.44 12.5471 -3
      vertex 91.0353 14.7687 -3
      vertex 90.6506 12.4756 -3
    endloop
  endfacet
  facet normal -0 0 -1
    outer loop
      vertex 91.0353 14.7687 -3
      vertex 90.44 12.5471 -3
      vertex 90.5221 14.8708 -3
    endloop
  endfacet
  facet normal 0 0 -1
    outer loop
      vertex 90.2219 12.5904 -3
      vertex 90.5221 14.8708 -3
      vertex 90.44 12.5471 -3
    endloop
  endfacet
  facet normal 0 0 -1
    outer loop
      vertex 90 12.605 -3
      vertex 90.5221 14.8708 -3
      vertex 90.2219 12.5904 -3
    endloop
  endfacet
  facet normal 0 0 -1
    outer loop
      vertex 90 12.605 -3
      vertex 90 14.905 -3
      vertex 90.5221 14.8708 -3
    endloop
  endfacet
  facet normal 0 0 -1
    outer loop
      vertex 89.7781 12.5904 -3
      vertex 90 14.905 -3
      vertex 90 12.605 -3
    endloop
  endfacet
  facet normal 0 0 -1
    outer loop
      vertex 89.4779 14.8708 -3
      vertex 89.7781 12.5904 -3
      vertex 89.56 12.5471 -3
    endloop
  endfacet
  facet normal 0 0 -1
    outer loop
      vertex 89.7781 12.5904 -3
      vertex 89.4779 14.8708 -3
      vertex 90 14.905 -3
    endloop
  endfacet
  facet normal 0 0 -1
    outer loop
      vertex 88.9647 14.7687 -3
      vertex 89.56 12.5471 -3
      vertex 89.3494 12.4756 -3
    endloop
  endfacet
  facet normal 0 0 -1
    outer loop
      vertex 88.4693 14.6005 -3
      vertex 89.3494 12.4756 -3
      vertex 89.15 12.3772 -3
    endloop
  endfacet
  facet normal 0 0 -1
    outer loop
      vertex 88 14.3691 -3
      vertex 89.15 12.3772 -3
      vertex 88.9651 12.2537 -3
    endloop
  endfacet
  facet normal 0 0 -1
    outer loop
      vertex 89.56 12.5471 -3
      vertex 88.9647 14.7687 -3
      vertex 89.4779 14.8708 -3
    endloop
  endfacet
  facet normal 0 0 -1
    outer loop
      vertex 87.565 14.0784 -3
      vertex 88.9651 12.2537 -3
      vertex 88.7979 12.1071 -3
    endloop
  endfacet
  facet normal 0 0 -1
    outer loop
      vertex 87.1716 13.7334 -3
      vertex 88.7979 12.1071 -3
      vertex 88.6513 11.9399 -3
    endloop
  endfacet
  facet normal 0 0 -1
    outer loop
      vertex 86.8266 13.34 -3
      vertex 88.6513 11.9399 -3
      vertex 88.5278 11.755 -3
    endloop
  endfacet
  facet normal 0 0 -1
    outer loop
      vertex 89.3494 12.4756 -3
      vertex 88.4693 14.6005 -3
      vertex 88.9647 14.7687 -3
    endloop
  endfacet
  facet normal 0 0 -1
    outer loop
      vertex 86.5359 12.905 -3
      vertex 88.5278 11.755 -3
      vertex 88.4294 11.5555 -3
    endloop
  endfacet
  facet normal 0 0 -1
    outer loop
      vertex 86.3045 12.4357 -3
      vertex 88.4294 11.5555 -3
      vertex 88.3579 11.345 -3
    endloop
  endfacet
  facet normal 0 0 -1
    outer loop
      vertex 86.1363 11.9403 -3
      vertex 88.3579 11.345 -3
      vertex 88.3145 11.1269 -3
    endloop
  endfacet
  facet normal 0 0 -1
    outer loop
      vertex 86.0342 11.4271 -3
      vertex 88.3145 11.1269 -3
      vertex 88.3 10.905 -3
    endloop
  endfacet
  facet normal -0 0 -1
    outer loop
      vertex 88.5278 10.055 -3
      vertex 86.5359 8.90499 -3
      vertex 88.4294 10.2544 -3
    endloop
  endfacet
  facet normal 0 0 -1
    outer loop
      vertex 89.15 12.3772 -3
      vertex 88 14.3691 -3
      vertex 88.4693 14.6005 -3
    endloop
  endfacet
  facet normal 0 0 -1
    outer loop
      vertex 86.3045 9.37425 -3
      vertex 88.4294 10.2544 -3
      vertex 86.5359 8.90499 -3
    endloop
  endfacet
  facet normal 0 0 -1
    outer loop
      vertex 88.9651 12.2537 -3
      vertex 87.565 14.0784 -3
      vertex 88 14.3691 -3
    endloop
  endfacet
  facet normal -0 0 -1
    outer loop
      vertex 88.4294 10.2544 -3
      vertex 86.3045 9.37425 -3
      vertex 88.3579 10.465 -3
    endloop
  endfacet
  facet normal 0 0 -1
    outer loop
      vertex 88.7979 12.1071 -3
      vertex 87.1716 13.7334 -3
      vertex 87.565 14.0784 -3
    endloop
  endfacet
  facet normal 0 0 -1
    outer loop
      vertex 86.1363 9.86971 -3
      vertex 88.3579 10.465 -3
      vertex 86.3045 9.37425 -3
    endloop
  endfacet
  facet normal 0 0 -1
    outer loop
      vertex 88.6513 11.9399 -3
      vertex 86.8266 13.34 -3
      vertex 87.1716 13.7334 -3
    endloop
  endfacet
  facet normal -0 0 -1
    outer loop
      vertex 88.3579 10.465 -3
      vertex 86.1363 9.86971 -3
      vertex 88.3145 10.6831 -3
    endloop
  endfacet
  facet normal 0 0 -1
    outer loop
      vertex 88.5278 11.755 -3
      vertex 86.5359 12.905 -3
      vertex 86.8266 13.34 -3
    endloop
  endfacet
  facet normal 0 0 -1
    outer loop
      vertex 86.0342 10.3829 -3
      vertex 88.3145 10.6831 -3
      vertex 86.1363 9.86971 -3
    endloop
  endfacet
  facet normal 0 0 -1
    outer loop
      vertex 88.4294 11.5555 -3
      vertex 86.3045 12.4357 -3
      vertex 86.5359 12.905 -3
    endloop
  endfacet
  facet normal -0 0 -1
    outer loop
      vertex 88.3145 10.6831 -3
      vertex 86.0342 10.3829 -3
      vertex 88.3 10.905 -3
    endloop
  endfacet
  facet normal 0 0 -1
    outer loop
      vertex 88.3579 11.345 -3
      vertex 86.1363 11.9403 -3
      vertex 86.3045 12.4357 -3
    endloop
  endfacet
  facet normal 0 0 -1
    outer loop
      vertex 86 10.905 -3
      vertex 88.3 10.905 -3
      vertex 86.0342 10.3829 -3
    endloop
  endfacet
  facet normal 0 0 -1
    outer loop
      vertex 88.3145 11.1269 -3
      vertex 86.0342 11.4271 -3
      vertex 86.1363 11.9403 -3
    endloop
  endfacet
  facet normal 0 0 -1
    outer loop
      vertex 88.3 10.905 -3
      vertex 86 10.905 -3
      vertex 86.0342 11.4271 -3
    endloop
  endfacet
  facet normal 0.831462 -0.555582 0
    outer loop
      vertex 93.1734 8.46994 0
      vertex 93.4641 8.90499 -3
      vertex 93.4641 8.90499 0
    endloop
  endfacet
  facet normal 0.831462 -0.555582 0
    outer loop
      vertex 93.4641 8.90499 -3
      vertex 93.1734 8.46994 0
      vertex 93.1734 8.46994 -3
    endloop
  endfacet
  facet normal 0.195069 -0.98079 0
    outer loop
      vertex 90.5221 6.93921 -3
      vertex 91.0353 7.04128 0
      vertex 90.5221 6.93921 0
    endloop
  endfacet
  facet normal 0.195069 -0.98079 0
    outer loop
      vertex 91.0353 7.04128 0
      vertex 90.5221 6.93921 -3
      vertex 91.0353 7.04128 -3
    endloop
  endfacet
  facet normal -0.555613 -0.831441 0
    outer loop
      vertex 87.565 7.73157 -3
      vertex 88 7.44088 0
      vertex 87.565 7.73157 0
    endloop
  endfacet
  facet normal -0.555613 -0.831441 -0
    outer loop
      vertex 88 7.44088 0
      vertex 87.565 7.73157 -3
      vertex 88 7.44088 -3
    endloop
  endfacet
  facet normal 0.980778 -0.195127 0
    outer loop
      vertex 93.8637 9.86971 0
      vertex 93.9658 10.3829 -3
      vertex 93.9658 10.3829 0
    endloop
  endfacet
  facet normal 0.980778 -0.195127 0
    outer loop
      vertex 93.9658 10.3829 -3
      vertex 93.8637 9.86971 0
      vertex 93.8637 9.86971 -3
    endloop
  endfacet
  facet normal 0.555626 0.831432 -0
    outer loop
      vertex 92.435 14.0784 -3
      vertex 92 14.3691 0
      vertex 92.435 14.0784 0
    endloop
  endfacet
  facet normal 0.555626 0.831432 0
    outer loop
      vertex 92 14.3691 0
      vertex 92.435 14.0784 -3
      vertex 92 14.3691 -3
    endloop
  endfacet
  facet normal 0.555613 -0.831441 0
    outer loop
      vertex 92 7.44088 -3
      vertex 92.435 7.73157 0
      vertex 92 7.44088 0
    endloop
  endfacet
  facet normal 0.555613 -0.831441 0
    outer loop
      vertex 92.435 7.73157 0
      vertex 92 7.44088 -3
      vertex 92.435 7.73157 -3
    endloop
  endfacet
  facet normal 0.751826 -0.659362 0
    outer loop
      vertex 92.8284 8.07656 0
      vertex 93.1734 8.46994 -3
      vertex 93.1734 8.46994 0
    endloop
  endfacet
  facet normal 0.751826 -0.659362 0
    outer loop
      vertex 93.1734 8.46994 -3
      vertex 92.8284 8.07656 0
      vertex 92.8284 8.07656 -3
    endloop
  endfacet
  facet normal 0.896883 -0.442268 0
    outer loop
      vertex 93.4641 8.90499 0
      vertex 93.6955 9.37425 -3
      vertex 93.6955 9.37425 0
    endloop
  endfacet
  facet normal 0.896883 -0.442268 0
    outer loop
      vertex 93.6955 9.37425 -3
      vertex 93.4641 8.90499 0
      vertex 93.4641 8.90499 -3
    endloop
  endfacet
  facet normal -0.555626 0.831432 0
    outer loop
      vertex 88 14.3691 -3
      vertex 87.565 14.0784 0
      vertex 88 14.3691 0
    endloop
  endfacet
  facet normal -0.555626 0.831432 0
    outer loop
      vertex 87.565 14.0784 0
      vertex 88 14.3691 -3
      vertex 87.565 14.0784 -3
    endloop
  endfacet
  facet normal -0.980779 0.195124 0
    outer loop
      vertex 86.0342 11.4271 -3
      vertex 86.1363 11.9403 0
      vertex 86.1363 11.9403 -3
    endloop
  endfacet
  facet normal -0.980779 0.195124 0
    outer loop
      vertex 86.1363 11.9403 0
      vertex 86.0342 11.4271 -3
      vertex 86.0342 11.4271 0
    endloop
  endfacet
  facet normal -0.321481 -0.946916 0
    outer loop
      vertex 88.4693 7.20947 -3
      vertex 88.9647 7.04128 0
      vertex 88.4693 7.20947 0
    endloop
  endfacet
  facet normal -0.321481 -0.946916 -0
    outer loop
      vertex 88.9647 7.04128 0
      vertex 88.4693 7.20947 -3
      vertex 88.9647 7.04128 -3
    endloop
  endfacet
  facet normal -0.195124 0.980779 0
    outer loop
      vertex 89.4779 14.8708 -3
      vertex 88.9647 14.7687 0
      vertex 89.4779 14.8708 0
    endloop
  endfacet
  facet normal -0.195124 0.980779 0
    outer loop
      vertex 88.9647 14.7687 0
      vertex 89.4779 14.8708 -3
      vertex 88.9647 14.7687 -3
    endloop
  endfacet
  facet normal 0.997861 -0.0653646 0
    outer loop
      vertex 93.9658 10.3829 0
      vertex 94 10.905 -3
      vertex 94 10.905 0
    endloop
  endfacet
  facet normal 0.997861 -0.0653646 0
    outer loop
      vertex 94 10.905 -3
      vertex 93.9658 10.3829 0
      vertex 93.9658 10.3829 -3
    endloop
  endfacet
  facet normal -0.896883 -0.442268 0
    outer loop
      vertex 86.5359 8.90499 -3
      vertex 86.3045 9.37425 0
      vertex 86.3045 9.37425 -3
    endloop
  endfacet
  facet normal -0.896883 -0.442268 0
    outer loop
      vertex 86.3045 9.37425 0
      vertex 86.5359 8.90499 -3
      vertex 86.5359 8.90499 0
    endloop
  endfacet
  facet normal -0.831432 0.555626 0
    outer loop
      vertex 86.5359 12.905 -3
      vertex 86.8266 13.34 0
      vertex 86.8266 13.34 -3
    endloop
  endfacet
  facet normal -0.831432 0.555626 0
    outer loop
      vertex 86.8266 13.34 0
      vertex 86.5359 12.905 -3
      vertex 86.5359 12.905 0
    endloop
  endfacet
  facet normal 0.195124 0.980779 -0
    outer loop
      vertex 91.0353 14.7687 -3
      vertex 90.5221 14.8708 0
      vertex 91.0353 14.7687 0
    endloop
  endfacet
  facet normal 0.195124 0.980779 0
    outer loop
      vertex 90.5221 14.8708 0
      vertex 91.0353 14.7687 -3
      vertex 90.5221 14.8708 -3
    endloop
  endfacet
  facet normal -0.0654027 -0.997859 0
    outer loop
      vertex 89.4779 6.93921 -3
      vertex 90 6.90499 0
      vertex 89.4779 6.93921 0
    endloop
  endfacet
  facet normal -0.0654027 -0.997859 -0
    outer loop
      vertex 90 6.90499 0
      vertex 89.4779 6.93921 -3
      vertex 90 6.90499 -3
    endloop
  endfacet
  facet normal 0.442238 0.896898 -0
    outer loop
      vertex 92 14.3691 -3
      vertex 91.5307 14.6005 0
      vertex 92 14.3691 0
    endloop
  endfacet
  facet normal 0.442238 0.896898 0
    outer loop
      vertex 91.5307 14.6005 0
      vertex 92 14.3691 -3
      vertex 91.5307 14.6005 -3
    endloop
  endfacet
  facet normal -0.321498 0.94691 0
    outer loop
      vertex 88.9647 14.7687 -3
      vertex 88.4693 14.6005 0
      vertex 88.9647 14.7687 0
    endloop
  endfacet
  facet normal -0.321498 0.94691 0
    outer loop
      vertex 88.4693 14.6005 0
      vertex 88.9647 14.7687 -3
      vertex 88.4693 14.6005 -3
    endloop
  endfacet
  facet normal -0.831462 -0.555582 0
    outer loop
      vertex 86.8266 8.46994 -3
      vertex 86.5359 8.90499 0
      vertex 86.5359 8.90499 -3
    endloop
  endfacet
  facet normal -0.831462 -0.555582 0
    outer loop
      vertex 86.5359 8.90499 0
      vertex 86.8266 8.46994 -3
      vertex 86.8266 8.46994 0
    endloop
  endfacet
  facet normal 0.946922 -0.321463 0
    outer loop
      vertex 93.6955 9.37425 0
      vertex 93.8637 9.86971 -3
      vertex 93.8637 9.86971 0
    endloop
  endfacet
  facet normal 0.946922 -0.321463 0
    outer loop
      vertex 93.8637 9.86971 -3
      vertex 93.6955 9.37425 0
      vertex 93.6955 9.37425 -3
    endloop
  endfacet
  facet normal -0.659343 0.751842 0
    outer loop
      vertex 87.565 14.0784 -3
      vertex 87.1716 13.7334 0
      vertex 87.565 14.0784 0
    endloop
  endfacet
  facet normal -0.659343 0.751842 0
    outer loop
      vertex 87.1716 13.7334 0
      vertex 87.565 14.0784 -3
      vertex 87.1716 13.7334 -3
    endloop
  endfacet
  facet normal -0.659332 -0.751852 0
    outer loop
      vertex 87.1716 8.07656 -3
      vertex 87.565 7.73157 0
      vertex 87.1716 8.07656 0
    endloop
  endfacet
  facet normal -0.659332 -0.751852 -0
    outer loop
      vertex 87.565 7.73157 0
      vertex 87.1716 8.07656 -3
      vertex 87.565 7.73157 -3
    endloop
  endfacet
  facet normal 0.751842 0.659343 0
    outer loop
      vertex 93.1734 13.34 0
      vertex 92.8284 13.7334 -3
      vertex 92.8284 13.7334 0
    endloop
  endfacet
  facet normal 0.751842 0.659343 0
    outer loop
      vertex 92.8284 13.7334 -3
      vertex 93.1734 13.34 0
      vertex 93.1734 13.34 -3
    endloop
  endfacet
  facet normal -0.896898 0.442238 0
    outer loop
      vertex 86.3045 12.4357 -3
      vertex 86.5359 12.905 0
      vertex 86.5359 12.905 -3
    endloop
  endfacet
  facet normal -0.896898 0.442238 0
    outer loop
      vertex 86.5359 12.905 0
      vertex 86.3045 12.4357 -3
      vertex 86.3045 12.4357 0
    endloop
  endfacet
  facet normal -0.0653646 0.997861 0
    outer loop
      vertex 90 14.905 -3
      vertex 89.4779 14.8708 0
      vertex 90 14.905 0
    endloop
  endfacet
  facet normal -0.0653646 0.997861 0
    outer loop
      vertex 89.4779 14.8708 0
      vertex 90 14.905 -3
      vertex 89.4779 14.8708 -3
    endloop
  endfacet
  facet normal -0.997861 -0.0653646 0
    outer loop
      vertex 86.0342 10.3829 -3
      vertex 86 10.905 0
      vertex 86 10.905 -3
    endloop
  endfacet
  facet normal -0.997861 -0.0653646 0
    outer loop
      vertex 86 10.905 0
      vertex 86.0342 10.3829 -3
      vertex 86.0342 10.3829 0
    endloop
  endfacet
  facet normal -0.94691 0.321498 0
    outer loop
      vertex 86.1363 11.9403 -3
      vertex 86.3045 12.4357 0
      vertex 86.3045 12.4357 -3
    endloop
  endfacet
  facet normal -0.94691 0.321498 0
    outer loop
      vertex 86.3045 12.4357 0
      vertex 86.1363 11.9403 -3
      vertex 86.1363 11.9403 0
    endloop
  endfacet
  facet normal 0.659332 -0.751852 0
    outer loop
      vertex 92.435 7.73157 -3
      vertex 92.8284 8.07656 0
      vertex 92.435 7.73157 0
    endloop
  endfacet
  facet normal 0.659332 -0.751852 0
    outer loop
      vertex 92.8284 8.07656 0
      vertex 92.435 7.73157 -3
      vertex 92.8284 8.07656 -3
    endloop
  endfacet
  facet normal 1 -0 0
    outer loop
      vertex 162 19.81 32.99
      vertex 162 230.19 3
      vertex 162 230.19 32.99
    endloop
  endfacet
  facet normal 1 0 0
    outer loop
      vertex 162 230.19 3
      vertex 162 19.81 32.99
      vertex 162 19.81 3
    endloop
  endfacet
  facet normal 0 -1 0
    outer loop
      vertex 18 19.81 3
      vertex 162 19.81 32.99
      vertex 18 19.81 32.99
    endloop
  endfacet
  facet normal 0 -1 -0
    outer loop
      vertex 162 19.81 32.99
      vertex 18 19.81 3
      vertex 162 19.81 3
    endloop
  endfacet
  facet normal 0 1 -0
    outer loop
      vertex 162 230.19 3
      vertex 18 230.19 32.99
      vertex 162 230.19 32.99
    endloop
  endfacet
  facet normal 0 1 0
    outer loop
      vertex 18 230.19 32.99
      vertex 162 230.19 3
      vertex 18 230.19 3
    endloop
  endfacet
  facet normal -1 0 0
    outer loop
      vertex 18 19.81 3
      vertex 18 230.19 32.99
      vertex 18 230.19 3
    endloop
  endfacet
  facet normal -1 -0 0
    outer loop
      vertex 18 230.19 32.99
      vertex 18 19.81 3
      vertex 18 19.81 32.99
    endloop
  endfacet
  facet normal 0 0 1
    outer loop
      vertex 162 230.19 32.99
      vertex 160 228.19 32.99
      vertex 162 19.81 32.99
    endloop
  endfacet
  facet normal 0 0 1
    outer loop
      vertex 162 230.19 32.99
      vertex 20 228.19 32.99
      vertex 160 228.19 32.99
    endloop
  endfacet
  facet normal 0 0 1
    outer loop
      vertex 20 228.19 32.99
      vertex 18 230.19 32.99
      vertex 20 21.81 32.99
    endloop
  endfacet
  facet normal -0 0 1
    outer loop
      vertex 18 230.19 32.99
      vertex 20 228.19 32.99
      vertex 162 230.19 32.99
    endloop
  endfacet
  facet normal -0 0 1
    outer loop
      vertex 160 21.81 32.99
      vertex 162 19.81 32.99
      vertex 160 228.19 32.99
    endloop
  endfacet
  facet normal -0 0 1
    outer loop
      vertex 20 21.81 32.99
      vertex 162 19.81 32.99
      vertex 160 21.81 32.99
    endloop
  endfacet
  facet normal 0 0 1
    outer loop
      vertex 20 21.81 32.99
      vertex 18 19.81 32.99
      vertex 162 19.81 32.99
    endloop
  endfacet
  facet normal 0 0 1
    outer loop
      vertex 18 19.81 32.99
      vertex 20 21.81 32.99
      vertex 18 230.19 32.99
    endloop
  endfacet
  facet normal -1 0 0
    outer loop
      vertex 160 21.81 4
      vertex 160 228.19 4
      vertex 160 228.19 0
    endloop
  endfacet
  facet normal -1 0 0
    outer loop
      vertex 160 21.81 4
      vertex 160 228.19 0
      vertex 160 21.81 0
    endloop
  endfacet
  facet normal -1 0 0
    outer loop
      vertex 160 228.19 4
      vertex 160 21.81 4
      vertex 160 228.19 32.99
    endloop
  endfacet
  facet normal -1 -0 0
    outer loop
      vertex 160 228.19 32.99
      vertex 160 21.81 4
      vertex 160 21.81 32.99
    endloop
  endfacet
  facet normal 0 1 -0
    outer loop
      vertex 160 21.81 4
      vertex 20 21.81 32.99
      vertex 160 21.81 32.99
    endloop
  endfacet
  facet normal 0 1 0
    outer loop
      vertex 20 21.81 32.99
      vertex 160 21.81 4
      vertex 20 21.81 4
    endloop
  endfacet
  facet normal 0 -1 0
    outer loop
      vertex 20 228.19 4
      vertex 160 228.19 32.99
      vertex 20 228.19 32.99
    endloop
  endfacet
  facet normal 0 -1 -0
    outer loop
      vertex 160 228.19 32.99
      vertex 20 228.19 4
      vertex 160 228.19 4
    endloop
  endfacet
  facet normal 1 0 0
    outer loop
      vertex 20 21.81 4
      vertex 20 228.19 4
      vertex 20 228.19 32.99
    endloop
  endfacet
  facet normal 1 0 0
    outer loop
      vertex 20 21.81 4
      vertex 20 228.19 32.99
      vertex 20 21.81 32.99
    endloop
  endfacet
  facet normal 1 0 0
    outer loop
      vertex 20 228.19 4
      vertex 20 21.81 4
      vertex 20 228.19 0
    endloop
  endfacet
  facet normal 1 0 0
    outer loop
      vertex 20 228.19 0
      vertex 20 21.81 4
      vertex 20 21.81 0
    endloop
  endfacet
  facet normal 1 -0 0
    outer loop
      vertex 180 0 3
      vertex 180 250 0
      vertex 180 250 3
    endloop
  endfacet
  facet normal 1 0 0
    outer loop
      vertex 180 250 0
      vertex 180 0 3
      vertex 180 0 0
    endloop
  endfacet
  facet normal 0 -1 0
    outer loop
      vertex 0 0 0
      vertex 180 0 3
      vertex 0 0 3
    endloop
  endfacet
  facet normal 0 -1 -0
    outer loop
      vertex 180 0 3
      vertex 0 0 0
      vertex 180 0 0
    endloop
  endfacet
  facet normal 0 1 -0
    outer loop
      vertex 180 250 0
      vertex 0 250 3
      vertex 180 250 3
    endloop
  endfacet
  facet normal 0 1 0
    outer loop
      vertex 0 250 3
      vertex 180 250 0
      vertex 0 250 0
    endloop
  endfacet
  facet normal -1 0 0
    outer loop
      vertex 0 0 0
      vertex 0 250 3
      vertex 0 250 0
    endloop
  endfacet
  facet normal -1 -0 0
    outer loop
      vertex 0 250 3
      vertex 0 0 0
      vertex 0 0 3
    endloop
  endfacet
  facet normal 0 0 1
    outer loop
      vertex 162 19.81 3
      vertex 142.726 11.2639 3
      vertex 142.75 10.905 3
    endloop
  endfacet
  facet normal 0 0 1
    outer loop
      vertex 162 19.81 3
      vertex 142.656 11.6167 3
      vertex 142.726 11.2639 3
    endloop
  endfacet
  facet normal 0 0 1
    outer loop
      vertex 162 19.81 3
      vertex 142.541 11.9574 3
      vertex 142.656 11.6167 3
    endloop
  endfacet
  facet normal 0 0 1
    outer loop
      vertex 162 19.81 3
      vertex 142.382 12.28 3
      vertex 142.541 11.9574 3
    endloop
  endfacet
  facet normal 0 0 1
    outer loop
      vertex 162 19.81 3
      vertex 142.182 12.5791 3
      vertex 142.382 12.28 3
    endloop
  endfacet
  facet normal 0 0 1
    outer loop
      vertex 162 19.81 3
      vertex 141.945 12.8495 3
      vertex 142.182 12.5791 3
    endloop
  endfacet
  facet normal 0 0 1
    outer loop
      vertex 162 19.81 3
      vertex 141.674 13.0867 3
      vertex 141.945 12.8495 3
    endloop
  endfacet
  facet normal 0 0 1
    outer loop
      vertex 162 19.81 3
      vertex 141.375 13.2866 3
      vertex 141.674 13.0867 3
    endloop
  endfacet
  facet normal 0 0 1
    outer loop
      vertex 162 19.81 3
      vertex 141.052 13.4457 3
      vertex 141.375 13.2866 3
    endloop
  endfacet
  facet normal 0 0 1
    outer loop
      vertex 162 19.81 3
      vertex 140.712 13.5613 3
      vertex 141.052 13.4457 3
    endloop
  endfacet
  facet normal 0 0 1
    outer loop
      vertex 162 19.81 3
      vertex 140.359 13.6315 3
      vertex 140.712 13.5613 3
    endloop
  endfacet
  facet normal 0 0 1
    outer loop
      vertex 162 19.81 3
      vertex 140 13.655 3
      vertex 140.359 13.6315 3
    endloop
  endfacet
  facet normal 0 0 1
    outer loop
      vertex 162 19.81 3
      vertex 139.641 13.6315 3
      vertex 140 13.655 3
    endloop
  endfacet
  facet normal -0 0 1
    outer loop
      vertex 90.8023 13.8994 3
      vertex 139.641 13.6315 3
      vertex 162 19.81 3
    endloop
  endfacet
  facet normal 0 0 1
    outer loop
      vertex 137.274 11.2639 3
      vertex 93.1 10.905 3
      vertex 137.25 10.905 3
    endloop
  endfacet
  facet normal -0 0 1
    outer loop
      vertex 93.0735 11.3096 3
      vertex 137.274 11.2639 3
      vertex 137.344 11.6167 3
    endloop
  endfacet
  facet normal -0 0 1
    outer loop
      vertex 92.9944 11.7073 3
      vertex 137.344 11.6167 3
      vertex 137.459 11.9574 3
    endloop
  endfacet
  facet normal -0 0 1
    outer loop
      vertex 92.864 12.0913 3
      vertex 137.459 11.9574 3
      vertex 137.618 12.28 3
    endloop
  endfacet
  facet normal -0 0 1
    outer loop
      vertex 92.6847 12.455 3
      vertex 137.618 12.28 3
      vertex 137.818 12.5791 3
    endloop
  endfacet
  facet normal -0 0 1
    outer loop
      vertex 92.4594 12.7921 3
      vertex 137.818 12.5791 3
      vertex 138.055 12.8495 3
    endloop
  endfacet
  facet normal 0 0 1
    outer loop
      vertex 92.192 13.097 3
      vertex 138.055 12.8495 3
      vertex 138.326 13.0867 3
    endloop
  endfacet
  facet normal 0 0 1
    outer loop
      vertex 91.8872 13.3644 3
      vertex 138.326 13.0867 3
      vertex 138.625 13.2866 3
    endloop
  endfacet
  facet normal 0 0 1
    outer loop
      vertex 91.55 13.5897 3
      vertex 138.625 13.2866 3
      vertex 138.948 13.4457 3
    endloop
  endfacet
  facet normal 0 0 1
    outer loop
      vertex 91.1863 13.769 3
      vertex 138.948 13.4457 3
      vertex 139.288 13.5613 3
    endloop
  endfacet
  facet normal 0 0 1
    outer loop
      vertex 139.641 13.6315 3
      vertex 90.8023 13.8994 3
      vertex 139.288 13.5613 3
    endloop
  endfacet
  facet normal 0 0 1
    outer loop
      vertex 137.274 11.2639 3
      vertex 93.0735 11.3096 3
      vertex 93.1 10.905 3
    endloop
  endfacet
  facet normal 0 0 1
    outer loop
      vertex 137.344 11.6167 3
      vertex 92.9944 11.7073 3
      vertex 93.0735 11.3096 3
    endloop
  endfacet
  facet normal 0 0 1
    outer loop
      vertex 137.459 11.9574 3
      vertex 92.864 12.0913 3
      vertex 92.9944 11.7073 3
    endloop
  endfacet
  facet normal 0 0 1
    outer loop
      vertex 137.618 12.28 3
      vertex 92.6847 12.455 3
      vertex 92.864 12.0913 3
    endloop
  endfacet
  facet normal 0 0 1
    outer loop
      vertex 137.818 12.5791 3
      vertex 92.4594 12.7921 3
      vertex 92.6847 12.455 3
    endloop
  endfacet
  facet normal 0 0 1
    outer loop
      vertex 138.055 12.8495 3
      vertex 92.192 13.097 3
      vertex 92.4594 12.7921 3
    endloop
  endfacet
  facet normal 0 0 1
    outer loop
      vertex 138.326 13.0867 3
      vertex 91.8872 13.3644 3
      vertex 92.192 13.097 3
    endloop
  endfacet
  facet normal 0 0 1
    outer loop
      vertex 138.625 13.2866 3
      vertex 91.55 13.5897 3
      vertex 91.8872 13.3644 3
    endloop
  endfacet
  facet normal 0 0 1
    outer loop
      vertex 138.948 13.4457 3
      vertex 91.1863 13.769 3
      vertex 91.55 13.5897 3
    endloop
  endfacet
  facet normal 0 0 1
    outer loop
      vertex 139.288 13.5613 3
      vertex 90.8023 13.8994 3
      vertex 91.1863 13.769 3
    endloop
  endfacet
  facet normal 0 0 1
    outer loop
      vertex 162 19.81 3
      vertex 90.4046 13.9785 3
      vertex 90.8023 13.8994 3
    endloop
  endfacet
  facet normal 0 0 1
    outer loop
      vertex 162 19.81 3
      vertex 90 14.005 3
      vertex 90.4046 13.9785 3
    endloop
  endfacet
  facet normal -0 0 1
    outer loop
      vertex 18 19.81 3
      vertex 90 14.005 3
      vertex 162 19.81 3
    endloop
  endfacet
  facet normal 0 0 1
    outer loop
      vertex 86.9265 11.3096 3
      vertex 42.75 10.905 3
      vertex 86.9 10.905 3
    endloop
  endfacet
  facet normal 0 0 1
    outer loop
      vertex 42.7265 11.2639 3
      vertex 86.9265 11.3096 3
      vertex 87.0056 11.7073 3
    endloop
  endfacet
  facet normal 0 0 1
    outer loop
      vertex 42.6563 11.6167 3
      vertex 87.0056 11.7073 3
      vertex 87.136 12.0913 3
    endloop
  endfacet
  facet normal 0 0 1
    outer loop
      vertex 42.5407 11.9574 3
      vertex 87.136 12.0913 3
      vertex 87.3153 12.455 3
    endloop
  endfacet
  facet normal 0 0 1
    outer loop
      vertex 42.3816 12.28 3
      vertex 87.3153 12.455 3
      vertex 87.5406 12.7921 3
    endloop
  endfacet
  facet normal -0 0 1
    outer loop
      vertex 41.9445 12.8495 3
      vertex 87.5406 12.7921 3
      vertex 87.808 13.097 3
    endloop
  endfacet
  facet normal 0 0 1
    outer loop
      vertex 41.6741 13.0867 3
      vertex 87.808 13.097 3
      vertex 88.1128 13.3644 3
    endloop
  endfacet
  facet normal 0 0 1
    outer loop
      vertex 41.375 13.2866 3
      vertex 88.1128 13.3644 3
      vertex 88.45 13.5897 3
    endloop
  endfacet
  facet normal 0 0 1
    outer loop
      vertex 41.0524 13.4457 3
      vertex 88.45 13.5897 3
      vertex 88.8137 13.769 3
    endloop
  endfacet
  facet normal 0 0 1
    outer loop
      vertex 40.7118 13.5613 3
      vertex 88.8137 13.769 3
      vertex 89.1977 13.8994 3
    endloop
  endfacet
  facet normal 0 0 1
    outer loop
      vertex 40.3589 13.6315 3
      vertex 89.1977 13.8994 3
      vertex 89.5954 13.9785 3
    endloop
  endfacet
  facet normal 0 0 1
    outer loop
      vertex 90 14.005 3
      vertex 18 19.81 3
      vertex 89.5954 13.9785 3
    endloop
  endfacet
  facet normal 0 0 1
    outer loop
      vertex 86.9265 11.3096 3
      vertex 42.7265 11.2639 3
      vertex 42.75 10.905 3
    endloop
  endfacet
  facet normal 0 0 1
    outer loop
      vertex 87.0056 11.7073 3
      vertex 42.6563 11.6167 3
      vertex 42.7265 11.2639 3
    endloop
  endfacet
  facet normal 0 0 1
    outer loop
      vertex 87.136 12.0913 3
      vertex 42.5407 11.9574 3
      vertex 42.6563 11.6167 3
    endloop
  endfacet
  facet normal 0 0 1
    outer loop
      vertex 87.3153 12.455 3
      vertex 42.3816 12.28 3
      vertex 42.5407 11.9574 3
    endloop
  endfacet
  facet normal 0 0 1
    outer loop
      vertex 87.5406 12.7921 3
      vertex 42.1817 12.5791 3
      vertex 42.3816 12.28 3
    endloop
  endfacet
  facet normal 0 0 1
    outer loop
      vertex 87.5406 12.7921 3
      vertex 41.9445 12.8495 3
      vertex 42.1817 12.5791 3
    endloop
  endfacet
  facet normal 0 0 1
    outer loop
      vertex 87.808 13.097 3
      vertex 41.6741 13.0867 3
      vertex 41.9445 12.8495 3
    endloop
  endfacet
  facet normal 0 0 1
    outer loop
      vertex 88.1128 13.3644 3
      vertex 41.375 13.2866 3
      vertex 41.6741 13.0867 3
    endloop
  endfacet
  facet normal 0 0 1
    outer loop
      vertex 88.45 13.5897 3
      vertex 41.0524 13.4457 3
      vertex 41.375 13.2866 3
    endloop
  endfacet
  facet normal 0 0 1
    outer loop
      vertex 88.8137 13.769 3
      vertex 40.7118 13.5613 3
      vertex 41.0524 13.4457 3
    endloop
  endfacet
  facet normal 0 -0 1
    outer loop
      vertex 40.3589 13.6315 3
      vertex 89.5954 13.9785 3
      vertex 18 19.81 3
    endloop
  endfacet
  facet normal 0 0 1
    outer loop
      vertex 89.1977 13.8994 3
      vertex 40.3589 13.6315 3
      vertex 40.7118 13.5613 3
    endloop
  endfacet
  facet normal 0 0 1
    outer loop
      vertex 37.2735 11.2639 3
      vertex 18 19.81 3
      vertex 37.25 10.905 3
    endloop
  endfacet
  facet normal 0 0 1
    outer loop
      vertex 37.3437 11.6167 3
      vertex 18 19.81 3
      vertex 37.2735 11.2639 3
    endloop
  endfacet
  facet normal 0 0 1
    outer loop
      vertex 37.4593 11.9574 3
      vertex 18 19.81 3
      vertex 37.3437 11.6167 3
    endloop
  endfacet
  facet normal 0 0 1
    outer loop
      vertex 37.6184 12.28 3
      vertex 18 19.81 3
      vertex 37.4593 11.9574 3
    endloop
  endfacet
  facet normal 0 0 1
    outer loop
      vertex 37.8183 12.5791 3
      vertex 18 19.81 3
      vertex 37.6184 12.28 3
    endloop
  endfacet
  facet normal 0 0 1
    outer loop
      vertex 38.0555 12.8495 3
      vertex 18 19.81 3
      vertex 37.8183 12.5791 3
    endloop
  endfacet
  facet normal 0 0 1
    outer loop
      vertex 38.3259 13.0867 3
      vertex 18 19.81 3
      vertex 38.0555 12.8495 3
    endloop
  endfacet
  facet normal 0 0 1
    outer loop
      vertex 38.625 13.2866 3
      vertex 18 19.81 3
      vertex 38.3259 13.0867 3
    endloop
  endfacet
  facet normal 0 0 1
    outer loop
      vertex 38.9476 13.4457 3
      vertex 18 19.81 3
      vertex 38.625 13.2866 3
    endloop
  endfacet
  facet normal 0 0 1
    outer loop
      vertex 39.2882 13.5613 3
      vertex 18 19.81 3
      vertex 38.9476 13.4457 3
    endloop
  endfacet
  facet normal 0 0 1
    outer loop
      vertex 39.6411 13.6315 3
      vertex 18 19.81 3
      vertex 39.2882 13.5613 3
    endloop
  endfacet
  facet normal 0 0 1
    outer loop
      vertex 40 13.655 3
      vertex 18 19.81 3
      vertex 39.6411 13.6315 3
    endloop
  endfacet
  facet normal 0 0 1
    outer loop
      vertex 40.3589 13.6315 3
      vertex 18 19.81 3
      vertex 40 13.655 3
    endloop
  endfacet
  facet normal 0 0 1
    outer loop
      vertex 180 250 3
      vertex 162 230.19 3
      vertex 180 0 3
    endloop
  endfacet
  facet normal -0 0 1
    outer loop
      vertex 142.382 240.47 3
      vertex 162 230.19 3
      vertex 180 250 3
    endloop
  endfacet
  facet normal 0 0 1
    outer loop
      vertex 162 230.19 3
      vertex 142.726 239.454 3
      vertex 142.75 239.095 3
    endloop
  endfacet
  facet normal 0 0 1
    outer loop
      vertex 162 230.19 3
      vertex 142.656 239.807 3
      vertex 142.726 239.454 3
    endloop
  endfacet
  facet normal 0 0 1
    outer loop
      vertex 162 230.19 3
      vertex 142.541 240.147 3
      vertex 142.656 239.807 3
    endloop
  endfacet
  facet normal 0 0 1
    outer loop
      vertex 162 230.19 3
      vertex 142.382 240.47 3
      vertex 142.541 240.147 3
    endloop
  endfacet
  facet normal 0 0 1
    outer loop
      vertex 180 250 3
      vertex 142.182 240.769 3
      vertex 142.382 240.47 3
    endloop
  endfacet
  facet normal 0 0 1
    outer loop
      vertex 180 250 3
      vertex 141.945 241.04 3
      vertex 142.182 240.769 3
    endloop
  endfacet
  facet normal 0 0 1
    outer loop
      vertex 180 250 3
      vertex 141.674 241.277 3
      vertex 141.945 241.04 3
    endloop
  endfacet
  facet normal 0 0 1
    outer loop
      vertex 180 250 3
      vertex 141.375 241.477 3
      vertex 141.674 241.277 3
    endloop
  endfacet
  facet normal 0 0 1
    outer loop
      vertex 180 250 3
      vertex 141.052 241.636 3
      vertex 141.375 241.477 3
    endloop
  endfacet
  facet normal 0 0 1
    outer loop
      vertex 180 250 3
      vertex 140.712 241.751 3
      vertex 141.052 241.636 3
    endloop
  endfacet
  facet normal 0 0 1
    outer loop
      vertex 180 250 3
      vertex 140.359 241.821 3
      vertex 140.712 241.751 3
    endloop
  endfacet
  facet normal 0 0 1
    outer loop
      vertex 180 250 3
      vertex 140 241.845 3
      vertex 140.359 241.821 3
    endloop
  endfacet
  facet normal 0 0 1
    outer loop
      vertex 180 250 3
      vertex 139.641 241.821 3
      vertex 140 241.845 3
    endloop
  endfacet
  facet normal -0 0 1
    outer loop
      vertex 90.4046 242.168 3
      vertex 139.641 241.821 3
      vertex 180 250 3
    endloop
  endfacet
  facet normal 0 0 1
    outer loop
      vertex 137.274 239.454 3
      vertex 93.1 239.095 3
      vertex 137.25 239.095 3
    endloop
  endfacet
  facet normal -0 0 1
    outer loop
      vertex 93.0735 239.5 3
      vertex 137.274 239.454 3
      vertex 137.344 239.807 3
    endloop
  endfacet
  facet normal -0 0 1
    outer loop
      vertex 92.9944 239.897 3
      vertex 137.344 239.807 3
      vertex 137.459 240.147 3
    endloop
  endfacet
  facet normal -0 0 1
    outer loop
      vertex 92.864 240.281 3
      vertex 137.459 240.147 3
      vertex 137.618 240.47 3
    endloop
  endfacet
  facet normal -0 0 1
    outer loop
      vertex 92.6847 240.645 3
      vertex 137.618 240.47 3
      vertex 137.818 240.769 3
    endloop
  endfacet
  facet normal -0 0 1
    outer loop
      vertex 92.4594 240.982 3
      vertex 137.818 240.769 3
      vertex 138.055 241.04 3
    endloop
  endfacet
  facet normal 0 0 1
    outer loop
      vertex 92.192 241.287 3
      vertex 138.055 241.04 3
      vertex 138.326 241.277 3
    endloop
  endfacet
  facet normal 0 0 1
    outer loop
      vertex 91.8872 241.554 3
      vertex 138.326 241.277 3
      vertex 138.625 241.477 3
    endloop
  endfacet
  facet normal 0 0 1
    outer loop
      vertex 91.55 241.78 3
      vertex 138.625 241.477 3
      vertex 138.948 241.636 3
    endloop
  endfacet
  facet normal 0 0 1
    outer loop
      vertex 91.1863 241.959 3
      vertex 138.948 241.636 3
      vertex 139.288 241.751 3
    endloop
  endfacet
  facet normal -0 -0 1
    outer loop
      vertex 90.8023 242.089 3
      vertex 139.641 241.821 3
      vertex 90.4046 242.168 3
    endloop
  endfacet
  facet normal 0 0 1
    outer loop
      vertex 137.274 239.454 3
      vertex 93.0735 239.5 3
      vertex 93.1 239.095 3
    endloop
  endfacet
  facet normal 0 0 1
    outer loop
      vertex 137.344 239.807 3
      vertex 92.9944 239.897 3
      vertex 93.0735 239.5 3
    endloop
  endfacet
  facet normal 0 0 1
    outer loop
      vertex 137.459 240.147 3
      vertex 92.864 240.281 3
      vertex 92.9944 239.897 3
    endloop
  endfacet
  facet normal 0 0 1
    outer loop
      vertex 137.618 240.47 3
      vertex 92.6847 240.645 3
      vertex 92.864 240.281 3
    endloop
  endfacet
  facet normal 0 0 1
    outer loop
      vertex 137.818 240.769 3
      vertex 92.4594 240.982 3
      vertex 92.6847 240.645 3
    endloop
  endfacet
  facet normal 0 0 1
    outer loop
      vertex 138.055 241.04 3
      vertex 92.192 241.287 3
      vertex 92.4594 240.982 3
    endloop
  endfacet
  facet normal 0 0 1
    outer loop
      vertex 138.326 241.277 3
      vertex 91.8872 241.554 3
      vertex 92.192 241.287 3
    endloop
  endfacet
  facet normal 0 0 1
    outer loop
      vertex 138.625 241.477 3
      vertex 91.55 241.78 3
      vertex 91.8872 241.554 3
    endloop
  endfacet
  facet normal 0 0 1
    outer loop
      vertex 138.948 241.636 3
      vertex 91.1863 241.959 3
      vertex 91.55 241.78 3
    endloop
  endfacet
  facet normal 0 0 1
    outer loop
      vertex 139.288 241.751 3
      vertex 90.8023 242.089 3
      vertex 91.1863 241.959 3
    endloop
  endfacet
  facet normal 0 0 1
    outer loop
      vertex 139.641 241.821 3
      vertex 90.8023 242.089 3
      vertex 139.288 241.751 3
    endloop
  endfacet
  facet normal 0 0 1
    outer loop
      vertex 180 250 3
      vertex 90 242.195 3
      vertex 90.4046 242.168 3
    endloop
  endfacet
  facet normal -0 0 1
    outer loop
      vertex 0 250 3
      vertex 90 242.195 3
      vertex 180 250 3
    endloop
  endfacet
  facet normal 0 0 1
    outer loop
      vertex 86.9265 239.5 3
      vertex 42.75 239.095 3
      vertex 86.9 239.095 3
    endloop
  endfacet
  facet normal 0 0 1
    outer loop
      vertex 42.7265 239.454 3
      vertex 86.9265 239.5 3
      vertex 87.0056 239.897 3
    endloop
  endfacet
  facet normal 0 0 1
    outer loop
      vertex 42.6563 239.807 3
      vertex 87.0056 239.897 3
      vertex 87.136 240.281 3
    endloop
  endfacet
  facet normal 0 0 1
    outer loop
      vertex 42.5407 240.147 3
      vertex 87.136 240.281 3
      vertex 87.3153 240.645 3
    endloop
  endfacet
  facet normal 0 0 1
    outer loop
      vertex 42.3816 240.47 3
      vertex 87.3153 240.645 3
      vertex 87.5406 240.982 3
    endloop
  endfacet
  facet normal -0 0 1
    outer loop
      vertex 41.9445 241.04 3
      vertex 87.5406 240.982 3
      vertex 87.808 241.287 3
    endloop
  endfacet
  facet normal 0 0 1
    outer loop
      vertex 41.6741 241.277 3
      vertex 87.808 241.287 3
      vertex 88.1128 241.554 3
    endloop
  endfacet
  facet normal 0 0 1
    outer loop
      vertex 41.375 241.477 3
      vertex 88.1128 241.554 3
      vertex 88.45 241.78 3
    endloop
  endfacet
  facet normal 0 0 1
    outer loop
      vertex 41.0524 241.636 3
      vertex 88.45 241.78 3
      vertex 88.8137 241.959 3
    endloop
  endfacet
  facet normal 0 0 1
    outer loop
      vertex 40.7118 241.751 3
      vertex 88.8137 241.959 3
      vertex 89.1977 242.089 3
    endloop
  endfacet
  facet normal 0 0 1
    outer loop
      vertex 40.3589 241.821 3
      vertex 89.1977 242.089 3
      vertex 89.5954 242.168 3
    endloop
  endfacet
  facet normal 0 0 1
    outer loop
      vertex 90 242.195 3
      vertex 0 250 3
      vertex 89.5954 242.168 3
    endloop
  endfacet
  facet normal 0 0 1
    outer loop
      vertex 86.9265 239.5 3
      vertex 42.7265 239.454 3
      vertex 42.75 239.095 3
    endloop
  endfacet
  facet normal 0 0 1
    outer loop
      vertex 87.0056 239.897 3
      vertex 42.6563 239.807 3
      vertex 42.7265 239.454 3
    endloop
  endfacet
  facet normal 0 0 1
    outer loop
      vertex 87.136 240.281 3
      vertex 42.5407 240.147 3
      vertex 42.6563 239.807 3
    endloop
  endfacet
  facet normal 0 0 1
    outer loop
      vertex 87.3153 240.645 3
      vertex 42.3816 240.47 3
      vertex 42.5407 240.147 3
    endloop
  endfacet
  facet normal 0 0 1
    outer loop
      vertex 87.5406 240.982 3
      vertex 42.1817 240.769 3
      vertex 42.3816 240.47 3
    endloop
  endfacet
  facet normal 0 0 1
    outer loop
      vertex 87.5406 240.982 3
      vertex 41.9445 241.04 3
      vertex 42.1817 240.769 3
    endloop
  endfacet
  facet normal 0 0 1
    outer loop
      vertex 87.808 241.287 3
      vertex 41.6741 241.277 3
      vertex 41.9445 241.04 3
    endloop
  endfacet
  facet normal 0 0 1
    outer loop
      vertex 88.1128 241.554 3
      vertex 41.375 241.477 3
      vertex 41.6741 241.277 3
    endloop
  endfacet
  facet normal 0 0 1
    outer loop
      vertex 88.45 241.78 3
      vertex 41.0524 241.636 3
      vertex 41.375 241.477 3
    endloop
  endfacet
  facet normal 0 0 1
    outer loop
      vertex 88.8137 241.959 3
      vertex 40.7118 241.751 3
      vertex 41.0524 241.636 3
    endloop
  endfacet
  facet normal 0 0 1
    outer loop
      vertex 89.1977 242.089 3
      vertex 40.3589 241.821 3
      vertex 40.7118 241.751 3
    endloop
  endfacet
  facet normal 0 0 1
    outer loop
      vertex 89.5954 242.168 3
      vertex 0 250 3
      vertex 40.3589 241.821 3
    endloop
  endfacet
  facet normal 0 0 1
    outer loop
      vertex 37.2735 239.454 3
      vertex 18 230.19 3
      vertex 37.25 239.095 3
    endloop
  endfacet
  facet normal 0 0 1
    outer loop
      vertex 37.3437 239.807 3
      vertex 18 230.19 3
      vertex 37.2735 239.454 3
    endloop
  endfacet
  facet normal 0 0 1
    outer loop
      vertex 37.4593 240.147 3
      vertex 18 230.19 3
      vertex 37.3437 239.807 3
    endloop
  endfacet
  facet normal 0 0 1
    outer loop
      vertex 37.6184 240.47 3
      vertex 18 230.19 3
      vertex 37.4593 240.147 3
    endloop
  endfacet
  facet normal 0 0 1
    outer loop
      vertex 0 250 3
      vertex 37.6184 240.47 3
      vertex 37.8183 240.769 3
    endloop
  endfacet
  facet normal 0 0 1
    outer loop
      vertex 0 250 3
      vertex 37.8183 240.769 3
      vertex 38.0555 241.04 3
    endloop
  endfacet
  facet normal 0 0 1
    outer loop
      vertex 0 250 3
      vertex 38.0555 241.04 3
      vertex 38.3259 241.277 3
    endloop
  endfacet
  facet normal 0 0 1
    outer loop
      vertex 0 250 3
      vertex 38.3259 241.277 3
      vertex 38.625 241.477 3
    endloop
  endfacet
  facet normal 0 0 1
    outer loop
      vertex 18 230.19 3
      vertex 0 250 3
      vertex 18 19.81 3
    endloop
  endfacet
  facet normal 0 0 1
    outer loop
      vertex 37.6184 240.47 3
      vertex 0 250 3
      vertex 18 230.19 3
    endloop
  endfacet
  facet normal 0 0 1
    outer loop
      vertex 38.9476 241.636 3
      vertex 0 250 3
      vertex 38.625 241.477 3
    endloop
  endfacet
  facet normal 0 0 1
    outer loop
      vertex 39.2882 241.751 3
      vertex 0 250 3
      vertex 38.9476 241.636 3
    endloop
  endfacet
  facet normal 0 0 1
    outer loop
      vertex 39.6411 241.821 3
      vertex 0 250 3
      vertex 39.2882 241.751 3
    endloop
  endfacet
  facet normal 0 0 1
    outer loop
      vertex 40 241.845 3
      vertex 0 250 3
      vertex 39.6411 241.821 3
    endloop
  endfacet
  facet normal 0 0 1
    outer loop
      vertex 40.3589 241.821 3
      vertex 0 250 3
      vertex 40 241.845 3
    endloop
  endfacet
  facet normal -0 0 1
    outer loop
      vertex 162 19.81 3
      vertex 180 0 3
      vertex 162 230.19 3
    endloop
  endfacet
  facet normal 0 0 1
    outer loop
      vertex 142.726 10.546 3
      vertex 162 19.81 3
      vertex 142.75 10.905 3
    endloop
  endfacet
  facet normal 0 0 1
    outer loop
      vertex 142.656 10.1932 3
      vertex 162 19.81 3
      vertex 142.726 10.546 3
    endloop
  endfacet
  facet normal 0 0 1
    outer loop
      vertex 142.541 9.85261 3
      vertex 162 19.81 3
      vertex 142.656 10.1932 3
    endloop
  endfacet
  facet normal 0 0 1
    outer loop
      vertex 142.382 9.52999 3
      vertex 162 19.81 3
      vertex 142.541 9.85261 3
    endloop
  endfacet
  facet normal 0 0 1
    outer loop
      vertex 162 19.81 3
      vertex 142.382 9.52999 3
      vertex 180 0 3
    endloop
  endfacet
  facet normal -0 0 1
    outer loop
      vertex 142.182 9.23089 3
      vertex 180 0 3
      vertex 142.382 9.52999 3
    endloop
  endfacet
  facet normal -0 0 1
    outer loop
      vertex 141.945 8.96044 3
      vertex 180 0 3
      vertex 142.182 9.23089 3
    endloop
  endfacet
  facet normal -0 0 1
    outer loop
      vertex 141.674 8.72326 3
      vertex 180 0 3
      vertex 141.945 8.96044 3
    endloop
  endfacet
  facet normal -0 0 1
    outer loop
      vertex 141.375 8.52342 3
      vertex 180 0 3
      vertex 141.674 8.72326 3
    endloop
  endfacet
  facet normal -0 0 1
    outer loop
      vertex 141.052 8.36432 3
      vertex 180 0 3
      vertex 141.375 8.52342 3
    endloop
  endfacet
  facet normal -0 0 1
    outer loop
      vertex 140.712 8.24869 3
      vertex 180 0 3
      vertex 141.052 8.36432 3
    endloop
  endfacet
  facet normal -0 0 1
    outer loop
      vertex 140.359 8.17851 3
      vertex 180 0 3
      vertex 140.712 8.24869 3
    endloop
  endfacet
  facet normal -0 0 1
    outer loop
      vertex 140 8.15499 3
      vertex 180 0 3
      vertex 140.359 8.17851 3
    endloop
  endfacet
  facet normal 0 0 1
    outer loop
      vertex 139.641 8.17851 3
      vertex 180 0 3
      vertex 140 8.15499 3
    endloop
  endfacet
  facet normal 0 0 1
    outer loop
      vertex 90.8023 7.91062 3
      vertex 139.641 8.17851 3
      vertex 139.288 8.24869 3
    endloop
  endfacet
  facet normal -0 0 1
    outer loop
      vertex 93.1 10.905 3
      vertex 137.274 10.546 3
      vertex 137.25 10.905 3
    endloop
  endfacet
  facet normal 0 0 1
    outer loop
      vertex 93.0735 10.5004 3
      vertex 137.274 10.546 3
      vertex 93.1 10.905 3
    endloop
  endfacet
  facet normal 0 0 1
    outer loop
      vertex 137.274 10.546 3
      vertex 93.0735 10.5004 3
      vertex 137.344 10.1932 3
    endloop
  endfacet
  facet normal 0 0 1
    outer loop
      vertex 92.9944 10.1026 3
      vertex 137.344 10.1932 3
      vertex 93.0735 10.5004 3
    endloop
  endfacet
  facet normal 0 0 1
    outer loop
      vertex 137.344 10.1932 3
      vertex 92.9944 10.1026 3
      vertex 137.459 9.85261 3
    endloop
  endfacet
  facet normal 0 0 1
    outer loop
      vertex 92.864 9.71867 3
      vertex 137.459 9.85261 3
      vertex 92.9944 10.1026 3
    endloop
  endfacet
  facet normal 0 0 1
    outer loop
      vertex 137.459 9.85261 3
      vertex 92.864 9.71867 3
      vertex 137.618 9.52999 3
    endloop
  endfacet
  facet normal 0 0 1
    outer loop
      vertex 92.6847 9.35499 3
      vertex 137.618 9.52999 3
      vertex 92.864 9.71867 3
    endloop
  endfacet
  facet normal 0 0 1
    outer loop
      vertex 137.618 9.52999 3
      vertex 92.6847 9.35499 3
      vertex 137.818 9.23089 3
    endloop
  endfacet
  facet normal 0 0 1
    outer loop
      vertex 92.4594 9.01783 3
      vertex 137.818 9.23089 3
      vertex 92.6847 9.35499 3
    endloop
  endfacet
  facet normal 0 0 1
    outer loop
      vertex 137.818 9.23089 3
      vertex 92.4594 9.01783 3
      vertex 138.055 8.96044 3
    endloop
  endfacet
  facet normal 0 0 1
    outer loop
      vertex 92.192 8.71295 3
      vertex 138.055 8.96044 3
      vertex 92.4594 9.01783 3
    endloop
  endfacet
  facet normal 0 0 1
    outer loop
      vertex 138.055 8.96044 3
      vertex 92.192 8.71295 3
      vertex 138.326 8.72326 3
    endloop
  endfacet
  facet normal 0 0 1
    outer loop
      vertex 91.8872 8.44559 3
      vertex 138.326 8.72326 3
      vertex 92.192 8.71295 3
    endloop
  endfacet
  facet normal 0 0 1
    outer loop
      vertex 138.326 8.72326 3
      vertex 91.8872 8.44559 3
      vertex 138.625 8.52342 3
    endloop
  endfacet
  facet normal 0 0 1
    outer loop
      vertex 91.55 8.22031 3
      vertex 138.625 8.52342 3
      vertex 91.8872 8.44559 3
    endloop
  endfacet
  facet normal 0 0 1
    outer loop
      vertex 138.625 8.52342 3
      vertex 91.55 8.22031 3
      vertex 138.948 8.36432 3
    endloop
  endfacet
  facet normal 0 0 1
    outer loop
      vertex 91.1863 8.04096 3
      vertex 138.948 8.36432 3
      vertex 91.55 8.22031 3
    endloop
  endfacet
  facet normal 0 0 1
    outer loop
      vertex 138.948 8.36432 3
      vertex 91.1863 8.04096 3
      vertex 139.288 8.24869 3
    endloop
  endfacet
  facet normal 0 0 1
    outer loop
      vertex 90.8023 7.91062 3
      vertex 139.288 8.24869 3
      vertex 91.1863 8.04096 3
    endloop
  endfacet
  facet normal 0 0 1
    outer loop
      vertex 139.641 8.17851 3
      vertex 90.8023 7.91062 3
      vertex 90.4046 7.83151 3
    endloop
  endfacet
  facet normal 0 0 1
    outer loop
      vertex 139.641 8.17851 3
      vertex 90.4046 7.83151 3
      vertex 180 0 3
    endloop
  endfacet
  facet normal -0 0 1
    outer loop
      vertex 90 7.80499 3
      vertex 180 0 3
      vertex 90.4046 7.83151 3
    endloop
  endfacet
  facet normal 0 0 1
    outer loop
      vertex 0 0 3
      vertex 90 7.80499 3
      vertex 89.5954 7.83151 3
    endloop
  endfacet
  facet normal -0 0 1
    outer loop
      vertex 42.75 10.905 3
      vertex 86.9265 10.5004 3
      vertex 86.9 10.905 3
    endloop
  endfacet
  facet normal -0 0 1
    outer loop
      vertex 42.7265 10.546 3
      vertex 86.9265 10.5004 3
      vertex 42.75 10.905 3
    endloop
  endfacet
  facet normal 0 0 1
    outer loop
      vertex 86.9265 10.5004 3
      vertex 42.7265 10.546 3
      vertex 87.0056 10.1026 3
    endloop
  endfacet
  facet normal -0 0 1
    outer loop
      vertex 42.6563 10.1932 3
      vertex 87.0056 10.1026 3
      vertex 42.7265 10.546 3
    endloop
  endfacet
  facet normal 0 0 1
    outer loop
      vertex 87.0056 10.1026 3
      vertex 42.6563 10.1932 3
      vertex 87.136 9.71867 3
    endloop
  endfacet
  facet normal -0 0 1
    outer loop
      vertex 42.5407 9.85261 3
      vertex 87.136 9.71867 3
      vertex 42.6563 10.1932 3
    endloop
  endfacet
  facet normal 0 0 1
    outer loop
      vertex 87.136 9.71867 3
      vertex 42.5407 9.85261 3
      vertex 87.3153 9.35499 3
    endloop
  endfacet
  facet normal -0 0 1
    outer loop
      vertex 42.3816 9.52999 3
      vertex 87.3153 9.35499 3
      vertex 42.5407 9.85261 3
    endloop
  endfacet
  facet normal 0 0 1
    outer loop
      vertex 87.3153 9.35499 3
      vertex 42.3816 9.52999 3
      vertex 87.5406 9.01783 3
    endloop
  endfacet
  facet normal -0 0 1
    outer loop
      vertex 42.1817 9.23089 3
      vertex 87.5406 9.01783 3
      vertex 42.3816 9.52999 3
    endloop
  endfacet
  facet normal 0 0 1
    outer loop
      vertex 41.9445 8.96044 3
      vertex 87.5406 9.01783 3
      vertex 42.1817 9.23089 3
    endloop
  endfacet
  facet normal 0 0 1
    outer loop
      vertex 87.5406 9.01783 3
      vertex 41.9445 8.96044 3
      vertex 87.808 8.71295 3
    endloop
  endfacet
  facet normal -0 0 1
    outer loop
      vertex 41.6741 8.72326 3
      vertex 87.808 8.71295 3
      vertex 41.9445 8.96044 3
    endloop
  endfacet
  facet normal 0 0 1
    outer loop
      vertex 87.808 8.71295 3
      vertex 41.6741 8.72326 3
      vertex 88.1128 8.44559 3
    endloop
  endfacet
  facet normal -0 0 1
    outer loop
      vertex 41.375 8.52342 3
      vertex 88.1128 8.44559 3
      vertex 41.6741 8.72326 3
    endloop
  endfacet
  facet normal 0 0 1
    outer loop
      vertex 88.1128 8.44559 3
      vertex 41.375 8.52342 3
      vertex 88.45 8.22031 3
    endloop
  endfacet
  facet normal -0 0 1
    outer loop
      vertex 41.0524 8.36432 3
      vertex 88.45 8.22031 3
      vertex 41.375 8.52342 3
    endloop
  endfacet
  facet normal 0 0 1
    outer loop
      vertex 88.45 8.22031 3
      vertex 41.0524 8.36432 3
      vertex 88.8137 8.04096 3
    endloop
  endfacet
  facet normal -0 0 1
    outer loop
      vertex 40.7118 8.24869 3
      vertex 88.8137 8.04096 3
      vertex 41.0524 8.36432 3
    endloop
  endfacet
  facet normal 0 0 1
    outer loop
      vertex 88.8137 8.04096 3
      vertex 40.7118 8.24869 3
      vertex 89.1977 7.91062 3
    endloop
  endfacet
  facet normal -0 0 1
    outer loop
      vertex 40.3589 8.17851 3
      vertex 89.1977 7.91062 3
      vertex 40.7118 8.24869 3
    endloop
  endfacet
  facet normal 0 0 1
    outer loop
      vertex 89.1977 7.91062 3
      vertex 40.3589 8.17851 3
      vertex 89.5954 7.83151 3
    endloop
  endfacet
  facet normal 0 0 1
    outer loop
      vertex 0 0 3
      vertex 89.5954 7.83151 3
      vertex 40.3589 8.17851 3
    endloop
  endfacet
  facet normal 0 0 1
    outer loop
      vertex 0 0 3
      vertex 40.3589 8.17851 3
      vertex 40 8.15499 3
    endloop
  endfacet
  facet normal 0 0 1
    outer loop
      vertex 18 19.81 3
      vertex 37.2735 10.546 3
      vertex 37.25 10.905 3
    endloop
  endfacet
  facet normal 0 0 1
    outer loop
      vertex 18 19.81 3
      vertex 37.3437 10.1932 3
      vertex 37.2735 10.546 3
    endloop
  endfacet
  facet normal 0 0 1
    outer loop
      vertex 18 19.81 3
      vertex 37.4593 9.85261 3
      vertex 37.3437 10.1932 3
    endloop
  endfacet
  facet normal 0 0 1
    outer loop
      vertex 18 19.81 3
      vertex 37.6184 9.52999 3
      vertex 37.4593 9.85261 3
    endloop
  endfacet
  facet normal 0 0 1
    outer loop
      vertex 0 0 3
      vertex 37.6184 9.52999 3
      vertex 18 19.81 3
    endloop
  endfacet
  facet normal 0 0 1
    outer loop
      vertex 37.6184 9.52999 3
      vertex 0 0 3
      vertex 37.8183 9.23089 3
    endloop
  endfacet
  facet normal 0 0 1
    outer loop
      vertex 37.8183 9.23089 3
      vertex 0 0 3
      vertex 38.0555 8.96044 3
    endloop
  endfacet
  facet normal 0 0 1
    outer loop
      vertex 38.0555 8.96044 3
      vertex 0 0 3
      vertex 38.3259 8.72326 3
    endloop
  endfacet
  facet normal 0 0 1
    outer loop
      vertex 90 7.80499 3
      vertex 0 0 3
      vertex 180 0 3
    endloop
  endfacet
  facet normal 0 0 1
    outer loop
      vertex 39.6411 8.17851 3
      vertex 0 0 3
      vertex 40 8.15499 3
    endloop
  endfacet
  facet normal 0 0 1
    outer loop
      vertex 39.2882 8.24869 3
      vertex 0 0 3
      vertex 39.6411 8.17851 3
    endloop
  endfacet
  facet normal 0 0 1
    outer loop
      vertex 38.9476 8.36432 3
      vertex 0 0 3
      vertex 39.2882 8.24869 3
    endloop
  endfacet
  facet normal 0 0 1
    outer loop
      vertex 38.625 8.52342 3
      vertex 0 0 3
      vertex 38.9476 8.36432 3
    endloop
  endfacet
  facet normal 0 0 1
    outer loop
      vertex 38.3259 8.72326 3
      vertex 0 0 3
      vertex 38.625 8.52342 3
    endloop
  endfacet
  facet normal 0 0 1
    outer loop
      vertex 0 0 3
      vertex 18 19.81 3
      vertex 0 250 3
    endloop
  endfacet
  facet normal -0 0 1
    outer loop
      vertex 142.726 238.736 3
      vertex 162 230.19 3
      vertex 142.75 239.095 3
    endloop
  endfacet
  facet normal -0 0 1
    outer loop
      vertex 142.656 238.383 3
      vertex 162 230.19 3
      vertex 142.726 238.736 3
    endloop
  endfacet
  facet normal -0 0 1
    outer loop
      vertex 142.541 238.043 3
      vertex 162 230.19 3
      vertex 142.656 238.383 3
    endloop
  endfacet
  facet normal -0 0 1
    outer loop
      vertex 142.382 237.72 3
      vertex 162 230.19 3
      vertex 142.541 238.043 3
    endloop
  endfacet
  facet normal -0 0 1
    outer loop
      vertex 142.182 237.421 3
      vertex 162 230.19 3
      vertex 142.382 237.72 3
    endloop
  endfacet
  facet normal -0 0 1
    outer loop
      vertex 141.945 237.15 3
      vertex 162 230.19 3
      vertex 142.182 237.421 3
    endloop
  endfacet
  facet normal -0 0 1
    outer loop
      vertex 141.674 236.913 3
      vertex 162 230.19 3
      vertex 141.945 237.15 3
    endloop
  endfacet
  facet normal -0 0 1
    outer loop
      vertex 141.375 236.713 3
      vertex 162 230.19 3
      vertex 141.674 236.913 3
    endloop
  endfacet
  facet normal -0 0 1
    outer loop
      vertex 141.052 236.554 3
      vertex 162 230.19 3
      vertex 141.375 236.713 3
    endloop
  endfacet
  facet normal -0 0 1
    outer loop
      vertex 140.712 236.439 3
      vertex 162 230.19 3
      vertex 141.052 236.554 3
    endloop
  endfacet
  facet normal -0 0 1
    outer loop
      vertex 140.359 236.369 3
      vertex 162 230.19 3
      vertex 140.712 236.439 3
    endloop
  endfacet
  facet normal -0 0 1
    outer loop
      vertex 140 236.345 3
      vertex 162 230.19 3
      vertex 140.359 236.369 3
    endloop
  endfacet
  facet normal 0 0 1
    outer loop
      vertex 139.641 236.369 3
      vertex 162 230.19 3
      vertex 140 236.345 3
    endloop
  endfacet
  facet normal 0 0 1
    outer loop
      vertex 90.8023 236.101 3
      vertex 139.641 236.369 3
      vertex 139.288 236.439 3
    endloop
  endfacet
  facet normal -0 0 1
    outer loop
      vertex 93.1 239.095 3
      vertex 137.274 238.736 3
      vertex 137.25 239.095 3
    endloop
  endfacet
  facet normal 0 0 1
    outer loop
      vertex 93.0735 238.69 3
      vertex 137.274 238.736 3
      vertex 93.1 239.095 3
    endloop
  endfacet
  facet normal 0 0 1
    outer loop
      vertex 137.274 238.736 3
      vertex 93.0735 238.69 3
      vertex 137.344 238.383 3
    endloop
  endfacet
  facet normal 0 0 1
    outer loop
      vertex 92.9944 238.293 3
      vertex 137.344 238.383 3
      vertex 93.0735 238.69 3
    endloop
  endfacet
  facet normal 0 0 1
    outer loop
      vertex 137.344 238.383 3
      vertex 92.9944 238.293 3
      vertex 137.459 238.043 3
    endloop
  endfacet
  facet normal 0 0 1
    outer loop
      vertex 92.864 237.909 3
      vertex 137.459 238.043 3
      vertex 92.9944 238.293 3
    endloop
  endfacet
  facet normal 0 0 1
    outer loop
      vertex 137.459 238.043 3
      vertex 92.864 237.909 3
      vertex 137.618 237.72 3
    endloop
  endfacet
  facet normal 0 0 1
    outer loop
      vertex 92.6847 237.545 3
      vertex 137.618 237.72 3
      vertex 92.864 237.909 3
    endloop
  endfacet
  facet normal 0 0 1
    outer loop
      vertex 137.618 237.72 3
      vertex 92.6847 237.545 3
      vertex 137.818 237.421 3
    endloop
  endfacet
  facet normal 0 0 1
    outer loop
      vertex 92.4594 237.208 3
      vertex 137.818 237.421 3
      vertex 92.6847 237.545 3
    endloop
  endfacet
  facet normal 0 0 1
    outer loop
      vertex 137.818 237.421 3
      vertex 92.4594 237.208 3
      vertex 138.055 237.15 3
    endloop
  endfacet
  facet normal 0 0 1
    outer loop
      vertex 92.192 236.903 3
      vertex 138.055 237.15 3
      vertex 92.4594 237.208 3
    endloop
  endfacet
  facet normal 0 0 1
    outer loop
      vertex 138.055 237.15 3
      vertex 92.192 236.903 3
      vertex 138.326 236.913 3
    endloop
  endfacet
  facet normal 0 0 1
    outer loop
      vertex 91.8872 236.636 3
      vertex 138.326 236.913 3
      vertex 92.192 236.903 3
    endloop
  endfacet
  facet normal 0 0 1
    outer loop
      vertex 138.326 236.913 3
      vertex 91.8872 236.636 3
      vertex 138.625 236.713 3
    endloop
  endfacet
  facet normal 0 0 1
    outer loop
      vertex 91.55 236.41 3
      vertex 138.625 236.713 3
      vertex 91.8872 236.636 3
    endloop
  endfacet
  facet normal 0 0 1
    outer loop
      vertex 138.625 236.713 3
      vertex 91.55 236.41 3
      vertex 138.948 236.554 3
    endloop
  endfacet
  facet normal 0 0 1
    outer loop
      vertex 91.1863 236.231 3
      vertex 138.948 236.554 3
      vertex 91.55 236.41 3
    endloop
  endfacet
  facet normal 0 0 1
    outer loop
      vertex 138.948 236.554 3
      vertex 91.1863 236.231 3
      vertex 139.288 236.439 3
    endloop
  endfacet
  facet normal 0 0 1
    outer loop
      vertex 90.8023 236.101 3
      vertex 139.288 236.439 3
      vertex 91.1863 236.231 3
    endloop
  endfacet
  facet normal 0 0 1
    outer loop
      vertex 139.641 236.369 3
      vertex 90.8023 236.101 3
      vertex 162 230.19 3
    endloop
  endfacet
  facet normal -0 0 1
    outer loop
      vertex 90.4046 236.022 3
      vertex 162 230.19 3
      vertex 90.8023 236.101 3
    endloop
  endfacet
  facet normal -0 0 1
    outer loop
      vertex 90 235.995 3
      vertex 162 230.19 3
      vertex 90.4046 236.022 3
    endloop
  endfacet
  facet normal 0 0 1
    outer loop
      vertex 18 230.19 3
      vertex 90 235.995 3
      vertex 89.5954 236.022 3
    endloop
  endfacet
  facet normal -0 0 1
    outer loop
      vertex 42.75 239.095 3
      vertex 86.9265 238.69 3
      vertex 86.9 239.095 3
    endloop
  endfacet
  facet normal -0 0 1
    outer loop
      vertex 42.7265 238.736 3
      vertex 86.9265 238.69 3
      vertex 42.75 239.095 3
    endloop
  endfacet
  facet normal 0 0 1
    outer loop
      vertex 86.9265 238.69 3
      vertex 42.7265 238.736 3
      vertex 87.0056 238.293 3
    endloop
  endfacet
  facet normal -0 0 1
    outer loop
      vertex 42.6563 238.383 3
      vertex 87.0056 238.293 3
      vertex 42.7265 238.736 3
    endloop
  endfacet
  facet normal 0 0 1
    outer loop
      vertex 87.0056 238.293 3
      vertex 42.6563 238.383 3
      vertex 87.136 237.909 3
    endloop
  endfacet
  facet normal -0 0 1
    outer loop
      vertex 42.5407 238.043 3
      vertex 87.136 237.909 3
      vertex 42.6563 238.383 3
    endloop
  endfacet
  facet normal 0 0 1
    outer loop
      vertex 87.136 237.909 3
      vertex 42.5407 238.043 3
      vertex 87.3153 237.545 3
    endloop
  endfacet
  facet normal -0 0 1
    outer loop
      vertex 42.3816 237.72 3
      vertex 87.3153 237.545 3
      vertex 42.5407 238.043 3
    endloop
  endfacet
  facet normal 0 0 1
    outer loop
      vertex 87.3153 237.545 3
      vertex 42.3816 237.72 3
      vertex 87.5406 237.208 3
    endloop
  endfacet
  facet normal -0 0 1
    outer loop
      vertex 42.1817 237.421 3
      vertex 87.5406 237.208 3
      vertex 42.3816 237.72 3
    endloop
  endfacet
  facet normal 0 0 1
    outer loop
      vertex 41.9445 237.15 3
      vertex 87.5406 237.208 3
      vertex 42.1817 237.421 3
    endloop
  endfacet
  facet normal 0 0 1
    outer loop
      vertex 87.5406 237.208 3
      vertex 41.9445 237.15 3
      vertex 87.808 236.903 3
    endloop
  endfacet
  facet normal -0 0 1
    outer loop
      vertex 41.6741 236.913 3
      vertex 87.808 236.903 3
      vertex 41.9445 237.15 3
    endloop
  endfacet
  facet normal 0 0 1
    outer loop
      vertex 87.808 236.903 3
      vertex 41.6741 236.913 3
      vertex 88.1128 236.636 3
    endloop
  endfacet
  facet normal -0 0 1
    outer loop
      vertex 41.375 236.713 3
      vertex 88.1128 236.636 3
      vertex 41.6741 236.913 3
    endloop
  endfacet
  facet normal 0 0 1
    outer loop
      vertex 88.1128 236.636 3
      vertex 41.375 236.713 3
      vertex 88.45 236.41 3
    endloop
  endfacet
  facet normal -0 0 1
    outer loop
      vertex 41.0524 236.554 3
      vertex 88.45 236.41 3
      vertex 41.375 236.713 3
    endloop
  endfacet
  facet normal 0 0 1
    outer loop
      vertex 88.45 236.41 3
      vertex 41.0524 236.554 3
      vertex 88.8137 236.231 3
    endloop
  endfacet
  facet normal -0 0 1
    outer loop
      vertex 40.7118 236.439 3
      vertex 88.8137 236.231 3
      vertex 41.0524 236.554 3
    endloop
  endfacet
  facet normal 0 0 1
    outer loop
      vertex 88.8137 236.231 3
      vertex 40.7118 236.439 3
      vertex 89.1977 236.101 3
    endloop
  endfacet
  facet normal -0 0 1
    outer loop
      vertex 40.3589 236.369 3
      vertex 89.1977 236.101 3
      vertex 40.7118 236.439 3
    endloop
  endfacet
  facet normal 0 0 1
    outer loop
      vertex 89.1977 236.101 3
      vertex 40.3589 236.369 3
      vertex 89.5954 236.022 3
    endloop
  endfacet
  facet normal 0 0 1
    outer loop
      vertex 89.5954 236.022 3
      vertex 40.3589 236.369 3
      vertex 18 230.19 3
    endloop
  endfacet
  facet normal 0 0 1
    outer loop
      vertex 18 230.19 3
      vertex 40.3589 236.369 3
      vertex 40 236.345 3
    endloop
  endfacet
  facet normal 0 0 1
    outer loop
      vertex 90 235.995 3
      vertex 18 230.19 3
      vertex 162 230.19 3
    endloop
  endfacet
  facet normal 0 0 1
    outer loop
      vertex 39.6411 236.369 3
      vertex 18 230.19 3
      vertex 40 236.345 3
    endloop
  endfacet
  facet normal 0 0 1
    outer loop
      vertex 39.2882 236.439 3
      vertex 18 230.19 3
      vertex 39.6411 236.369 3
    endloop
  endfacet
  facet normal 0 0 1
    outer loop
      vertex 38.9476 236.554 3
      vertex 18 230.19 3
      vertex 39.2882 236.439 3
    endloop
  endfacet
  facet normal 0 0 1
    outer loop
      vertex 38.625 236.713 3
      vertex 18 230.19 3
      vertex 38.9476 236.554 3
    endloop
  endfacet
  facet normal 0 0 1
    outer loop
      vertex 38.3259 236.913 3
      vertex 18 230.19 3
      vertex 38.625 236.713 3
    endloop
  endfacet
  facet normal 0 0 1
    outer loop
      vertex 38.0555 237.15 3
      vertex 18 230.19 3
      vertex 38.3259 236.913 3
    endloop
  endfacet
  facet normal 0 0 1
    outer loop
      vertex 37.8183 237.421 3
      vertex 18 230.19 3
      vertex 38.0555 237.15 3
    endloop
  endfacet
  facet normal 0 0 1
    outer loop
      vertex 37.6184 237.72 3
      vertex 18 230.19 3
      vertex 37.8183 237.421 3
    endloop
  endfacet
  facet normal 0 0 1
    outer loop
      vertex 37.4593 238.043 3
      vertex 18 230.19 3
      vertex 37.6184 237.72 3
    endloop
  endfacet
  facet normal 0 0 1
    outer loop
      vertex 37.3437 238.383 3
      vertex 18 230.19 3
      vertex 37.4593 238.043 3
    endloop
  endfacet
  facet normal 0 0 1
    outer loop
      vertex 37.2735 238.736 3
      vertex 18 230.19 3
      vertex 37.3437 238.383 3
    endloop
  endfacet
  facet normal 0 0 1
    outer loop
      vertex 18 230.19 3
      vertex 37.2735 238.736 3
      vertex 37.25 239.095 3
    endloop
  endfacet
  facet normal 0 0 -1
    outer loop
      vertex 160 228.19 0
      vertex 142.726 238.736 0
      vertex 142.75 239.095 0
    endloop
  endfacet
  facet normal 0 0 -1
    outer loop
      vertex 160 228.19 0
      vertex 142.656 238.383 0
      vertex 142.726 238.736 0
    endloop
  endfacet
  facet normal 0 0 -1
    outer loop
      vertex 160 228.19 0
      vertex 142.541 238.043 0
      vertex 142.656 238.383 0
    endloop
  endfacet
  facet normal 0 0 -1
    outer loop
      vertex 160 228.19 0
      vertex 142.382 237.72 0
      vertex 142.541 238.043 0
    endloop
  endfacet
  facet normal 0 0 -1
    outer loop
      vertex 160 228.19 0
      vertex 142.182 237.421 0
      vertex 142.382 237.72 0
    endloop
  endfacet
  facet normal 0 0 -1
    outer loop
      vertex 160 228.19 0
      vertex 141.945 237.15 0
      vertex 142.182 237.421 0
    endloop
  endfacet
  facet normal 0 0 -1
    outer loop
      vertex 160 228.19 0
      vertex 141.674 236.913 0
      vertex 141.945 237.15 0
    endloop
  endfacet
  facet normal 0 0 -1
    outer loop
      vertex 160 228.19 0
      vertex 141.375 236.713 0
      vertex 141.674 236.913 0
    endloop
  endfacet
  facet normal 0 0 -1
    outer loop
      vertex 160 228.19 0
      vertex 141.052 236.554 0
      vertex 141.375 236.713 0
    endloop
  endfacet
  facet normal 0 0 -1
    outer loop
      vertex 160 228.19 0
      vertex 140.712 236.439 0
      vertex 141.052 236.554 0
    endloop
  endfacet
  facet normal 0 0 -1
    outer loop
      vertex 160 228.19 0
      vertex 140.359 236.369 0
      vertex 140.712 236.439 0
    endloop
  endfacet
  facet normal 0 0 -1
    outer loop
      vertex 160 228.19 0
      vertex 140 236.345 0
      vertex 140.359 236.369 0
    endloop
  endfacet
  facet normal 0 0 -1
    outer loop
      vertex 160 228.19 0
      vertex 139.641 236.369 0
      vertex 140 236.345 0
    endloop
  endfacet
  facet normal 0 0 -1
    outer loop
      vertex 160 228.19 0
      vertex 139.288 236.439 0
      vertex 139.641 236.369 0
    endloop
  endfacet
  facet normal 0 0 -1
    outer loop
      vertex 91.0353 235.231 0
      vertex 139.288 236.439 0
      vertex 160 228.19 0
    endloop
  endfacet
  facet normal 0 0 -1
    outer loop
      vertex 137.274 238.736 0
      vertex 94 239.095 0
      vertex 137.25 239.095 0
    endloop
  endfacet
  facet normal 0 0 -1
    outer loop
      vertex 93.9658 238.573 0
      vertex 137.274 238.736 0
      vertex 137.344 238.383 0
    endloop
  endfacet
  facet normal 0 0 -1
    outer loop
      vertex 93.8637 238.06 0
      vertex 137.344 238.383 0
      vertex 137.459 238.043 0
    endloop
  endfacet
  facet normal 0 0 -1
    outer loop
      vertex 93.6955 237.564 0
      vertex 137.459 238.043 0
      vertex 137.618 237.72 0
    endloop
  endfacet
  facet normal 0 0 -1
    outer loop
      vertex 93.4641 237.095 0
      vertex 137.618 237.72 0
      vertex 137.818 237.421 0
    endloop
  endfacet
  facet normal 0 0 -1
    outer loop
      vertex 93.1734 236.66 0
      vertex 137.818 237.421 0
      vertex 138.055 237.15 0
    endloop
  endfacet
  facet normal 0 0 -1
    outer loop
      vertex 92.8284 236.267 0
      vertex 138.055 237.15 0
      vertex 138.326 236.913 0
    endloop
  endfacet
  facet normal 0 0 -1
    outer loop
      vertex 92.435 235.922 0
      vertex 138.326 236.913 0
      vertex 138.625 236.713 0
    endloop
  endfacet
  facet normal 0 0 -1
    outer loop
      vertex 92 235.631 0
      vertex 138.625 236.713 0
      vertex 138.948 236.554 0
    endloop
  endfacet
  facet normal 0 -0 -1
    outer loop
      vertex 91.5307 235.399 0
      vertex 139.288 236.439 0
      vertex 91.0353 235.231 0
    endloop
  endfacet
  facet normal -0 0 -1
    outer loop
      vertex 137.274 238.736 0
      vertex 93.9658 238.573 0
      vertex 94 239.095 0
    endloop
  endfacet
  facet normal -0 0 -1
    outer loop
      vertex 137.344 238.383 0
      vertex 93.8637 238.06 0
      vertex 93.9658 238.573 0
    endloop
  endfacet
  facet normal -0 0 -1
    outer loop
      vertex 137.459 238.043 0
      vertex 93.6955 237.564 0
      vertex 93.8637 238.06 0
    endloop
  endfacet
  facet normal 0 0 -1
    outer loop
      vertex 137.618 237.72 0
      vertex 93.4641 237.095 0
      vertex 93.6955 237.564 0
    endloop
  endfacet
  facet normal 0 0 -1
    outer loop
      vertex 137.818 237.421 0
      vertex 93.1734 236.66 0
      vertex 93.4641 237.095 0
    endloop
  endfacet
  facet normal 0 0 -1
    outer loop
      vertex 138.055 237.15 0
      vertex 92.8284 236.267 0
      vertex 93.1734 236.66 0
    endloop
  endfacet
  facet normal 0 0 -1
    outer loop
      vertex 138.326 236.913 0
      vertex 92.435 235.922 0
      vertex 92.8284 236.267 0
    endloop
  endfacet
  facet normal 0 0 -1
    outer loop
      vertex 138.625 236.713 0
      vertex 92 235.631 0
      vertex 92.435 235.922 0
    endloop
  endfacet
  facet normal 0 0 -1
    outer loop
      vertex 138.948 236.554 0
      vertex 91.5307 235.399 0
      vertex 92 235.631 0
    endloop
  endfacet
  facet normal -0 0 -1
    outer loop
      vertex 139.288 236.439 0
      vertex 91.5307 235.399 0
      vertex 138.948 236.554 0
    endloop
  endfacet
  facet normal 0 0 -1
    outer loop
      vertex 160 228.19 0
      vertex 90.5221 235.129 0
      vertex 91.0353 235.231 0
    endloop
  endfacet
  facet normal 0 0 -1
    outer loop
      vertex 160 228.19 0
      vertex 90 235.095 0
      vertex 90.5221 235.129 0
    endloop
  endfacet
  facet normal 0 0 -1
    outer loop
      vertex 20 228.19 0
      vertex 90 235.095 0
      vertex 160 228.19 0
    endloop
  endfacet
  facet normal 0 0 -1
    outer loop
      vertex 86.0342 238.573 0
      vertex 42.75 239.095 0
      vertex 86 239.095 0
    endloop
  endfacet
  facet normal 0 0 -1
    outer loop
      vertex 42.6563 238.383 0
      vertex 86.0342 238.573 0
      vertex 86.1363 238.06 0
    endloop
  endfacet
  facet normal 0 0 -1
    outer loop
      vertex 42.5407 238.043 0
      vertex 86.1363 238.06 0
      vertex 86.3045 237.564 0
    endloop
  endfacet
  facet normal 0 0 -1
    outer loop
      vertex 42.3816 237.72 0
      vertex 86.3045 237.564 0
      vertex 86.5359 237.095 0
    endloop
  endfacet
  facet normal 0 0 -1
    outer loop
      vertex 42.1817 237.421 0
      vertex 86.5359 237.095 0
      vertex 86.8266 236.66 0
    endloop
  endfacet
  facet normal 0 0 -1
    outer loop
      vertex 41.9445 237.15 0
      vertex 86.8266 236.66 0
      vertex 87.1716 236.267 0
    endloop
  endfacet
  facet normal 0 0 -1
    outer loop
      vertex 41.6741 236.913 0
      vertex 87.1716 236.267 0
      vertex 87.565 235.922 0
    endloop
  endfacet
  facet normal 0 0 -1
    outer loop
      vertex 41.375 236.713 0
      vertex 87.565 235.922 0
      vertex 88 235.631 0
    endloop
  endfacet
  facet normal 0 0 -1
    outer loop
      vertex 41.0524 236.554 0
      vertex 88 235.631 0
      vertex 88.4693 235.399 0
    endloop
  endfacet
  facet normal 0 0 -1
    outer loop
      vertex 40.7118 236.439 0
      vertex 88.4693 235.399 0
      vertex 88.9647 235.231 0
    endloop
  endfacet
  facet normal 0 0 -1
    outer loop
      vertex 20 228.19 0
      vertex 88.9647 235.231 0
      vertex 89.4779 235.129 0
    endloop
  endfacet
  facet normal -0 0 -1
    outer loop
      vertex 90 235.095 0
      vertex 20 228.19 0
      vertex 89.4779 235.129 0
    endloop
  endfacet
  facet normal 0 0 -1
    outer loop
      vertex 86.0342 238.573 0
      vertex 42.7265 238.736 0
      vertex 42.75 239.095 0
    endloop
  endfacet
  facet normal -0 0 -1
    outer loop
      vertex 86.0342 238.573 0
      vertex 42.6563 238.383 0
      vertex 42.7265 238.736 0
    endloop
  endfacet
  facet normal -0 0 -1
    outer loop
      vertex 86.1363 238.06 0
      vertex 42.5407 238.043 0
      vertex 42.6563 238.383 0
    endloop
  endfacet
  facet normal 0 0 -1
    outer loop
      vertex 86.3045 237.564 0
      vertex 42.3816 237.72 0
      vertex 42.5407 238.043 0
    endloop
  endfacet
  facet normal 0 0 -1
    outer loop
      vertex 86.5359 237.095 0
      vertex 42.1817 237.421 0
      vertex 42.3816 237.72 0
    endloop
  endfacet
  facet normal 0 0 -1
    outer loop
      vertex 86.8266 236.66 0
      vertex 41.9445 237.15 0
      vertex 42.1817 237.421 0
    endloop
  endfacet
  facet normal 0 0 -1
    outer loop
      vertex 87.1716 236.267 0
      vertex 41.6741 236.913 0
      vertex 41.9445 237.15 0
    endloop
  endfacet
  facet normal 0 0 -1
    outer loop
      vertex 87.565 235.922 0
      vertex 41.375 236.713 0
      vertex 41.6741 236.913 0
    endloop
  endfacet
  facet normal 0 0 -1
    outer loop
      vertex 88 235.631 0
      vertex 41.0524 236.554 0
      vertex 41.375 236.713 0
    endloop
  endfacet
  facet normal 0 0 -1
    outer loop
      vertex 88.4693 235.399 0
      vertex 40.7118 236.439 0
      vertex 41.0524 236.554 0
    endloop
  endfacet
  facet normal -0 0 -1
    outer loop
      vertex 88.9647 235.231 0
      vertex 20 228.19 0
      vertex 40.7118 236.439 0
    endloop
  endfacet
  facet normal 0 0 -1
    outer loop
      vertex 40.7118 236.439 0
      vertex 20 228.19 0
      vertex 40.3589 236.369 0
    endloop
  endfacet
  facet normal 0 0 -1
    outer loop
      vertex 40.3589 236.369 0
      vertex 20 228.19 0
      vertex 40 236.345 0
    endloop
  endfacet
  facet normal -0 0 -1
    outer loop
      vertex 37.2735 238.736 0
      vertex 20 228.19 0
      vertex 37.25 239.095 0
    endloop
  endfacet
  facet normal -0 0 -1
    outer loop
      vertex 37.3437 238.383 0
      vertex 20 228.19 0
      vertex 37.2735 238.736 0
    endloop
  endfacet
  facet normal -0 0 -1
    outer loop
      vertex 37.4593 238.043 0
      vertex 20 228.19 0
      vertex 37.3437 238.383 0
    endloop
  endfacet
  facet normal -0 0 -1
    outer loop
      vertex 37.6184 237.72 0
      vertex 20 228.19 0
      vertex 37.4593 238.043 0
    endloop
  endfacet
  facet normal -0 0 -1
    outer loop
      vertex 37.8183 237.421 0
      vertex 20 228.19 0
      vertex 37.6184 237.72 0
    endloop
  endfacet
  facet normal -0 0 -1
    outer loop
      vertex 38.0555 237.15 0
      vertex 20 228.19 0
      vertex 37.8183 237.421 0
    endloop
  endfacet
  facet normal -0 0 -1
    outer loop
      vertex 38.3259 236.913 0
      vertex 20 228.19 0
      vertex 38.0555 237.15 0
    endloop
  endfacet
  facet normal -0 0 -1
    outer loop
      vertex 38.625 236.713 0
      vertex 20 228.19 0
      vertex 38.3259 236.913 0
    endloop
  endfacet
  facet normal -0 0 -1
    outer loop
      vertex 38.9476 236.554 0
      vertex 20 228.19 0
      vertex 38.625 236.713 0
    endloop
  endfacet
  facet normal -0 0 -1
    outer loop
      vertex 39.2882 236.439 0
      vertex 20 228.19 0
      vertex 38.9476 236.554 0
    endloop
  endfacet
  facet normal -0 0 -1
    outer loop
      vertex 39.6411 236.369 0
      vertex 20 228.19 0
      vertex 39.2882 236.439 0
    endloop
  endfacet
  facet normal -0 0 -1
    outer loop
      vertex 40 236.345 0
      vertex 20 228.19 0
      vertex 39.6411 236.369 0
    endloop
  endfacet
  facet normal 0 0 -1
    outer loop
      vertex 180 0 0
      vertex 160 21.81 0
      vertex 180 250 0
    endloop
  endfacet
  facet normal 0 0 -1
    outer loop
      vertex 142.541 9.85261 0
      vertex 160 21.81 0
      vertex 180 0 0
    endloop
  endfacet
  facet normal 0 0 -1
    outer loop
      vertex 160 21.81 0
      vertex 142.726 10.546 0
      vertex 142.75 10.905 0
    endloop
  endfacet
  facet normal 0 0 -1
    outer loop
      vertex 160 21.81 0
      vertex 142.656 10.1932 0
      vertex 142.726 10.546 0
    endloop
  endfacet
  facet normal 0 0 -1
    outer loop
      vertex 160 21.81 0
      vertex 142.541 9.85261 0
      vertex 142.656 10.1932 0
    endloop
  endfacet
  facet normal 0 0 -1
    outer loop
      vertex 180 0 0
      vertex 142.382 9.52999 0
      vertex 142.541 9.85261 0
    endloop
  endfacet
  facet normal 0 0 -1
    outer loop
      vertex 180 0 0
      vertex 142.182 9.23089 0
      vertex 142.382 9.52999 0
    endloop
  endfacet
  facet normal 0 0 -1
    outer loop
      vertex 180 0 0
      vertex 141.945 8.96044 0
      vertex 142.182 9.23089 0
    endloop
  endfacet
  facet normal 0 0 -1
    outer loop
      vertex 180 0 0
      vertex 141.674 8.72326 0
      vertex 141.945 8.96044 0
    endloop
  endfacet
  facet normal 0 0 -1
    outer loop
      vertex 180 0 0
      vertex 141.375 8.52342 0
      vertex 141.674 8.72326 0
    endloop
  endfacet
  facet normal 0 0 -1
    outer loop
      vertex 180 0 0
      vertex 141.052 8.36432 0
      vertex 141.375 8.52342 0
    endloop
  endfacet
  facet normal 0 0 -1
    outer loop
      vertex 180 0 0
      vertex 140.712 8.24869 0
      vertex 141.052 8.36432 0
    endloop
  endfacet
  facet normal 0 0 -1
    outer loop
      vertex 180 0 0
      vertex 140.359 8.17851 0
      vertex 140.712 8.24869 0
    endloop
  endfacet
  facet normal 0 0 -1
    outer loop
      vertex 180 0 0
      vertex 140 8.15499 0
      vertex 140.359 8.17851 0
    endloop
  endfacet
  facet normal 0 0 -1
    outer loop
      vertex 180 0 0
      vertex 139.641 8.17851 0
      vertex 140 8.15499 0
    endloop
  endfacet
  facet normal 0 0 -1
    outer loop
      vertex 90.5221 6.93921 0
      vertex 139.641 8.17851 0
      vertex 180 0 0
    endloop
  endfacet
  facet normal 0 0 -1
    outer loop
      vertex 137.274 10.546 0
      vertex 94 10.905 0
      vertex 137.25 10.905 0
    endloop
  endfacet
  facet normal 0 0 -1
    outer loop
      vertex 93.9658 10.3829 0
      vertex 137.274 10.546 0
      vertex 137.344 10.1932 0
    endloop
  endfacet
  facet normal 0 0 -1
    outer loop
      vertex 93.8637 9.86971 0
      vertex 137.344 10.1932 0
      vertex 137.459 9.85261 0
    endloop
  endfacet
  facet normal 0 0 -1
    outer loop
      vertex 93.6955 9.37425 0
      vertex 137.459 9.85261 0
      vertex 137.618 9.52999 0
    endloop
  endfacet
  facet normal 0 0 -1
    outer loop
      vertex 93.4641 8.90499 0
      vertex 137.618 9.52999 0
      vertex 137.818 9.23089 0
    endloop
  endfacet
  facet normal 0 0 -1
    outer loop
      vertex 93.1734 8.46994 0
      vertex 137.818 9.23089 0
      vertex 138.055 8.96044 0
    endloop
  endfacet
  facet normal 0 0 -1
    outer loop
      vertex 92.8284 8.07656 0
      vertex 138.055 8.96044 0
      vertex 138.326 8.72326 0
    endloop
  endfacet
  facet normal 0 0 -1
    outer loop
      vertex 92.435 7.73157 0
      vertex 138.326 8.72326 0
      vertex 138.625 8.52342 0
    endloop
  endfacet
  facet normal 0 0 -1
    outer loop
      vertex 92 7.44088 0
      vertex 138.625 8.52342 0
      vertex 138.948 8.36432 0
    endloop
  endfacet
  facet normal 0 0 -1
    outer loop
      vertex 91.5307 7.20947 0
      vertex 138.948 8.36432 0
      vertex 139.288 8.24869 0
    endloop
  endfacet
  facet normal 0 -0 -1
    outer loop
      vertex 91.0353 7.04128 0
      vertex 139.641 8.17851 0
      vertex 90.5221 6.93921 0
    endloop
  endfacet
  facet normal -0 0 -1
    outer loop
      vertex 137.274 10.546 0
      vertex 93.9658 10.3829 0
      vertex 94 10.905 0
    endloop
  endfacet
  facet normal -0 0 -1
    outer loop
      vertex 137.344 10.1932 0
      vertex 93.8637 9.86971 0
      vertex 93.9658 10.3829 0
    endloop
  endfacet
  facet normal -0 0 -1
    outer loop
      vertex 137.459 9.85261 0
      vertex 93.6955 9.37425 0
      vertex 93.8637 9.86971 0
    endloop
  endfacet
  facet normal 0 0 -1
    outer loop
      vertex 137.618 9.52999 0
      vertex 93.4641 8.90499 0
      vertex 93.6955 9.37425 0
    endloop
  endfacet
  facet normal 0 0 -1
    outer loop
      vertex 137.818 9.23089 0
      vertex 93.1734 8.46994 0
      vertex 93.4641 8.90499 0
    endloop
  endfacet
  facet normal 0 0 -1
    outer loop
      vertex 138.055 8.96044 0
      vertex 92.8284 8.07656 0
      vertex 93.1734 8.46994 0
    endloop
  endfacet
  facet normal 0 0 -1
    outer loop
      vertex 138.326 8.72326 0
      vertex 92.435 7.73157 0
      vertex 92.8284 8.07656 0
    endloop
  endfacet
  facet normal 0 0 -1
    outer loop
      vertex 138.625 8.52342 0
      vertex 92 7.44088 0
      vertex 92.435 7.73157 0
    endloop
  endfacet
  facet normal 0 0 -1
    outer loop
      vertex 138.948 8.36432 0
      vertex 91.5307 7.20947 0
      vertex 92 7.44088 0
    endloop
  endfacet
  facet normal 0 0 -1
    outer loop
      vertex 139.288 8.24869 0
      vertex 91.0353 7.04128 0
      vertex 91.5307 7.20947 0
    endloop
  endfacet
  facet normal -0 0 -1
    outer loop
      vertex 139.641 8.17851 0
      vertex 91.0353 7.04128 0
      vertex 139.288 8.24869 0
    endloop
  endfacet
  facet normal 0 0 -1
    outer loop
      vertex 180 0 0
      vertex 90 6.90499 0
      vertex 90.5221 6.93921 0
    endloop
  endfacet
  facet normal 0 0 -1
    outer loop
      vertex 0 0 0
      vertex 90 6.90499 0
      vertex 180 0 0
    endloop
  endfacet
  facet normal 0 0 -1
    outer loop
      vertex 86.0342 10.3829 0
      vertex 42.75 10.905 0
      vertex 86 10.905 0
    endloop
  endfacet
  facet normal 0 0 -1
    outer loop
      vertex 42.6563 10.1932 0
      vertex 86.0342 10.3829 0
      vertex 86.1363 9.86971 0
    endloop
  endfacet
  facet normal 0 0 -1
    outer loop
      vertex 42.5407 9.85261 0
      vertex 86.1363 9.86971 0
      vertex 86.3045 9.37425 0
    endloop
  endfacet
  facet normal 0 0 -1
    outer loop
      vertex 42.3816 9.52999 0
      vertex 86.3045 9.37425 0
      vertex 86.5359 8.90499 0
    endloop
  endfacet
  facet normal 0 0 -1
    outer loop
      vertex 42.1817 9.23089 0
      vertex 86.5359 8.90499 0
      vertex 86.8266 8.46994 0
    endloop
  endfacet
  facet normal 0 0 -1
    outer loop
      vertex 41.9445 8.96044 0
      vertex 86.8266 8.46994 0
      vertex 87.1716 8.07656 0
    endloop
  endfacet
  facet normal 0 0 -1
    outer loop
      vertex 41.6741 8.72326 0
      vertex 87.1716 8.07656 0
      vertex 87.565 7.73157 0
    endloop
  endfacet
  facet normal 0 0 -1
    outer loop
      vertex 41.375 8.52342 0
      vertex 87.565 7.73157 0
      vertex 88 7.44088 0
    endloop
  endfacet
  facet normal 0 0 -1
    outer loop
      vertex 41.0524 8.36432 0
      vertex 88 7.44088 0
      vertex 88.4693 7.20947 0
    endloop
  endfacet
  facet normal 0 0 -1
    outer loop
      vertex 40.7118 8.24869 0
      vertex 88.4693 7.20947 0
      vertex 88.9647 7.04128 0
    endloop
  endfacet
  facet normal 0 0 -1
    outer loop
      vertex 40.3589 8.17851 0
      vertex 88.9647 7.04128 0
      vertex 89.4779 6.93921 0
    endloop
  endfacet
  facet normal 0 0 -1
    outer loop
      vertex 86.0342 10.3829 0
      vertex 42.7265 10.546 0
      vertex 42.75 10.905 0
    endloop
  endfacet
  facet normal -0 0 -1
    outer loop
      vertex 86.0342 10.3829 0
      vertex 42.6563 10.1932 0
      vertex 42.7265 10.546 0
    endloop
  endfacet
  facet normal -0 0 -1
    outer loop
      vertex 90 6.90499 0
      vertex 0 0 0
      vertex 89.4779 6.93921 0
    endloop
  endfacet
  facet normal -0 0 -1
    outer loop
      vertex 86.1363 9.86971 0
      vertex 42.5407 9.85261 0
      vertex 42.6563 10.1932 0
    endloop
  endfacet
  facet normal 0 0 -1
    outer loop
      vertex 86.3045 9.37425 0
      vertex 42.3816 9.52999 0
      vertex 42.5407 9.85261 0
    endloop
  endfacet
  facet normal 0 0 -1
    outer loop
      vertex 86.5359 8.90499 0
      vertex 42.1817 9.23089 0
      vertex 42.3816 9.52999 0
    endloop
  endfacet
  facet normal 0 0 -1
    outer loop
      vertex 86.8266 8.46994 0
      vertex 41.9445 8.96044 0
      vertex 42.1817 9.23089 0
    endloop
  endfacet
  facet normal 0 0 -1
    outer loop
      vertex 87.1716 8.07656 0
      vertex 41.6741 8.72326 0
      vertex 41.9445 8.96044 0
    endloop
  endfacet
  facet normal 0 0 -1
    outer loop
      vertex 87.565 7.73157 0
      vertex 41.375 8.52342 0
      vertex 41.6741 8.72326 0
    endloop
  endfacet
  facet normal 0 0 -1
    outer loop
      vertex 88 7.44088 0
      vertex 41.0524 8.36432 0
      vertex 41.375 8.52342 0
    endloop
  endfacet
  facet normal 0 0 -1
    outer loop
      vertex 88.4693 7.20947 0
      vertex 40.7118 8.24869 0
      vertex 41.0524 8.36432 0
    endloop
  endfacet
  facet normal 0 0 -1
    outer loop
      vertex 88.9647 7.04128 0
      vertex 40.3589 8.17851 0
      vertex 40.7118 8.24869 0
    endloop
  endfacet
  facet normal -0 0 -1
    outer loop
      vertex 89.4779 6.93921 0
      vertex 0 0 0
      vertex 40.3589 8.17851 0
    endloop
  endfacet
  facet normal 0 0 -1
    outer loop
      vertex 37.2735 10.546 0
      vertex 20 21.81 0
      vertex 37.25 10.905 0
    endloop
  endfacet
  facet normal 0 0 -1
    outer loop
      vertex 37.3437 10.1932 0
      vertex 20 21.81 0
      vertex 37.2735 10.546 0
    endloop
  endfacet
  facet normal 0 0 -1
    outer loop
      vertex 37.4593 9.85261 0
      vertex 20 21.81 0
      vertex 37.3437 10.1932 0
    endloop
  endfacet
  facet normal 0 0 -1
    outer loop
      vertex 0 0 0
      vertex 37.4593 9.85261 0
      vertex 37.6184 9.52999 0
    endloop
  endfacet
  facet normal 0 0 -1
    outer loop
      vertex 0 0 0
      vertex 37.6184 9.52999 0
      vertex 37.8183 9.23089 0
    endloop
  endfacet
  facet normal 0 0 -1
    outer loop
      vertex 0 0 0
      vertex 37.8183 9.23089 0
      vertex 38.0555 8.96044 0
    endloop
  endfacet
  facet normal 0 0 -1
    outer loop
      vertex 0 0 0
      vertex 38.0555 8.96044 0
      vertex 38.3259 8.72326 0
    endloop
  endfacet
  facet normal -0 0 -1
    outer loop
      vertex 20 21.81 0
      vertex 0 0 0
      vertex 20 228.19 0
    endloop
  endfacet
  facet normal -0 0 -1
    outer loop
      vertex 37.4593 9.85261 0
      vertex 0 0 0
      vertex 20 21.81 0
    endloop
  endfacet
  facet normal -0 0 -1
    outer loop
      vertex 38.625 8.52342 0
      vertex 0 0 0
      vertex 38.3259 8.72326 0
    endloop
  endfacet
  facet normal -0 0 -1
    outer loop
      vertex 38.9476 8.36432 0
      vertex 0 0 0
      vertex 38.625 8.52342 0
    endloop
  endfacet
  facet normal -0 0 -1
    outer loop
      vertex 39.2882 8.24869 0
      vertex 0 0 0
      vertex 38.9476 8.36432 0
    endloop
  endfacet
  facet normal -0 0 -1
    outer loop
      vertex 39.6411 8.17851 0
      vertex 0 0 0
      vertex 39.2882 8.24869 0
    endloop
  endfacet
  facet normal -0 0 -1
    outer loop
      vertex 40 8.15499 0
      vertex 0 0 0
      vertex 39.6411 8.17851 0
    endloop
  endfacet
  facet normal 0 0 -1
    outer loop
      vertex 40.3589 8.17851 0
      vertex 0 0 0
      vertex 40 8.15499 0
    endloop
  endfacet
  facet normal 0 0 -1
    outer loop
      vertex 160 228.19 0
      vertex 180 250 0
      vertex 160 21.81 0
    endloop
  endfacet
  facet normal 0 0 -1
    outer loop
      vertex 142.726 239.454 0
      vertex 160 228.19 0
      vertex 142.75 239.095 0
    endloop
  endfacet
  facet normal 0 0 -1
    outer loop
      vertex 142.656 239.807 0
      vertex 160 228.19 0
      vertex 142.726 239.454 0
    endloop
  endfacet
  facet normal 0 0 -1
    outer loop
      vertex 142.541 240.147 0
      vertex 160 228.19 0
      vertex 142.656 239.807 0
    endloop
  endfacet
  facet normal 0 0 -1
    outer loop
      vertex 160 228.19 0
      vertex 142.541 240.147 0
      vertex 180 250 0
    endloop
  endfacet
  facet normal 0 0 -1
    outer loop
      vertex 142.382 240.47 0
      vertex 180 250 0
      vertex 142.541 240.147 0
    endloop
  endfacet
  facet normal 0 0 -1
    outer loop
      vertex 142.182 240.769 0
      vertex 180 250 0
      vertex 142.382 240.47 0
    endloop
  endfacet
  facet normal 0 0 -1
    outer loop
      vertex 141.945 241.04 0
      vertex 180 250 0
      vertex 142.182 240.769 0
    endloop
  endfacet
  facet normal 0 0 -1
    outer loop
      vertex 141.674 241.277 0
      vertex 180 250 0
      vertex 141.945 241.04 0
    endloop
  endfacet
  facet normal 0 0 -1
    outer loop
      vertex 141.375 241.477 0
      vertex 180 250 0
      vertex 141.674 241.277 0
    endloop
  endfacet
  facet normal 0 0 -1
    outer loop
      vertex 141.052 241.636 0
      vertex 180 250 0
      vertex 141.375 241.477 0
    endloop
  endfacet
  facet normal 0 0 -1
    outer loop
      vertex 140.712 241.751 0
      vertex 180 250 0
      vertex 141.052 241.636 0
    endloop
  endfacet
  facet normal 0 0 -1
    outer loop
      vertex 140.359 241.821 0
      vertex 180 250 0
      vertex 140.712 241.751 0
    endloop
  endfacet
  facet normal 0 0 -1
    outer loop
      vertex 140 241.845 0
      vertex 180 250 0
      vertex 140.359 241.821 0
    endloop
  endfacet
  facet normal 0 0 -1
    outer loop
      vertex 139.641 241.821 0
      vertex 180 250 0
      vertex 140 241.845 0
    endloop
  endfacet
  facet normal 0 0 -1
    outer loop
      vertex 91.0353 242.959 0
      vertex 139.641 241.821 0
      vertex 139.288 241.751 0
    endloop
  endfacet
  facet normal 0 0 -1
    outer loop
      vertex 94 239.095 0
      vertex 137.274 239.454 0
      vertex 137.25 239.095 0
    endloop
  endfacet
  facet normal 0 0 -1
    outer loop
      vertex 93.9658 239.617 0
      vertex 137.274 239.454 0
      vertex 94 239.095 0
    endloop
  endfacet
  facet normal 0 0 -1
    outer loop
      vertex 137.274 239.454 0
      vertex 93.9658 239.617 0
      vertex 137.344 239.807 0
    endloop
  endfacet
  facet normal 0 0 -1
    outer loop
      vertex 93.8637 240.13 0
      vertex 137.344 239.807 0
      vertex 93.9658 239.617 0
    endloop
  endfacet
  facet normal 0 0 -1
    outer loop
      vertex 137.344 239.807 0
      vertex 93.8637 240.13 0
      vertex 137.459 240.147 0
    endloop
  endfacet
  facet normal 0 0 -1
    outer loop
      vertex 93.6955 240.626 0
      vertex 137.459 240.147 0
      vertex 93.8637 240.13 0
    endloop
  endfacet
  facet normal 0 0 -1
    outer loop
      vertex 137.459 240.147 0
      vertex 93.6955 240.626 0
      vertex 137.618 240.47 0
    endloop
  endfacet
  facet normal 0 0 -1
    outer loop
      vertex 93.4641 241.095 0
      vertex 137.618 240.47 0
      vertex 93.6955 240.626 0
    endloop
  endfacet
  facet normal 0 0 -1
    outer loop
      vertex 137.618 240.47 0
      vertex 93.4641 241.095 0
      vertex 137.818 240.769 0
    endloop
  endfacet
  facet normal 0 0 -1
    outer loop
      vertex 93.1734 241.53 0
      vertex 137.818 240.769 0
      vertex 93.4641 241.095 0
    endloop
  endfacet
  facet normal 0 0 -1
    outer loop
      vertex 137.818 240.769 0
      vertex 93.1734 241.53 0
      vertex 138.055 241.04 0
    endloop
  endfacet
  facet normal 0 0 -1
    outer loop
      vertex 92.8284 241.923 0
      vertex 138.055 241.04 0
      vertex 93.1734 241.53 0
    endloop
  endfacet
  facet normal 0 0 -1
    outer loop
      vertex 138.055 241.04 0
      vertex 92.8284 241.923 0
      vertex 138.326 241.277 0
    endloop
  endfacet
  facet normal 0 0 -1
    outer loop
      vertex 92.435 242.268 0
      vertex 138.326 241.277 0
      vertex 92.8284 241.923 0
    endloop
  endfacet
  facet normal 0 0 -1
    outer loop
      vertex 138.326 241.277 0
      vertex 92.435 242.268 0
      vertex 138.625 241.477 0
    endloop
  endfacet
  facet normal 0 0 -1
    outer loop
      vertex 92 242.559 0
      vertex 138.625 241.477 0
      vertex 92.435 242.268 0
    endloop
  endfacet
  facet normal 0 0 -1
    outer loop
      vertex 138.625 241.477 0
      vertex 92 242.559 0
      vertex 138.948 241.636 0
    endloop
  endfacet
  facet normal 0 0 -1
    outer loop
      vertex 91.5307 242.791 0
      vertex 138.948 241.636 0
      vertex 92 242.559 0
    endloop
  endfacet
  facet normal 0 0 -1
    outer loop
      vertex 138.948 241.636 0
      vertex 91.5307 242.791 0
      vertex 139.288 241.751 0
    endloop
  endfacet
  facet normal 0 0 -1
    outer loop
      vertex 91.0353 242.959 0
      vertex 139.288 241.751 0
      vertex 91.5307 242.791 0
    endloop
  endfacet
  facet normal 0 0 -1
    outer loop
      vertex 139.641 241.821 0
      vertex 91.0353 242.959 0
      vertex 90.5221 243.061 0
    endloop
  endfacet
  facet normal 0 0 -1
    outer loop
      vertex 139.641 241.821 0
      vertex 90.5221 243.061 0
      vertex 180 250 0
    endloop
  endfacet
  facet normal 0 0 -1
    outer loop
      vertex 90 243.095 0
      vertex 180 250 0
      vertex 90.5221 243.061 0
    endloop
  endfacet
  facet normal 0 0 -1
    outer loop
      vertex 0 250 0
      vertex 90 243.095 0
      vertex 89.4779 243.061 0
    endloop
  endfacet
  facet normal 0 0 -1
    outer loop
      vertex 42.75 239.095 0
      vertex 86.0342 239.617 0
      vertex 86 239.095 0
    endloop
  endfacet
  facet normal 0 0 -1
    outer loop
      vertex 42.7265 239.454 0
      vertex 86.0342 239.617 0
      vertex 42.75 239.095 0
    endloop
  endfacet
  facet normal 0 0 -1
    outer loop
      vertex 42.6563 239.807 0
      vertex 86.0342 239.617 0
      vertex 42.7265 239.454 0
    endloop
  endfacet
  facet normal 0 0 -1
    outer loop
      vertex 86.0342 239.617 0
      vertex 42.6563 239.807 0
      vertex 86.1363 240.13 0
    endloop
  endfacet
  facet normal 0 0 -1
    outer loop
      vertex 42.5407 240.147 0
      vertex 86.1363 240.13 0
      vertex 42.6563 239.807 0
    endloop
  endfacet
  facet normal 0 0 -1
    outer loop
      vertex 86.1363 240.13 0
      vertex 42.5407 240.147 0
      vertex 86.3045 240.626 0
    endloop
  endfacet
  facet normal 0 0 -1
    outer loop
      vertex 42.3816 240.47 0
      vertex 86.3045 240.626 0
      vertex 42.5407 240.147 0
    endloop
  endfacet
  facet normal -0 0 -1
    outer loop
      vertex 86.3045 240.626 0
      vertex 42.3816 240.47 0
      vertex 86.5359 241.095 0
    endloop
  endfacet
  facet normal 0 0 -1
    outer loop
      vertex 42.1817 240.769 0
      vertex 86.5359 241.095 0
      vertex 42.3816 240.47 0
    endloop
  endfacet
  facet normal -0 0 -1
    outer loop
      vertex 86.5359 241.095 0
      vertex 42.1817 240.769 0
      vertex 86.8266 241.53 0
    endloop
  endfacet
  facet normal 0 0 -1
    outer loop
      vertex 41.9445 241.04 0
      vertex 86.8266 241.53 0
      vertex 42.1817 240.769 0
    endloop
  endfacet
  facet normal -0 0 -1
    outer loop
      vertex 86.8266 241.53 0
      vertex 41.9445 241.04 0
      vertex 87.1716 241.923 0
    endloop
  endfacet
  facet normal 0 0 -1
    outer loop
      vertex 41.6741 241.277 0
      vertex 87.1716 241.923 0
      vertex 41.9445 241.04 0
    endloop
  endfacet
  facet normal -0 0 -1
    outer loop
      vertex 87.1716 241.923 0
      vertex 41.6741 241.277 0
      vertex 87.565 242.268 0
    endloop
  endfacet
  facet normal 0 0 -1
    outer loop
      vertex 41.375 241.477 0
      vertex 87.565 242.268 0
      vertex 41.6741 241.277 0
    endloop
  endfacet
  facet normal -0 0 -1
    outer loop
      vertex 87.565 242.268 0
      vertex 41.375 241.477 0
      vertex 88 242.559 0
    endloop
  endfacet
  facet normal 0 0 -1
    outer loop
      vertex 41.0524 241.636 0
      vertex 88 242.559 0
      vertex 41.375 241.477 0
    endloop
  endfacet
  facet normal -0 0 -1
    outer loop
      vertex 88 242.559 0
      vertex 41.0524 241.636 0
      vertex 88.4693 242.791 0
    endloop
  endfacet
  facet normal 0 0 -1
    outer loop
      vertex 40.7118 241.751 0
      vertex 88.4693 242.791 0
      vertex 41.0524 241.636 0
    endloop
  endfacet
  facet normal -0 0 -1
    outer loop
      vertex 88.4693 242.791 0
      vertex 40.7118 241.751 0
      vertex 88.9647 242.959 0
    endloop
  endfacet
  facet normal 0 0 -1
    outer loop
      vertex 40.3589 241.821 0
      vertex 88.9647 242.959 0
      vertex 40.7118 241.751 0
    endloop
  endfacet
  facet normal -0 0 -1
    outer loop
      vertex 88.9647 242.959 0
      vertex 40.3589 241.821 0
      vertex 89.4779 243.061 0
    endloop
  endfacet
  facet normal 0 0 -1
    outer loop
      vertex 0 250 0
      vertex 89.4779 243.061 0
      vertex 40.3589 241.821 0
    endloop
  endfacet
  facet normal 0 0 -1
    outer loop
      vertex 0 250 0
      vertex 40.3589 241.821 0
      vertex 40 241.845 0
    endloop
  endfacet
  facet normal 0 0 -1
    outer loop
      vertex 20 228.19 0
      vertex 37.2735 239.454 0
      vertex 37.25 239.095 0
    endloop
  endfacet
  facet normal 0 0 -1
    outer loop
      vertex 20 228.19 0
      vertex 37.3437 239.807 0
      vertex 37.2735 239.454 0
    endloop
  endfacet
  facet normal 0 0 -1
    outer loop
      vertex 20 228.19 0
      vertex 37.4593 240.147 0
      vertex 37.3437 239.807 0
    endloop
  endfacet
  facet normal 0 0 -1
    outer loop
      vertex 0 250 0
      vertex 37.4593 240.147 0
      vertex 20 228.19 0
    endloop
  endfacet
  facet normal 0 0 -1
    outer loop
      vertex 37.4593 240.147 0
      vertex 0 250 0
      vertex 37.6184 240.47 0
    endloop
  endfacet
  facet normal 0 0 -1
    outer loop
      vertex 37.6184 240.47 0
      vertex 0 250 0
      vertex 37.8183 240.769 0
    endloop
  endfacet
  facet normal 0 0 -1
    outer loop
      vertex 37.8183 240.769 0
      vertex 0 250 0
      vertex 38.0555 241.04 0
    endloop
  endfacet
  facet normal 0 0 -1
    outer loop
      vertex 90 243.095 0
      vertex 0 250 0
      vertex 180 250 0
    endloop
  endfacet
  facet normal 0 0 -1
    outer loop
      vertex 39.6411 241.821 0
      vertex 0 250 0
      vertex 40 241.845 0
    endloop
  endfacet
  facet normal 0 0 -1
    outer loop
      vertex 39.2882 241.751 0
      vertex 0 250 0
      vertex 39.6411 241.821 0
    endloop
  endfacet
  facet normal 0 0 -1
    outer loop
      vertex 38.9476 241.636 0
      vertex 0 250 0
      vertex 39.2882 241.751 0
    endloop
  endfacet
  facet normal 0 0 -1
    outer loop
      vertex 38.625 241.477 0
      vertex 0 250 0
      vertex 38.9476 241.636 0
    endloop
  endfacet
  facet normal 0 0 -1
    outer loop
      vertex 38.3259 241.277 0
      vertex 0 250 0
      vertex 38.625 241.477 0
    endloop
  endfacet
  facet normal 0 0 -1
    outer loop
      vertex 38.0555 241.04 0
      vertex 0 250 0
      vertex 38.3259 241.277 0
    endloop
  endfacet
  facet normal 0 0 -1
    outer loop
      vertex 0 250 0
      vertex 20 228.19 0
      vertex 0 0 0
    endloop
  endfacet
  facet normal 0 0 -1
    outer loop
      vertex 142.726 11.2639 0
      vertex 160 21.81 0
      vertex 142.75 10.905 0
    endloop
  endfacet
  facet normal 0 0 -1
    outer loop
      vertex 142.656 11.6167 0
      vertex 160 21.81 0
      vertex 142.726 11.2639 0
    endloop
  endfacet
  facet normal 0 0 -1
    outer loop
      vertex 142.541 11.9574 0
      vertex 160 21.81 0
      vertex 142.656 11.6167 0
    endloop
  endfacet
  facet normal 0 0 -1
    outer loop
      vertex 142.382 12.28 0
      vertex 160 21.81 0
      vertex 142.541 11.9574 0
    endloop
  endfacet
  facet normal 0 0 -1
    outer loop
      vertex 142.182 12.5791 0
      vertex 160 21.81 0
      vertex 142.382 12.28 0
    endloop
  endfacet
  facet normal 0 0 -1
    outer loop
      vertex 141.945 12.8495 0
      vertex 160 21.81 0
      vertex 142.182 12.5791 0
    endloop
  endfacet
  facet normal 0 0 -1
    outer loop
      vertex 141.674 13.0867 0
      vertex 160 21.81 0
      vertex 141.945 12.8495 0
    endloop
  endfacet
  facet normal 0 0 -1
    outer loop
      vertex 141.375 13.2866 0
      vertex 160 21.81 0
      vertex 141.674 13.0867 0
    endloop
  endfacet
  facet normal 0 0 -1
    outer loop
      vertex 141.052 13.4457 0
      vertex 160 21.81 0
      vertex 141.375 13.2866 0
    endloop
  endfacet
  facet normal 0 0 -1
    outer loop
      vertex 140.712 13.5613 0
      vertex 160 21.81 0
      vertex 141.052 13.4457 0
    endloop
  endfacet
  facet normal 0 0 -1
    outer loop
      vertex 140.359 13.6315 0
      vertex 160 21.81 0
      vertex 140.712 13.5613 0
    endloop
  endfacet
  facet normal 0 0 -1
    outer loop
      vertex 140 13.655 0
      vertex 160 21.81 0
      vertex 140.359 13.6315 0
    endloop
  endfacet
  facet normal 0 0 -1
    outer loop
      vertex 139.641 13.6315 0
      vertex 160 21.81 0
      vertex 140 13.655 0
    endloop
  endfacet
  facet normal 0 0 -1
    outer loop
      vertex 139.288 13.5613 0
      vertex 160 21.81 0
      vertex 139.641 13.6315 0
    endloop
  endfacet
  facet normal 0 0 -1
    outer loop
      vertex 91.5307 14.6005 0
      vertex 139.288 13.5613 0
      vertex 138.948 13.4457 0
    endloop
  endfacet
  facet normal 0 0 -1
    outer loop
      vertex 94 10.905 0
      vertex 137.274 11.2639 0
      vertex 137.25 10.905 0
    endloop
  endfacet
  facet normal 0 0 -1
    outer loop
      vertex 93.9658 11.4271 0
      vertex 137.274 11.2639 0
      vertex 94 10.905 0
    endloop
  endfacet
  facet normal 0 0 -1
    outer loop
      vertex 137.274 11.2639 0
      vertex 93.9658 11.4271 0
      vertex 137.344 11.6167 0
    endloop
  endfacet
  facet normal 0 0 -1
    outer loop
      vertex 93.8637 11.9403 0
      vertex 137.344 11.6167 0
      vertex 93.9658 11.4271 0
    endloop
  endfacet
  facet normal 0 0 -1
    outer loop
      vertex 137.344 11.6167 0
      vertex 93.8637 11.9403 0
      vertex 137.459 11.9574 0
    endloop
  endfacet
  facet normal 0 0 -1
    outer loop
      vertex 93.6955 12.4357 0
      vertex 137.459 11.9574 0
      vertex 93.8637 11.9403 0
    endloop
  endfacet
  facet normal 0 0 -1
    outer loop
      vertex 137.459 11.9574 0
      vertex 93.6955 12.4357 0
      vertex 137.618 12.28 0
    endloop
  endfacet
  facet normal 0 0 -1
    outer loop
      vertex 93.4641 12.905 0
      vertex 137.618 12.28 0
      vertex 93.6955 12.4357 0
    endloop
  endfacet
  facet normal 0 0 -1
    outer loop
      vertex 137.618 12.28 0
      vertex 93.4641 12.905 0
      vertex 137.818 12.5791 0
    endloop
  endfacet
  facet normal 0 0 -1
    outer loop
      vertex 93.1734 13.34 0
      vertex 137.818 12.5791 0
      vertex 93.4641 12.905 0
    endloop
  endfacet
  facet normal 0 0 -1
    outer loop
      vertex 137.818 12.5791 0
      vertex 93.1734 13.34 0
      vertex 138.055 12.8495 0
    endloop
  endfacet
  facet normal 0 0 -1
    outer loop
      vertex 92.8284 13.7334 0
      vertex 138.055 12.8495 0
      vertex 93.1734 13.34 0
    endloop
  endfacet
  facet normal 0 0 -1
    outer loop
      vertex 138.055 12.8495 0
      vertex 92.8284 13.7334 0
      vertex 138.326 13.0867 0
    endloop
  endfacet
  facet normal 0 0 -1
    outer loop
      vertex 92.435 14.0784 0
      vertex 138.326 13.0867 0
      vertex 92.8284 13.7334 0
    endloop
  endfacet
  facet normal 0 0 -1
    outer loop
      vertex 138.326 13.0867 0
      vertex 92.435 14.0784 0
      vertex 138.625 13.2866 0
    endloop
  endfacet
  facet normal 0 0 -1
    outer loop
      vertex 92 14.3691 0
      vertex 138.625 13.2866 0
      vertex 92.435 14.0784 0
    endloop
  endfacet
  facet normal 0 0 -1
    outer loop
      vertex 138.625 13.2866 0
      vertex 92 14.3691 0
      vertex 138.948 13.4457 0
    endloop
  endfacet
  facet normal 0 0 -1
    outer loop
      vertex 91.5307 14.6005 0
      vertex 138.948 13.4457 0
      vertex 92 14.3691 0
    endloop
  endfacet
  facet normal 0 0 -1
    outer loop
      vertex 139.288 13.5613 0
      vertex 91.5307 14.6005 0
      vertex 91.0353 14.7687 0
    endloop
  endfacet
  facet normal 0 0 -1
    outer loop
      vertex 139.288 13.5613 0
      vertex 91.0353 14.7687 0
      vertex 160 21.81 0
    endloop
  endfacet
  facet normal 0 0 -1
    outer loop
      vertex 90.5221 14.8708 0
      vertex 160 21.81 0
      vertex 91.0353 14.7687 0
    endloop
  endfacet
  facet normal 0 0 -1
    outer loop
      vertex 90 14.905 0
      vertex 160 21.81 0
      vertex 90.5221 14.8708 0
    endloop
  endfacet
  facet normal 0 0 -1
    outer loop
      vertex 20 21.81 0
      vertex 90 14.905 0
      vertex 89.4779 14.8708 0
    endloop
  endfacet
  facet normal 0 0 -1
    outer loop
      vertex 42.75 10.905 0
      vertex 86.0342 11.4271 0
      vertex 86 10.905 0
    endloop
  endfacet
  facet normal 0 0 -1
    outer loop
      vertex 42.7265 11.2639 0
      vertex 86.0342 11.4271 0
      vertex 42.75 10.905 0
    endloop
  endfacet
  facet normal 0 0 -1
    outer loop
      vertex 42.6563 11.6167 0
      vertex 86.0342 11.4271 0
      vertex 42.7265 11.2639 0
    endloop
  endfacet
  facet normal 0 0 -1
    outer loop
      vertex 86.0342 11.4271 0
      vertex 42.6563 11.6167 0
      vertex 86.1363 11.9403 0
    endloop
  endfacet
  facet normal 0 0 -1
    outer loop
      vertex 42.5407 11.9574 0
      vertex 86.1363 11.9403 0
      vertex 42.6563 11.6167 0
    endloop
  endfacet
  facet normal 0 0 -1
    outer loop
      vertex 86.1363 11.9403 0
      vertex 42.5407 11.9574 0
      vertex 86.3045 12.4357 0
    endloop
  endfacet
  facet normal 0 0 -1
    outer loop
      vertex 42.3816 12.28 0
      vertex 86.3045 12.4357 0
      vertex 42.5407 11.9574 0
    endloop
  endfacet
  facet normal -0 0 -1
    outer loop
      vertex 86.3045 12.4357 0
      vertex 42.3816 12.28 0
      vertex 86.5359 12.905 0
    endloop
  endfacet
  facet normal 0 0 -1
    outer loop
      vertex 42.1817 12.5791 0
      vertex 86.5359 12.905 0
      vertex 42.3816 12.28 0
    endloop
  endfacet
  facet normal -0 0 -1
    outer loop
      vertex 86.5359 12.905 0
      vertex 42.1817 12.5791 0
      vertex 86.8266 13.34 0
    endloop
  endfacet
  facet normal 0 0 -1
    outer loop
      vertex 41.9445 12.8495 0
      vertex 86.8266 13.34 0
      vertex 42.1817 12.5791 0
    endloop
  endfacet
  facet normal -0 0 -1
    outer loop
      vertex 86.8266 13.34 0
      vertex 41.9445 12.8495 0
      vertex 87.1716 13.7334 0
    endloop
  endfacet
  facet normal 0 0 -1
    outer loop
      vertex 41.6741 13.0867 0
      vertex 87.1716 13.7334 0
      vertex 41.9445 12.8495 0
    endloop
  endfacet
  facet normal -0 0 -1
    outer loop
      vertex 87.1716 13.7334 0
      vertex 41.6741 13.0867 0
      vertex 87.565 14.0784 0
    endloop
  endfacet
  facet normal 0 0 -1
    outer loop
      vertex 41.375 13.2866 0
      vertex 87.565 14.0784 0
      vertex 41.6741 13.0867 0
    endloop
  endfacet
  facet normal -0 0 -1
    outer loop
      vertex 87.565 14.0784 0
      vertex 41.375 13.2866 0
      vertex 88 14.3691 0
    endloop
  endfacet
  facet normal 0 0 -1
    outer loop
      vertex 41.0524 13.4457 0
      vertex 88 14.3691 0
      vertex 41.375 13.2866 0
    endloop
  endfacet
  facet normal -0 0 -1
    outer loop
      vertex 88 14.3691 0
      vertex 41.0524 13.4457 0
      vertex 88.4693 14.6005 0
    endloop
  endfacet
  facet normal 0 0 -1
    outer loop
      vertex 40.7118 13.5613 0
      vertex 88.4693 14.6005 0
      vertex 41.0524 13.4457 0
    endloop
  endfacet
  facet normal -0 0 -1
    outer loop
      vertex 88.4693 14.6005 0
      vertex 40.7118 13.5613 0
      vertex 88.9647 14.7687 0
    endloop
  endfacet
  facet normal 0 0 -1
    outer loop
      vertex 20 21.81 0
      vertex 88.9647 14.7687 0
      vertex 40.7118 13.5613 0
    endloop
  endfacet
  facet normal 0 0 -1
    outer loop
      vertex 88.9647 14.7687 0
      vertex 20 21.81 0
      vertex 89.4779 14.8708 0
    endloop
  endfacet
  facet normal 0 0 -1
    outer loop
      vertex 20 21.81 0
      vertex 40.7118 13.5613 0
      vertex 40.3589 13.6315 0
    endloop
  endfacet
  facet normal 0 0 -1
    outer loop
      vertex 20 21.81 0
      vertex 40.3589 13.6315 0
      vertex 40 13.655 0
    endloop
  endfacet
  facet normal 0 0 -1
    outer loop
      vertex 20 21.81 0
      vertex 40 13.655 0
      vertex 39.6411 13.6315 0
    endloop
  endfacet
  facet normal 0 0 -1
    outer loop
      vertex 90 14.905 0
      vertex 20 21.81 0
      vertex 160 21.81 0
    endloop
  endfacet
  facet normal 0 0 -1
    outer loop
      vertex 39.2882 13.5613 0
      vertex 20 21.81 0
      vertex 39.6411 13.6315 0
    endloop
  endfacet
  facet normal 0 0 -1
    outer loop
      vertex 38.9476 13.4457 0
      vertex 20 21.81 0
      vertex 39.2882 13.5613 0
    endloop
  endfacet
  facet normal 0 0 -1
    outer loop
      vertex 38.625 13.2866 0
      vertex 20 21.81 0
      vertex 38.9476 13.4457 0
    endloop
  endfacet
  facet normal 0 0 -1
    outer loop
      vertex 38.3259 13.0867 0
      vertex 20 21.81 0
      vertex 38.625 13.2866 0
    endloop
  endfacet
  facet normal 0 0 -1
    outer loop
      vertex 38.0555 12.8495 0
      vertex 20 21.81 0
      vertex 38.3259 13.0867 0
    endloop
  endfacet
  facet normal 0 0 -1
    outer loop
      vertex 37.8183 12.5791 0
      vertex 20 21.81 0
      vertex 38.0555 12.8495 0
    endloop
  endfacet
  facet normal 0 0 -1
    outer loop
      vertex 37.6184 12.28 0
      vertex 20 21.81 0
      vertex 37.8183 12.5791 0
    endloop
  endfacet
  facet normal 0 0 -1
    outer loop
      vertex 37.4593 11.9574 0
      vertex 20 21.81 0
      vertex 37.6184 12.28 0
    endloop
  endfacet
  facet normal 0 0 -1
    outer loop
      vertex 37.3437 11.6167 0
      vertex 20 21.81 0
      vertex 37.4593 11.9574 0
    endloop
  endfacet
  facet normal 0 0 -1
    outer loop
      vertex 37.2735 11.2639 0
      vertex 20 21.81 0
      vertex 37.3437 11.6167 0
    endloop
  endfacet
  facet normal 0 0 -1
    outer loop
      vertex 20 21.81 0
      vertex 37.2735 11.2639 0
      vertex 37.25 10.905 0
    endloop
  endfacet
  facet normal -0.980794 -0.195047 0
    outer loop
      vertex 42.7265 239.454 0
      vertex 42.6563 239.807 3
      vertex 42.6563 239.807 0
    endloop
  endfacet
  facet normal -0.980794 -0.195047 0
    outer loop
      vertex 42.6563 239.807 3
      vertex 42.7265 239.454 0
      vertex 42.7265 239.454 3
    endloop
  endfacet
  facet normal -0.997864 -0.0653198 0
    outer loop
      vertex 42.75 239.095 0
      vertex 42.7265 239.454 3
      vertex 42.7265 239.454 0
    endloop
  endfacet
  facet normal -0.997864 -0.0653198 0
    outer loop
      vertex 42.7265 239.454 3
      vertex 42.75 239.095 0
      vertex 42.75 239.095 3
    endloop
  endfacet
  facet normal -0.946773 -0.321903 0
    outer loop
      vertex 42.6563 239.807 0
      vertex 42.5407 240.147 3
      vertex 42.5407 240.147 0
    endloop
  endfacet
  facet normal -0.946773 -0.321903 0
    outer loop
      vertex 42.5407 240.147 3
      vertex 42.6563 239.807 0
      vertex 42.6563 239.807 3
    endloop
  endfacet
  facet normal 0.659134 -0.752025 0
    outer loop
      vertex 38.0555 241.04 0
      vertex 38.3259 241.277 3
      vertex 38.0555 241.04 3
    endloop
  endfacet
  facet normal 0.659134 -0.752025 0
    outer loop
      vertex 38.3259 241.277 3
      vertex 38.0555 241.04 0
      vertex 38.3259 241.277 0
    endloop
  endfacet
  facet normal 0.319897 -0.947452 0
    outer loop
      vertex 38.9476 241.636 0
      vertex 39.2882 241.751 3
      vertex 38.9476 241.636 3
    endloop
  endfacet
  facet normal 0.319897 -0.947452 0
    outer loop
      vertex 39.2882 241.751 3
      vertex 38.9476 241.636 0
      vertex 39.2882 241.751 0
    endloop
  endfacet
  facet normal 0.319897 0.947452 -0
    outer loop
      vertex 39.2882 236.439 0
      vertex 38.9476 236.554 3
      vertex 39.2882 236.439 3
    endloop
  endfacet
  facet normal 0.319897 0.947452 0
    outer loop
      vertex 38.9476 236.554 3
      vertex 39.2882 236.439 0
      vertex 38.9476 236.554 0
    endloop
  endfacet
  facet normal -0.897078 -0.441873 0
    outer loop
      vertex 42.5407 240.147 0
      vertex 42.3816 240.47 3
      vertex 42.3816 240.47 0
    endloop
  endfacet
  facet normal -0.897078 -0.441873 0
    outer loop
      vertex 42.3816 240.47 3
      vertex 42.5407 240.147 0
      vertex 42.5407 240.147 3
    endloop
  endfacet
  facet normal -0.831322 0.55579 0
    outer loop
      vertex 42.1817 237.421 0
      vertex 42.3816 237.72 3
      vertex 42.3816 237.72 0
    endloop
  endfacet
  facet normal -0.831322 0.55579 0
    outer loop
      vertex 42.3816 237.72 3
      vertex 42.1817 237.421 0
      vertex 42.1817 237.421 3
    endloop
  endfacet
  facet normal 0.555854 -0.83128 0
    outer loop
      vertex 38.3259 241.277 0
      vertex 38.625 241.477 3
      vertex 38.3259 241.277 3
    endloop
  endfacet
  facet normal 0.555854 -0.83128 0
    outer loop
      vertex 38.625 241.477 3
      vertex 38.3259 241.277 0
      vertex 38.625 241.477 0
    endloop
  endfacet
  facet normal -0.44209 -0.896971 0
    outer loop
      vertex 41.0524 241.636 0
      vertex 41.375 241.477 3
      vertex 41.0524 241.636 3
    endloop
  endfacet
  facet normal -0.44209 -0.896971 -0
    outer loop
      vertex 41.375 241.477 3
      vertex 41.0524 241.636 0
      vertex 41.375 241.477 0
    endloop
  endfacet
  facet normal 0.946773 0.321903 0
    outer loop
      vertex 37.4593 238.043 3
      vertex 37.3437 238.383 0
      vertex 37.3437 238.383 3
    endloop
  endfacet
  facet normal 0.946773 0.321903 0
    outer loop
      vertex 37.3437 238.383 0
      vertex 37.4593 238.043 3
      vertex 37.4593 238.043 0
    endloop
  endfacet
  facet normal -0.946773 0.321903 0
    outer loop
      vertex 42.5407 238.043 0
      vertex 42.6563 238.383 3
      vertex 42.6563 238.383 0
    endloop
  endfacet
  facet normal -0.946773 0.321903 0
    outer loop
      vertex 42.6563 238.383 3
      vertex 42.5407 238.043 0
      vertex 42.5407 238.043 3
    endloop
  endfacet
  facet normal 0.555854 0.83128 -0
    outer loop
      vertex 38.625 236.713 0
      vertex 38.3259 236.913 3
      vertex 38.625 236.713 3
    endloop
  endfacet
  facet normal 0.555854 0.83128 0
    outer loop
      vertex 38.3259 236.913 3
      vertex 38.625 236.713 0
      vertex 38.3259 236.913 0
    endloop
  endfacet
  facet normal -0.897078 0.441873 0
    outer loop
      vertex 42.3816 237.72 0
      vertex 42.5407 238.043 3
      vertex 42.5407 238.043 0
    endloop
  endfacet
  facet normal -0.897078 0.441873 0
    outer loop
      vertex 42.5407 238.043 3
      vertex 42.3816 237.72 0
      vertex 42.3816 237.72 3
    endloop
  endfacet
  facet normal 0.997864 -0.0653198 0
    outer loop
      vertex 37.25 239.095 3
      vertex 37.2735 239.454 0
      vertex 37.2735 239.454 3
    endloop
  endfacet
  facet normal 0.997864 -0.0653198 0
    outer loop
      vertex 37.2735 239.454 0
      vertex 37.25 239.095 3
      vertex 37.25 239.095 0
    endloop
  endfacet
  facet normal 0.066722 -0.997772 0
    outer loop
      vertex 39.6411 241.821 0
      vertex 40 241.845 3
      vertex 39.6411 241.821 3
    endloop
  endfacet
  facet normal 0.066722 -0.997772 0
    outer loop
      vertex 40 241.845 3
      vertex 39.6411 241.821 0
      vertex 40 241.845 0
    endloop
  endfacet
  facet normal -0.555854 0.83128 0
    outer loop
      vertex 41.6741 236.913 0
      vertex 41.375 236.713 3
      vertex 41.6741 236.913 3
    endloop
  endfacet
  facet normal -0.555854 0.83128 0
    outer loop
      vertex 41.375 236.713 3
      vertex 41.6741 236.913 0
      vertex 41.375 236.713 0
    endloop
  endfacet
  facet normal 0.659134 0.752025 -0
    outer loop
      vertex 38.3259 236.913 0
      vertex 38.0555 237.15 3
      vertex 38.3259 236.913 3
    endloop
  endfacet
  facet normal 0.659134 0.752025 0
    outer loop
      vertex 38.0555 237.15 3
      vertex 38.3259 236.913 0
      vertex 38.0555 237.15 0
    endloop
  endfacet
  facet normal -0.555854 -0.83128 0
    outer loop
      vertex 41.375 241.477 0
      vertex 41.6741 241.277 3
      vertex 41.375 241.477 3
    endloop
  endfacet
  facet normal -0.555854 -0.83128 -0
    outer loop
      vertex 41.6741 241.277 3
      vertex 41.375 241.477 0
      vertex 41.6741 241.277 0
    endloop
  endfacet
  facet normal -0.44209 0.896971 0
    outer loop
      vertex 41.375 236.713 0
      vertex 41.0524 236.554 3
      vertex 41.375 236.713 3
    endloop
  endfacet
  facet normal -0.44209 0.896971 0
    outer loop
      vertex 41.0524 236.554 3
      vertex 41.375 236.713 0
      vertex 41.0524 236.554 0
    endloop
  endfacet
  facet normal 0.44209 0.896971 -0
    outer loop
      vertex 38.9476 236.554 0
      vertex 38.625 236.713 3
      vertex 38.9476 236.554 3
    endloop
  endfacet
  facet normal 0.44209 0.896971 0
    outer loop
      vertex 38.625 236.713 3
      vertex 38.9476 236.554 0
      vertex 38.625 236.713 0
    endloop
  endfacet
  facet normal -0.752473 0.658623 0
    outer loop
      vertex 41.9445 237.15 0
      vertex 42.1817 237.421 3
      vertex 42.1817 237.421 0
    endloop
  endfacet
  facet normal -0.752473 0.658623 0
    outer loop
      vertex 42.1817 237.421 3
      vertex 41.9445 237.15 0
      vertex 41.9445 237.15 3
    endloop
  endfacet
  facet normal 0.752473 0.658623 0
    outer loop
      vertex 38.0555 237.15 3
      vertex 37.8183 237.421 0
      vertex 37.8183 237.421 3
    endloop
  endfacet
  facet normal 0.752473 0.658623 0
    outer loop
      vertex 37.8183 237.421 0
      vertex 38.0555 237.15 3
      vertex 38.0555 237.15 0
    endloop
  endfacet
  facet normal -0.831322 -0.55579 0
    outer loop
      vertex 42.3816 240.47 0
      vertex 42.1817 240.769 3
      vertex 42.1817 240.769 0
    endloop
  endfacet
  facet normal -0.831322 -0.55579 0
    outer loop
      vertex 42.1817 240.769 3
      vertex 42.3816 240.47 0
      vertex 42.3816 240.47 3
    endloop
  endfacet
  facet normal -0.319897 -0.947452 0
    outer loop
      vertex 40.7118 241.751 0
      vertex 41.0524 241.636 3
      vertex 40.7118 241.751 3
    endloop
  endfacet
  facet normal -0.319897 -0.947452 -0
    outer loop
      vertex 41.0524 241.636 3
      vertex 40.7118 241.751 0
      vertex 41.0524 241.636 0
    endloop
  endfacet
  facet normal -0.752473 -0.658623 0
    outer loop
      vertex 42.1817 240.769 0
      vertex 41.9445 241.04 3
      vertex 41.9445 241.04 0
    endloop
  endfacet
  facet normal -0.752473 -0.658623 0
    outer loop
      vertex 41.9445 241.04 3
      vertex 42.1817 240.769 0
      vertex 42.1817 240.769 3
    endloop
  endfacet
  facet normal -0.659134 -0.752025 0
    outer loop
      vertex 41.6741 241.277 0
      vertex 41.9445 241.04 3
      vertex 41.6741 241.277 3
    endloop
  endfacet
  facet normal -0.659134 -0.752025 -0
    outer loop
      vertex 41.9445 241.04 3
      vertex 41.6741 241.277 0
      vertex 41.9445 241.04 0
    endloop
  endfacet
  facet normal 0.997864 0.0653198 0
    outer loop
      vertex 37.2735 238.736 3
      vertex 37.25 239.095 0
      vertex 37.25 239.095 3
    endloop
  endfacet
  facet normal 0.997864 0.0653198 0
    outer loop
      vertex 37.25 239.095 0
      vertex 37.2735 238.736 3
      vertex 37.2735 238.736 0
    endloop
  endfacet
  facet normal 0.194566 0.980889 -0
    outer loop
      vertex 39.6411 236.369 0
      vertex 39.2882 236.439 3
      vertex 39.6411 236.369 3
    endloop
  endfacet
  facet normal 0.194566 0.980889 0
    outer loop
      vertex 39.2882 236.439 3
      vertex 39.6411 236.369 0
      vertex 39.2882 236.439 0
    endloop
  endfacet
  facet normal -0.997864 0.0653198 0
    outer loop
      vertex 42.7265 238.736 0
      vertex 42.75 239.095 3
      vertex 42.75 239.095 0
    endloop
  endfacet
  facet normal -0.997864 0.0653198 0
    outer loop
      vertex 42.75 239.095 3
      vertex 42.7265 238.736 0
      vertex 42.7265 238.736 3
    endloop
  endfacet
  facet normal 0.831322 -0.55579 0
    outer loop
      vertex 37.6184 240.47 3
      vertex 37.8183 240.769 0
      vertex 37.8183 240.769 3
    endloop
  endfacet
  facet normal 0.831322 -0.55579 0
    outer loop
      vertex 37.8183 240.769 0
      vertex 37.6184 240.47 3
      vertex 37.6184 240.47 0
    endloop
  endfacet
  facet normal -0.319897 0.947452 0
    outer loop
      vertex 41.0524 236.554 0
      vertex 40.7118 236.439 3
      vertex 41.0524 236.554 3
    endloop
  endfacet
  facet normal -0.319897 0.947452 0
    outer loop
      vertex 40.7118 236.439 3
      vertex 41.0524 236.554 0
      vertex 40.7118 236.439 0
    endloop
  endfacet
  facet normal -0.194566 0.980889 0
    outer loop
      vertex 40.7118 236.439 0
      vertex 40.3589 236.369 3
      vertex 40.7118 236.439 3
    endloop
  endfacet
  facet normal -0.194566 0.980889 0
    outer loop
      vertex 40.3589 236.369 3
      vertex 40.7118 236.439 0
      vertex 40.3589 236.369 0
    endloop
  endfacet
  facet normal 0.980794 0.195047 0
    outer loop
      vertex 37.3437 238.383 3
      vertex 37.2735 238.736 0
      vertex 37.2735 238.736 3
    endloop
  endfacet
  facet normal 0.980794 0.195047 0
    outer loop
      vertex 37.2735 238.736 0
      vertex 37.3437 238.383 3
      vertex 37.3437 238.383 0
    endloop
  endfacet
  facet normal 0.194566 -0.980889 0
    outer loop
      vertex 39.2882 241.751 0
      vertex 39.6411 241.821 3
      vertex 39.2882 241.751 3
    endloop
  endfacet
  facet normal 0.194566 -0.980889 0
    outer loop
      vertex 39.6411 241.821 3
      vertex 39.2882 241.751 0
      vertex 39.6411 241.821 0
    endloop
  endfacet
  facet normal 0.946773 -0.321903 0
    outer loop
      vertex 37.3437 239.807 3
      vertex 37.4593 240.147 0
      vertex 37.4593 240.147 3
    endloop
  endfacet
  facet normal 0.946773 -0.321903 0
    outer loop
      vertex 37.4593 240.147 0
      vertex 37.3437 239.807 3
      vertex 37.3437 239.807 0
    endloop
  endfacet
  facet normal 0.44209 -0.896971 0
    outer loop
      vertex 38.625 241.477 0
      vertex 38.9476 241.636 3
      vertex 38.625 241.477 3
    endloop
  endfacet
  facet normal 0.44209 -0.896971 0
    outer loop
      vertex 38.9476 241.636 3
      vertex 38.625 241.477 0
      vertex 38.9476 241.636 0
    endloop
  endfacet
  facet normal 0.897078 0.441873 0
    outer loop
      vertex 37.6184 237.72 3
      vertex 37.4593 238.043 0
      vertex 37.4593 238.043 3
    endloop
  endfacet
  facet normal 0.897078 0.441873 0
    outer loop
      vertex 37.4593 238.043 0
      vertex 37.6184 237.72 3
      vertex 37.6184 237.72 0
    endloop
  endfacet
  facet normal 0.752473 -0.658623 0
    outer loop
      vertex 37.8183 240.769 3
      vertex 38.0555 241.04 0
      vertex 38.0555 241.04 3
    endloop
  endfacet
  facet normal 0.752473 -0.658623 0
    outer loop
      vertex 38.0555 241.04 0
      vertex 37.8183 240.769 3
      vertex 37.8183 240.769 0
    endloop
  endfacet
  facet normal -0.659134 0.752025 0
    outer loop
      vertex 41.9445 237.15 0
      vertex 41.6741 236.913 3
      vertex 41.9445 237.15 3
    endloop
  endfacet
  facet normal -0.659134 0.752025 0
    outer loop
      vertex 41.6741 236.913 3
      vertex 41.9445 237.15 0
      vertex 41.6741 236.913 0
    endloop
  endfacet
  facet normal 0.066722 0.997772 -0
    outer loop
      vertex 40 236.345 0
      vertex 39.6411 236.369 3
      vertex 40 236.345 3
    endloop
  endfacet
  facet normal 0.066722 0.997772 0
    outer loop
      vertex 39.6411 236.369 3
      vertex 40 236.345 0
      vertex 39.6411 236.369 0
    endloop
  endfacet
  facet normal -0.980794 0.195047 0
    outer loop
      vertex 42.6563 238.383 0
      vertex 42.7265 238.736 3
      vertex 42.7265 238.736 0
    endloop
  endfacet
  facet normal -0.980794 0.195047 0
    outer loop
      vertex 42.7265 238.736 3
      vertex 42.6563 238.383 0
      vertex 42.6563 238.383 3
    endloop
  endfacet
  facet normal 0.897078 -0.441873 0
    outer loop
      vertex 37.4593 240.147 3
      vertex 37.6184 240.47 0
      vertex 37.6184 240.47 3
    endloop
  endfacet
  facet normal 0.897078 -0.441873 0
    outer loop
      vertex 37.6184 240.47 0
      vertex 37.4593 240.147 3
      vertex 37.4593 240.147 0
    endloop
  endfacet
  facet normal 0.980794 -0.195047 0
    outer loop
      vertex 37.2735 239.454 3
      vertex 37.3437 239.807 0
      vertex 37.3437 239.807 3
    endloop
  endfacet
  facet normal 0.980794 -0.195047 0
    outer loop
      vertex 37.3437 239.807 0
      vertex 37.2735 239.454 3
      vertex 37.2735 239.454 0
    endloop
  endfacet
  facet normal -0.066722 -0.997772 0
    outer loop
      vertex 40 241.845 0
      vertex 40.3589 241.821 3
      vertex 40 241.845 3
    endloop
  endfacet
  facet normal -0.066722 -0.997772 -0
    outer loop
      vertex 40.3589 241.821 3
      vertex 40 241.845 0
      vertex 40.3589 241.821 0
    endloop
  endfacet
  facet normal -0.194566 -0.980889 0
    outer loop
      vertex 40.3589 241.821 0
      vertex 40.7118 241.751 3
      vertex 40.3589 241.821 3
    endloop
  endfacet
  facet normal -0.194566 -0.980889 -0
    outer loop
      vertex 40.7118 241.751 3
      vertex 40.3589 241.821 0
      vertex 40.7118 241.751 0
    endloop
  endfacet
  facet normal -0.066722 0.997772 0
    outer loop
      vertex 40.3589 236.369 0
      vertex 40 236.345 3
      vertex 40.3589 236.369 3
    endloop
  endfacet
  facet normal -0.066722 0.997772 0
    outer loop
      vertex 40 236.345 3
      vertex 40.3589 236.369 0
      vertex 40 236.345 0
    endloop
  endfacet
  facet normal 0.831322 0.55579 0
    outer loop
      vertex 37.8183 237.421 3
      vertex 37.6184 237.72 0
      vertex 37.6184 237.72 3
    endloop
  endfacet
  facet normal 0.831322 0.55579 0
    outer loop
      vertex 37.6184 237.72 0
      vertex 37.8183 237.421 3
      vertex 37.8183 237.421 0
    endloop
  endfacet
  facet normal -0.9809 -0.194513 0
    outer loop
      vertex 142.726 239.454 0
      vertex 142.656 239.807 3
      vertex 142.656 239.807 0
    endloop
  endfacet
  facet normal -0.9809 -0.194513 0
    outer loop
      vertex 142.656 239.807 3
      vertex 142.726 239.454 0
      vertex 142.726 239.454 3
    endloop
  endfacet
  facet normal -0.997773 -0.0667035 0
    outer loop
      vertex 142.75 239.095 0
      vertex 142.726 239.454 3
      vertex 142.726 239.454 0
    endloop
  endfacet
  facet normal -0.997773 -0.0667035 0
    outer loop
      vertex 142.726 239.454 3
      vertex 142.75 239.095 0
      vertex 142.75 239.095 3
    endloop
  endfacet
  facet normal -0.947281 -0.320404 0
    outer loop
      vertex 142.656 239.807 0
      vertex 142.541 240.147 3
      vertex 142.541 240.147 0
    endloop
  endfacet
  facet normal -0.947281 -0.320404 0
    outer loop
      vertex 142.541 240.147 3
      vertex 142.656 239.807 0
      vertex 142.656 239.807 3
    endloop
  endfacet
  facet normal 0.658308 -0.752749 0
    outer loop
      vertex 138.055 241.04 0
      vertex 138.326 241.277 3
      vertex 138.055 241.04 3
    endloop
  endfacet
  facet normal 0.658308 -0.752749 0
    outer loop
      vertex 138.326 241.277 3
      vertex 138.055 241.04 0
      vertex 138.326 241.277 0
    endloop
  endfacet
  facet normal 0.320404 -0.947281 0
    outer loop
      vertex 138.948 241.636 0
      vertex 139.288 241.751 3
      vertex 138.948 241.636 3
    endloop
  endfacet
  facet normal 0.320404 -0.947281 0
    outer loop
      vertex 139.288 241.751 3
      vertex 138.948 241.636 0
      vertex 139.288 241.751 0
    endloop
  endfacet
  facet normal 0.320404 0.947281 -0
    outer loop
      vertex 139.288 236.439 0
      vertex 138.948 236.554 3
      vertex 139.288 236.439 3
    endloop
  endfacet
  facet normal 0.320404 0.947281 0
    outer loop
      vertex 138.948 236.554 3
      vertex 139.288 236.439 0
      vertex 138.948 236.554 0
    endloop
  endfacet
  facet normal -0.897188 -0.44165 0
    outer loop
      vertex 142.541 240.147 0
      vertex 142.382 240.47 3
      vertex 142.382 240.47 0
    endloop
  endfacet
  facet normal -0.897188 -0.44165 0
    outer loop
      vertex 142.382 240.47 3
      vertex 142.541 240.147 0
      vertex 142.541 240.147 3
    endloop
  endfacet
  facet normal -0.831194 0.555983 0
    outer loop
      vertex 142.182 237.421 0
      vertex 142.382 237.72 3
      vertex 142.382 237.72 0
    endloop
  endfacet
  facet normal -0.831194 0.555983 0
    outer loop
      vertex 142.382 237.72 3
      vertex 142.182 237.421 0
      vertex 142.182 237.421 3
    endloop
  endfacet
  facet normal 0.555983 -0.831194 0
    outer loop
      vertex 138.326 241.277 0
      vertex 138.625 241.477 3
      vertex 138.326 241.277 3
    endloop
  endfacet
  facet normal 0.555983 -0.831194 0
    outer loop
      vertex 138.625 241.477 3
      vertex 138.326 241.277 0
      vertex 138.625 241.477 0
    endloop
  endfacet
  facet normal -0.44165 -0.897188 0
    outer loop
      vertex 141.052 241.636 0
      vertex 141.375 241.477 3
      vertex 141.052 241.636 3
    endloop
  endfacet
  facet normal -0.44165 -0.897188 -0
    outer loop
      vertex 141.375 241.477 3
      vertex 141.052 241.636 0
      vertex 141.375 241.477 0
    endloop
  endfacet
  facet normal 0.947281 0.320404 0
    outer loop
      vertex 137.459 238.043 3
      vertex 137.344 238.383 0
      vertex 137.344 238.383 3
    endloop
  endfacet
  facet normal 0.947281 0.320404 0
    outer loop
      vertex 137.344 238.383 0
      vertex 137.459 238.043 3
      vertex 137.459 238.043 0
    endloop
  endfacet
  facet normal -0.947281 0.320404 0
    outer loop
      vertex 142.541 238.043 0
      vertex 142.656 238.383 3
      vertex 142.656 238.383 0
    endloop
  endfacet
  facet normal -0.947281 0.320404 0
    outer loop
      vertex 142.656 238.383 3
      vertex 142.541 238.043 0
      vertex 142.541 238.043 3
    endloop
  endfacet
  facet normal 0.555983 0.831194 -0
    outer loop
      vertex 138.625 236.713 0
      vertex 138.326 236.913 3
      vertex 138.625 236.713 3
    endloop
  endfacet
  facet normal 0.555983 0.831194 0
    outer loop
      vertex 138.326 236.913 3
      vertex 138.625 236.713 0
      vertex 138.326 236.913 0
    endloop
  endfacet
  facet normal -0.897188 0.44165 0
    outer loop
      vertex 142.382 237.72 0
      vertex 142.541 238.043 3
      vertex 142.541 238.043 0
    endloop
  endfacet
  facet normal -0.897188 0.44165 0
    outer loop
      vertex 142.541 238.043 3
      vertex 142.382 237.72 0
      vertex 142.382 237.72 3
    endloop
  endfacet
  facet normal 0.997773 -0.0667035 0
    outer loop
      vertex 137.25 239.095 3
      vertex 137.274 239.454 0
      vertex 137.274 239.454 3
    endloop
  endfacet
  facet normal 0.997773 -0.0667035 0
    outer loop
      vertex 137.274 239.454 0
      vertex 137.25 239.095 3
      vertex 137.25 239.095 0
    endloop
  endfacet
  facet normal 0.0667035 -0.997773 0
    outer loop
      vertex 139.641 241.821 0
      vertex 140 241.845 3
      vertex 139.641 241.821 3
    endloop
  endfacet
  facet normal 0.0667035 -0.997773 0
    outer loop
      vertex 140 241.845 3
      vertex 139.641 241.821 0
      vertex 140 241.845 0
    endloop
  endfacet
  facet normal -0.555983 0.831194 0
    outer loop
      vertex 141.674 236.913 0
      vertex 141.375 236.713 3
      vertex 141.674 236.913 3
    endloop
  endfacet
  facet normal -0.555983 0.831194 0
    outer loop
      vertex 141.375 236.713 3
      vertex 141.674 236.913 0
      vertex 141.375 236.713 0
    endloop
  endfacet
  facet normal 0.658308 0.752749 -0
    outer loop
      vertex 138.326 236.913 0
      vertex 138.055 237.15 3
      vertex 138.326 236.913 3
    endloop
  endfacet
  facet normal 0.658308 0.752749 0
    outer loop
      vertex 138.055 237.15 3
      vertex 138.326 236.913 0
      vertex 138.055 237.15 0
    endloop
  endfacet
  facet normal -0.555983 -0.831194 0
    outer loop
      vertex 141.375 241.477 0
      vertex 141.674 241.277 3
      vertex 141.375 241.477 3
    endloop
  endfacet
  facet normal -0.555983 -0.831194 -0
    outer loop
      vertex 141.674 241.277 3
      vertex 141.375 241.477 0
      vertex 141.674 241.277 0
    endloop
  endfacet
  facet normal -0.44165 0.897188 0
    outer loop
      vertex 141.375 236.713 0
      vertex 141.052 236.554 3
      vertex 141.375 236.713 3
    endloop
  endfacet
  facet normal -0.44165 0.897188 0
    outer loop
      vertex 141.052 236.554 3
      vertex 141.375 236.713 0
      vertex 141.052 236.554 0
    endloop
  endfacet
  facet normal 0.44165 0.897188 -0
    outer loop
      vertex 138.948 236.554 0
      vertex 138.625 236.713 3
      vertex 138.948 236.554 3
    endloop
  endfacet
  facet normal 0.44165 0.897188 0
    outer loop
      vertex 138.625 236.713 3
      vertex 138.948 236.554 0
      vertex 138.625 236.713 0
    endloop
  endfacet
  facet normal 0.752749 0.658308 0
    outer loop
      vertex 138.055 237.15 3
      vertex 137.818 237.421 0
      vertex 137.818 237.421 3
    endloop
  endfacet
  facet normal 0.752749 0.658308 0
    outer loop
      vertex 137.818 237.421 0
      vertex 138.055 237.15 3
      vertex 138.055 237.15 0
    endloop
  endfacet
  facet normal -0.831194 -0.555983 0
    outer loop
      vertex 142.382 240.47 0
      vertex 142.182 240.769 3
      vertex 142.182 240.769 0
    endloop
  endfacet
  facet normal -0.831194 -0.555983 0
    outer loop
      vertex 142.182 240.769 3
      vertex 142.382 240.47 0
      vertex 142.382 240.47 3
    endloop
  endfacet
  facet normal -0.320404 -0.947281 0
    outer loop
      vertex 140.712 241.751 0
      vertex 141.052 241.636 3
      vertex 140.712 241.751 3
    endloop
  endfacet
  facet normal -0.320404 -0.947281 -0
    outer loop
      vertex 141.052 241.636 3
      vertex 140.712 241.751 0
      vertex 141.052 241.636 0
    endloop
  endfacet
  facet normal -0.752749 -0.658308 0
    outer loop
      vertex 142.182 240.769 0
      vertex 141.945 241.04 3
      vertex 141.945 241.04 0
    endloop
  endfacet
  facet normal -0.752749 -0.658308 0
    outer loop
      vertex 141.945 241.04 3
      vertex 142.182 240.769 0
      vertex 142.182 240.769 3
    endloop
  endfacet
  facet normal -0.658308 -0.752749 0
    outer loop
      vertex 141.674 241.277 0
      vertex 141.945 241.04 3
      vertex 141.674 241.277 3
    endloop
  endfacet
  facet normal -0.658308 -0.752749 -0
    outer loop
      vertex 141.945 241.04 3
      vertex 141.674 241.277 0
      vertex 141.945 241.04 0
    endloop
  endfacet
  facet normal 0.997773 0.0667035 0
    outer loop
      vertex 137.274 238.736 3
      vertex 137.25 239.095 0
      vertex 137.25 239.095 3
    endloop
  endfacet
  facet normal 0.997773 0.0667035 0
    outer loop
      vertex 137.25 239.095 0
      vertex 137.274 238.736 3
      vertex 137.274 238.736 0
    endloop
  endfacet
  facet normal 0.194513 0.9809 -0
    outer loop
      vertex 139.641 236.369 0
      vertex 139.288 236.439 3
      vertex 139.641 236.369 3
    endloop
  endfacet
  facet normal 0.194513 0.9809 0
    outer loop
      vertex 139.288 236.439 3
      vertex 139.641 236.369 0
      vertex 139.288 236.439 0
    endloop
  endfacet
  facet normal -0.997773 0.0667035 0
    outer loop
      vertex 142.726 238.736 0
      vertex 142.75 239.095 3
      vertex 142.75 239.095 0
    endloop
  endfacet
  facet normal -0.997773 0.0667035 0
    outer loop
      vertex 142.75 239.095 3
      vertex 142.726 238.736 0
      vertex 142.726 238.736 3
    endloop
  endfacet
  facet normal 0.831194 -0.555983 0
    outer loop
      vertex 137.618 240.47 3
      vertex 137.818 240.769 0
      vertex 137.818 240.769 3
    endloop
  endfacet
  facet normal 0.831194 -0.555983 0
    outer loop
      vertex 137.818 240.769 0
      vertex 137.618 240.47 3
      vertex 137.618 240.47 0
    endloop
  endfacet
  facet normal -0.320404 0.947281 0
    outer loop
      vertex 141.052 236.554 0
      vertex 140.712 236.439 3
      vertex 141.052 236.554 3
    endloop
  endfacet
  facet normal -0.320404 0.947281 0
    outer loop
      vertex 140.712 236.439 3
      vertex 141.052 236.554 0
      vertex 140.712 236.439 0
    endloop
  endfacet
  facet normal -0.194513 0.9809 0
    outer loop
      vertex 140.712 236.439 0
      vertex 140.359 236.369 3
      vertex 140.712 236.439 3
    endloop
  endfacet
  facet normal -0.194513 0.9809 0
    outer loop
      vertex 140.359 236.369 3
      vertex 140.712 236.439 0
      vertex 140.359 236.369 0
    endloop
  endfacet
  facet normal 0.9809 0.194513 0
    outer loop
      vertex 137.344 238.383 3
      vertex 137.274 238.736 0
      vertex 137.274 238.736 3
    endloop
  endfacet
  facet normal 0.9809 0.194513 0
    outer loop
      vertex 137.274 238.736 0
      vertex 137.344 238.383 3
      vertex 137.344 238.383 0
    endloop
  endfacet
  facet normal 0.194513 -0.9809 0
    outer loop
      vertex 139.288 241.751 0
      vertex 139.641 241.821 3
      vertex 139.288 241.751 3
    endloop
  endfacet
  facet normal 0.194513 -0.9809 0
    outer loop
      vertex 139.641 241.821 3
      vertex 139.288 241.751 0
      vertex 139.641 241.821 0
    endloop
  endfacet
  facet normal 0.947281 -0.320404 0
    outer loop
      vertex 137.344 239.807 3
      vertex 137.459 240.147 0
      vertex 137.459 240.147 3
    endloop
  endfacet
  facet normal 0.947281 -0.320404 0
    outer loop
      vertex 137.459 240.147 0
      vertex 137.344 239.807 3
      vertex 137.344 239.807 0
    endloop
  endfacet
  facet normal 0.44165 -0.897188 0
    outer loop
      vertex 138.625 241.477 0
      vertex 138.948 241.636 3
      vertex 138.625 241.477 3
    endloop
  endfacet
  facet normal 0.44165 -0.897188 0
    outer loop
      vertex 138.948 241.636 3
      vertex 138.625 241.477 0
      vertex 138.948 241.636 0
    endloop
  endfacet
  facet normal 0.897188 0.44165 0
    outer loop
      vertex 137.618 237.72 3
      vertex 137.459 238.043 0
      vertex 137.459 238.043 3
    endloop
  endfacet
  facet normal 0.897188 0.44165 0
    outer loop
      vertex 137.459 238.043 0
      vertex 137.618 237.72 3
      vertex 137.618 237.72 0
    endloop
  endfacet
  facet normal 0.752749 -0.658308 0
    outer loop
      vertex 137.818 240.769 3
      vertex 138.055 241.04 0
      vertex 138.055 241.04 3
    endloop
  endfacet
  facet normal 0.752749 -0.658308 0
    outer loop
      vertex 138.055 241.04 0
      vertex 137.818 240.769 3
      vertex 137.818 240.769 0
    endloop
  endfacet
  facet normal -0.752749 0.658308 0
    outer loop
      vertex 141.945 237.15 0
      vertex 142.182 237.421 3
      vertex 142.182 237.421 0
    endloop
  endfacet
  facet normal -0.752749 0.658308 0
    outer loop
      vertex 142.182 237.421 3
      vertex 141.945 237.15 0
      vertex 141.945 237.15 3
    endloop
  endfacet
  facet normal -0.658308 0.752749 0
    outer loop
      vertex 141.945 237.15 0
      vertex 141.674 236.913 3
      vertex 141.945 237.15 3
    endloop
  endfacet
  facet normal -0.658308 0.752749 0
    outer loop
      vertex 141.674 236.913 3
      vertex 141.945 237.15 0
      vertex 141.674 236.913 0
    endloop
  endfacet
  facet normal 0.0667035 0.997773 -0
    outer loop
      vertex 140 236.345 0
      vertex 139.641 236.369 3
      vertex 140 236.345 3
    endloop
  endfacet
  facet normal 0.0667035 0.997773 0
    outer loop
      vertex 139.641 236.369 3
      vertex 140 236.345 0
      vertex 139.641 236.369 0
    endloop
  endfacet
  facet normal -0.9809 0.194513 0
    outer loop
      vertex 142.656 238.383 0
      vertex 142.726 238.736 3
      vertex 142.726 238.736 0
    endloop
  endfacet
  facet normal -0.9809 0.194513 0
    outer loop
      vertex 142.726 238.736 3
      vertex 142.656 238.383 0
      vertex 142.656 238.383 3
    endloop
  endfacet
  facet normal 0.897188 -0.44165 0
    outer loop
      vertex 137.459 240.147 3
      vertex 137.618 240.47 0
      vertex 137.618 240.47 3
    endloop
  endfacet
  facet normal 0.897188 -0.44165 0
    outer loop
      vertex 137.618 240.47 0
      vertex 137.459 240.147 3
      vertex 137.459 240.147 0
    endloop
  endfacet
  facet normal 0.9809 -0.194513 0
    outer loop
      vertex 137.274 239.454 3
      vertex 137.344 239.807 0
      vertex 137.344 239.807 3
    endloop
  endfacet
  facet normal 0.9809 -0.194513 0
    outer loop
      vertex 137.344 239.807 0
      vertex 137.274 239.454 3
      vertex 137.274 239.454 0
    endloop
  endfacet
  facet normal -0.0667035 -0.997773 0
    outer loop
      vertex 140 241.845 0
      vertex 140.359 241.821 3
      vertex 140 241.845 3
    endloop
  endfacet
  facet normal -0.0667035 -0.997773 -0
    outer loop
      vertex 140.359 241.821 3
      vertex 140 241.845 0
      vertex 140.359 241.821 0
    endloop
  endfacet
  facet normal -0.0667035 0.997773 0
    outer loop
      vertex 140.359 236.369 0
      vertex 140 236.345 3
      vertex 140.359 236.369 3
    endloop
  endfacet
  facet normal -0.0667035 0.997773 0
    outer loop
      vertex 140 236.345 3
      vertex 140.359 236.369 0
      vertex 140 236.345 0
    endloop
  endfacet
  facet normal -0.194513 -0.9809 0
    outer loop
      vertex 140.359 241.821 0
      vertex 140.712 241.751 3
      vertex 140.359 241.821 3
    endloop
  endfacet
  facet normal -0.194513 -0.9809 -0
    outer loop
      vertex 140.712 241.751 3
      vertex 140.359 241.821 0
      vertex 140.712 241.751 0
    endloop
  endfacet
  facet normal 0.831194 0.555983 0
    outer loop
      vertex 137.818 237.421 3
      vertex 137.618 237.72 0
      vertex 137.618 237.72 3
    endloop
  endfacet
  facet normal 0.831194 0.555983 0
    outer loop
      vertex 137.618 237.72 0
      vertex 137.818 237.421 3
      vertex 137.818 237.421 0
    endloop
  endfacet
  facet normal 0.896871 0.442292 0
    outer loop
      vertex 37.6184 9.52999 3
      vertex 37.4593 9.85261 0
      vertex 37.4593 9.85261 3
    endloop
  endfacet
  facet normal 0.896871 0.442292 0
    outer loop
      vertex 37.4593 9.85261 0
      vertex 37.6184 9.52999 3
      vertex 37.6184 9.52999 0
    endloop
  endfacet
  facet normal -0.321469 0.94692 0
    outer loop
      vertex 41.0524 8.36432 0
      vertex 40.7118 8.24869 3
      vertex 41.0524 8.36432 3
    endloop
  endfacet
  facet normal -0.321469 0.94692 0
    outer loop
      vertex 40.7118 8.24869 3
      vertex 41.0524 8.36432 0
      vertex 40.7118 8.24869 0
    endloop
  endfacet
  facet normal -0.980773 -0.195154 0
    outer loop
      vertex 42.7265 11.2639 0
      vertex 42.6563 11.6167 3
      vertex 42.6563 11.6167 0
    endloop
  endfacet
  facet normal -0.980773 -0.195154 0
    outer loop
      vertex 42.6563 11.6167 3
      vertex 42.7265 11.2639 0
      vertex 42.7265 11.2639 3
    endloop
  endfacet
  facet normal -0.997863 -0.0653379 0
    outer loop
      vertex 42.75 10.905 0
      vertex 42.7265 11.2639 3
      vertex 42.7265 11.2639 0
    endloop
  endfacet
  facet normal -0.997863 -0.0653379 0
    outer loop
      vertex 42.7265 11.2639 3
      vertex 42.75 10.905 0
      vertex 42.75 10.905 3
    endloop
  endfacet
  facet normal -0.946974 -0.32131 0
    outer loop
      vertex 42.6563 11.6167 0
      vertex 42.5407 11.9574 3
      vertex 42.5407 11.9574 0
    endloop
  endfacet
  facet normal -0.946974 -0.32131 0
    outer loop
      vertex 42.5407 11.9574 3
      vertex 42.6563 11.6167 0
      vertex 42.6563 11.6167 3
    endloop
  endfacet
  facet normal 0.0653379 -0.997863 0
    outer loop
      vertex 39.6411 13.6315 0
      vertex 40 13.655 3
      vertex 39.6411 13.6315 3
    endloop
  endfacet
  facet normal 0.0653379 -0.997863 0
    outer loop
      vertex 40 13.655 3
      vertex 39.6411 13.6315 0
      vertex 40 13.655 0
    endloop
  endfacet
  facet normal -0.321394 -0.946945 0
    outer loop
      vertex 40.7118 13.5613 0
      vertex 41.0524 13.4457 3
      vertex 40.7118 13.5613 3
    endloop
  endfacet
  facet normal -0.321394 -0.946945 -0
    outer loop
      vertex 41.0524 13.4457 3
      vertex 40.7118 13.5613 0
      vertex 41.0524 13.4457 0
    endloop
  endfacet
  facet normal -0.831408 -0.555662 0
    outer loop
      vertex 42.3816 12.28 0
      vertex 42.1817 12.5791 3
      vertex 42.1817 12.5791 0
    endloop
  endfacet
  facet normal -0.831408 -0.555662 0
    outer loop
      vertex 42.1817 12.5791 3
      vertex 42.3816 12.28 0
      vertex 42.3816 12.28 3
    endloop
  endfacet
  facet normal -0.555662 -0.831408 0
    outer loop
      vertex 41.375 13.2866 0
      vertex 41.6741 13.0867 3
      vertex 41.375 13.2866 3
    endloop
  endfacet
  facet normal -0.555662 -0.831408 -0
    outer loop
      vertex 41.6741 13.0867 3
      vertex 41.375 13.2866 0
      vertex 41.6741 13.0867 0
    endloop
  endfacet
  facet normal 0.659449 -0.751749 0
    outer loop
      vertex 38.0555 12.8495 0
      vertex 38.3259 13.0867 3
      vertex 38.0555 12.8495 3
    endloop
  endfacet
  facet normal 0.659449 -0.751749 0
    outer loop
      vertex 38.3259 13.0867 3
      vertex 38.0555 12.8495 0
      vertex 38.3259 13.0867 0
    endloop
  endfacet
  facet normal 0.997863 -0.0653379 0
    outer loop
      vertex 37.25 10.905 3
      vertex 37.2735 11.2639 0
      vertex 37.2735 11.2639 3
    endloop
  endfacet
  facet normal 0.997863 -0.0653379 0
    outer loop
      vertex 37.2735 11.2639 0
      vertex 37.25 10.905 3
      vertex 37.25 10.905 0
    endloop
  endfacet
  facet normal -0.89686 -0.442314 0
    outer loop
      vertex 42.5407 11.9574 0
      vertex 42.3816 12.28 3
      vertex 42.3816 12.28 0
    endloop
  endfacet
  facet normal -0.89686 -0.442314 0
    outer loop
      vertex 42.3816 12.28 3
      vertex 42.5407 11.9574 0
      vertex 42.5407 11.9574 3
    endloop
  endfacet
  facet normal 0.555547 0.831485 -0
    outer loop
      vertex 38.625 8.52342 0
      vertex 38.3259 8.72326 3
      vertex 38.625 8.52342 3
    endloop
  endfacet
  facet normal 0.555547 0.831485 0
    outer loop
      vertex 38.3259 8.72326 3
      vertex 38.625 8.52342 0
      vertex 38.3259 8.72326 0
    endloop
  endfacet
  facet normal -0.946943 0.321403 0
    outer loop
      vertex 42.5407 9.85261 0
      vertex 42.6563 10.1932 3
      vertex 42.6563 10.1932 0
    endloop
  endfacet
  facet normal -0.946943 0.321403 0
    outer loop
      vertex 42.6563 10.1932 3
      vertex 42.5407 9.85261 0
      vertex 42.5407 9.85261 3
    endloop
  endfacet
  facet normal 0.751749 -0.659449 0
    outer loop
      vertex 37.8183 12.5791 3
      vertex 38.0555 12.8495 0
      vertex 38.0555 12.8495 3
    endloop
  endfacet
  facet normal 0.751749 -0.659449 0
    outer loop
      vertex 38.0555 12.8495 0
      vertex 37.8183 12.5791 3
      vertex 37.8183 12.5791 0
    endloop
  endfacet
  facet normal -0.0653379 -0.997863 0
    outer loop
      vertex 40 13.655 0
      vertex 40.3589 13.6315 3
      vertex 40 13.655 3
    endloop
  endfacet
  facet normal -0.0653379 -0.997863 -0
    outer loop
      vertex 40.3589 13.6315 3
      vertex 40 13.655 0
      vertex 40.3589 13.6315 0
    endloop
  endfacet
  facet normal 0.195101 -0.980783 0
    outer loop
      vertex 39.2882 13.5613 0
      vertex 39.6411 13.6315 3
      vertex 39.2882 13.5613 3
    endloop
  endfacet
  facet normal 0.195101 -0.980783 0
    outer loop
      vertex 39.6411 13.6315 3
      vertex 39.2882 13.5613 0
      vertex 39.6411 13.6315 0
    endloop
  endfacet
  facet normal 0.980773 -0.195154 0
    outer loop
      vertex 37.2735 11.2639 3
      vertex 37.3437 11.6167 0
      vertex 37.3437 11.6167 3
    endloop
  endfacet
  facet normal 0.980773 -0.195154 0
    outer loop
      vertex 37.3437 11.6167 0
      vertex 37.2735 11.2639 3
      vertex 37.2735 11.2639 0
    endloop
  endfacet
  facet normal 0.321469 0.94692 -0
    outer loop
      vertex 39.2882 8.24869 0
      vertex 38.9476 8.36432 3
      vertex 39.2882 8.24869 3
    endloop
  endfacet
  facet normal 0.321469 0.94692 0
    outer loop
      vertex 38.9476 8.36432 3
      vertex 39.2882 8.24869 0
      vertex 38.9476 8.36432 0
    endloop
  endfacet
  facet normal 0.442314 -0.89686 0
    outer loop
      vertex 38.625 13.2866 0
      vertex 38.9476 13.4457 3
      vertex 38.625 13.2866 3
    endloop
  endfacet
  facet normal 0.442314 -0.89686 0
    outer loop
      vertex 38.9476 13.4457 3
      vertex 38.625 13.2866 0
      vertex 38.9476 13.4457 0
    endloop
  endfacet
  facet normal 0.0653933 0.99786 -0
    outer loop
      vertex 40 8.15499 0
      vertex 39.6411 8.17851 3
      vertex 40 8.15499 3
    endloop
  endfacet
  facet normal 0.0653933 0.99786 0
    outer loop
      vertex 39.6411 8.17851 3
      vertex 40 8.15499 0
      vertex 39.6411 8.17851 0
    endloop
  endfacet
  facet normal 0.555662 -0.831408 0
    outer loop
      vertex 38.3259 13.0867 0
      vertex 38.625 13.2866 3
      vertex 38.3259 13.0867 3
    endloop
  endfacet
  facet normal 0.555662 -0.831408 0
    outer loop
      vertex 38.625 13.2866 3
      vertex 38.3259 13.0867 0
      vertex 38.625 13.2866 0
    endloop
  endfacet
  facet normal -0.195047 0.980794 0
    outer loop
      vertex 40.7118 8.24869 0
      vertex 40.3589 8.17851 3
      vertex 40.7118 8.24869 3
    endloop
  endfacet
  facet normal -0.195047 0.980794 0
    outer loop
      vertex 40.3589 8.17851 3
      vertex 40.7118 8.24869 0
      vertex 40.3589 8.17851 0
    endloop
  endfacet
  facet normal -0.195101 -0.980783 0
    outer loop
      vertex 40.3589 13.6315 0
      vertex 40.7118 13.5613 3
      vertex 40.3589 13.6315 3
    endloop
  endfacet
  facet normal -0.195101 -0.980783 -0
    outer loop
      vertex 40.7118 13.5613 3
      vertex 40.3589 13.6315 0
      vertex 40.7118 13.5613 0
    endloop
  endfacet
  facet normal -0.442314 -0.89686 0
    outer loop
      vertex 41.0524 13.4457 0
      vertex 41.375 13.2866 3
      vertex 41.0524 13.4457 3
    endloop
  endfacet
  facet normal -0.442314 -0.89686 -0
    outer loop
      vertex 41.375 13.2866 3
      vertex 41.0524 13.4457 0
      vertex 41.375 13.2866 0
    endloop
  endfacet
  facet normal -0.659449 -0.751749 0
    outer loop
      vertex 41.6741 13.0867 0
      vertex 41.9445 12.8495 3
      vertex 41.6741 13.0867 3
    endloop
  endfacet
  facet normal -0.659449 -0.751749 -0
    outer loop
      vertex 41.9445 12.8495 3
      vertex 41.6741 13.0867 0
      vertex 41.9445 12.8495 0
    endloop
  endfacet
  facet normal -0.555547 0.831485 0
    outer loop
      vertex 41.6741 8.72326 0
      vertex 41.375 8.52342 3
      vertex 41.6741 8.72326 3
    endloop
  endfacet
  facet normal -0.555547 0.831485 0
    outer loop
      vertex 41.375 8.52342 3
      vertex 41.6741 8.72326 0
      vertex 41.375 8.52342 0
    endloop
  endfacet
  facet normal -0.997864 0.0653198 0
    outer loop
      vertex 42.7265 10.546 0
      vertex 42.75 10.905 3
      vertex 42.75 10.905 0
    endloop
  endfacet
  facet normal -0.997864 0.0653198 0
    outer loop
      vertex 42.75 10.905 3
      vertex 42.7265 10.546 0
      vertex 42.7265 10.546 3
    endloop
  endfacet
  facet normal -0.751749 -0.659449 0
    outer loop
      vertex 42.1817 12.5791 0
      vertex 41.9445 12.8495 3
      vertex 41.9445 12.8495 0
    endloop
  endfacet
  facet normal -0.751749 -0.659449 0
    outer loop
      vertex 41.9445 12.8495 3
      vertex 42.1817 12.5791 0
      vertex 42.1817 12.5791 3
    endloop
  endfacet
  facet normal -0.980773 0.195154 0
    outer loop
      vertex 42.6563 10.1932 0
      vertex 42.7265 10.546 3
      vertex 42.7265 10.546 0
    endloop
  endfacet
  facet normal -0.980773 0.195154 0
    outer loop
      vertex 42.7265 10.546 3
      vertex 42.6563 10.1932 0
      vertex 42.6563 10.1932 3
    endloop
  endfacet
  facet normal 0.980773 0.195154 0
    outer loop
      vertex 37.3437 10.1932 3
      vertex 37.2735 10.546 0
      vertex 37.2735 10.546 3
    endloop
  endfacet
  facet normal 0.980773 0.195154 0
    outer loop
      vertex 37.2735 10.546 0
      vertex 37.3437 10.1932 3
      vertex 37.3437 10.1932 0
    endloop
  endfacet
  facet normal -0.75181 0.65938 0
    outer loop
      vertex 41.9445 8.96044 0
      vertex 42.1817 9.23089 3
      vertex 42.1817 9.23089 0
    endloop
  endfacet
  facet normal -0.75181 0.65938 0
    outer loop
      vertex 42.1817 9.23089 3
      vertex 41.9445 8.96044 0
      vertex 41.9445 8.96044 3
    endloop
  endfacet
  facet normal 0.659417 0.751777 -0
    outer loop
      vertex 38.3259 8.72326 0
      vertex 38.0555 8.96044 3
      vertex 38.3259 8.72326 3
    endloop
  endfacet
  facet normal 0.659417 0.751777 0
    outer loop
      vertex 38.0555 8.96044 3
      vertex 38.3259 8.72326 0
      vertex 38.0555 8.96044 0
    endloop
  endfacet
  facet normal -0.896871 0.442292 0
    outer loop
      vertex 42.3816 9.52999 0
      vertex 42.5407 9.85261 3
      vertex 42.5407 9.85261 0
    endloop
  endfacet
  facet normal -0.896871 0.442292 0
    outer loop
      vertex 42.5407 9.85261 3
      vertex 42.3816 9.52999 0
      vertex 42.3816 9.52999 3
    endloop
  endfacet
  facet normal -0.0653933 0.99786 0
    outer loop
      vertex 40.3589 8.17851 0
      vertex 40 8.15499 3
      vertex 40.3589 8.17851 3
    endloop
  endfacet
  facet normal -0.0653933 0.99786 0
    outer loop
      vertex 40 8.15499 3
      vertex 40.3589 8.17851 0
      vertex 40 8.15499 0
    endloop
  endfacet
  facet normal -0.442314 0.89686 0
    outer loop
      vertex 41.375 8.52342 0
      vertex 41.0524 8.36432 3
      vertex 41.375 8.52342 3
    endloop
  endfacet
  facet normal -0.442314 0.89686 0
    outer loop
      vertex 41.0524 8.36432 3
      vertex 41.375 8.52342 0
      vertex 41.0524 8.36432 0
    endloop
  endfacet
  facet normal -0.831408 0.555662 0
    outer loop
      vertex 42.1817 9.23089 0
      vertex 42.3816 9.52999 3
      vertex 42.3816 9.52999 0
    endloop
  endfacet
  facet normal -0.831408 0.555662 0
    outer loop
      vertex 42.3816 9.52999 3
      vertex 42.1817 9.23089 0
      vertex 42.1817 9.23089 3
    endloop
  endfacet
  facet normal 0.831408 -0.555662 0
    outer loop
      vertex 37.6184 12.28 3
      vertex 37.8183 12.5791 0
      vertex 37.8183 12.5791 3
    endloop
  endfacet
  facet normal 0.831408 -0.555662 0
    outer loop
      vertex 37.8183 12.5791 0
      vertex 37.6184 12.28 3
      vertex 37.6184 12.28 0
    endloop
  endfacet
  facet normal 0.321394 -0.946945 0
    outer loop
      vertex 38.9476 13.4457 0
      vertex 39.2882 13.5613 3
      vertex 38.9476 13.4457 3
    endloop
  endfacet
  facet normal 0.321394 -0.946945 0
    outer loop
      vertex 39.2882 13.5613 3
      vertex 38.9476 13.4457 0
      vertex 39.2882 13.5613 0
    endloop
  endfacet
  facet normal -0.659417 0.751777 0
    outer loop
      vertex 41.9445 8.96044 0
      vertex 41.6741 8.72326 3
      vertex 41.9445 8.96044 3
    endloop
  endfacet
  facet normal -0.659417 0.751777 0
    outer loop
      vertex 41.6741 8.72326 3
      vertex 41.9445 8.96044 0
      vertex 41.6741 8.72326 0
    endloop
  endfacet
  facet normal 0.195047 0.980794 -0
    outer loop
      vertex 39.6411 8.17851 0
      vertex 39.2882 8.24869 3
      vertex 39.6411 8.17851 3
    endloop
  endfacet
  facet normal 0.195047 0.980794 0
    outer loop
      vertex 39.2882 8.24869 3
      vertex 39.6411 8.17851 0
      vertex 39.2882 8.24869 0
    endloop
  endfacet
  facet normal 0.946943 0.321403 0
    outer loop
      vertex 37.4593 9.85261 3
      vertex 37.3437 10.1932 0
      vertex 37.3437 10.1932 3
    endloop
  endfacet
  facet normal 0.946943 0.321403 0
    outer loop
      vertex 37.3437 10.1932 0
      vertex 37.4593 9.85261 3
      vertex 37.4593 9.85261 0
    endloop
  endfacet
  facet normal 0.997864 0.0653198 0
    outer loop
      vertex 37.2735 10.546 3
      vertex 37.25 10.905 0
      vertex 37.25 10.905 3
    endloop
  endfacet
  facet normal 0.997864 0.0653198 0
    outer loop
      vertex 37.25 10.905 0
      vertex 37.2735 10.546 3
      vertex 37.2735 10.546 0
    endloop
  endfacet
  facet normal 0.946974 -0.32131 0
    outer loop
      vertex 37.3437 11.6167 3
      vertex 37.4593 11.9574 0
      vertex 37.4593 11.9574 3
    endloop
  endfacet
  facet normal 0.946974 -0.32131 0
    outer loop
      vertex 37.4593 11.9574 0
      vertex 37.3437 11.6167 3
      vertex 37.3437 11.6167 0
    endloop
  endfacet
  facet normal 0.442314 0.89686 -0
    outer loop
      vertex 38.9476 8.36432 0
      vertex 38.625 8.52342 3
      vertex 38.9476 8.36432 3
    endloop
  endfacet
  facet normal 0.442314 0.89686 0
    outer loop
      vertex 38.625 8.52342 3
      vertex 38.9476 8.36432 0
      vertex 38.625 8.52342 0
    endloop
  endfacet
  facet normal 0.831408 0.555662 0
    outer loop
      vertex 37.8183 9.23089 3
      vertex 37.6184 9.52999 0
      vertex 37.6184 9.52999 3
    endloop
  endfacet
  facet normal 0.831408 0.555662 0
    outer loop
      vertex 37.6184 9.52999 0
      vertex 37.8183 9.23089 3
      vertex 37.8183 9.23089 0
    endloop
  endfacet
  facet normal 0.75181 0.65938 0
    outer loop
      vertex 38.0555 8.96044 3
      vertex 37.8183 9.23089 0
      vertex 37.8183 9.23089 3
    endloop
  endfacet
  facet normal 0.75181 0.65938 0
    outer loop
      vertex 37.8183 9.23089 0
      vertex 38.0555 8.96044 3
      vertex 38.0555 8.96044 0
    endloop
  endfacet
  facet normal 0.89686 -0.442314 0
    outer loop
      vertex 37.4593 11.9574 3
      vertex 37.6184 12.28 0
      vertex 37.6184 12.28 3
    endloop
  endfacet
  facet normal 0.89686 -0.442314 0
    outer loop
      vertex 37.6184 12.28 0
      vertex 37.4593 11.9574 3
      vertex 37.4593 11.9574 0
    endloop
  endfacet
  facet normal 0.896981 0.442068 0
    outer loop
      vertex 137.618 9.52999 3
      vertex 137.459 9.85261 0
      vertex 137.459 9.85261 3
    endloop
  endfacet
  facet normal 0.896981 0.442068 0
    outer loop
      vertex 137.459 9.85261 0
      vertex 137.618 9.52999 3
      vertex 137.618 9.52999 0
    endloop
  endfacet
  facet normal -0.321978 0.946747 0
    outer loop
      vertex 141.052 8.36432 0
      vertex 140.712 8.24869 3
      vertex 141.052 8.36432 3
    endloop
  endfacet
  facet normal -0.321978 0.946747 0
    outer loop
      vertex 140.712 8.24869 3
      vertex 141.052 8.36432 0
      vertex 140.712 8.24869 0
    endloop
  endfacet
  facet normal -0.980879 -0.194619 0
    outer loop
      vertex 142.726 11.2639 0
      vertex 142.656 11.6167 3
      vertex 142.656 11.6167 0
    endloop
  endfacet
  facet normal -0.980879 -0.194619 0
    outer loop
      vertex 142.656 11.6167 3
      vertex 142.726 11.2639 0
      vertex 142.726 11.2639 3
    endloop
  endfacet
  facet normal -0.997772 -0.066722 0
    outer loop
      vertex 142.75 10.905 0
      vertex 142.726 11.2639 3
      vertex 142.726 11.2639 0
    endloop
  endfacet
  facet normal -0.997772 -0.066722 0
    outer loop
      vertex 142.726 11.2639 3
      vertex 142.75 10.905 0
      vertex 142.75 10.905 3
    endloop
  endfacet
  facet normal -0.947481 -0.319813 0
    outer loop
      vertex 142.656 11.6167 0
      vertex 142.541 11.9574 3
      vertex 142.541 11.9574 0
    endloop
  endfacet
  facet normal -0.947481 -0.319813 0
    outer loop
      vertex 142.541 11.9574 3
      vertex 142.656 11.6167 0
      vertex 142.656 11.6167 3
    endloop
  endfacet
  facet normal 0.0653198 -0.997864 0
    outer loop
      vertex 139.641 13.6315 0
      vertex 140 13.655 3
      vertex 139.641 13.6315 3
    endloop
  endfacet
  facet normal 0.0653198 -0.997864 0
    outer loop
      vertex 140 13.655 3
      vertex 139.641 13.6315 0
      vertex 140 13.655 0
    endloop
  endfacet
  facet normal -0.321903 -0.946773 0
    outer loop
      vertex 140.712 13.5613 0
      vertex 141.052 13.4457 3
      vertex 140.712 13.5613 3
    endloop
  endfacet
  facet normal -0.321903 -0.946773 -0
    outer loop
      vertex 141.052 13.4457 3
      vertex 140.712 13.5613 0
      vertex 141.052 13.4457 0
    endloop
  endfacet
  facet normal -0.83128 -0.555854 0
    outer loop
      vertex 142.382 12.28 0
      vertex 142.182 12.5791 3
      vertex 142.182 12.5791 0
    endloop
  endfacet
  facet normal -0.83128 -0.555854 0
    outer loop
      vertex 142.182 12.5791 3
      vertex 142.382 12.28 0
      vertex 142.382 12.28 3
    endloop
  endfacet
  facet normal -0.55579 -0.831322 0
    outer loop
      vertex 141.375 13.2866 0
      vertex 141.674 13.0867 3
      vertex 141.375 13.2866 3
    endloop
  endfacet
  facet normal -0.55579 -0.831322 -0
    outer loop
      vertex 141.674 13.0867 3
      vertex 141.375 13.2866 0
      vertex 141.674 13.0867 0
    endloop
  endfacet
  facet normal 0.658623 -0.752473 0
    outer loop
      vertex 138.055 12.8495 0
      vertex 138.326 13.0867 3
      vertex 138.055 12.8495 3
    endloop
  endfacet
  facet normal 0.658623 -0.752473 0
    outer loop
      vertex 138.326 13.0867 3
      vertex 138.055 12.8495 0
      vertex 138.326 13.0867 0
    endloop
  endfacet
  facet normal 0.997772 -0.066722 0
    outer loop
      vertex 137.25 10.905 3
      vertex 137.274 11.2639 0
      vertex 137.274 11.2639 3
    endloop
  endfacet
  facet normal 0.997772 -0.066722 0
    outer loop
      vertex 137.274 11.2639 0
      vertex 137.25 10.905 3
      vertex 137.25 10.905 0
    endloop
  endfacet
  facet normal -0.896971 -0.44209 0
    outer loop
      vertex 142.541 11.9574 0
      vertex 142.382 12.28 3
      vertex 142.382 12.28 0
    endloop
  endfacet
  facet normal -0.896971 -0.44209 0
    outer loop
      vertex 142.382 12.28 3
      vertex 142.541 11.9574 0
      vertex 142.541 11.9574 3
    endloop
  endfacet
  facet normal 0.555675 0.831399 -0
    outer loop
      vertex 138.625 8.52342 0
      vertex 138.326 8.72326 3
      vertex 138.625 8.52342 3
    endloop
  endfacet
  facet normal 0.555675 0.831399 0
    outer loop
      vertex 138.326 8.72326 3
      vertex 138.625 8.52342 0
      vertex 138.326 8.72326 0
    endloop
  endfacet
  facet normal -0.947449 0.319906 0
    outer loop
      vertex 142.541 9.85261 0
      vertex 142.656 10.1932 3
      vertex 142.656 10.1932 0
    endloop
  endfacet
  facet normal -0.947449 0.319906 0
    outer loop
      vertex 142.656 10.1932 3
      vertex 142.541 9.85261 0
      vertex 142.541 9.85261 3
    endloop
  endfacet
  facet normal 0.752025 -0.659134 0
    outer loop
      vertex 137.818 12.5791 3
      vertex 138.055 12.8495 0
      vertex 138.055 12.8495 3
    endloop
  endfacet
  facet normal 0.752025 -0.659134 0
    outer loop
      vertex 138.055 12.8495 0
      vertex 137.818 12.5791 3
      vertex 137.818 12.5791 0
    endloop
  endfacet
  facet normal -0.0653198 -0.997864 0
    outer loop
      vertex 140 13.655 0
      vertex 140.359 13.6315 3
      vertex 140 13.655 3
    endloop
  endfacet
  facet normal -0.0653198 -0.997864 -0
    outer loop
      vertex 140.359 13.6315 3
      vertex 140 13.655 0
      vertex 140.359 13.6315 0
    endloop
  endfacet
  facet normal 0.195047 -0.980794 0
    outer loop
      vertex 139.288 13.5613 0
      vertex 139.641 13.6315 3
      vertex 139.288 13.5613 3
    endloop
  endfacet
  facet normal 0.195047 -0.980794 0
    outer loop
      vertex 139.641 13.6315 3
      vertex 139.288 13.5613 0
      vertex 139.641 13.6315 0
    endloop
  endfacet
  facet normal 0.980879 -0.194619 0
    outer loop
      vertex 137.274 11.2639 3
      vertex 137.344 11.6167 0
      vertex 137.344 11.6167 3
    endloop
  endfacet
  facet normal 0.980879 -0.194619 0
    outer loop
      vertex 137.344 11.6167 0
      vertex 137.274 11.2639 3
      vertex 137.274 11.2639 0
    endloop
  endfacet
  facet normal 0.321978 0.946747 -0
    outer loop
      vertex 139.288 8.24869 0
      vertex 138.948 8.36432 3
      vertex 139.288 8.24869 3
    endloop
  endfacet
  facet normal 0.321978 0.946747 0
    outer loop
      vertex 138.948 8.36432 3
      vertex 139.288 8.24869 0
      vertex 138.948 8.36432 0
    endloop
  endfacet
  facet normal 0.441873 -0.897078 0
    outer loop
      vertex 138.625 13.2866 0
      vertex 138.948 13.4457 3
      vertex 138.625 13.2866 3
    endloop
  endfacet
  facet normal 0.441873 -0.897078 0
    outer loop
      vertex 138.948 13.4457 3
      vertex 138.625 13.2866 0
      vertex 138.948 13.4457 0
    endloop
  endfacet
  facet normal 0.0653752 0.997861 -0
    outer loop
      vertex 140 8.15499 0
      vertex 139.641 8.17851 3
      vertex 140 8.15499 3
    endloop
  endfacet
  facet normal 0.0653752 0.997861 0
    outer loop
      vertex 139.641 8.17851 3
      vertex 140 8.15499 0
      vertex 139.641 8.17851 0
    endloop
  endfacet
  facet normal 0.55579 -0.831322 0
    outer loop
      vertex 138.326 13.0867 0
      vertex 138.625 13.2866 3
      vertex 138.326 13.0867 3
    endloop
  endfacet
  facet normal 0.55579 -0.831322 0
    outer loop
      vertex 138.625 13.2866 3
      vertex 138.326 13.0867 0
      vertex 138.625 13.2866 0
    endloop
  endfacet
  facet normal -0.194994 0.980804 0
    outer loop
      vertex 140.712 8.24869 0
      vertex 140.359 8.17851 3
      vertex 140.712 8.24869 3
    endloop
  endfacet
  facet normal -0.194994 0.980804 0
    outer loop
      vertex 140.359 8.17851 3
      vertex 140.712 8.24869 0
      vertex 140.359 8.17851 0
    endloop
  endfacet
  facet normal -0.195047 -0.980794 0
    outer loop
      vertex 140.359 13.6315 0
      vertex 140.712 13.5613 3
      vertex 140.359 13.6315 3
    endloop
  endfacet
  facet normal -0.195047 -0.980794 -0
    outer loop
      vertex 140.712 13.5613 3
      vertex 140.359 13.6315 0
      vertex 140.712 13.5613 0
    endloop
  endfacet
  facet normal -0.441873 -0.897078 0
    outer loop
      vertex 141.052 13.4457 0
      vertex 141.375 13.2866 3
      vertex 141.052 13.4457 3
    endloop
  endfacet
  facet normal -0.441873 -0.897078 -0
    outer loop
      vertex 141.375 13.2866 3
      vertex 141.052 13.4457 0
      vertex 141.375 13.2866 0
    endloop
  endfacet
  facet normal -0.658623 -0.752473 0
    outer loop
      vertex 141.674 13.0867 0
      vertex 141.945 12.8495 3
      vertex 141.674 13.0867 3
    endloop
  endfacet
  facet normal -0.658623 -0.752473 -0
    outer loop
      vertex 141.945 12.8495 3
      vertex 141.674 13.0867 0
      vertex 141.945 12.8495 0
    endloop
  endfacet
  facet normal -0.555675 0.831399 0
    outer loop
      vertex 141.674 8.72326 0
      vertex 141.375 8.52342 3
      vertex 141.674 8.72326 3
    endloop
  endfacet
  facet normal -0.555675 0.831399 0
    outer loop
      vertex 141.375 8.52342 3
      vertex 141.674 8.72326 0
      vertex 141.375 8.52342 0
    endloop
  endfacet
  facet normal -0.997773 0.0667035 0
    outer loop
      vertex 142.726 10.546 0
      vertex 142.75 10.905 3
      vertex 142.75 10.905 0
    endloop
  endfacet
  facet normal -0.997773 0.0667035 0
    outer loop
      vertex 142.75 10.905 3
      vertex 142.726 10.546 0
      vertex 142.726 10.546 3
    endloop
  endfacet
  facet normal -0.752025 -0.659134 0
    outer loop
      vertex 142.182 12.5791 0
      vertex 141.945 12.8495 3
      vertex 141.945 12.8495 0
    endloop
  endfacet
  facet normal -0.752025 -0.659134 0
    outer loop
      vertex 141.945 12.8495 3
      vertex 142.182 12.5791 0
      vertex 142.182 12.5791 3
    endloop
  endfacet
  facet normal -0.980879 0.194619 0
    outer loop
      vertex 142.656 10.1932 0
      vertex 142.726 10.546 3
      vertex 142.726 10.546 0
    endloop
  endfacet
  facet normal -0.980879 0.194619 0
    outer loop
      vertex 142.726 10.546 3
      vertex 142.656 10.1932 0
      vertex 142.656 10.1932 3
    endloop
  endfacet
  facet normal 0.980879 0.194619 0
    outer loop
      vertex 137.344 10.1932 3
      vertex 137.274 10.546 0
      vertex 137.274 10.546 3
    endloop
  endfacet
  facet normal 0.980879 0.194619 0
    outer loop
      vertex 137.274 10.546 0
      vertex 137.344 10.1932 3
      vertex 137.344 10.1932 0
    endloop
  endfacet
  facet normal -0.752086 0.659066 0
    outer loop
      vertex 141.945 8.96044 0
      vertex 142.182 9.23089 3
      vertex 142.182 9.23089 0
    endloop
  endfacet
  facet normal -0.752086 0.659066 0
    outer loop
      vertex 142.182 9.23089 3
      vertex 141.945 8.96044 0
      vertex 141.945 8.96044 3
    endloop
  endfacet
  facet normal 0.658591 0.752501 -0
    outer loop
      vertex 138.326 8.72326 0
      vertex 138.055 8.96044 3
      vertex 138.326 8.72326 3
    endloop
  endfacet
  facet normal 0.658591 0.752501 0
    outer loop
      vertex 138.055 8.96044 3
      vertex 138.326 8.72326 0
      vertex 138.055 8.96044 0
    endloop
  endfacet
  facet normal -0.896981 0.442068 0
    outer loop
      vertex 142.382 9.52999 0
      vertex 142.541 9.85261 3
      vertex 142.541 9.85261 0
    endloop
  endfacet
  facet normal -0.896981 0.442068 0
    outer loop
      vertex 142.541 9.85261 3
      vertex 142.382 9.52999 0
      vertex 142.382 9.52999 3
    endloop
  endfacet
  facet normal -0.0653752 0.997861 0
    outer loop
      vertex 140.359 8.17851 0
      vertex 140 8.15499 3
      vertex 140.359 8.17851 3
    endloop
  endfacet
  facet normal -0.0653752 0.997861 0
    outer loop
      vertex 140 8.15499 3
      vertex 140.359 8.17851 0
      vertex 140 8.15499 0
    endloop
  endfacet
  facet normal -0.441873 0.897078 0
    outer loop
      vertex 141.375 8.52342 0
      vertex 141.052 8.36432 3
      vertex 141.375 8.52342 3
    endloop
  endfacet
  facet normal -0.441873 0.897078 0
    outer loop
      vertex 141.052 8.36432 3
      vertex 141.375 8.52342 0
      vertex 141.052 8.36432 0
    endloop
  endfacet
  facet normal -0.83128 0.555854 0
    outer loop
      vertex 142.182 9.23089 0
      vertex 142.382 9.52999 3
      vertex 142.382 9.52999 0
    endloop
  endfacet
  facet normal -0.83128 0.555854 0
    outer loop
      vertex 142.382 9.52999 3
      vertex 142.182 9.23089 0
      vertex 142.182 9.23089 3
    endloop
  endfacet
  facet normal 0.83128 -0.555854 0
    outer loop
      vertex 137.618 12.28 3
      vertex 137.818 12.5791 0
      vertex 137.818 12.5791 3
    endloop
  endfacet
  facet normal 0.83128 -0.555854 0
    outer loop
      vertex 137.818 12.5791 0
      vertex 137.618 12.28 3
      vertex 137.618 12.28 0
    endloop
  endfacet
  facet normal 0.321903 -0.946773 0
    outer loop
      vertex 138.948 13.4457 0
      vertex 139.288 13.5613 3
      vertex 138.948 13.4457 3
    endloop
  endfacet
  facet normal 0.321903 -0.946773 0
    outer loop
      vertex 139.288 13.5613 3
      vertex 138.948 13.4457 0
      vertex 139.288 13.5613 0
    endloop
  endfacet
  facet normal -0.658591 0.752501 0
    outer loop
      vertex 141.945 8.96044 0
      vertex 141.674 8.72326 3
      vertex 141.945 8.96044 3
    endloop
  endfacet
  facet normal -0.658591 0.752501 0
    outer loop
      vertex 141.674 8.72326 3
      vertex 141.945 8.96044 0
      vertex 141.674 8.72326 0
    endloop
  endfacet
  facet normal 0.194994 0.980804 -0
    outer loop
      vertex 139.641 8.17851 0
      vertex 139.288 8.24869 3
      vertex 139.641 8.17851 3
    endloop
  endfacet
  facet normal 0.194994 0.980804 0
    outer loop
      vertex 139.288 8.24869 3
      vertex 139.641 8.17851 0
      vertex 139.288 8.24869 0
    endloop
  endfacet
  facet normal 0.947449 0.319906 0
    outer loop
      vertex 137.459 9.85261 3
      vertex 137.344 10.1932 0
      vertex 137.344 10.1932 3
    endloop
  endfacet
  facet normal 0.947449 0.319906 0
    outer loop
      vertex 137.344 10.1932 0
      vertex 137.459 9.85261 3
      vertex 137.459 9.85261 0
    endloop
  endfacet
  facet normal 0.997773 0.0667035 0
    outer loop
      vertex 137.274 10.546 3
      vertex 137.25 10.905 0
      vertex 137.25 10.905 3
    endloop
  endfacet
  facet normal 0.997773 0.0667035 0
    outer loop
      vertex 137.25 10.905 0
      vertex 137.274 10.546 3
      vertex 137.274 10.546 0
    endloop
  endfacet
  facet normal 0.947481 -0.319813 0
    outer loop
      vertex 137.344 11.6167 3
      vertex 137.459 11.9574 0
      vertex 137.459 11.9574 3
    endloop
  endfacet
  facet normal 0.947481 -0.319813 0
    outer loop
      vertex 137.459 11.9574 0
      vertex 137.344 11.6167 3
      vertex 137.344 11.6167 0
    endloop
  endfacet
  facet normal 0.441873 0.897078 -0
    outer loop
      vertex 138.948 8.36432 0
      vertex 138.625 8.52342 3
      vertex 138.948 8.36432 3
    endloop
  endfacet
  facet normal 0.441873 0.897078 0
    outer loop
      vertex 138.625 8.52342 3
      vertex 138.948 8.36432 0
      vertex 138.625 8.52342 0
    endloop
  endfacet
  facet normal 0.83128 0.555854 0
    outer loop
      vertex 137.818 9.23089 3
      vertex 137.618 9.52999 0
      vertex 137.618 9.52999 3
    endloop
  endfacet
  facet normal 0.83128 0.555854 0
    outer loop
      vertex 137.618 9.52999 0
      vertex 137.818 9.23089 3
      vertex 137.818 9.23089 0
    endloop
  endfacet
  facet normal 0.752086 0.659066 0
    outer loop
      vertex 138.055 8.96044 3
      vertex 137.818 9.23089 0
      vertex 137.818 9.23089 3
    endloop
  endfacet
  facet normal 0.752086 0.659066 0
    outer loop
      vertex 137.818 9.23089 0
      vertex 138.055 8.96044 3
      vertex 138.055 8.96044 0
    endloop
  endfacet
  facet normal 0.896971 -0.44209 0
    outer loop
      vertex 137.459 11.9574 3
      vertex 137.618 12.28 0
      vertex 137.618 12.28 3
    endloop
  endfacet
  facet normal 0.896971 -0.44209 0
    outer loop
      vertex 137.618 12.28 0
      vertex 137.459 11.9574 3
      vertex 137.459 11.9574 0
    endloop
  endfacet
  facet normal -0.980753 -0.195251 0
    outer loop
      vertex 91.6855 239.317 -3
      vertex 91.6421 239.535 -0.200001
      vertex 91.6421 239.535 -3
    endloop
  endfacet
  facet normal -0.980753 -0.195251 0
    outer loop
      vertex 91.6421 239.535 -0.200001
      vertex 91.6855 239.317 -3
      vertex 91.6855 239.317 -0.200001
    endloop
  endfacet
  facet normal -0.997874 -0.0651764 0
    outer loop
      vertex 91.7 239.095 -3
      vertex 91.6855 239.317 -0.200001
      vertex 91.6855 239.317 -3
    endloop
  endfacet
  facet normal -0.997874 -0.0651764 0
    outer loop
      vertex 91.6855 239.317 -0.200001
      vertex 91.7 239.095 -3
      vertex 91.7 239.095 -0.200001
    endloop
  endfacet
  facet normal -0.0674441 0.997723 0
    outer loop
      vertex 90.2219 237.41 -3
      vertex 90 237.395 -0.200001
      vertex 90.2219 237.41 -0.200001
    endloop
  endfacet
  facet normal -0.0674441 0.997723 0
    outer loop
      vertex 90 237.395 -0.200001
      vertex 90.2219 237.41 -3
      vertex 90 237.395 -3
    endloop
  endfacet
  facet normal 0.660284 -0.751016 0
    outer loop
      vertex 88.7979 240.297 -3
      vertex 88.9651 240.444 -0.200001
      vertex 88.7979 240.297 -0.200001
    endloop
  endfacet
  facet normal 0.660284 -0.751016 0
    outer loop
      vertex 88.9651 240.444 -0.200001
      vertex 88.7979 240.297 -3
      vertex 88.9651 240.444 -3
    endloop
  endfacet
  facet normal 0.831704 0.555219 0
    outer loop
      vertex 88.6513 238.06 -0.200001
      vertex 88.5278 238.245 -3
      vertex 88.5278 238.245 -0.200001
    endloop
  endfacet
  facet normal 0.831704 0.555219 0
    outer loop
      vertex 88.5278 238.245 -3
      vertex 88.6513 238.06 -0.200001
      vertex 88.6513 238.06 -3
    endloop
  endfacet
  facet normal 0.193434 0.981113 -0
    outer loop
      vertex 89.7781 237.41 -3
      vertex 89.56 237.453 -0.200001
      vertex 89.7781 237.41 -0.200001
    endloop
  endfacet
  facet normal 0.193434 0.981113 0
    outer loop
      vertex 89.56 237.453 -0.200001
      vertex 89.7781 237.41 -3
      vertex 89.56 237.453 -3
    endloop
  endfacet
  facet normal -0.660284 -0.751016 0
    outer loop
      vertex 91.0349 240.444 -3
      vertex 91.2021 240.297 -0.200001
      vertex 91.0349 240.444 -0.200001
    endloop
  endfacet
  facet normal -0.660284 -0.751016 -0
    outer loop
      vertex 91.2021 240.297 -0.200001
      vertex 91.0349 240.444 -3
      vertex 91.2021 240.297 -3
    endloop
  endfacet
  facet normal -0.947101 0.320937 0
    outer loop
      vertex 91.5706 238.444 -3
      vertex 91.6421 238.655 -0.200001
      vertex 91.6421 238.655 -3
    endloop
  endfacet
  facet normal -0.947101 0.320937 0
    outer loop
      vertex 91.6421 238.655 -0.200001
      vertex 91.5706 238.444 -3
      vertex 91.5706 238.444 -0.200001
    endloop
  endfacet
  facet normal -0.751516 0.659714 0
    outer loop
      vertex 91.2021 237.893 -3
      vertex 91.3487 238.06 -0.200001
      vertex 91.3487 238.06 -3
    endloop
  endfacet
  facet normal -0.751516 0.659714 0
    outer loop
      vertex 91.3487 238.06 -0.200001
      vertex 91.2021 237.893 -3
      vertex 91.2021 237.893 -0.200001
    endloop
  endfacet
  facet normal -0.751516 -0.659714 0
    outer loop
      vertex 91.3487 240.13 -3
      vertex 91.2021 240.297 -0.200001
      vertex 91.2021 240.297 -3
    endloop
  endfacet
  facet normal -0.751516 -0.659714 0
    outer loop
      vertex 91.2021 240.297 -0.200001
      vertex 91.3487 240.13 -3
      vertex 91.3487 240.13 -0.200001
    endloop
  endfacet
  facet normal 0.947101 0.320937 0
    outer loop
      vertex 88.4294 238.444 -0.200001
      vertex 88.3579 238.655 -3
      vertex 88.3579 238.655 -0.200001
    endloop
  endfacet
  facet normal 0.947101 0.320937 0
    outer loop
      vertex 88.3579 238.655 -3
      vertex 88.4294 238.444 -0.200001
      vertex 88.4294 238.444 -3
    endloop
  endfacet
  facet normal -0.319466 0.947598 0
    outer loop
      vertex 90.6506 237.524 -3
      vertex 90.44 237.453 -0.200001
      vertex 90.6506 237.524 -0.200001
    endloop
  endfacet
  facet normal -0.319466 0.947598 0
    outer loop
      vertex 90.44 237.453 -0.200001
      vertex 90.6506 237.524 -3
      vertex 90.44 237.453 -3
    endloop
  endfacet
  facet normal 0.0674441 0.997723 -0
    outer loop
      vertex 90 237.395 -3
      vertex 89.7781 237.41 -0.200001
      vertex 90 237.395 -0.200001
    endloop
  endfacet
  facet normal 0.0674441 0.997723 0
    outer loop
      vertex 89.7781 237.41 -0.200001
      vertex 90 237.395 -3
      vertex 89.7781 237.41 -3
    endloop
  endfacet
  facet normal 0.319466 -0.947598 0
    outer loop
      vertex 89.3494 240.666 -3
      vertex 89.56 240.737 -0.200001
      vertex 89.3494 240.666 -0.200001
    endloop
  endfacet
  facet normal 0.319466 -0.947598 0
    outer loop
      vertex 89.56 240.737 -0.200001
      vertex 89.3494 240.666 -3
      vertex 89.56 240.737 -3
    endloop
  endfacet
  facet normal 0.751516 -0.659714 0
    outer loop
      vertex 88.6513 240.13 -0.200001
      vertex 88.7979 240.297 -3
      vertex 88.7979 240.297 -0.200001
    endloop
  endfacet
  facet normal 0.751516 -0.659714 0
    outer loop
      vertex 88.7979 240.297 -3
      vertex 88.6513 240.13 -0.200001
      vertex 88.6513 240.13 -3
    endloop
  endfacet
  facet normal 0.444696 0.895681 -0
    outer loop
      vertex 89.3494 237.524 -3
      vertex 89.15 237.623 -0.200001
      vertex 89.3494 237.524 -0.200001
    endloop
  endfacet
  facet normal 0.444696 0.895681 0
    outer loop
      vertex 89.15 237.623 -0.200001
      vertex 89.3494 237.524 -3
      vertex 89.15 237.623 -3
    endloop
  endfacet
  facet normal 0.0674441 -0.997723 0
    outer loop
      vertex 89.7781 240.78 -3
      vertex 90 240.795 -0.200001
      vertex 89.7781 240.78 -0.200001
    endloop
  endfacet
  facet normal 0.0674441 -0.997723 0
    outer loop
      vertex 90 240.795 -0.200001
      vertex 89.7781 240.78 -3
      vertex 90 240.795 -3
    endloop
  endfacet
  facet normal -0.8964 0.443245 0
    outer loop
      vertex 91.4722 238.245 -3
      vertex 91.5706 238.444 -0.200001
      vertex 91.5706 238.444 -3
    endloop
  endfacet
  facet normal -0.8964 0.443245 0
    outer loop
      vertex 91.5706 238.444 -0.200001
      vertex 91.4722 238.245 -3
      vertex 91.4722 238.245 -0.200001
    endloop
  endfacet
  facet normal -0.553869 0.832604 0
    outer loop
      vertex 91.0349 237.746 -3
      vertex 90.85 237.623 -0.200001
      vertex 91.0349 237.746 -0.200001
    endloop
  endfacet
  facet normal -0.553869 0.832604 0
    outer loop
      vertex 90.85 237.623 -0.200001
      vertex 91.0349 237.746 -3
      vertex 90.85 237.623 -3
    endloop
  endfacet
  facet normal 0.980753 0.195251 0
    outer loop
      vertex 88.3579 238.655 -0.200001
      vertex 88.3145 238.873 -3
      vertex 88.3145 238.873 -0.200001
    endloop
  endfacet
  facet normal 0.980753 0.195251 0
    outer loop
      vertex 88.3145 238.873 -3
      vertex 88.3579 238.655 -0.200001
      vertex 88.3579 238.655 -3
    endloop
  endfacet
  facet normal 0.751516 0.659714 0
    outer loop
      vertex 88.7979 237.893 -0.200001
      vertex 88.6513 238.06 -3
      vertex 88.6513 238.06 -0.200001
    endloop
  endfacet
  facet normal 0.751516 0.659714 0
    outer loop
      vertex 88.6513 238.06 -3
      vertex 88.7979 237.893 -0.200001
      vertex 88.7979 237.893 -3
    endloop
  endfacet
  facet normal -0.193434 -0.981113 0
    outer loop
      vertex 90.2219 240.78 -3
      vertex 90.44 240.737 -0.200001
      vertex 90.2219 240.78 -0.200001
    endloop
  endfacet
  facet normal -0.193434 -0.981113 -0
    outer loop
      vertex 90.44 240.737 -0.200001
      vertex 90.2219 240.78 -3
      vertex 90.44 240.737 -3
    endloop
  endfacet
  facet normal -0.831704 -0.555219 0
    outer loop
      vertex 91.4722 239.945 -3
      vertex 91.3487 240.13 -0.200001
      vertex 91.3487 240.13 -3
    endloop
  endfacet
  facet normal -0.831704 -0.555219 0
    outer loop
      vertex 91.3487 240.13 -0.200001
      vertex 91.4722 239.945 -3
      vertex 91.4722 239.945 -0.200001
    endloop
  endfacet
  facet normal -0.997874 0.0651764 0
    outer loop
      vertex 91.6855 238.873 -3
      vertex 91.7 239.095 -0.200001
      vertex 91.7 239.095 -3
    endloop
  endfacet
  facet normal -0.997874 0.0651764 0
    outer loop
      vertex 91.7 239.095 -0.200001
      vertex 91.6855 238.873 -3
      vertex 91.6855 238.873 -0.200001
    endloop
  endfacet
  facet normal -0.319466 -0.947598 0
    outer loop
      vertex 90.44 240.737 -3
      vertex 90.6506 240.666 -0.200001
      vertex 90.44 240.737 -0.200001
    endloop
  endfacet
  facet normal -0.319466 -0.947598 -0
    outer loop
      vertex 90.6506 240.666 -0.200001
      vertex 90.44 240.737 -3
      vertex 90.6506 240.666 -3
    endloop
  endfacet
  facet normal -0.553869 -0.832604 0
    outer loop
      vertex 90.85 240.567 -3
      vertex 91.0349 240.444 -0.200001
      vertex 90.85 240.567 -0.200001
    endloop
  endfacet
  facet normal -0.553869 -0.832604 -0
    outer loop
      vertex 91.0349 240.444 -0.200001
      vertex 90.85 240.567 -3
      vertex 91.0349 240.444 -3
    endloop
  endfacet
  facet normal 0.193434 -0.981113 0
    outer loop
      vertex 89.56 240.737 -3
      vertex 89.7781 240.78 -0.200001
      vertex 89.56 240.737 -0.200001
    endloop
  endfacet
  facet normal 0.193434 -0.981113 0
    outer loop
      vertex 89.7781 240.78 -0.200001
      vertex 89.56 240.737 -3
      vertex 89.7781 240.78 -3
    endloop
  endfacet
  facet normal -0.660284 0.751016 0
    outer loop
      vertex 91.2021 237.893 -3
      vertex 91.0349 237.746 -0.200001
      vertex 91.2021 237.893 -0.200001
    endloop
  endfacet
  facet normal -0.660284 0.751016 0
    outer loop
      vertex 91.0349 237.746 -0.200001
      vertex 91.2021 237.893 -3
      vertex 91.0349 237.746 -3
    endloop
  endfacet
  facet normal 0.8964 -0.443245 0
    outer loop
      vertex 88.4294 239.746 -0.200001
      vertex 88.5278 239.945 -3
      vertex 88.5278 239.945 -0.200001
    endloop
  endfacet
  facet normal 0.8964 -0.443245 0
    outer loop
      vertex 88.5278 239.945 -3
      vertex 88.4294 239.746 -0.200001
      vertex 88.4294 239.746 -3
    endloop
  endfacet
  facet normal -0.980753 0.195251 0
    outer loop
      vertex 91.6421 238.655 -3
      vertex 91.6855 238.873 -0.200001
      vertex 91.6855 238.873 -3
    endloop
  endfacet
  facet normal -0.980753 0.195251 0
    outer loop
      vertex 91.6855 238.873 -0.200001
      vertex 91.6421 238.655 -3
      vertex 91.6421 238.655 -0.200001
    endloop
  endfacet
  facet normal -0.193434 0.981113 0
    outer loop
      vertex 90.44 237.453 -3
      vertex 90.2219 237.41 -0.200001
      vertex 90.44 237.453 -0.200001
    endloop
  endfacet
  facet normal -0.193434 0.981113 0
    outer loop
      vertex 90.2219 237.41 -0.200001
      vertex 90.44 237.453 -3
      vertex 90.2219 237.41 -3
    endloop
  endfacet
  facet normal 0.660284 0.751016 -0
    outer loop
      vertex 88.9651 237.746 -3
      vertex 88.7979 237.893 -0.200001
      vertex 88.9651 237.746 -0.200001
    endloop
  endfacet
  facet normal 0.660284 0.751016 0
    outer loop
      vertex 88.7979 237.893 -0.200001
      vertex 88.9651 237.746 -3
      vertex 88.7979 237.893 -3
    endloop
  endfacet
  facet normal -0.0674441 -0.997723 0
    outer loop
      vertex 90 240.795 -3
      vertex 90.2219 240.78 -0.200001
      vertex 90 240.795 -0.200001
    endloop
  endfacet
  facet normal -0.0674441 -0.997723 -0
    outer loop
      vertex 90.2219 240.78 -0.200001
      vertex 90 240.795 -3
      vertex 90.2219 240.78 -3
    endloop
  endfacet
  facet normal -0.444696 -0.895681 0
    outer loop
      vertex 90.6506 240.666 -3
      vertex 90.85 240.567 -0.200001
      vertex 90.6506 240.666 -0.200001
    endloop
  endfacet
  facet normal -0.444696 -0.895681 -0
    outer loop
      vertex 90.85 240.567 -0.200001
      vertex 90.6506 240.666 -3
      vertex 90.85 240.567 -3
    endloop
  endfacet
  facet normal -0.831704 0.555219 0
    outer loop
      vertex 91.3487 238.06 -3
      vertex 91.4722 238.245 -0.200001
      vertex 91.4722 238.245 -3
    endloop
  endfacet
  facet normal -0.831704 0.555219 0
    outer loop
      vertex 91.4722 238.245 -0.200001
      vertex 91.3487 238.06 -3
      vertex 91.3487 238.06 -0.200001
    endloop
  endfacet
  facet normal 0.997874 0.0651764 0
    outer loop
      vertex 88.3145 238.873 -0.200001
      vertex 88.3 239.095 -3
      vertex 88.3 239.095 -0.200001
    endloop
  endfacet
  facet normal 0.997874 0.0651764 0
    outer loop
      vertex 88.3 239.095 -3
      vertex 88.3145 238.873 -0.200001
      vertex 88.3145 238.873 -3
    endloop
  endfacet
  facet normal -0.444696 0.895681 0
    outer loop
      vertex 90.85 237.623 -3
      vertex 90.6506 237.524 -0.200001
      vertex 90.85 237.623 -0.200001
    endloop
  endfacet
  facet normal -0.444696 0.895681 0
    outer loop
      vertex 90.6506 237.524 -0.200001
      vertex 90.85 237.623 -3
      vertex 90.6506 237.524 -3
    endloop
  endfacet
  facet normal 0.980753 -0.195251 0
    outer loop
      vertex 88.3145 239.317 -0.200001
      vertex 88.3579 239.535 -3
      vertex 88.3579 239.535 -0.200001
    endloop
  endfacet
  facet normal 0.980753 -0.195251 0
    outer loop
      vertex 88.3579 239.535 -3
      vertex 88.3145 239.317 -0.200001
      vertex 88.3145 239.317 -3
    endloop
  endfacet
  facet normal 0.8964 0.443245 0
    outer loop
      vertex 88.5278 238.245 -0.200001
      vertex 88.4294 238.444 -3
      vertex 88.4294 238.444 -0.200001
    endloop
  endfacet
  facet normal 0.8964 0.443245 0
    outer loop
      vertex 88.4294 238.444 -3
      vertex 88.5278 238.245 -0.200001
      vertex 88.5278 238.245 -3
    endloop
  endfacet
  facet normal 0.947101 -0.320937 0
    outer loop
      vertex 88.3579 239.535 -0.200001
      vertex 88.4294 239.746 -3
      vertex 88.4294 239.746 -0.200001
    endloop
  endfacet
  facet normal 0.947101 -0.320937 0
    outer loop
      vertex 88.4294 239.746 -3
      vertex 88.3579 239.535 -0.200001
      vertex 88.3579 239.535 -3
    endloop
  endfacet
  facet normal -0.8964 -0.443245 0
    outer loop
      vertex 91.5706 239.746 -3
      vertex 91.4722 239.945 -0.200001
      vertex 91.4722 239.945 -3
    endloop
  endfacet
  facet normal -0.8964 -0.443245 0
    outer loop
      vertex 91.4722 239.945 -0.200001
      vertex 91.5706 239.746 -3
      vertex 91.5706 239.746 -0.200001
    endloop
  endfacet
  facet normal -0.947101 -0.320937 0
    outer loop
      vertex 91.6421 239.535 -3
      vertex 91.5706 239.746 -0.200001
      vertex 91.5706 239.746 -3
    endloop
  endfacet
  facet normal -0.947101 -0.320937 0
    outer loop
      vertex 91.5706 239.746 -0.200001
      vertex 91.6421 239.535 -3
      vertex 91.6421 239.535 -0.200001
    endloop
  endfacet
  facet normal 0.997874 -0.0651764 0
    outer loop
      vertex 88.3 239.095 -0.200001
      vertex 88.3145 239.317 -3
      vertex 88.3145 239.317 -0.200001
    endloop
  endfacet
  facet normal 0.997874 -0.0651764 0
    outer loop
      vertex 88.3145 239.317 -3
      vertex 88.3 239.095 -0.200001
      vertex 88.3 239.095 -3
    endloop
  endfacet
  facet normal 0.319466 0.947598 -0
    outer loop
      vertex 89.56 237.453 -3
      vertex 89.3494 237.524 -0.200001
      vertex 89.56 237.453 -0.200001
    endloop
  endfacet
  facet normal 0.319466 0.947598 0
    outer loop
      vertex 89.3494 237.524 -0.200001
      vertex 89.56 237.453 -3
      vertex 89.3494 237.524 -3
    endloop
  endfacet
  facet normal 0.444696 -0.895681 0
    outer loop
      vertex 89.15 240.567 -3
      vertex 89.3494 240.666 -0.200001
      vertex 89.15 240.567 -0.200001
    endloop
  endfacet
  facet normal 0.444696 -0.895681 0
    outer loop
      vertex 89.3494 240.666 -0.200001
      vertex 89.15 240.567 -3
      vertex 89.3494 240.666 -3
    endloop
  endfacet
  facet normal 0.553869 -0.832604 0
    outer loop
      vertex 88.9651 240.444 -3
      vertex 89.15 240.567 -0.200001
      vertex 88.9651 240.444 -0.200001
    endloop
  endfacet
  facet normal 0.553869 -0.832604 0
    outer loop
      vertex 89.15 240.567 -0.200001
      vertex 88.9651 240.444 -3
      vertex 89.15 240.567 -3
    endloop
  endfacet
  facet normal 0.831704 -0.555219 0
    outer loop
      vertex 88.5278 239.945 -0.200001
      vertex 88.6513 240.13 -3
      vertex 88.6513 240.13 -0.200001
    endloop
  endfacet
  facet normal 0.831704 -0.555219 0
    outer loop
      vertex 88.6513 240.13 -3
      vertex 88.5278 239.945 -0.200001
      vertex 88.5278 239.945 -3
    endloop
  endfacet
  facet normal 0.553869 0.832604 -0
    outer loop
      vertex 89.15 237.623 -3
      vertex 88.9651 237.746 -0.200001
      vertex 89.15 237.623 -0.200001
    endloop
  endfacet
  facet normal 0.553869 0.832604 0
    outer loop
      vertex 88.9651 237.746 -0.200001
      vertex 89.15 237.623 -3
      vertex 88.9651 237.746 -3
    endloop
  endfacet
  facet normal 0.897073 0.441882 0
    outer loop
      vertex 87.3153 237.545 3
      vertex 87.136 237.909 -0.200001
      vertex 87.136 237.909 3
    endloop
  endfacet
  facet normal 0.897073 0.441882 0
    outer loop
      vertex 87.136 237.909 -0.200001
      vertex 87.3153 237.545 3
      vertex 87.3153 237.545 -0.200001
    endloop
  endfacet
  facet normal -0.44158 0.897222 0
    outer loop
      vertex 91.55 236.41 -0.200001
      vertex 91.1863 236.231 3
      vertex 91.55 236.41 3
    endloop
  endfacet
  facet normal -0.44158 0.897222 0
    outer loop
      vertex 91.1863 236.231 3
      vertex 91.55 236.41 -0.200001
      vertex 91.1863 236.231 -0.200001
    endloop
  endfacet
  facet normal -0.980723 -0.195403 0
    outer loop
      vertex 93.0735 239.5 -0.200001
      vertex 92.9944 239.897 3
      vertex 92.9944 239.897 -0.200001
    endloop
  endfacet
  facet normal -0.980723 -0.195403 0
    outer loop
      vertex 92.9944 239.897 3
      vertex 93.0735 239.5 -0.200001
      vertex 93.0735 239.5 3
    endloop
  endfacet
  facet normal -0.997866 -0.0652925 0
    outer loop
      vertex 93.1 239.095 -0.200001
      vertex 93.0735 239.5 3
      vertex 93.0735 239.5 -0.200001
    endloop
  endfacet
  facet normal -0.997866 -0.0652925 0
    outer loop
      vertex 93.0735 239.5 3
      vertex 93.1 239.095 -0.200001
      vertex 93.1 239.095 3
    endloop
  endfacet
  facet normal -0.946893 -0.321549 0
    outer loop
      vertex 92.9944 239.897 -0.200001
      vertex 92.864 240.281 3
      vertex 92.864 240.281 -0.200001
    endloop
  endfacet
  facet normal -0.946893 -0.321549 0
    outer loop
      vertex 92.864 240.281 3
      vertex 92.9944 239.897 -0.200001
      vertex 92.9944 239.897 3
    endloop
  endfacet
  facet normal -0.751935 0.659237 0
    outer loop
      vertex 92.192 236.903 -0.200001
      vertex 92.4594 237.208 3
      vertex 92.4594 237.208 -0.200001
    endloop
  endfacet
  facet normal -0.751935 0.659237 0
    outer loop
      vertex 92.4594 237.208 3
      vertex 92.192 236.903 -0.200001
      vertex 92.192 236.903 3
    endloop
  endfacet
  facet normal -0.320664 -0.947193 0
    outer loop
      vertex 90.8023 242.089 -0.200001
      vertex 91.1863 241.959 3
      vertex 90.8023 242.089 3
    endloop
  endfacet
  facet normal -0.320664 -0.947193 -0
    outer loop
      vertex 91.1863 241.959 3
      vertex 90.8023 242.089 -0.200001
      vertex 91.1863 241.959 -0.200001
    endloop
  endfacet
  facet normal -0.556745 -0.830683 0
    outer loop
      vertex 91.55 241.78 -0.200001
      vertex 91.8872 241.554 3
      vertex 91.55 241.78 3
    endloop
  endfacet
  facet normal -0.556745 -0.830683 -0
    outer loop
      vertex 91.8872 241.554 3
      vertex 91.55 241.78 -0.200001
      vertex 91.8872 241.554 -0.200001
    endloop
  endfacet
  facet normal -0.897073 0.441882 0
    outer loop
      vertex 92.6847 237.545 -0.200001
      vertex 92.864 237.909 3
      vertex 92.864 237.909 -0.200001
    endloop
  endfacet
  facet normal -0.897073 0.441882 0
    outer loop
      vertex 92.864 237.909 3
      vertex 92.6847 237.545 -0.200001
      vertex 92.6847 237.545 3
    endloop
  endfacet
  facet normal -0.320664 0.947193 0
    outer loop
      vertex 91.1863 236.231 -0.200001
      vertex 90.8023 236.101 3
      vertex 91.1863 236.231 3
    endloop
  endfacet
  facet normal -0.320664 0.947193 0
    outer loop
      vertex 90.8023 236.101 3
      vertex 91.1863 236.231 -0.200001
      vertex 90.8023 236.101 -0.200001
    endloop
  endfacet
  facet normal -0.897073 -0.441882 0
    outer loop
      vertex 92.864 240.281 -0.200001
      vertex 92.6847 240.645 3
      vertex 92.6847 240.645 -0.200001
    endloop
  endfacet
  facet normal -0.897073 -0.441882 0
    outer loop
      vertex 92.6847 240.645 3
      vertex 92.864 240.281 -0.200001
      vertex 92.864 240.281 3
    endloop
  endfacet
  facet normal 0.194835 -0.980836 0
    outer loop
      vertex 89.1977 242.089 -0.200001
      vertex 89.5954 242.168 3
      vertex 89.1977 242.089 3
    endloop
  endfacet
  facet normal 0.194835 -0.980836 0
    outer loop
      vertex 89.5954 242.168 3
      vertex 89.1977 242.089 -0.200001
      vertex 89.5954 242.168 -0.200001
    endloop
  endfacet
  facet normal 0.0665845 0.997781 -0
    outer loop
      vertex 90 235.995 -0.200001
      vertex 89.5954 236.022 3
      vertex 90 235.995 3
    endloop
  endfacet
  facet normal 0.0665845 0.997781 0
    outer loop
      vertex 89.5954 236.022 3
      vertex 90 235.995 -0.200001
      vertex 89.5954 236.022 -0.200001
    endloop
  endfacet
  facet normal 0.556745 -0.830683 0
    outer loop
      vertex 88.1128 241.554 -0.200001
      vertex 88.45 241.78 3
      vertex 88.1128 241.554 3
    endloop
  endfacet
  facet normal 0.556745 -0.830683 0
    outer loop
      vertex 88.45 241.78 3
      vertex 88.1128 241.554 -0.200001
      vertex 88.45 241.78 -0.200001
    endloop
  endfacet
  facet normal 0.320664 0.947193 -0
    outer loop
      vertex 89.1977 236.101 -0.200001
      vertex 88.8137 236.231 3
      vertex 89.1977 236.101 3
    endloop
  endfacet
  facet normal 0.320664 0.947193 0
    outer loop
      vertex 88.8137 236.231 3
      vertex 89.1977 236.101 -0.200001
      vertex 88.8137 236.231 -0.200001
    endloop
  endfacet
  facet normal -0.946893 0.321549 0
    outer loop
      vertex 92.864 237.909 -0.200001
      vertex 92.9944 238.293 3
      vertex 92.9944 238.293 -0.200001
    endloop
  endfacet
  facet normal -0.946893 0.321549 0
    outer loop
      vertex 92.9944 238.293 3
      vertex 92.864 237.909 -0.200001
      vertex 92.864 237.909 3
    endloop
  endfacet
  facet normal 0.831329 0.555781 0
    outer loop
      vertex 87.5406 237.208 3
      vertex 87.3153 237.545 -0.200001
      vertex 87.3153 237.545 3
    endloop
  endfacet
  facet normal 0.831329 0.555781 0
    outer loop
      vertex 87.3153 237.545 -0.200001
      vertex 87.5406 237.208 3
      vertex 87.5406 237.208 -0.200001
    endloop
  endfacet
  facet normal 0.658924 0.75221 -0
    outer loop
      vertex 88.1128 236.636 -0.200001
      vertex 87.808 236.903 3
      vertex 88.1128 236.636 3
    endloop
  endfacet
  facet normal 0.658924 0.75221 0
    outer loop
      vertex 87.808 236.903 3
      vertex 88.1128 236.636 -0.200001
      vertex 87.808 236.903 -0.200001
    endloop
  endfacet
  facet normal 0.658924 -0.75221 0
    outer loop
      vertex 87.808 241.287 -0.200001
      vertex 88.1128 241.554 3
      vertex 87.808 241.287 3
    endloop
  endfacet
  facet normal 0.658924 -0.75221 0
    outer loop
      vertex 88.1128 241.554 3
      vertex 87.808 241.287 -0.200001
      vertex 88.1128 241.554 -0.200001
    endloop
  endfacet
  facet normal 0.946893 -0.321549 0
    outer loop
      vertex 87.0056 239.897 3
      vertex 87.136 240.281 -0.200001
      vertex 87.136 240.281 3
    endloop
  endfacet
  facet normal 0.946893 -0.321549 0
    outer loop
      vertex 87.136 240.281 -0.200001
      vertex 87.0056 239.897 3
      vertex 87.0056 239.897 -0.200001
    endloop
  endfacet
  facet normal 0.44158 -0.897222 0
    outer loop
      vertex 88.45 241.78 -0.200001
      vertex 88.8137 241.959 3
      vertex 88.45 241.78 3
    endloop
  endfacet
  facet normal 0.44158 -0.897222 0
    outer loop
      vertex 88.8137 241.959 3
      vertex 88.45 241.78 -0.200001
      vertex 88.8137 241.959 -0.200001
    endloop
  endfacet
  facet normal 0.980723 -0.195403 0
    outer loop
      vertex 86.9265 239.5 3
      vertex 87.0056 239.897 -0.200001
      vertex 87.0056 239.897 3
    endloop
  endfacet
  facet normal 0.980723 -0.195403 0
    outer loop
      vertex 87.0056 239.897 -0.200001
      vertex 86.9265 239.5 3
      vertex 86.9265 239.5 -0.200001
    endloop
  endfacet
  facet normal 0.320664 -0.947193 0
    outer loop
      vertex 88.8137 241.959 -0.200001
      vertex 89.1977 242.089 3
      vertex 88.8137 241.959 3
    endloop
  endfacet
  facet normal 0.320664 -0.947193 0
    outer loop
      vertex 89.1977 242.089 3
      vertex 88.8137 241.959 -0.200001
      vertex 89.1977 242.089 -0.200001
    endloop
  endfacet
  facet normal -0.658924 0.75221 0
    outer loop
      vertex 92.192 236.903 -0.200001
      vertex 91.8872 236.636 3
      vertex 92.192 236.903 3
    endloop
  endfacet
  facet normal -0.658924 0.75221 0
    outer loop
      vertex 91.8872 236.636 3
      vertex 92.192 236.903 -0.200001
      vertex 91.8872 236.636 -0.200001
    endloop
  endfacet
  facet normal -0.0665845 -0.997781 0
    outer loop
      vertex 90 242.195 -0.200001
      vertex 90.4046 242.168 3
      vertex 90 242.195 3
    endloop
  endfacet
  facet normal -0.0665845 -0.997781 -0
    outer loop
      vertex 90.4046 242.168 3
      vertex 90 242.195 -0.200001
      vertex 90.4046 242.168 -0.200001
    endloop
  endfacet
  facet normal -0.831329 -0.555781 0
    outer loop
      vertex 92.6847 240.645 -0.200001
      vertex 92.4594 240.982 3
      vertex 92.4594 240.982 -0.200001
    endloop
  endfacet
  facet normal -0.831329 -0.555781 0
    outer loop
      vertex 92.4594 240.982 3
      vertex 92.6847 240.645 -0.200001
      vertex 92.6847 240.645 3
    endloop
  endfacet
  facet normal -0.194835 0.980836 0
    outer loop
      vertex 90.8023 236.101 -0.200001
      vertex 90.4046 236.022 3
      vertex 90.8023 236.101 3
    endloop
  endfacet
  facet normal -0.194835 0.980836 0
    outer loop
      vertex 90.4046 236.022 3
      vertex 90.8023 236.101 -0.200001
      vertex 90.4046 236.022 -0.200001
    endloop
  endfacet
  facet normal 0.980723 0.195403 0
    outer loop
      vertex 87.0056 238.293 3
      vertex 86.9265 238.69 -0.200001
      vertex 86.9265 238.69 3
    endloop
  endfacet
  facet normal 0.980723 0.195403 0
    outer loop
      vertex 86.9265 238.69 -0.200001
      vertex 87.0056 238.293 3
      vertex 87.0056 238.293 -0.200001
    endloop
  endfacet
  facet normal 0.751935 -0.659237 0
    outer loop
      vertex 87.5406 240.982 3
      vertex 87.808 241.287 -0.200001
      vertex 87.808 241.287 3
    endloop
  endfacet
  facet normal 0.751935 -0.659237 0
    outer loop
      vertex 87.808 241.287 -0.200001
      vertex 87.5406 240.982 3
      vertex 87.5406 240.982 -0.200001
    endloop
  endfacet
  facet normal -0.658924 -0.75221 0
    outer loop
      vertex 91.8872 241.554 -0.200001
      vertex 92.192 241.287 3
      vertex 91.8872 241.554 3
    endloop
  endfacet
  facet normal -0.658924 -0.75221 -0
    outer loop
      vertex 92.192 241.287 3
      vertex 91.8872 241.554 -0.200001
      vertex 92.192 241.287 -0.200001
    endloop
  endfacet
  facet normal -0.997866 0.0652925 0
    outer loop
      vertex 93.0735 238.69 -0.200001
      vertex 93.1 239.095 3
      vertex 93.1 239.095 -0.200001
    endloop
  endfacet
  facet normal -0.997866 0.0652925 0
    outer loop
      vertex 93.1 239.095 3
      vertex 93.0735 238.69 -0.200001
      vertex 93.0735 238.69 3
    endloop
  endfacet
  facet normal -0.980723 0.195403 0
    outer loop
      vertex 92.9944 238.293 -0.200001
      vertex 93.0735 238.69 3
      vertex 93.0735 238.69 -0.200001
    endloop
  endfacet
  facet normal -0.980723 0.195403 0
    outer loop
      vertex 93.0735 238.69 3
      vertex 92.9944 238.293 -0.200001
      vertex 92.9944 238.293 3
    endloop
  endfacet
  facet normal -0.556745 0.830683 0
    outer loop
      vertex 91.8872 236.636 -0.200001
      vertex 91.55 236.41 3
      vertex 91.8872 236.636 3
    endloop
  endfacet
  facet normal -0.556745 0.830683 0
    outer loop
      vertex 91.55 236.41 3
      vertex 91.8872 236.636 -0.200001
      vertex 91.55 236.41 -0.200001
    endloop
  endfacet
  facet normal -0.194835 -0.980836 0
    outer loop
      vertex 90.4046 242.168 -0.200001
      vertex 90.8023 242.089 3
      vertex 90.4046 242.168 3
    endloop
  endfacet
  facet normal -0.194835 -0.980836 -0
    outer loop
      vertex 90.8023 242.089 3
      vertex 90.4046 242.168 -0.200001
      vertex 90.8023 242.089 -0.200001
    endloop
  endfacet
  facet normal -0.751935 -0.659237 0
    outer loop
      vertex 92.4594 240.982 -0.200001
      vertex 92.192 241.287 3
      vertex 92.192 241.287 -0.200001
    endloop
  endfacet
  facet normal -0.751935 -0.659237 0
    outer loop
      vertex 92.192 241.287 3
      vertex 92.4594 240.982 -0.200001
      vertex 92.4594 240.982 3
    endloop
  endfacet
  facet normal -0.44158 -0.897222 0
    outer loop
      vertex 91.1863 241.959 -0.200001
      vertex 91.55 241.78 3
      vertex 91.1863 241.959 3
    endloop
  endfacet
  facet normal -0.44158 -0.897222 -0
    outer loop
      vertex 91.55 241.78 3
      vertex 91.1863 241.959 -0.200001
      vertex 91.55 241.78 -0.200001
    endloop
  endfacet
  facet normal 0.997866 0.0652925 0
    outer loop
      vertex 86.9265 238.69 3
      vertex 86.9 239.095 -0.200001
      vertex 86.9 239.095 3
    endloop
  endfacet
  facet normal 0.997866 0.0652925 0
    outer loop
      vertex 86.9 239.095 -0.200001
      vertex 86.9265 238.69 3
      vertex 86.9265 238.69 -0.200001
    endloop
  endfacet
  facet normal -0.831329 0.555781 0
    outer loop
      vertex 92.4594 237.208 -0.200001
      vertex 92.6847 237.545 3
      vertex 92.6847 237.545 -0.200001
    endloop
  endfacet
  facet normal -0.831329 0.555781 0
    outer loop
      vertex 92.6847 237.545 3
      vertex 92.4594 237.208 -0.200001
      vertex 92.4594 237.208 3
    endloop
  endfacet
  facet normal 0.751935 0.659237 0
    outer loop
      vertex 87.808 236.903 3
      vertex 87.5406 237.208 -0.200001
      vertex 87.5406 237.208 3
    endloop
  endfacet
  facet normal 0.751935 0.659237 0
    outer loop
      vertex 87.5406 237.208 -0.200001
      vertex 87.808 236.903 3
      vertex 87.808 236.903 -0.200001
    endloop
  endfacet
  facet normal 0.997866 -0.0652925 0
    outer loop
      vertex 86.9 239.095 3
      vertex 86.9265 239.5 -0.200001
      vertex 86.9265 239.5 3
    endloop
  endfacet
  facet normal 0.997866 -0.0652925 0
    outer loop
      vertex 86.9265 239.5 -0.200001
      vertex 86.9 239.095 3
      vertex 86.9 239.095 -0.200001
    endloop
  endfacet
  facet normal 0.44158 0.897222 -0
    outer loop
      vertex 88.8137 236.231 -0.200001
      vertex 88.45 236.41 3
      vertex 88.8137 236.231 3
    endloop
  endfacet
  facet normal 0.44158 0.897222 0
    outer loop
      vertex 88.45 236.41 3
      vertex 88.8137 236.231 -0.200001
      vertex 88.45 236.41 -0.200001
    endloop
  endfacet
  facet normal 0.946893 0.321549 0
    outer loop
      vertex 87.136 237.909 3
      vertex 87.0056 238.293 -0.200001
      vertex 87.0056 238.293 3
    endloop
  endfacet
  facet normal 0.946893 0.321549 0
    outer loop
      vertex 87.0056 238.293 -0.200001
      vertex 87.136 237.909 3
      vertex 87.136 237.909 -0.200001
    endloop
  endfacet
  facet normal 0.194835 0.980836 -0
    outer loop
      vertex 89.5954 236.022 -0.200001
      vertex 89.1977 236.101 3
      vertex 89.5954 236.022 3
    endloop
  endfacet
  facet normal 0.194835 0.980836 0
    outer loop
      vertex 89.1977 236.101 3
      vertex 89.5954 236.022 -0.200001
      vertex 89.1977 236.101 -0.200001
    endloop
  endfacet
  facet normal -0.0665845 0.997781 0
    outer loop
      vertex 90.4046 236.022 -0.200001
      vertex 90 235.995 3
      vertex 90.4046 236.022 3
    endloop
  endfacet
  facet normal -0.0665845 0.997781 0
    outer loop
      vertex 90 235.995 3
      vertex 90.4046 236.022 -0.200001
      vertex 90 235.995 -0.200001
    endloop
  endfacet
  facet normal 0.0665845 -0.997781 0
    outer loop
      vertex 89.5954 242.168 -0.200001
      vertex 90 242.195 3
      vertex 89.5954 242.168 3
    endloop
  endfacet
  facet normal 0.0665845 -0.997781 0
    outer loop
      vertex 90 242.195 3
      vertex 89.5954 242.168 -0.200001
      vertex 90 242.195 -0.200001
    endloop
  endfacet
  facet normal 0 0 1
    outer loop
      vertex 91.7 239.095 -0.200001
      vertex 93.1 239.095 -0.200001
      vertex 93.0735 239.5 -0.200001
    endloop
  endfacet
  facet normal 0 0 1
    outer loop
      vertex 91.6855 239.317 -0.200001
      vertex 93.0735 239.5 -0.200001
      vertex 92.9944 239.897 -0.200001
    endloop
  endfacet
  facet normal 0 0 1
    outer loop
      vertex 93.1 239.095 -0.200001
      vertex 91.7 239.095 -0.200001
      vertex 93.0735 238.69 -0.200001
    endloop
  endfacet
  facet normal 0 0 1
    outer loop
      vertex 91.6421 239.535 -0.200001
      vertex 92.9944 239.897 -0.200001
      vertex 92.864 240.281 -0.200001
    endloop
  endfacet
  facet normal -0 0 1
    outer loop
      vertex 91.6855 238.873 -0.200001
      vertex 93.0735 238.69 -0.200001
      vertex 91.7 239.095 -0.200001
    endloop
  endfacet
  facet normal 0 0 1
    outer loop
      vertex 91.5706 239.746 -0.200001
      vertex 92.864 240.281 -0.200001
      vertex 92.6847 240.645 -0.200001
    endloop
  endfacet
  facet normal 0 0 1
    outer loop
      vertex 93.0735 238.69 -0.200001
      vertex 91.6855 238.873 -0.200001
      vertex 92.9944 238.293 -0.200001
    endloop
  endfacet
  facet normal 0 0 1
    outer loop
      vertex 91.4722 239.945 -0.200001
      vertex 92.6847 240.645 -0.200001
      vertex 92.4594 240.982 -0.200001
    endloop
  endfacet
  facet normal -0 0 1
    outer loop
      vertex 91.6421 238.655 -0.200001
      vertex 92.9944 238.293 -0.200001
      vertex 91.6855 238.873 -0.200001
    endloop
  endfacet
  facet normal 0 0 1
    outer loop
      vertex 91.3487 240.13 -0.200001
      vertex 92.4594 240.982 -0.200001
      vertex 92.192 241.287 -0.200001
    endloop
  endfacet
  facet normal 0 0 1
    outer loop
      vertex 92.9944 238.293 -0.200001
      vertex 91.6421 238.655 -0.200001
      vertex 92.864 237.909 -0.200001
    endloop
  endfacet
  facet normal 0 0 1
    outer loop
      vertex 91.2021 240.297 -0.200001
      vertex 92.192 241.287 -0.200001
      vertex 91.8872 241.554 -0.200001
    endloop
  endfacet
  facet normal -0 0 1
    outer loop
      vertex 91.5706 238.444 -0.200001
      vertex 92.864 237.909 -0.200001
      vertex 91.6421 238.655 -0.200001
    endloop
  endfacet
  facet normal 0 0 1
    outer loop
      vertex 92.864 237.909 -0.200001
      vertex 91.5706 238.444 -0.200001
      vertex 92.6847 237.545 -0.200001
    endloop
  endfacet
  facet normal 0 0 1
    outer loop
      vertex 93.0735 239.5 -0.200001
      vertex 91.6855 239.317 -0.200001
      vertex 91.7 239.095 -0.200001
    endloop
  endfacet
  facet normal 0 0 1
    outer loop
      vertex 92.9944 239.897 -0.200001
      vertex 91.6421 239.535 -0.200001
      vertex 91.6855 239.317 -0.200001
    endloop
  endfacet
  facet normal 0 0 1
    outer loop
      vertex 92.864 240.281 -0.200001
      vertex 91.5706 239.746 -0.200001
      vertex 91.6421 239.535 -0.200001
    endloop
  endfacet
  facet normal 0 0 1
    outer loop
      vertex 91.0349 240.444 -0.200001
      vertex 91.8872 241.554 -0.200001
      vertex 91.55 241.78 -0.200001
    endloop
  endfacet
  facet normal 0 0 1
    outer loop
      vertex 92.6847 240.645 -0.200001
      vertex 91.4722 239.945 -0.200001
      vertex 91.5706 239.746 -0.200001
    endloop
  endfacet
  facet normal 0 0 1
    outer loop
      vertex 92.4594 240.982 -0.200001
      vertex 91.3487 240.13 -0.200001
      vertex 91.4722 239.945 -0.200001
    endloop
  endfacet
  facet normal 0 0 1
    outer loop
      vertex 92.192 241.287 -0.200001
      vertex 91.2021 240.297 -0.200001
      vertex 91.3487 240.13 -0.200001
    endloop
  endfacet
  facet normal 0 0 1
    outer loop
      vertex 90.85 240.567 -0.200001
      vertex 91.55 241.78 -0.200001
      vertex 91.1863 241.959 -0.200001
    endloop
  endfacet
  facet normal 0 0 1
    outer loop
      vertex 91.8872 241.554 -0.200001
      vertex 91.0349 240.444 -0.200001
      vertex 91.2021 240.297 -0.200001
    endloop
  endfacet
  facet normal 0 0 1
    outer loop
      vertex 91.55 241.78 -0.200001
      vertex 90.85 240.567 -0.200001
      vertex 91.0349 240.444 -0.200001
    endloop
  endfacet
  facet normal 0 0 1
    outer loop
      vertex 90.6506 240.666 -0.200001
      vertex 91.1863 241.959 -0.200001
      vertex 90.8023 242.089 -0.200001
    endloop
  endfacet
  facet normal 0 0 1
    outer loop
      vertex 91.1863 241.959 -0.200001
      vertex 90.6506 240.666 -0.200001
      vertex 90.85 240.567 -0.200001
    endloop
  endfacet
  facet normal 0 0 1
    outer loop
      vertex 90.8023 242.089 -0.200001
      vertex 90.44 240.737 -0.200001
      vertex 90.6506 240.666 -0.200001
    endloop
  endfacet
  facet normal 0 0 1
    outer loop
      vertex 90.4046 242.168 -0.200001
      vertex 90.44 240.737 -0.200001
      vertex 90.8023 242.089 -0.200001
    endloop
  endfacet
  facet normal 0 0 1
    outer loop
      vertex 90.4046 242.168 -0.200001
      vertex 90.2219 240.78 -0.200001
      vertex 90.44 240.737 -0.200001
    endloop
  endfacet
  facet normal 0 0 1
    outer loop
      vertex 90 242.195 -0.200001
      vertex 90.2219 240.78 -0.200001
      vertex 90.4046 242.168 -0.200001
    endloop
  endfacet
  facet normal 0 0 1
    outer loop
      vertex 90 242.195 -0.200001
      vertex 90 240.795 -0.200001
      vertex 90.2219 240.78 -0.200001
    endloop
  endfacet
  facet normal 0 0 1
    outer loop
      vertex 90 242.195 -0.200001
      vertex 89.7781 240.78 -0.200001
      vertex 90 240.795 -0.200001
    endloop
  endfacet
  facet normal -0 0 1
    outer loop
      vertex 89.5954 242.168 -0.200001
      vertex 89.7781 240.78 -0.200001
      vertex 90 242.195 -0.200001
    endloop
  endfacet
  facet normal 0 0 1
    outer loop
      vertex 89.5954 242.168 -0.200001
      vertex 89.56 240.737 -0.200001
      vertex 89.7781 240.78 -0.200001
    endloop
  endfacet
  facet normal -0 0 1
    outer loop
      vertex 89.1977 242.089 -0.200001
      vertex 89.56 240.737 -0.200001
      vertex 89.5954 242.168 -0.200001
    endloop
  endfacet
  facet normal 0 0 1
    outer loop
      vertex 89.56 240.737 -0.200001
      vertex 89.1977 242.089 -0.200001
      vertex 89.3494 240.666 -0.200001
    endloop
  endfacet
  facet normal -0 0 1
    outer loop
      vertex 88.8137 241.959 -0.200001
      vertex 89.3494 240.666 -0.200001
      vertex 89.1977 242.089 -0.200001
    endloop
  endfacet
  facet normal 0 0 1
    outer loop
      vertex 89.3494 240.666 -0.200001
      vertex 88.8137 241.959 -0.200001
      vertex 89.15 240.567 -0.200001
    endloop
  endfacet
  facet normal -0 0 1
    outer loop
      vertex 88.45 241.78 -0.200001
      vertex 89.15 240.567 -0.200001
      vertex 88.8137 241.959 -0.200001
    endloop
  endfacet
  facet normal 0 0 1
    outer loop
      vertex 89.15 240.567 -0.200001
      vertex 88.45 241.78 -0.200001
      vertex 88.9651 240.444 -0.200001
    endloop
  endfacet
  facet normal -0 0 1
    outer loop
      vertex 88.1128 241.554 -0.200001
      vertex 88.9651 240.444 -0.200001
      vertex 88.45 241.78 -0.200001
    endloop
  endfacet
  facet normal 0 0 1
    outer loop
      vertex 88.9651 240.444 -0.200001
      vertex 88.1128 241.554 -0.200001
      vertex 88.7979 240.297 -0.200001
    endloop
  endfacet
  facet normal -0 0 1
    outer loop
      vertex 87.808 241.287 -0.200001
      vertex 88.7979 240.297 -0.200001
      vertex 88.1128 241.554 -0.200001
    endloop
  endfacet
  facet normal 0 0 1
    outer loop
      vertex 88.7979 240.297 -0.200001
      vertex 87.808 241.287 -0.200001
      vertex 88.6513 240.13 -0.200001
    endloop
  endfacet
  facet normal -0 0 1
    outer loop
      vertex 87.5406 240.982 -0.200001
      vertex 88.6513 240.13 -0.200001
      vertex 87.808 241.287 -0.200001
    endloop
  endfacet
  facet normal 0 0 1
    outer loop
      vertex 88.6513 240.13 -0.200001
      vertex 87.5406 240.982 -0.200001
      vertex 88.5278 239.945 -0.200001
    endloop
  endfacet
  facet normal -0 0 1
    outer loop
      vertex 87.3153 240.645 -0.200001
      vertex 88.5278 239.945 -0.200001
      vertex 87.5406 240.982 -0.200001
    endloop
  endfacet
  facet normal 0 0 1
    outer loop
      vertex 88.5278 239.945 -0.200001
      vertex 87.3153 240.645 -0.200001
      vertex 88.4294 239.746 -0.200001
    endloop
  endfacet
  facet normal -0 0 1
    outer loop
      vertex 91.4722 238.245 -0.200001
      vertex 92.6847 237.545 -0.200001
      vertex 91.5706 238.444 -0.200001
    endloop
  endfacet
  facet normal 0 0 1
    outer loop
      vertex 92.6847 237.545 -0.200001
      vertex 91.4722 238.245 -0.200001
      vertex 92.4594 237.208 -0.200001
    endloop
  endfacet
  facet normal -0 0 1
    outer loop
      vertex 91.3487 238.06 -0.200001
      vertex 92.4594 237.208 -0.200001
      vertex 91.4722 238.245 -0.200001
    endloop
  endfacet
  facet normal 0 0 1
    outer loop
      vertex 92.4594 237.208 -0.200001
      vertex 91.3487 238.06 -0.200001
      vertex 92.192 236.903 -0.200001
    endloop
  endfacet
  facet normal -0 0 1
    outer loop
      vertex 91.2021 237.893 -0.200001
      vertex 92.192 236.903 -0.200001
      vertex 91.3487 238.06 -0.200001
    endloop
  endfacet
  facet normal 0 0 1
    outer loop
      vertex 92.192 236.903 -0.200001
      vertex 91.2021 237.893 -0.200001
      vertex 91.8872 236.636 -0.200001
    endloop
  endfacet
  facet normal -0 0 1
    outer loop
      vertex 91.0349 237.746 -0.200001
      vertex 91.8872 236.636 -0.200001
      vertex 91.2021 237.893 -0.200001
    endloop
  endfacet
  facet normal 0 0 1
    outer loop
      vertex 91.8872 236.636 -0.200001
      vertex 91.0349 237.746 -0.200001
      vertex 91.55 236.41 -0.200001
    endloop
  endfacet
  facet normal -0 0 1
    outer loop
      vertex 90.85 237.623 -0.200001
      vertex 91.55 236.41 -0.200001
      vertex 91.0349 237.746 -0.200001
    endloop
  endfacet
  facet normal 0 0 1
    outer loop
      vertex 91.55 236.41 -0.200001
      vertex 90.85 237.623 -0.200001
      vertex 91.1863 236.231 -0.200001
    endloop
  endfacet
  facet normal -0 0 1
    outer loop
      vertex 90.6506 237.524 -0.200001
      vertex 91.1863 236.231 -0.200001
      vertex 90.85 237.623 -0.200001
    endloop
  endfacet
  facet normal 0 0 1
    outer loop
      vertex 91.1863 236.231 -0.200001
      vertex 90.6506 237.524 -0.200001
      vertex 90.8023 236.101 -0.200001
    endloop
  endfacet
  facet normal -0 0 1
    outer loop
      vertex 90.44 237.453 -0.200001
      vertex 90.8023 236.101 -0.200001
      vertex 90.6506 237.524 -0.200001
    endloop
  endfacet
  facet normal 0 0 1
    outer loop
      vertex 90.44 237.453 -0.200001
      vertex 90.4046 236.022 -0.200001
      vertex 90.8023 236.101 -0.200001
    endloop
  endfacet
  facet normal -0 0 1
    outer loop
      vertex 90.2219 237.41 -0.200001
      vertex 90.4046 236.022 -0.200001
      vertex 90.44 237.453 -0.200001
    endloop
  endfacet
  facet normal -0 0 1
    outer loop
      vertex 90 237.395 -0.200001
      vertex 90.4046 236.022 -0.200001
      vertex 90.2219 237.41 -0.200001
    endloop
  endfacet
  facet normal 0 0 1
    outer loop
      vertex 90 237.395 -0.200001
      vertex 90 235.995 -0.200001
      vertex 90.4046 236.022 -0.200001
    endloop
  endfacet
  facet normal 0 0 1
    outer loop
      vertex 89.7781 237.41 -0.200001
      vertex 90 235.995 -0.200001
      vertex 90 237.395 -0.200001
    endloop
  endfacet
  facet normal 0 0 1
    outer loop
      vertex 89.7781 237.41 -0.200001
      vertex 89.5954 236.022 -0.200001
      vertex 90 235.995 -0.200001
    endloop
  endfacet
  facet normal 0 0 1
    outer loop
      vertex 89.56 237.453 -0.200001
      vertex 89.5954 236.022 -0.200001
      vertex 89.7781 237.41 -0.200001
    endloop
  endfacet
  facet normal 0 0 1
    outer loop
      vertex 89.1977 236.101 -0.200001
      vertex 89.56 237.453 -0.200001
      vertex 89.3494 237.524 -0.200001
    endloop
  endfacet
  facet normal 0 0 1
    outer loop
      vertex 89.56 237.453 -0.200001
      vertex 89.1977 236.101 -0.200001
      vertex 89.5954 236.022 -0.200001
    endloop
  endfacet
  facet normal 0 0 1
    outer loop
      vertex 88.8137 236.231 -0.200001
      vertex 89.3494 237.524 -0.200001
      vertex 89.15 237.623 -0.200001
    endloop
  endfacet
  facet normal 0 0 1
    outer loop
      vertex 88.45 236.41 -0.200001
      vertex 89.15 237.623 -0.200001
      vertex 88.9651 237.746 -0.200001
    endloop
  endfacet
  facet normal 0 0 1
    outer loop
      vertex 89.3494 237.524 -0.200001
      vertex 88.8137 236.231 -0.200001
      vertex 89.1977 236.101 -0.200001
    endloop
  endfacet
  facet normal 0 0 1
    outer loop
      vertex 88.1128 236.636 -0.200001
      vertex 88.9651 237.746 -0.200001
      vertex 88.7979 237.893 -0.200001
    endloop
  endfacet
  facet normal 0 0 1
    outer loop
      vertex 87.808 236.903 -0.200001
      vertex 88.7979 237.893 -0.200001
      vertex 88.6513 238.06 -0.200001
    endloop
  endfacet
  facet normal 0 0 1
    outer loop
      vertex 87.5406 237.208 -0.200001
      vertex 88.6513 238.06 -0.200001
      vertex 88.5278 238.245 -0.200001
    endloop
  endfacet
  facet normal 0 0 1
    outer loop
      vertex 89.15 237.623 -0.200001
      vertex 88.45 236.41 -0.200001
      vertex 88.8137 236.231 -0.200001
    endloop
  endfacet
  facet normal 0 0 1
    outer loop
      vertex 87.3153 237.545 -0.200001
      vertex 88.5278 238.245 -0.200001
      vertex 88.4294 238.444 -0.200001
    endloop
  endfacet
  facet normal 0 0 1
    outer loop
      vertex 87.136 237.909 -0.200001
      vertex 88.4294 238.444 -0.200001
      vertex 88.3579 238.655 -0.200001
    endloop
  endfacet
  facet normal 0 0 1
    outer loop
      vertex 87.0056 238.293 -0.200001
      vertex 88.3579 238.655 -0.200001
      vertex 88.3145 238.873 -0.200001
    endloop
  endfacet
  facet normal 0 0 1
    outer loop
      vertex 86.9265 238.69 -0.200001
      vertex 88.3145 238.873 -0.200001
      vertex 88.3 239.095 -0.200001
    endloop
  endfacet
  facet normal -0 0 1
    outer loop
      vertex 87.136 240.281 -0.200001
      vertex 88.4294 239.746 -0.200001
      vertex 87.3153 240.645 -0.200001
    endloop
  endfacet
  facet normal 0 0 1
    outer loop
      vertex 88.9651 237.746 -0.200001
      vertex 88.1128 236.636 -0.200001
      vertex 88.45 236.41 -0.200001
    endloop
  endfacet
  facet normal 0 0 1
    outer loop
      vertex 88.4294 239.746 -0.200001
      vertex 87.136 240.281 -0.200001
      vertex 88.3579 239.535 -0.200001
    endloop
  endfacet
  facet normal 0 0 1
    outer loop
      vertex 88.7979 237.893 -0.200001
      vertex 87.808 236.903 -0.200001
      vertex 88.1128 236.636 -0.200001
    endloop
  endfacet
  facet normal -0 0 1
    outer loop
      vertex 87.0056 239.897 -0.200001
      vertex 88.3579 239.535 -0.200001
      vertex 87.136 240.281 -0.200001
    endloop
  endfacet
  facet normal 0 0 1
    outer loop
      vertex 88.6513 238.06 -0.200001
      vertex 87.5406 237.208 -0.200001
      vertex 87.808 236.903 -0.200001
    endloop
  endfacet
  facet normal 0 0 1
    outer loop
      vertex 88.3579 239.535 -0.200001
      vertex 87.0056 239.897 -0.200001
      vertex 88.3145 239.317 -0.200001
    endloop
  endfacet
  facet normal 0 0 1
    outer loop
      vertex 88.5278 238.245 -0.200001
      vertex 87.3153 237.545 -0.200001
      vertex 87.5406 237.208 -0.200001
    endloop
  endfacet
  facet normal -0 0 1
    outer loop
      vertex 86.9265 239.5 -0.200001
      vertex 88.3145 239.317 -0.200001
      vertex 87.0056 239.897 -0.200001
    endloop
  endfacet
  facet normal 0 0 1
    outer loop
      vertex 88.4294 238.444 -0.200001
      vertex 87.136 237.909 -0.200001
      vertex 87.3153 237.545 -0.200001
    endloop
  endfacet
  facet normal 0 0 1
    outer loop
      vertex 88.3145 239.317 -0.200001
      vertex 86.9265 239.5 -0.200001
      vertex 88.3 239.095 -0.200001
    endloop
  endfacet
  facet normal 0 0 1
    outer loop
      vertex 88.3579 238.655 -0.200001
      vertex 87.0056 238.293 -0.200001
      vertex 87.136 237.909 -0.200001
    endloop
  endfacet
  facet normal 0 0 1
    outer loop
      vertex 86.9 239.095 -0.200001
      vertex 88.3 239.095 -0.200001
      vertex 86.9265 239.5 -0.200001
    endloop
  endfacet
  facet normal 0 0 1
    outer loop
      vertex 88.3145 238.873 -0.200001
      vertex 86.9265 238.69 -0.200001
      vertex 87.0056 238.293 -0.200001
    endloop
  endfacet
  facet normal 0 0 1
    outer loop
      vertex 88.3 239.095 -0.200001
      vertex 86.9 239.095 -0.200001
      vertex 86.9265 238.69 -0.200001
    endloop
  endfacet
  facet normal 0.897073 -0.441882 0
    outer loop
      vertex 87.136 240.281 3
      vertex 87.3153 240.645 -0.200001
      vertex 87.3153 240.645 3
    endloop
  endfacet
  facet normal 0.897073 -0.441882 0
    outer loop
      vertex 87.3153 240.645 -0.200001
      vertex 87.136 240.281 3
      vertex 87.136 240.281 -0.200001
    endloop
  endfacet
  facet normal 0.831329 -0.555781 0
    outer loop
      vertex 87.3153 240.645 3
      vertex 87.5406 240.982 -0.200001
      vertex 87.5406 240.982 3
    endloop
  endfacet
  facet normal 0.831329 -0.555781 0
    outer loop
      vertex 87.5406 240.982 -0.200001
      vertex 87.3153 240.645 3
      vertex 87.3153 240.645 -0.200001
    endloop
  endfacet
  facet normal 0.556745 0.830683 -0
    outer loop
      vertex 88.45 236.41 -0.200001
      vertex 88.1128 236.636 3
      vertex 88.45 236.41 3
    endloop
  endfacet
  facet normal 0.556745 0.830683 0
    outer loop
      vertex 88.1128 236.636 3
      vertex 88.45 236.41 -0.200001
      vertex 88.1128 236.636 -0.200001
    endloop
  endfacet
  facet normal -0.98077 -0.195165 0
    outer loop
      vertex 91.6855 11.1269 -3
      vertex 91.6421 11.345 -0.200001
      vertex 91.6421 11.345 -3
    endloop
  endfacet
  facet normal -0.98077 -0.195165 0
    outer loop
      vertex 91.6421 11.345 -0.200001
      vertex 91.6855 11.1269 -3
      vertex 91.6855 11.1269 -0.200001
    endloop
  endfacet
  facet normal -0.997872 -0.0652057 0
    outer loop
      vertex 91.7 10.905 -3
      vertex 91.6855 11.1269 -0.200001
      vertex 91.6855 11.1269 -3
    endloop
  endfacet
  facet normal -0.997872 -0.0652057 0
    outer loop
      vertex 91.6855 11.1269 -0.200001
      vertex 91.7 10.905 -3
      vertex 91.7 10.905 -0.200001
    endloop
  endfacet
  facet normal -0.0653848 0.99786 0
    outer loop
      vertex 90.2219 9.21953 -3
      vertex 90 9.20499 -0.200001
      vertex 90.2219 9.21953 -0.200001
    endloop
  endfacet
  facet normal -0.0653848 0.99786 0
    outer loop
      vertex 90 9.20499 -0.200001
      vertex 90.2219 9.21953 -3
      vertex 90 9.20499 -3
    endloop
  endfacet
  facet normal 0.659268 -0.751908 0
    outer loop
      vertex 88.7979 12.1071 -3
      vertex 88.9651 12.2537 -0.200001
      vertex 88.7979 12.1071 -0.200001
    endloop
  endfacet
  facet normal 0.659268 -0.751908 0
    outer loop
      vertex 88.9651 12.2537 -0.200001
      vertex 88.7979 12.1071 -3
      vertex 88.9651 12.2537 -3
    endloop
  endfacet
  facet normal 0.83158 0.555406 0
    outer loop
      vertex 88.6513 9.87009 -0.200001
      vertex 88.5278 10.055 -3
      vertex 88.5278 10.055 -0.200001
    endloop
  endfacet
  facet normal 0.83158 0.555406 0
    outer loop
      vertex 88.5278 10.055 -3
      vertex 88.6513 9.87009 -0.200001
      vertex 88.6513 9.87009 -3
    endloop
  endfacet
  facet normal 0.195078 0.980788 -0
    outer loop
      vertex 89.7781 9.21953 -3
      vertex 89.56 9.26291 -0.200001
      vertex 89.7781 9.21953 -0.200001
    endloop
  endfacet
  facet normal 0.195078 0.980788 0
    outer loop
      vertex 89.56 9.26291 -0.200001
      vertex 89.7781 9.21953 -3
      vertex 89.56 9.26291 -3
    endloop
  endfacet
  facet normal -0.659268 -0.751908 0
    outer loop
      vertex 91.0349 12.2537 -3
      vertex 91.2021 12.1071 -0.200001
      vertex 91.0349 12.2537 -0.200001
    endloop
  endfacet
  facet normal -0.659268 -0.751908 -0
    outer loop
      vertex 91.2021 12.1071 -0.200001
      vertex 91.0349 12.2537 -3
      vertex 91.2021 12.1071 -3
    endloop
  endfacet
  facet normal -0.946915 0.321484 0
    outer loop
      vertex 91.5706 10.2544 -3
      vertex 91.6421 10.465 -0.200001
      vertex 91.6421 10.465 -3
    endloop
  endfacet
  facet normal -0.946915 0.321484 0
    outer loop
      vertex 91.6421 10.465 -0.200001
      vertex 91.5706 10.2544 -3
      vertex 91.5706 10.2544 -0.200001
    endloop
  endfacet
  facet normal -0.751888 0.659291 0
    outer loop
      vertex 91.2021 9.7029 -3
      vertex 91.3487 9.87009 -0.200001
      vertex 91.3487 9.87009 -3
    endloop
  endfacet
  facet normal -0.751888 0.659291 0
    outer loop
      vertex 91.3487 9.87009 -0.200001
      vertex 91.2021 9.7029 -3
      vertex 91.2021 9.7029 -0.200001
    endloop
  endfacet
  facet normal -0.751908 -0.659268 0
    outer loop
      vertex 91.3487 11.9399 -3
      vertex 91.2021 12.1071 -0.200001
      vertex 91.2021 12.1071 -3
    endloop
  endfacet
  facet normal -0.751908 -0.659268 0
    outer loop
      vertex 91.2021 12.1071 -0.200001
      vertex 91.3487 11.9399 -3
      vertex 91.3487 11.9399 -0.200001
    endloop
  endfacet
  facet normal 0.946915 0.321484 0
    outer loop
      vertex 88.4294 10.2544 -0.200001
      vertex 88.3579 10.465 -3
      vertex 88.3579 10.465 -0.200001
    endloop
  endfacet
  facet normal 0.946915 0.321484 0
    outer loop
      vertex 88.3579 10.465 -3
      vertex 88.4294 10.2544 -0.200001
      vertex 88.4294 10.2544 -3
    endloop
  endfacet
  facet normal -0.321403 0.946943 0
    outer loop
      vertex 90.6506 9.33439 -3
      vertex 90.44 9.26291 -0.200001
      vertex 90.6506 9.33439 -0.200001
    endloop
  endfacet
  facet normal -0.321403 0.946943 0
    outer loop
      vertex 90.44 9.26291 -0.200001
      vertex 90.6506 9.33439 -3
      vertex 90.44 9.26291 -3
    endloop
  endfacet
  facet normal 0.0653848 0.99786 -0
    outer loop
      vertex 90 9.20499 -3
      vertex 89.7781 9.21953 -0.200001
      vertex 90 9.20499 -0.200001
    endloop
  endfacet
  facet normal 0.0653848 0.99786 0
    outer loop
      vertex 89.7781 9.21953 -0.200001
      vertex 90 9.20499 -3
      vertex 89.7781 9.21953 -3
    endloop
  endfacet
  facet normal 0.321484 -0.946915 0
    outer loop
      vertex 89.3494 12.4756 -3
      vertex 89.56 12.5471 -0.200001
      vertex 89.3494 12.4756 -0.200001
    endloop
  endfacet
  facet normal 0.321484 -0.946915 0
    outer loop
      vertex 89.56 12.5471 -0.200001
      vertex 89.3494 12.4756 -3
      vertex 89.56 12.5471 -3
    endloop
  endfacet
  facet normal 0.751908 -0.659268 0
    outer loop
      vertex 88.6513 11.9399 -0.200001
      vertex 88.7979 12.1071 -3
      vertex 88.7979 12.1071 -0.200001
    endloop
  endfacet
  facet normal 0.751908 -0.659268 0
    outer loop
      vertex 88.7979 12.1071 -3
      vertex 88.6513 11.9399 -0.200001
      vertex 88.6513 11.9399 -3
    endloop
  endfacet
  facet normal 0.442349 0.896843 -0
    outer loop
      vertex 89.3494 9.33439 -3
      vertex 89.15 9.43274 -0.200001
      vertex 89.3494 9.33439 -0.200001
    endloop
  endfacet
  facet normal 0.442349 0.896843 0
    outer loop
      vertex 89.15 9.43274 -0.200001
      vertex 89.3494 9.33439 -3
      vertex 89.15 9.43274 -3
    endloop
  endfacet
  facet normal 0.0656534 -0.997842 0
    outer loop
      vertex 89.7781 12.5904 -3
      vertex 90 12.605 -0.200001
      vertex 89.7781 12.5904 -0.200001
    endloop
  endfacet
  facet normal 0.0656534 -0.997842 0
    outer loop
      vertex 90 12.605 -0.200001
      vertex 89.7781 12.5904 -3
      vertex 90 12.605 -3
    endloop
  endfacet
  facet normal -0.896754 0.44253 0
    outer loop
      vertex 91.4722 10.055 -3
      vertex 91.5706 10.2544 -0.200001
      vertex 91.5706 10.2544 -3
    endloop
  endfacet
  facet normal -0.896754 0.44253 0
    outer loop
      vertex 91.5706 10.2544 -0.200001
      vertex 91.4722 10.055 -3
      vertex 91.4722 10.055 -0.200001
    endloop
  endfacet
  facet normal -0.555551 0.831483 0
    outer loop
      vertex 91.0349 9.55628 -3
      vertex 90.85 9.43274 -0.200001
      vertex 91.0349 9.55628 -0.200001
    endloop
  endfacet
  facet normal -0.555551 0.831483 0
    outer loop
      vertex 90.85 9.43274 -0.200001
      vertex 91.0349 9.55628 -3
      vertex 90.85 9.43274 -3
    endloop
  endfacet
  facet normal 0.98077 0.195165 0
    outer loop
      vertex 88.3579 10.465 -0.200001
      vertex 88.3145 10.6831 -3
      vertex 88.3145 10.6831 -0.200001
    endloop
  endfacet
  facet normal 0.98077 0.195165 0
    outer loop
      vertex 88.3145 10.6831 -3
      vertex 88.3579 10.465 -0.200001
      vertex 88.3579 10.465 -3
    endloop
  endfacet
  facet normal 0.751888 0.659291 0
    outer loop
      vertex 88.7979 9.7029 -0.200001
      vertex 88.6513 9.87009 -3
      vertex 88.6513 9.87009 -0.200001
    endloop
  endfacet
  facet normal 0.751888 0.659291 0
    outer loop
      vertex 88.6513 9.87009 -3
      vertex 88.7979 9.7029 -0.200001
      vertex 88.7979 9.7029 -3
    endloop
  endfacet
  facet normal -0.194732 -0.980856 0
    outer loop
      vertex 90.2219 12.5904 -3
      vertex 90.44 12.5471 -0.200001
      vertex 90.2219 12.5904 -0.200001
    endloop
  endfacet
  facet normal -0.194732 -0.980856 -0
    outer loop
      vertex 90.44 12.5471 -0.200001
      vertex 90.2219 12.5904 -3
      vertex 90.44 12.5471 -3
    endloop
  endfacet
  facet normal -0.831566 -0.555426 0
    outer loop
      vertex 91.4722 11.755 -3
      vertex 91.3487 11.9399 -0.200001
      vertex 91.3487 11.9399 -3
    endloop
  endfacet
  facet normal -0.831566 -0.555426 0
    outer loop
      vertex 91.3487 11.9399 -0.200001
      vertex 91.4722 11.755 -3
      vertex 91.4722 11.755 -0.200001
    endloop
  endfacet
  facet normal -0.997872 0.0652057 0
    outer loop
      vertex 91.6855 10.6831 -3
      vertex 91.7 10.905 -0.200001
      vertex 91.7 10.905 -3
    endloop
  endfacet
  facet normal -0.997872 0.0652057 0
    outer loop
      vertex 91.7 10.905 -0.200001
      vertex 91.6855 10.6831 -3
      vertex 91.6855 10.6831 -0.200001
    endloop
  endfacet
  facet normal -0.321484 -0.946915 0
    outer loop
      vertex 90.44 12.5471 -3
      vertex 90.6506 12.4756 -0.200001
      vertex 90.44 12.5471 -0.200001
    endloop
  endfacet
  facet normal -0.321484 -0.946915 -0
    outer loop
      vertex 90.6506 12.4756 -0.200001
      vertex 90.44 12.5471 -3
      vertex 90.6506 12.4756 -3
    endloop
  endfacet
  facet normal -0.555426 -0.831566 0
    outer loop
      vertex 90.85 12.3772 -3
      vertex 91.0349 12.2537 -0.200001
      vertex 90.85 12.3772 -0.200001
    endloop
  endfacet
  facet normal -0.555426 -0.831566 -0
    outer loop
      vertex 91.0349 12.2537 -0.200001
      vertex 90.85 12.3772 -3
      vertex 91.0349 12.2537 -3
    endloop
  endfacet
  facet normal 0.194732 -0.980856 0
    outer loop
      vertex 89.56 12.5471 -3
      vertex 89.7781 12.5904 -0.200001
      vertex 89.56 12.5471 -0.200001
    endloop
  endfacet
  facet normal 0.194732 -0.980856 0
    outer loop
      vertex 89.7781 12.5904 -0.200001
      vertex 89.56 12.5471 -3
      vertex 89.7781 12.5904 -3
    endloop
  endfacet
  facet normal -0.659319 0.751863 0
    outer loop
      vertex 91.2021 9.7029 -3
      vertex 91.0349 9.55628 -0.200001
      vertex 91.2021 9.7029 -0.200001
    endloop
  endfacet
  facet normal -0.659319 0.751863 0
    outer loop
      vertex 91.0349 9.55628 -0.200001
      vertex 91.2021 9.7029 -3
      vertex 91.0349 9.55628 -3
    endloop
  endfacet
  facet normal 0.896842 -0.442352 0
    outer loop
      vertex 88.4294 11.5555 -0.200001
      vertex 88.5278 11.755 -3
      vertex 88.5278 11.755 -0.200001
    endloop
  endfacet
  facet normal 0.896842 -0.442352 0
    outer loop
      vertex 88.5278 11.755 -3
      vertex 88.4294 11.5555 -0.200001
      vertex 88.4294 11.5555 -3
    endloop
  endfacet
  facet normal -0.98077 0.195165 0
    outer loop
      vertex 91.6421 10.465 -3
      vertex 91.6855 10.6831 -0.200001
      vertex 91.6855 10.6831 -3
    endloop
  endfacet
  facet normal -0.98077 0.195165 0
    outer loop
      vertex 91.6855 10.6831 -0.200001
      vertex 91.6421 10.465 -3
      vertex 91.6421 10.465 -0.200001
    endloop
  endfacet
  facet normal -0.195078 0.980788 0
    outer loop
      vertex 90.44 9.26291 -3
      vertex 90.2219 9.21953 -0.200001
      vertex 90.44 9.26291 -0.200001
    endloop
  endfacet
  facet normal -0.195078 0.980788 0
    outer loop
      vertex 90.2219 9.21953 -0.200001
      vertex 90.44 9.26291 -3
      vertex 90.2219 9.21953 -3
    endloop
  endfacet
  facet normal 0.659319 0.751863 -0
    outer loop
      vertex 88.9651 9.55628 -3
      vertex 88.7979 9.7029 -0.200001
      vertex 88.9651 9.55628 -0.200001
    endloop
  endfacet
  facet normal 0.659319 0.751863 0
    outer loop
      vertex 88.7979 9.7029 -0.200001
      vertex 88.9651 9.55628 -3
      vertex 88.7979 9.7029 -3
    endloop
  endfacet
  facet normal -0.0656534 -0.997842 0
    outer loop
      vertex 90 12.605 -3
      vertex 90.2219 12.5904 -0.200001
      vertex 90 12.605 -0.200001
    endloop
  endfacet
  facet normal -0.0656534 -0.997842 -0
    outer loop
      vertex 90.2219 12.5904 -0.200001
      vertex 90 12.605 -3
      vertex 90.2219 12.5904 -3
    endloop
  endfacet
  facet normal -0.44253 -0.896754 0
    outer loop
      vertex 90.6506 12.4756 -3
      vertex 90.85 12.3772 -0.200001
      vertex 90.6506 12.4756 -0.200001
    endloop
  endfacet
  facet normal -0.44253 -0.896754 -0
    outer loop
      vertex 90.85 12.3772 -0.200001
      vertex 90.6506 12.4756 -3
      vertex 90.85 12.3772 -3
    endloop
  endfacet
  facet normal -0.83158 0.555406 0
    outer loop
      vertex 91.3487 9.87009 -3
      vertex 91.4722 10.055 -0.200001
      vertex 91.4722 10.055 -3
    endloop
  endfacet
  facet normal -0.83158 0.555406 0
    outer loop
      vertex 91.4722 10.055 -0.200001
      vertex 91.3487 9.87009 -3
      vertex 91.3487 9.87009 -0.200001
    endloop
  endfacet
  facet normal 0.997872 0.0652057 0
    outer loop
      vertex 88.3145 10.6831 -0.200001
      vertex 88.3 10.905 -3
      vertex 88.3 10.905 -0.200001
    endloop
  endfacet
  facet normal 0.997872 0.0652057 0
    outer loop
      vertex 88.3 10.905 -3
      vertex 88.3145 10.6831 -0.200001
      vertex 88.3145 10.6831 -3
    endloop
  endfacet
  facet normal -0.442349 0.896843 0
    outer loop
      vertex 90.85 9.43274 -3
      vertex 90.6506 9.33439 -0.200001
      vertex 90.85 9.43274 -0.200001
    endloop
  endfacet
  facet normal -0.442349 0.896843 0
    outer loop
      vertex 90.6506 9.33439 -0.200001
      vertex 90.85 9.43274 -3
      vertex 90.6506 9.33439 -3
    endloop
  endfacet
  facet normal 0.98077 -0.195165 0
    outer loop
      vertex 88.3145 11.1269 -0.200001
      vertex 88.3579 11.345 -3
      vertex 88.3579 11.345 -0.200001
    endloop
  endfacet
  facet normal 0.98077 -0.195165 0
    outer loop
      vertex 88.3579 11.345 -3
      vertex 88.3145 11.1269 -0.200001
      vertex 88.3145 11.1269 -3
    endloop
  endfacet
  facet normal 0.896754 0.44253 0
    outer loop
      vertex 88.5278 10.055 -0.200001
      vertex 88.4294 10.2544 -3
      vertex 88.4294 10.2544 -0.200001
    endloop
  endfacet
  facet normal 0.896754 0.44253 0
    outer loop
      vertex 88.4294 10.2544 -3
      vertex 88.5278 10.055 -0.200001
      vertex 88.5278 10.055 -3
    endloop
  endfacet
  facet normal 0.946869 -0.32162 0
    outer loop
      vertex 88.3579 11.345 -0.200001
      vertex 88.4294 11.5555 -3
      vertex 88.4294 11.5555 -0.200001
    endloop
  endfacet
  facet normal 0.946869 -0.32162 0
    outer loop
      vertex 88.4294 11.5555 -3
      vertex 88.3579 11.345 -0.200001
      vertex 88.3579 11.345 -3
    endloop
  endfacet
  facet normal -0.896842 -0.442352 0
    outer loop
      vertex 91.5706 11.5555 -3
      vertex 91.4722 11.755 -0.200001
      vertex 91.4722 11.755 -3
    endloop
  endfacet
  facet normal -0.896842 -0.442352 0
    outer loop
      vertex 91.4722 11.755 -0.200001
      vertex 91.5706 11.5555 -3
      vertex 91.5706 11.5555 -0.200001
    endloop
  endfacet
  facet normal -0.946869 -0.32162 0
    outer loop
      vertex 91.6421 11.345 -3
      vertex 91.5706 11.5555 -0.200001
      vertex 91.5706 11.5555 -3
    endloop
  endfacet
  facet normal -0.946869 -0.32162 0
    outer loop
      vertex 91.5706 11.5555 -0.200001
      vertex 91.6421 11.345 -3
      vertex 91.6421 11.345 -0.200001
    endloop
  endfacet
  facet normal 0.997872 -0.0652057 0
    outer loop
      vertex 88.3 10.905 -0.200001
      vertex 88.3145 11.1269 -3
      vertex 88.3145 11.1269 -0.200001
    endloop
  endfacet
  facet normal 0.997872 -0.0652057 0
    outer loop
      vertex 88.3145 11.1269 -3
      vertex 88.3 10.905 -0.200001
      vertex 88.3 10.905 -3
    endloop
  endfacet
  facet normal 0.321403 0.946943 -0
    outer loop
      vertex 89.56 9.26291 -3
      vertex 89.3494 9.33439 -0.200001
      vertex 89.56 9.26291 -0.200001
    endloop
  endfacet
  facet normal 0.321403 0.946943 0
    outer loop
      vertex 89.3494 9.33439 -0.200001
      vertex 89.56 9.26291 -3
      vertex 89.3494 9.33439 -3
    endloop
  endfacet
  facet normal 0.44253 -0.896754 0
    outer loop
      vertex 89.15 12.3772 -3
      vertex 89.3494 12.4756 -0.200001
      vertex 89.15 12.3772 -0.200001
    endloop
  endfacet
  facet normal 0.44253 -0.896754 0
    outer loop
      vertex 89.3494 12.4756 -0.200001
      vertex 89.15 12.3772 -3
      vertex 89.3494 12.4756 -3
    endloop
  endfacet
  facet normal 0.555426 -0.831566 0
    outer loop
      vertex 88.9651 12.2537 -3
      vertex 89.15 12.3772 -0.200001
      vertex 88.9651 12.2537 -0.200001
    endloop
  endfacet
  facet normal 0.555426 -0.831566 0
    outer loop
      vertex 89.15 12.3772 -0.200001
      vertex 88.9651 12.2537 -3
      vertex 89.15 12.3772 -3
    endloop
  endfacet
  facet normal 0.831566 -0.555426 0
    outer loop
      vertex 88.5278 11.755 -0.200001
      vertex 88.6513 11.9399 -3
      vertex 88.6513 11.9399 -0.200001
    endloop
  endfacet
  facet normal 0.831566 -0.555426 0
    outer loop
      vertex 88.6513 11.9399 -3
      vertex 88.5278 11.755 -0.200001
      vertex 88.5278 11.755 -3
    endloop
  endfacet
  facet normal 0.555551 0.831483 -0
    outer loop
      vertex 89.15 9.43274 -3
      vertex 88.9651 9.55628 -0.200001
      vertex 89.15 9.43274 -0.200001
    endloop
  endfacet
  facet normal 0.555551 0.831483 0
    outer loop
      vertex 88.9651 9.55628 -0.200001
      vertex 89.15 9.43274 -3
      vertex 88.9651 9.55628 -3
    endloop
  endfacet
  facet normal 0.896919 0.442195 0
    outer loop
      vertex 87.3153 9.35499 3
      vertex 87.136 9.71867 -0.200001
      vertex 87.136 9.71867 3
    endloop
  endfacet
  facet normal 0.896919 0.442195 0
    outer loop
      vertex 87.136 9.71867 -0.200001
      vertex 87.3153 9.35499 3
      vertex 87.3153 9.35499 -0.200001
    endloop
  endfacet
  facet normal -0.442275 0.89688 0
    outer loop
      vertex 91.55 8.22031 -0.200001
      vertex 91.1863 8.04096 3
      vertex 91.55 8.22031 3
    endloop
  endfacet
  facet normal -0.442275 0.89688 0
    outer loop
      vertex 91.1863 8.04096 3
      vertex 91.55 8.22031 -0.200001
      vertex 91.1863 8.04096 -0.200001
    endloop
  endfacet
  facet normal -0.980789 -0.195073 0
    outer loop
      vertex 93.0735 11.3096 -0.200001
      vertex 92.9944 11.7073 3
      vertex 92.9944 11.7073 -0.200001
    endloop
  endfacet
  facet normal -0.980789 -0.195073 0
    outer loop
      vertex 92.9944 11.7073 3
      vertex 93.0735 11.3096 -0.200001
      vertex 93.0735 11.3096 3
    endloop
  endfacet
  facet normal -0.997862 -0.0653568 0
    outer loop
      vertex 93.1 10.905 -0.200001
      vertex 93.0735 11.3096 3
      vertex 93.0735 11.3096 -0.200001
    endloop
  endfacet
  facet normal -0.997862 -0.0653568 0
    outer loop
      vertex 93.0735 11.3096 3
      vertex 93.1 10.905 -0.200001
      vertex 93.1 10.905 3
    endloop
  endfacet
  facet normal -0.946893 -0.321549 0
    outer loop
      vertex 92.9944 11.7073 -0.200001
      vertex 92.864 12.0913 3
      vertex 92.864 12.0913 -0.200001
    endloop
  endfacet
  facet normal -0.946893 -0.321549 0
    outer loop
      vertex 92.864 12.0913 3
      vertex 92.9944 11.7073 -0.200001
      vertex 92.9944 11.7073 3
    endloop
  endfacet
  facet normal -0.751806 0.659384 0
    outer loop
      vertex 92.192 8.71295 -0.200001
      vertex 92.4594 9.01783 3
      vertex 92.4594 9.01783 -0.200001
    endloop
  endfacet
  facet normal -0.751806 0.659384 0
    outer loop
      vertex 92.4594 9.01783 3
      vertex 92.192 8.71295 -0.200001
      vertex 92.192 8.71295 3
    endloop
  endfacet
  facet normal -0.321549 -0.946893 0
    outer loop
      vertex 90.8023 13.8994 -0.200001
      vertex 91.1863 13.769 3
      vertex 90.8023 13.8994 3
    endloop
  endfacet
  facet normal -0.321549 -0.946893 -0
    outer loop
      vertex 91.1863 13.769 3
      vertex 90.8023 13.8994 -0.200001
      vertex 91.1863 13.769 -0.200001
    endloop
  endfacet
  facet normal -0.555553 -0.831481 0
    outer loop
      vertex 91.55 13.5897 -0.200001
      vertex 91.8872 13.3644 3
      vertex 91.55 13.5897 3
    endloop
  endfacet
  facet normal -0.555553 -0.831481 -0
    outer loop
      vertex 91.8872 13.3644 3
      vertex 91.55 13.5897 -0.200001
      vertex 91.8872 13.3644 -0.200001
    endloop
  endfacet
  facet normal -0.896919 0.442195 0
    outer loop
      vertex 92.6847 9.35499 -0.200001
      vertex 92.864 9.71867 3
      vertex 92.864 9.71867 -0.200001
    endloop
  endfacet
  facet normal -0.896919 0.442195 0
    outer loop
      vertex 92.864 9.71867 3
      vertex 92.6847 9.35499 -0.200001
      vertex 92.6847 9.35499 3
    endloop
  endfacet
  facet normal -0.321416 0.946938 0
    outer loop
      vertex 91.1863 8.04096 -0.200001
      vertex 90.8023 7.91062 3
      vertex 91.1863 8.04096 3
    endloop
  endfacet
  facet normal -0.321416 0.946938 0
    outer loop
      vertex 90.8023 7.91062 3
      vertex 91.1863 8.04096 -0.200001
      vertex 90.8023 7.91062 -0.200001
    endloop
  endfacet
  facet normal -0.896928 -0.442176 0
    outer loop
      vertex 92.864 12.0913 -0.200001
      vertex 92.6847 12.455 3
      vertex 92.6847 12.455 -0.200001
    endloop
  endfacet
  facet normal -0.896928 -0.442176 0
    outer loop
      vertex 92.6847 12.455 3
      vertex 92.864 12.0913 -0.200001
      vertex 92.864 12.0913 3
    endloop
  endfacet
  facet normal 0.195073 -0.980789 0
    outer loop
      vertex 89.1977 13.8994 -0.200001
      vertex 89.5954 13.9785 3
      vertex 89.1977 13.8994 3
    endloop
  endfacet
  facet normal 0.195073 -0.980789 0
    outer loop
      vertex 89.5954 13.9785 3
      vertex 89.1977 13.8994 -0.200001
      vertex 89.5954 13.9785 -0.200001
    endloop
  endfacet
  facet normal 0.0654059 0.997859 -0
    outer loop
      vertex 90 7.80499 -0.200001
      vertex 89.5954 7.83151 3
      vertex 90 7.80499 3
    endloop
  endfacet
  facet normal 0.0654059 0.997859 0
    outer loop
      vertex 89.5954 7.83151 3
      vertex 90 7.80499 -0.200001
      vertex 89.5954 7.83151 -0.200001
    endloop
  endfacet
  facet normal 0.555553 -0.831481 0
    outer loop
      vertex 88.1128 13.3644 -0.200001
      vertex 88.45 13.5897 3
      vertex 88.1128 13.3644 3
    endloop
  endfacet
  facet normal 0.555553 -0.831481 0
    outer loop
      vertex 88.45 13.5897 3
      vertex 88.1128 13.3644 -0.200001
      vertex 88.45 13.5897 -0.200001
    endloop
  endfacet
  facet normal 0.321416 0.946938 -0
    outer loop
      vertex 89.1977 7.91062 -0.200001
      vertex 88.8137 8.04096 3
      vertex 89.1977 7.91062 3
    endloop
  endfacet
  facet normal 0.321416 0.946938 0
    outer loop
      vertex 88.8137 8.04096 3
      vertex 89.1977 7.91062 -0.200001
      vertex 88.8137 8.04096 -0.200001
    endloop
  endfacet
  facet normal -0.946875 0.321602 0
    outer loop
      vertex 92.864 9.71867 -0.200001
      vertex 92.9944 10.1026 3
      vertex 92.9944 10.1026 -0.200001
    endloop
  endfacet
  facet normal -0.946875 0.321602 0
    outer loop
      vertex 92.9944 10.1026 3
      vertex 92.864 9.71867 -0.200001
      vertex 92.864 9.71867 3
    endloop
  endfacet
  facet normal 0.83145 0.555599 0
    outer loop
      vertex 87.5406 9.01783 3
      vertex 87.3153 9.35499 -0.200001
      vertex 87.3153 9.35499 3
    endloop
  endfacet
  facet normal 0.83145 0.555599 0
    outer loop
      vertex 87.3153 9.35499 -0.200001
      vertex 87.5406 9.01783 3
      vertex 87.5406 9.01783 -0.200001
    endloop
  endfacet
  facet normal 0.659426 0.751769 -0
    outer loop
      vertex 88.1128 8.44559 -0.200001
      vertex 87.808 8.71295 3
      vertex 88.1128 8.44559 3
    endloop
  endfacet
  facet normal 0.659426 0.751769 0
    outer loop
      vertex 87.808 8.71295 3
      vertex 88.1128 8.44559 -0.200001
      vertex 87.808 8.71295 -0.200001
    endloop
  endfacet
  facet normal 0.659482 -0.751721 0
    outer loop
      vertex 87.808 13.097 -0.200001
      vertex 88.1128 13.3644 3
      vertex 87.808 13.097 3
    endloop
  endfacet
  facet normal 0.659482 -0.751721 0
    outer loop
      vertex 88.1128 13.3644 3
      vertex 87.808 13.097 -0.200001
      vertex 88.1128 13.3644 -0.200001
    endloop
  endfacet
  facet normal 0.946893 -0.321549 0
    outer loop
      vertex 87.0056 11.7073 3
      vertex 87.136 12.0913 -0.200001
      vertex 87.136 12.0913 3
    endloop
  endfacet
  facet normal 0.946893 -0.321549 0
    outer loop
      vertex 87.136 12.0913 -0.200001
      vertex 87.0056 11.7073 3
      vertex 87.0056 11.7073 -0.200001
    endloop
  endfacet
  facet normal 0.442176 -0.896928 0
    outer loop
      vertex 88.45 13.5897 -0.200001
      vertex 88.8137 13.769 3
      vertex 88.45 13.5897 3
    endloop
  endfacet
  facet normal 0.442176 -0.896928 0
    outer loop
      vertex 88.8137 13.769 3
      vertex 88.45 13.5897 -0.200001
      vertex 88.8137 13.769 -0.200001
    endloop
  endfacet
  facet normal 0.980789 -0.195073 0
    outer loop
      vertex 86.9265 11.3096 3
      vertex 87.0056 11.7073 -0.200001
      vertex 87.0056 11.7073 3
    endloop
  endfacet
  facet normal 0.980789 -0.195073 0
    outer loop
      vertex 87.0056 11.7073 -0.200001
      vertex 86.9265 11.3096 3
      vertex 86.9265 11.3096 -0.200001
    endloop
  endfacet
  facet normal 0.321549 -0.946893 0
    outer loop
      vertex 88.8137 13.769 -0.200001
      vertex 89.1977 13.8994 3
      vertex 88.8137 13.769 3
    endloop
  endfacet
  facet normal 0.321549 -0.946893 0
    outer loop
      vertex 89.1977 13.8994 3
      vertex 88.8137 13.769 -0.200001
      vertex 89.1977 13.8994 -0.200001
    endloop
  endfacet
  facet normal -0.659426 0.751769 0
    outer loop
      vertex 92.192 8.71295 -0.200001
      vertex 91.8872 8.44559 3
      vertex 92.192 8.71295 3
    endloop
  endfacet
  facet normal -0.659426 0.751769 0
    outer loop
      vertex 91.8872 8.44559 3
      vertex 92.192 8.71295 -0.200001
      vertex 91.8872 8.44559 -0.200001
    endloop
  endfacet
  facet normal -0.0653568 -0.997862 0
    outer loop
      vertex 90 14.005 -0.200001
      vertex 90.4046 13.9785 3
      vertex 90 14.005 3
    endloop
  endfacet
  facet normal -0.0653568 -0.997862 -0
    outer loop
      vertex 90.4046 13.9785 3
      vertex 90 14.005 -0.200001
      vertex 90.4046 13.9785 -0.200001
    endloop
  endfacet
  facet normal -0.831405 -0.555667 0
    outer loop
      vertex 92.6847 12.455 -0.200001
      vertex 92.4594 12.7921 3
      vertex 92.4594 12.7921 -0.200001
    endloop
  endfacet
  facet normal -0.831405 -0.555667 0
    outer loop
      vertex 92.4594 12.7921 3
      vertex 92.6847 12.455 -0.200001
      vertex 92.6847 12.455 3
    endloop
  endfacet
  facet normal -0.195096 0.980784 0
    outer loop
      vertex 90.8023 7.91062 -0.200001
      vertex 90.4046 7.83151 3
      vertex 90.8023 7.91062 3
    endloop
  endfacet
  facet normal -0.195096 0.980784 0
    outer loop
      vertex 90.4046 7.83151 3
      vertex 90.8023 7.91062 -0.200001
      vertex 90.4046 7.83151 -0.200001
    endloop
  endfacet
  facet normal 0.980798 0.195025 0
    outer loop
      vertex 87.0056 10.1026 3
      vertex 86.9265 10.5004 -0.200001
      vertex 86.9265 10.5004 3
    endloop
  endfacet
  facet normal 0.980798 0.195025 0
    outer loop
      vertex 86.9265 10.5004 -0.200001
      vertex 87.0056 10.1026 3
      vertex 87.0056 10.1026 -0.200001
    endloop
  endfacet
  facet normal 0.751828 -0.65936 0
    outer loop
      vertex 87.5406 12.7921 3
      vertex 87.808 13.097 -0.200001
      vertex 87.808 13.097 3
    endloop
  endfacet
  facet normal 0.751828 -0.65936 0
    outer loop
      vertex 87.808 13.097 -0.200001
      vertex 87.5406 12.7921 3
      vertex 87.5406 12.7921 -0.200001
    endloop
  endfacet
  facet normal -0.659482 -0.751721 0
    outer loop
      vertex 91.8872 13.3644 -0.200001
      vertex 92.192 13.097 3
      vertex 91.8872 13.3644 3
    endloop
  endfacet
  facet normal -0.659482 -0.751721 -0
    outer loop
      vertex 92.192 13.097 3
      vertex 91.8872 13.3644 -0.200001
      vertex 92.192 13.097 -0.200001
    endloop
  endfacet
  facet normal -0.997862 0.0653568 0
    outer loop
      vertex 93.0735 10.5004 -0.200001
      vertex 93.1 10.905 3
      vertex 93.1 10.905 -0.200001
    endloop
  endfacet
  facet normal -0.997862 0.0653568 0
    outer loop
      vertex 93.1 10.905 3
      vertex 93.0735 10.5004 -0.200001
      vertex 93.0735 10.5004 3
    endloop
  endfacet
  facet normal -0.980798 0.195025 0
    outer loop
      vertex 92.9944 10.1026 -0.200001
      vertex 93.0735 10.5004 3
      vertex 93.0735 10.5004 -0.200001
    endloop
  endfacet
  facet normal -0.980798 0.195025 0
    outer loop
      vertex 93.0735 10.5004 3
      vertex 92.9944 10.1026 -0.200001
      vertex 92.9944 10.1026 3
    endloop
  endfacet
  facet normal -0.555519 0.831504 0
    outer loop
      vertex 91.8872 8.44559 -0.200001
      vertex 91.55 8.22031 3
      vertex 91.8872 8.44559 3
    endloop
  endfacet
  facet normal -0.555519 0.831504 0
    outer loop
      vertex 91.55 8.22031 3
      vertex 91.8872 8.44559 -0.200001
      vertex 91.55 8.22031 -0.200001
    endloop
  endfacet
  facet normal -0.195073 -0.980789 0
    outer loop
      vertex 90.4046 13.9785 -0.200001
      vertex 90.8023 13.8994 3
      vertex 90.4046 13.9785 3
    endloop
  endfacet
  facet normal -0.195073 -0.980789 -0
    outer loop
      vertex 90.8023 13.8994 3
      vertex 90.4046 13.9785 -0.200001
      vertex 90.8023 13.8994 -0.200001
    endloop
  endfacet
  facet normal -0.751828 -0.65936 0
    outer loop
      vertex 92.4594 12.7921 -0.200001
      vertex 92.192 13.097 3
      vertex 92.192 13.097 -0.200001
    endloop
  endfacet
  facet normal -0.751828 -0.65936 0
    outer loop
      vertex 92.192 13.097 3
      vertex 92.4594 12.7921 -0.200001
      vertex 92.4594 12.7921 3
    endloop
  endfacet
  facet normal -0.442176 -0.896928 0
    outer loop
      vertex 91.1863 13.769 -0.200001
      vertex 91.55 13.5897 3
      vertex 91.1863 13.769 3
    endloop
  endfacet
  facet normal -0.442176 -0.896928 -0
    outer loop
      vertex 91.55 13.5897 3
      vertex 91.1863 13.769 -0.200001
      vertex 91.55 13.5897 -0.200001
    endloop
  endfacet
  facet normal 0.997862 0.0653568 0
    outer loop
      vertex 86.9265 10.5004 3
      vertex 86.9 10.905 -0.200001
      vertex 86.9 10.905 3
    endloop
  endfacet
  facet normal 0.997862 0.0653568 0
    outer loop
      vertex 86.9 10.905 -0.200001
      vertex 86.9265 10.5004 3
      vertex 86.9265 10.5004 -0.200001
    endloop
  endfacet
  facet normal -0.83145 0.555599 0
    outer loop
      vertex 92.4594 9.01783 -0.200001
      vertex 92.6847 9.35499 3
      vertex 92.6847 9.35499 -0.200001
    endloop
  endfacet
  facet normal -0.83145 0.555599 0
    outer loop
      vertex 92.6847 9.35499 3
      vertex 92.4594 9.01783 -0.200001
      vertex 92.4594 9.01783 3
    endloop
  endfacet
  facet normal 0.751806 0.659384 0
    outer loop
      vertex 87.808 8.71295 3
      vertex 87.5406 9.01783 -0.200001
      vertex 87.5406 9.01783 3
    endloop
  endfacet
  facet normal 0.751806 0.659384 0
    outer loop
      vertex 87.5406 9.01783 -0.200001
      vertex 87.808 8.71295 3
      vertex 87.808 8.71295 -0.200001
    endloop
  endfacet
  facet normal 0.997862 -0.0653568 0
    outer loop
      vertex 86.9 10.905 3
      vertex 86.9265 11.3096 -0.200001
      vertex 86.9265 11.3096 3
    endloop
  endfacet
  facet normal 0.997862 -0.0653568 0
    outer loop
      vertex 86.9265 11.3096 -0.200001
      vertex 86.9 10.905 3
      vertex 86.9 10.905 -0.200001
    endloop
  endfacet
  facet normal 0.442275 0.89688 -0
    outer loop
      vertex 88.8137 8.04096 -0.200001
      vertex 88.45 8.22031 3
      vertex 88.8137 8.04096 3
    endloop
  endfacet
  facet normal 0.442275 0.89688 0
    outer loop
      vertex 88.45 8.22031 3
      vertex 88.8137 8.04096 -0.200001
      vertex 88.45 8.22031 -0.200001
    endloop
  endfacet
  facet normal 0.946875 0.321602 0
    outer loop
      vertex 87.136 9.71867 3
      vertex 87.0056 10.1026 -0.200001
      vertex 87.0056 10.1026 3
    endloop
  endfacet
  facet normal 0.946875 0.321602 0
    outer loop
      vertex 87.0056 10.1026 -0.200001
      vertex 87.136 9.71867 3
      vertex 87.136 9.71867 -0.200001
    endloop
  endfacet
  facet normal 0.195096 0.980784 -0
    outer loop
      vertex 89.5954 7.83151 -0.200001
      vertex 89.1977 7.91062 3
      vertex 89.5954 7.83151 3
    endloop
  endfacet
  facet normal 0.195096 0.980784 0
    outer loop
      vertex 89.1977 7.91062 3
      vertex 89.5954 7.83151 -0.200001
      vertex 89.1977 7.91062 -0.200001
    endloop
  endfacet
  facet normal -0.0654059 0.997859 0
    outer loop
      vertex 90.4046 7.83151 -0.200001
      vertex 90 7.80499 3
      vertex 90.4046 7.83151 3
    endloop
  endfacet
  facet normal -0.0654059 0.997859 0
    outer loop
      vertex 90 7.80499 3
      vertex 90.4046 7.83151 -0.200001
      vertex 90 7.80499 -0.200001
    endloop
  endfacet
  facet normal 0.0653568 -0.997862 0
    outer loop
      vertex 89.5954 13.9785 -0.200001
      vertex 90 14.005 3
      vertex 89.5954 13.9785 3
    endloop
  endfacet
  facet normal 0.0653568 -0.997862 0
    outer loop
      vertex 90 14.005 3
      vertex 89.5954 13.9785 -0.200001
      vertex 90 14.005 -0.200001
    endloop
  endfacet
  facet normal 0 0 1
    outer loop
      vertex 91.7 10.905 -0.200001
      vertex 93.1 10.905 -0.200001
      vertex 93.0735 11.3096 -0.200001
    endloop
  endfacet
  facet normal 0 0 1
    outer loop
      vertex 91.6855 11.1269 -0.200001
      vertex 93.0735 11.3096 -0.200001
      vertex 92.9944 11.7073 -0.200001
    endloop
  endfacet
  facet normal 0 0 1
    outer loop
      vertex 93.1 10.905 -0.200001
      vertex 91.7 10.905 -0.200001
      vertex 93.0735 10.5004 -0.200001
    endloop
  endfacet
  facet normal 0 0 1
    outer loop
      vertex 91.6421 11.345 -0.200001
      vertex 92.9944 11.7073 -0.200001
      vertex 92.864 12.0913 -0.200001
    endloop
  endfacet
  facet normal -0 0 1
    outer loop
      vertex 91.6855 10.6831 -0.200001
      vertex 93.0735 10.5004 -0.200001
      vertex 91.7 10.905 -0.200001
    endloop
  endfacet
  facet normal 0 0 1
    outer loop
      vertex 91.5706 11.5555 -0.200001
      vertex 92.864 12.0913 -0.200001
      vertex 92.6847 12.455 -0.200001
    endloop
  endfacet
  facet normal 0 0 1
    outer loop
      vertex 93.0735 10.5004 -0.200001
      vertex 91.6855 10.6831 -0.200001
      vertex 92.9944 10.1026 -0.200001
    endloop
  endfacet
  facet normal 0 0 1
    outer loop
      vertex 91.4722 11.755 -0.200001
      vertex 92.6847 12.455 -0.200001
      vertex 92.4594 12.7921 -0.200001
    endloop
  endfacet
  facet normal -0 0 1
    outer loop
      vertex 91.6421 10.465 -0.200001
      vertex 92.9944 10.1026 -0.200001
      vertex 91.6855 10.6831 -0.200001
    endloop
  endfacet
  facet normal 0 0 1
    outer loop
      vertex 91.3487 11.9399 -0.200001
      vertex 92.4594 12.7921 -0.200001
      vertex 92.192 13.097 -0.200001
    endloop
  endfacet
  facet normal 0 0 1
    outer loop
      vertex 92.9944 10.1026 -0.200001
      vertex 91.6421 10.465 -0.200001
      vertex 92.864 9.71867 -0.200001
    endloop
  endfacet
  facet normal 0 0 1
    outer loop
      vertex 91.2021 12.1071 -0.200001
      vertex 92.192 13.097 -0.200001
      vertex 91.8872 13.3644 -0.200001
    endloop
  endfacet
  facet normal -0 0 1
    outer loop
      vertex 91.5706 10.2544 -0.200001
      vertex 92.864 9.71867 -0.200001
      vertex 91.6421 10.465 -0.200001
    endloop
  endfacet
  facet normal 0 0 1
    outer loop
      vertex 92.864 9.71867 -0.200001
      vertex 91.5706 10.2544 -0.200001
      vertex 92.6847 9.35499 -0.200001
    endloop
  endfacet
  facet normal 0 0 1
    outer loop
      vertex 93.0735 11.3096 -0.200001
      vertex 91.6855 11.1269 -0.200001
      vertex 91.7 10.905 -0.200001
    endloop
  endfacet
  facet normal 0 0 1
    outer loop
      vertex 92.9944 11.7073 -0.200001
      vertex 91.6421 11.345 -0.200001
      vertex 91.6855 11.1269 -0.200001
    endloop
  endfacet
  facet normal 0 0 1
    outer loop
      vertex 92.864 12.0913 -0.200001
      vertex 91.5706 11.5555 -0.200001
      vertex 91.6421 11.345 -0.200001
    endloop
  endfacet
  facet normal 0 0 1
    outer loop
      vertex 91.0349 12.2537 -0.200001
      vertex 91.8872 13.3644 -0.200001
      vertex 91.55 13.5897 -0.200001
    endloop
  endfacet
  facet normal 0 0 1
    outer loop
      vertex 92.6847 12.455 -0.200001
      vertex 91.4722 11.755 -0.200001
      vertex 91.5706 11.5555 -0.200001
    endloop
  endfacet
  facet normal 0 0 1
    outer loop
      vertex 92.4594 12.7921 -0.200001
      vertex 91.3487 11.9399 -0.200001
      vertex 91.4722 11.755 -0.200001
    endloop
  endfacet
  facet normal 0 0 1
    outer loop
      vertex 92.192 13.097 -0.200001
      vertex 91.2021 12.1071 -0.200001
      vertex 91.3487 11.9399 -0.200001
    endloop
  endfacet
  facet normal 0 0 1
    outer loop
      vertex 90.85 12.3772 -0.200001
      vertex 91.55 13.5897 -0.200001
      vertex 91.1863 13.769 -0.200001
    endloop
  endfacet
  facet normal 0 0 1
    outer loop
      vertex 91.8872 13.3644 -0.200001
      vertex 91.0349 12.2537 -0.200001
      vertex 91.2021 12.1071 -0.200001
    endloop
  endfacet
  facet normal 0 0 1
    outer loop
      vertex 91.55 13.5897 -0.200001
      vertex 90.85 12.3772 -0.200001
      vertex 91.0349 12.2537 -0.200001
    endloop
  endfacet
  facet normal 0 0 1
    outer loop
      vertex 90.6506 12.4756 -0.200001
      vertex 91.1863 13.769 -0.200001
      vertex 90.8023 13.8994 -0.200001
    endloop
  endfacet
  facet normal 0 0 1
    outer loop
      vertex 91.1863 13.769 -0.200001
      vertex 90.6506 12.4756 -0.200001
      vertex 90.85 12.3772 -0.200001
    endloop
  endfacet
  facet normal 0 0 1
    outer loop
      vertex 90.8023 13.8994 -0.200001
      vertex 90.44 12.5471 -0.200001
      vertex 90.6506 12.4756 -0.200001
    endloop
  endfacet
  facet normal 0 0 1
    outer loop
      vertex 90.4046 13.9785 -0.200001
      vertex 90.44 12.5471 -0.200001
      vertex 90.8023 13.8994 -0.200001
    endloop
  endfacet
  facet normal 0 0 1
    outer loop
      vertex 90.4046 13.9785 -0.200001
      vertex 90.2219 12.5904 -0.200001
      vertex 90.44 12.5471 -0.200001
    endloop
  endfacet
  facet normal 0 0 1
    outer loop
      vertex 90 14.005 -0.200001
      vertex 90.2219 12.5904 -0.200001
      vertex 90.4046 13.9785 -0.200001
    endloop
  endfacet
  facet normal 0 0 1
    outer loop
      vertex 90 14.005 -0.200001
      vertex 90 12.605 -0.200001
      vertex 90.2219 12.5904 -0.200001
    endloop
  endfacet
  facet normal 0 0 1
    outer loop
      vertex 90 14.005 -0.200001
      vertex 89.7781 12.5904 -0.200001
      vertex 90 12.605 -0.200001
    endloop
  endfacet
  facet normal -0 0 1
    outer loop
      vertex 89.5954 13.9785 -0.200001
      vertex 89.7781 12.5904 -0.200001
      vertex 90 14.005 -0.200001
    endloop
  endfacet
  facet normal 0 0 1
    outer loop
      vertex 89.5954 13.9785 -0.200001
      vertex 89.56 12.5471 -0.200001
      vertex 89.7781 12.5904 -0.200001
    endloop
  endfacet
  facet normal -0 0 1
    outer loop
      vertex 89.1977 13.8994 -0.200001
      vertex 89.56 12.5471 -0.200001
      vertex 89.5954 13.9785 -0.200001
    endloop
  endfacet
  facet normal 0 0 1
    outer loop
      vertex 89.56 12.5471 -0.200001
      vertex 89.1977 13.8994 -0.200001
      vertex 89.3494 12.4756 -0.200001
    endloop
  endfacet
  facet normal -0 0 1
    outer loop
      vertex 88.8137 13.769 -0.200001
      vertex 89.3494 12.4756 -0.200001
      vertex 89.1977 13.8994 -0.200001
    endloop
  endfacet
  facet normal 0 0 1
    outer loop
      vertex 89.3494 12.4756 -0.200001
      vertex 88.8137 13.769 -0.200001
      vertex 89.15 12.3772 -0.200001
    endloop
  endfacet
  facet normal -0 0 1
    outer loop
      vertex 88.45 13.5897 -0.200001
      vertex 89.15 12.3772 -0.200001
      vertex 88.8137 13.769 -0.200001
    endloop
  endfacet
  facet normal 0 0 1
    outer loop
      vertex 89.15 12.3772 -0.200001
      vertex 88.45 13.5897 -0.200001
      vertex 88.9651 12.2537 -0.200001
    endloop
  endfacet
  facet normal -0 0 1
    outer loop
      vertex 88.1128 13.3644 -0.200001
      vertex 88.9651 12.2537 -0.200001
      vertex 88.45 13.5897 -0.200001
    endloop
  endfacet
  facet normal 0 0 1
    outer loop
      vertex 88.9651 12.2537 -0.200001
      vertex 88.1128 13.3644 -0.200001
      vertex 88.7979 12.1071 -0.200001
    endloop
  endfacet
  facet normal -0 0 1
    outer loop
      vertex 87.808 13.097 -0.200001
      vertex 88.7979 12.1071 -0.200001
      vertex 88.1128 13.3644 -0.200001
    endloop
  endfacet
  facet normal 0 0 1
    outer loop
      vertex 88.7979 12.1071 -0.200001
      vertex 87.808 13.097 -0.200001
      vertex 88.6513 11.9399 -0.200001
    endloop
  endfacet
  facet normal -0 0 1
    outer loop
      vertex 87.5406 12.7921 -0.200001
      vertex 88.6513 11.9399 -0.200001
      vertex 87.808 13.097 -0.200001
    endloop
  endfacet
  facet normal 0 0 1
    outer loop
      vertex 88.6513 11.9399 -0.200001
      vertex 87.5406 12.7921 -0.200001
      vertex 88.5278 11.755 -0.200001
    endloop
  endfacet
  facet normal -0 0 1
    outer loop
      vertex 87.3153 12.455 -0.200001
      vertex 88.5278 11.755 -0.200001
      vertex 87.5406 12.7921 -0.200001
    endloop
  endfacet
  facet normal 0 0 1
    outer loop
      vertex 88.5278 11.755 -0.200001
      vertex 87.3153 12.455 -0.200001
      vertex 88.4294 11.5555 -0.200001
    endloop
  endfacet
  facet normal -0 0 1
    outer loop
      vertex 91.4722 10.055 -0.200001
      vertex 92.6847 9.35499 -0.200001
      vertex 91.5706 10.2544 -0.200001
    endloop
  endfacet
  facet normal 0 0 1
    outer loop
      vertex 92.6847 9.35499 -0.200001
      vertex 91.4722 10.055 -0.200001
      vertex 92.4594 9.01783 -0.200001
    endloop
  endfacet
  facet normal -0 0 1
    outer loop
      vertex 91.3487 9.87009 -0.200001
      vertex 92.4594 9.01783 -0.200001
      vertex 91.4722 10.055 -0.200001
    endloop
  endfacet
  facet normal 0 0 1
    outer loop
      vertex 92.4594 9.01783 -0.200001
      vertex 91.3487 9.87009 -0.200001
      vertex 92.192 8.71295 -0.200001
    endloop
  endfacet
  facet normal -0 0 1
    outer loop
      vertex 91.2021 9.7029 -0.200001
      vertex 92.192 8.71295 -0.200001
      vertex 91.3487 9.87009 -0.200001
    endloop
  endfacet
  facet normal 0 0 1
    outer loop
      vertex 92.192 8.71295 -0.200001
      vertex 91.2021 9.7029 -0.200001
      vertex 91.8872 8.44559 -0.200001
    endloop
  endfacet
  facet normal -0 0 1
    outer loop
      vertex 91.0349 9.55628 -0.200001
      vertex 91.8872 8.44559 -0.200001
      vertex 91.2021 9.7029 -0.200001
    endloop
  endfacet
  facet normal 0 0 1
    outer loop
      vertex 91.8872 8.44559 -0.200001
      vertex 91.0349 9.55628 -0.200001
      vertex 91.55 8.22031 -0.200001
    endloop
  endfacet
  facet normal -0 0 1
    outer loop
      vertex 90.85 9.43274 -0.200001
      vertex 91.55 8.22031 -0.200001
      vertex 91.0349 9.55628 -0.200001
    endloop
  endfacet
  facet normal 0 0 1
    outer loop
      vertex 91.55 8.22031 -0.200001
      vertex 90.85 9.43274 -0.200001
      vertex 91.1863 8.04096 -0.200001
    endloop
  endfacet
  facet normal -0 0 1
    outer loop
      vertex 90.6506 9.33439 -0.200001
      vertex 91.1863 8.04096 -0.200001
      vertex 90.85 9.43274 -0.200001
    endloop
  endfacet
  facet normal 0 0 1
    outer loop
      vertex 91.1863 8.04096 -0.200001
      vertex 90.6506 9.33439 -0.200001
      vertex 90.8023 7.91062 -0.200001
    endloop
  endfacet
  facet normal -0 0 1
    outer loop
      vertex 90.44 9.26291 -0.200001
      vertex 90.8023 7.91062 -0.200001
      vertex 90.6506 9.33439 -0.200001
    endloop
  endfacet
  facet normal 0 0 1
    outer loop
      vertex 90.44 9.26291 -0.200001
      vertex 90.4046 7.83151 -0.200001
      vertex 90.8023 7.91062 -0.200001
    endloop
  endfacet
  facet normal -0 0 1
    outer loop
      vertex 90.2219 9.21953 -0.200001
      vertex 90.4046 7.83151 -0.200001
      vertex 90.44 9.26291 -0.200001
    endloop
  endfacet
  facet normal -0 0 1
    outer loop
      vertex 90 9.20499 -0.200001
      vertex 90.4046 7.83151 -0.200001
      vertex 90.2219 9.21953 -0.200001
    endloop
  endfacet
  facet normal 0 0 1
    outer loop
      vertex 90 9.20499 -0.200001
      vertex 90 7.80499 -0.200001
      vertex 90.4046 7.83151 -0.200001
    endloop
  endfacet
  facet normal 0 0 1
    outer loop
      vertex 89.7781 9.21953 -0.200001
      vertex 90 7.80499 -0.200001
      vertex 90 9.20499 -0.200001
    endloop
  endfacet
  facet normal 0 0 1
    outer loop
      vertex 89.7781 9.21953 -0.200001
      vertex 89.5954 7.83151 -0.200001
      vertex 90 7.80499 -0.200001
    endloop
  endfacet
  facet normal 0 0 1
    outer loop
      vertex 89.56 9.26291 -0.200001
      vertex 89.5954 7.83151 -0.200001
      vertex 89.7781 9.21953 -0.200001
    endloop
  endfacet
  facet normal 0 0 1
    outer loop
      vertex 89.1977 7.91062 -0.200001
      vertex 89.56 9.26291 -0.200001
      vertex 89.3494 9.33439 -0.200001
    endloop
  endfacet
  facet normal 0 0 1
    outer loop
      vertex 89.56 9.26291 -0.200001
      vertex 89.1977 7.91062 -0.200001
      vertex 89.5954 7.83151 -0.200001
    endloop
  endfacet
  facet normal 0 0 1
    outer loop
      vertex 88.8137 8.04096 -0.200001
      vertex 89.3494 9.33439 -0.200001
      vertex 89.15 9.43274 -0.200001
    endloop
  endfacet
  facet normal 0 0 1
    outer loop
      vertex 88.45 8.22031 -0.200001
      vertex 89.15 9.43274 -0.200001
      vertex 88.9651 9.55628 -0.200001
    endloop
  endfacet
  facet normal 0 0 1
    outer loop
      vertex 89.3494 9.33439 -0.200001
      vertex 88.8137 8.04096 -0.200001
      vertex 89.1977 7.91062 -0.200001
    endloop
  endfacet
  facet normal 0 0 1
    outer loop
      vertex 88.1128 8.44559 -0.200001
      vertex 88.9651 9.55628 -0.200001
      vertex 88.7979 9.7029 -0.200001
    endloop
  endfacet
  facet normal 0 0 1
    outer loop
      vertex 87.808 8.71295 -0.200001
      vertex 88.7979 9.7029 -0.200001
      vertex 88.6513 9.87009 -0.200001
    endloop
  endfacet
  facet normal 0 0 1
    outer loop
      vertex 87.5406 9.01783 -0.200001
      vertex 88.6513 9.87009 -0.200001
      vertex 88.5278 10.055 -0.200001
    endloop
  endfacet
  facet normal 0 0 1
    outer loop
      vertex 89.15 9.43274 -0.200001
      vertex 88.45 8.22031 -0.200001
      vertex 88.8137 8.04096 -0.200001
    endloop
  endfacet
  facet normal 0 0 1
    outer loop
      vertex 87.3153 9.35499 -0.200001
      vertex 88.5278 10.055 -0.200001
      vertex 88.4294 10.2544 -0.200001
    endloop
  endfacet
  facet normal 0 0 1
    outer loop
      vertex 87.136 9.71867 -0.200001
      vertex 88.4294 10.2544 -0.200001
      vertex 88.3579 10.465 -0.200001
    endloop
  endfacet
  facet normal 0 0 1
    outer loop
      vertex 87.0056 10.1026 -0.200001
      vertex 88.3579 10.465 -0.200001
      vertex 88.3145 10.6831 -0.200001
    endloop
  endfacet
  facet normal 0 0 1
    outer loop
      vertex 86.9265 10.5004 -0.200001
      vertex 88.3145 10.6831 -0.200001
      vertex 88.3 10.905 -0.200001
    endloop
  endfacet
  facet normal -0 0 1
    outer loop
      vertex 87.136 12.0913 -0.200001
      vertex 88.4294 11.5555 -0.200001
      vertex 87.3153 12.455 -0.200001
    endloop
  endfacet
  facet normal 0 0 1
    outer loop
      vertex 88.9651 9.55628 -0.200001
      vertex 88.1128 8.44559 -0.200001
      vertex 88.45 8.22031 -0.200001
    endloop
  endfacet
  facet normal 0 0 1
    outer loop
      vertex 88.4294 11.5555 -0.200001
      vertex 87.136 12.0913 -0.200001
      vertex 88.3579 11.345 -0.200001
    endloop
  endfacet
  facet normal 0 0 1
    outer loop
      vertex 88.7979 9.7029 -0.200001
      vertex 87.808 8.71295 -0.200001
      vertex 88.1128 8.44559 -0.200001
    endloop
  endfacet
  facet normal -0 0 1
    outer loop
      vertex 87.0056 11.7073 -0.200001
      vertex 88.3579 11.345 -0.200001
      vertex 87.136 12.0913 -0.200001
    endloop
  endfacet
  facet normal 0 0 1
    outer loop
      vertex 88.6513 9.87009 -0.200001
      vertex 87.5406 9.01783 -0.200001
      vertex 87.808 8.71295 -0.200001
    endloop
  endfacet
  facet normal 0 0 1
    outer loop
      vertex 88.3579 11.345 -0.200001
      vertex 87.0056 11.7073 -0.200001
      vertex 88.3145 11.1269 -0.200001
    endloop
  endfacet
  facet normal 0 0 1
    outer loop
      vertex 88.5278 10.055 -0.200001
      vertex 87.3153 9.35499 -0.200001
      vertex 87.5406 9.01783 -0.200001
    endloop
  endfacet
  facet normal -0 0 1
    outer loop
      vertex 86.9265 11.3096 -0.200001
      vertex 88.3145 11.1269 -0.200001
      vertex 87.0056 11.7073 -0.200001
    endloop
  endfacet
  facet normal 0 0 1
    outer loop
      vertex 88.4294 10.2544 -0.200001
      vertex 87.136 9.71867 -0.200001
      vertex 87.3153 9.35499 -0.200001
    endloop
  endfacet
  facet normal 0 0 1
    outer loop
      vertex 88.3145 11.1269 -0.200001
      vertex 86.9265 11.3096 -0.200001
      vertex 88.3 10.905 -0.200001
    endloop
  endfacet
  facet normal 0 0 1
    outer loop
      vertex 88.3579 10.465 -0.200001
      vertex 87.0056 10.1026 -0.200001
      vertex 87.136 9.71867 -0.200001
    endloop
  endfacet
  facet normal 0 0 1
    outer loop
      vertex 86.9 10.905 -0.200001
      vertex 88.3 10.905 -0.200001
      vertex 86.9265 11.3096 -0.200001
    endloop
  endfacet
  facet normal 0 0 1
    outer loop
      vertex 88.3145 10.6831 -0.200001
      vertex 86.9265 10.5004 -0.200001
      vertex 87.0056 10.1026 -0.200001
    endloop
  endfacet
  facet normal 0 0 1
    outer loop
      vertex 88.3 10.905 -0.200001
      vertex 86.9 10.905 -0.200001
      vertex 86.9265 10.5004 -0.200001
    endloop
  endfacet
  facet normal 0.896928 -0.442176 0
    outer loop
      vertex 87.136 12.0913 3
      vertex 87.3153 12.455 -0.200001
      vertex 87.3153 12.455 3
    endloop
  endfacet
  facet normal 0.896928 -0.442176 0
    outer loop
      vertex 87.3153 12.455 -0.200001
      vertex 87.136 12.0913 3
      vertex 87.136 12.0913 -0.200001
    endloop
  endfacet
  facet normal 0.831405 -0.555667 0
    outer loop
      vertex 87.3153 12.455 3
      vertex 87.5406 12.7921 -0.200001
      vertex 87.5406 12.7921 3
    endloop
  endfacet
  facet normal 0.831405 -0.555667 0
    outer loop
      vertex 87.5406 12.7921 -0.200001
      vertex 87.3153 12.455 3
      vertex 87.3153 12.455 -0.200001
    endloop
  endfacet
  facet normal 0.555519 0.831504 -0
    outer loop
      vertex 88.45 8.22031 -0.200001
      vertex 88.1128 8.44559 3
      vertex 88.45 8.22031 3
    endloop
  endfacet
  facet normal 0.555519 0.831504 0
    outer loop
      vertex 88.1128 8.44559 3
      vertex 88.45 8.22031 -0.200001
      vertex 88.1128 8.44559 -0.200001
    endloop
  endfacet
  facet normal 0 1 -0
    outer loop
      vertex 160 21.81 0
      vertex 20 21.81 4
      vertex 160 21.81 4
    endloop
  endfacet
  facet normal 0 1 0
    outer loop
      vertex 20 21.81 4
      vertex 160 21.81 0
      vertex 20 21.81 0
    endloop
  endfacet
  facet normal 0 -1 0
    outer loop
      vertex 20 228.19 0
      vertex 160 228.19 4
      vertex 20 228.19 4
    endloop
  endfacet
  facet normal 0 -1 -0
    outer loop
      vertex 160 228.19 4
      vertex 20 228.19 0
      vertex 160 228.19 0
    endloop
  endfacet
endsolid OpenSCAD_Model
